gameId,teamId,teamCity,teamName,teamTricode,teamSlug,minutes,estimatedOffensiveRating,offensiveRating,estimatedDefensiveRating,defensiveRating,estimatedNetRating,netRating,assistPercentage,assistToTurnover,assistRatio,offensiveReboundPercentage,defensiveReboundPercentage,reboundPercentage,estimatedTeamTurnoverPercentage,turnoverRatio,effectiveFieldGoalPercentage,trueShootingPercentage,usagePercentage,estimatedUsagePercentage,estimatedPace,pace,pacePer40,possessions,PIE,wl,won
0022301192,1610612755,Philadelphia,76ers,PHI,sixers,240:00,535.0,107.0,434.3,86.9,100.7,20.1,0.732,2.14,20.1,0.328,0.887,0.595,14.0,14.0,0.5,0.521,1.0,0.966,19.9,99.5,82.92,100.0,0.597,W,1
0022301192,1610612751,Brooklyn,Nets,BKN,nets,240:00,434.3,86.9,535.0,107.0,-100.7,-20.1,0.594,1.46,15.3,0.113,0.672,0.405,13.131,13.1,0.44,0.475,1.0,0.981,19.9,99.5,82.92,99.0,0.403,L,0
0022301197,1610612759,San Antonio,Spurs,SAS,spurs,240:00,615.0,123.0,470.3,94.1,144.7,28.9,0.673,2.36,22.8,0.273,0.724,0.529,14.0,14.0,0.621,0.633,1.0,0.982,20.1,100.5,83.75,100.0,0.659,W,1
0022301197,1610612765,Detroit,Pistons,DET,pistons,240:00,470.3,94.1,615.0,123.0,-144.7,-28.9,0.472,1.21,12.7,0.276,0.727,0.471,13.861,13.9,0.435,0.471,1.0,0.974,20.1,100.5,83.75,101.0,0.341,L,0
0022301190,1610612752,New York,Knicks,NYK,knicks,265:00,571.4,114.3,572.1,114.4,-0.7,-0.1,0.587,1.29,18.0,0.396,0.704,0.559,20.0,20.0,0.571,0.599,1.0,0.984,18.93,94.64,78.87,105.0,0.511,W,1
0022301190,1610612741,Chicago,Bulls,CHI,bulls,265:00,572.1,114.4,571.4,114.3,0.7,0.1,0.51,2.08,17.4,0.296,0.604,0.441,11.538,11.5,0.525,0.551,1.0,1.0,18.93,94.64,78.87,104.0,0.489,L,0
0022301194,1610612750,Minnesota,Timberwolves,MIN,timberwolves,240:00,569.9,114.0,664.9,133.0,-95.0,-19.0,0.611,0.92,17.2,0.4,0.634,0.526,25.806,25.8,0.579,0.634,1.0,1.0,18.7,93.5,77.92,93.0,0.423,L,0
0022301194,1610612756,Phoenix,Suns,PHX,suns,240:00,664.9,133.0,569.9,114.0,95.0,19.0,0.596,2.15,20.4,0.366,0.6,0.474,13.83,13.8,0.64,0.665,1.0,0.963,18.7,93.5,77.92,94.0,0.577,W,1
0022301199,1610612746,LA,Clippers,LAC,clippers,240:00,490.7,98.1,542.1,108.4,-51.4,-10.3,0.561,1.92,15.5,0.286,0.638,0.455,11.215,11.2,0.433,0.471,1.0,0.984,21.4,107.0,89.17,107.0,0.456,L,0
0022301199,1610612745,Houston,Rockets,HOU,rockets,240:00,542.1,108.4,490.7,98.1,51.4,10.3,0.62,1.72,19.5,0.362,0.714,0.545,16.822,16.8,0.539,0.531,1.0,0.984,21.4,107.0,89.17,107.0,0.544,W,1
0022301186,1610612738,Boston,Celtics,BOS,celtics,240:00,622.6,124.5,581.0,116.2,41.7,8.3,0.569,1.71,19.7,0.286,0.741,0.542,16.038,16.0,0.663,0.672,1.0,0.949,21.1,105.5,87.92,106.0,0.558,W,1
0022301186,1610612764,Washington,Wizards,WAS,wizards,240:00,581.0,116.2,622.6,124.5,-41.7,-8.3,0.673,2.75,21.7,0.259,0.714,0.458,11.429,11.4,0.544,0.568,1.0,0.983,21.1,105.5,87.92,105.0,0.442,L,0
0022301196,1610612760,Oklahoma City,Thunder,OKC,thunder,240:00,636.8,127.4,409.5,81.9,227.3,45.5,0.704,2.53,24.2,0.311,0.765,0.584,14.151,14.2,0.629,0.649,1.0,0.975,21.1,105.5,87.92,106.0,0.754,W,1
0022301196,1610612742,Dallas,Mavericks,DAL,mavericks,240:00,409.5,81.9,636.8,127.4,-227.3,-45.5,0.594,1.27,13.6,0.235,0.689,0.416,14.286,14.3,0.371,0.412,1.0,0.983,21.1,105.5,87.92,105.0,0.246,L,0
0022301193,1610612763,Memphis,Grizzlies,MEM,grizzlies,240:00,538.8,107.8,611.7,122.3,-72.8,-14.6,0.489,1.69,15.4,0.333,0.609,0.456,12.621,12.6,0.49,0.514,1.0,0.992,20.6,103.0,85.83,103.0,0.395,L,0
0022301193,1610612743,Denver,Nuggets,DEN,nuggets,240:00,611.7,122.3,538.8,107.8,72.8,14.6,0.696,1.78,21.1,0.391,0.667,0.544,17.476,17.5,0.584,0.627,1.0,0.983,20.6,103.0,85.83,103.0,0.605,W,1
0022301200,1610612758,Sacramento,Kings,SAC,kings,240:00,611.1,122.2,414.1,82.8,197.0,39.4,0.674,2.07,20.4,0.319,0.588,0.478,14.141,14.1,0.569,0.612,1.0,0.991,19.8,99.0,82.5,99.0,0.731,W,1
0022301200,1610612757,Portland,Trail Blazers,POR,blazers,240:00,414.1,82.8,611.1,122.2,-197.0,-39.4,0.581,1.0,12.5,0.412,0.681,0.522,18.182,18.2,0.352,0.389,1.0,0.976,19.8,99.0,82.5,99.0,0.269,L,0
0022301195,1610612740,New Orleans,Pelicans,NOP,pelicans,240:00,529.4,105.9,613.9,122.8,-84.4,-16.9,0.634,1.37,18.7,0.234,0.769,0.477,18.627,18.6,0.564,0.586,1.0,0.982,20.3,101.5,84.58,102.0,0.403,L,0
0022301195,1610612747,Los Angeles,Lakers,LAL,lakers,240:00,613.9,122.8,529.4,105.9,84.4,16.9,0.667,2.13,22.7,0.231,0.766,0.523,14.851,14.9,0.615,0.653,1.0,1.0,20.3,101.5,84.58,101.0,0.597,W,1
0022301188,1610612754,Indiana,Pacers,IND,pacers,240:00,733.6,146.7,537.4,107.5,196.3,39.3,0.631,2.56,25.6,0.333,0.745,0.575,14.953,15.0,0.745,0.752,1.0,0.975,21.4,107.0,89.17,107.0,0.649,W,1
0022301188,1610612737,Atlanta,Hawks,ATL,hawks,240:00,537.4,107.5,733.6,146.7,-196.3,-39.3,0.641,1.47,17.2,0.255,0.667,0.425,15.888,15.9,0.506,0.57,1.0,0.967,21.4,107.0,89.17,107.0,0.351,L,0
0022301198,1610612744,Golden State,Warriors,GSW,warriors,240:00,615.0,123.0,580.0,116.0,35.0,7.0,0.778,3.89,23.3,0.294,0.667,0.475,9.0,9.0,0.553,0.591,1.0,0.983,20.0,100.0,83.33,100.0,0.571,W,1
0022301198,1610612762,Utah,Jazz,UTA,jazz,240:00,580.0,116.0,615.0,123.0,-35.0,-7.0,0.478,1.1,15.9,0.333,0.706,0.525,20.0,20.0,0.596,0.604,1.0,0.974,20.0,100.0,83.33,100.0,0.429,L,0
0022301189,1610612748,Miami,Heat,MIA,heat,240:00,584.2,116.8,520.2,104.0,64.0,12.8,0.63,1.53,20.1,0.333,0.648,0.51,18.812,18.8,0.58,0.619,1.0,0.974,20.0,100.0,83.33,101.0,0.631,W,1
0022301189,1610612761,Toronto,Raptors,TOR,raptors,240:00,520.2,104.0,584.2,116.8,-64.0,-12.8,0.605,1.21,16.3,0.352,0.667,0.49,19.192,19.2,0.472,0.519,1.0,0.992,20.0,100.0,83.33,99.0,0.369,L,0
0022301191,1610612753,Orlando,Magic,ORL,magic,240:00,601.1,120.2,463.2,92.6,137.9,27.6,0.643,1.93,19.9,0.341,0.8,0.573,14.894,14.9,0.559,0.605,1.0,0.963,18.9,94.5,78.75,94.0,0.645,W,1
0022301191,1610612749,Milwaukee,Bucks,MIL,bucks,240:00,463.2,92.6,601.1,120.2,-137.9,-27.6,0.533,0.94,13.3,0.2,0.659,0.427,17.895,17.9,0.447,0.517,1.0,0.971,18.9,94.5,78.75,95.0,0.355,L,0
0022301187,1610612739,Cleveland,Cavaliers,CLE,cavaliers,240:00,567.0,113.4,618.6,123.7,-51.5,-10.3,0.682,2.14,21.4,0.269,0.756,0.495,14.433,14.4,0.559,0.567,1.0,0.991,19.4,97.0,80.83,97.0,0.427,L,0
0022301187,1610612766,Charlotte,Hornets,CHA,hornets,240:00,618.6,123.7,567.0,113.4,51.5,10.3,0.783,3.6,25.2,0.244,0.731,0.505,10.309,10.3,0.61,0.626,1.0,0.981,19.4,97.0,80.83,97.0,0.573,W,1
0022301172,1610612764,Washington,Wizards,WAS,wizards,240:00,604.8,121.0,602.8,120.6,2.0,0.4,0.711,2.67,22.4,0.128,0.655,0.412,11.429,11.4,0.628,0.643,1.0,1.0,21.2,106.0,88.33,105.0,0.5,L,0
0022301172,1610612741,Chicago,Bulls,CHI,bulls,240:00,602.8,120.6,604.8,121.0,-2.0,-0.4,0.583,2.15,18.2,0.345,0.872,0.588,12.15,12.1,0.561,0.585,1.0,0.968,21.2,106.0,88.33,107.0,0.5,W,1
0022301182,1610612744,Golden State,Warriors,GSW,warriors,240:00,539.6,107.9,558.8,111.8,-19.2,-3.8,0.675,1.69,19.3,0.245,0.88,0.566,15.842,15.8,0.541,0.572,1.0,0.991,20.3,101.5,84.58,101.0,0.498,L,0
0022301182,1610612740,New Orleans,Pelicans,NOP,pelicans,240:00,558.8,111.8,539.6,107.9,19.2,3.8,0.571,2.67,18.2,0.12,0.755,0.434,8.824,8.8,0.578,0.587,1.0,0.963,20.3,101.5,84.58,102.0,0.502,W,1
0022301176,1610612748,Miami,Heat,MIA,heat,240:00,637.8,127.6,530.9,106.2,106.8,21.4,0.822,5.29,25.7,0.205,0.805,0.494,7.143,7.1,0.622,0.65,1.0,0.944,19.5,97.5,81.25,98.0,0.616,W,1
0022301176,1610612761,Toronto,Raptors,TOR,raptors,240:00,530.9,106.2,637.8,127.6,-106.8,-21.4,0.622,1.35,18.0,0.195,0.795,0.506,17.526,17.5,0.545,0.594,1.0,0.99,19.5,97.5,81.25,97.0,0.384,L,0
0022301181,1610612742,Dallas,Mavericks,DAL,mavericks,240:00,445.0,89.0,535.0,107.0,-90.0,-18.0,0.556,1.0,15.3,0.229,0.86,0.551,20.0,20.0,0.482,0.504,1.0,0.982,20.0,100.0,83.33,100.0,0.419,L,0
0022301181,1610612765,Detroit,Pistons,DET,pistons,240:00,535.0,107.0,445.0,89.0,90.0,18.0,0.5,3.29,17.7,0.14,0.771,0.449,7.0,7.0,0.526,0.541,1.0,0.972,20.0,100.0,83.33,100.0,0.581,W,1
0022301174,1610612739,Cleveland,Cavaliers,CLE,cavaliers,240:00,632.4,126.5,582.5,116.5,49.8,10.0,0.56,2.55,19.4,0.292,0.727,0.5,10.784,10.8,0.595,0.614,1.0,0.974,20.5,102.5,85.42,102.0,0.504,W,1
0022301174,1610612754,Indiana,Pacers,IND,pacers,240:00,582.5,116.5,632.4,126.5,-49.8,-10.0,0.804,2.64,24.5,0.273,0.708,0.5,13.592,13.6,0.567,0.608,1.0,0.974,20.5,102.5,85.42,103.0,0.496,L,0
0022301177,1610612763,Memphis,Grizzlies,MEM,grizzlies,240:00,594.1,118.8,597.1,119.4,-3.0,-0.6,0.442,1.27,13.8,0.358,0.675,0.495,14.851,14.9,0.542,0.576,1.0,0.992,20.4,102.0,85.0,101.0,0.457,L,0
0022301177,1610612747,Los Angeles,Lakers,LAL,lakers,240:00,597.1,119.4,594.1,118.8,3.0,0.6,0.595,1.32,17.9,0.325,0.642,0.505,18.447,18.4,0.599,0.641,1.0,0.991,20.4,102.0,85.0,103.0,0.543,W,1
0022301180,1610612759,San Antonio,Spurs,SAS,spurs,240:00,605.0,121.0,606.1,121.2,-1.1,-0.2,0.689,1.72,21.2,0.341,0.796,0.581,18.0,18.0,0.618,0.636,1.0,0.974,19.9,99.5,82.92,100.0,0.514,W,1
0022301180,1610612743,Denver,Nuggets,DEN,nuggets,240:00,606.1,121.2,605.0,121.0,1.1,0.2,0.633,3.44,22.3,0.204,0.659,0.419,9.091,9.1,0.572,0.592,1.0,0.981,19.9,99.5,82.92,99.0,0.486,L,0
0022301185,1610612758,Sacramento,Kings,SAC,kings,240:00,569.1,113.8,574.5,114.9,-5.3,-1.1,0.65,3.71,19.7,0.235,0.75,0.448,7.447,7.4,0.516,0.551,1.0,0.981,18.8,94.0,78.33,94.0,0.483,L,0
0022301185,1610612756,Phoenix,Suns,PHX,suns,240:00,574.5,114.9,569.1,113.8,5.3,1.1,0.625,1.32,19.5,0.25,0.765,0.552,20.213,20.2,0.605,0.647,1.0,0.971,18.8,94.0,78.33,94.0,0.517,W,1
0022301183,1610612757,Portland,Trail Blazers,POR,blazers,240:00,545.9,109.2,591.8,118.4,-45.9,-9.2,0.541,2.86,14.7,0.322,0.714,0.5,7.143,7.1,0.453,0.496,1.0,0.991,19.6,98.0,81.67,98.0,0.441,L,0
0022301183,1610612745,Houston,Rockets,HOU,rockets,240:00,591.8,118.4,545.9,109.2,45.9,9.2,0.568,2.78,18.2,0.286,0.678,0.5,9.184,9.2,0.538,0.575,1.0,0.973,19.6,98.0,81.67,98.0,0.559,W,1
0022301179,1610612760,Oklahoma City,Thunder,OKC,thunder,240:00,618.8,123.8,535.0,107.0,83.8,16.8,0.617,2.9,20.9,0.209,0.744,0.477,9.901,9.9,0.601,0.639,1.0,0.973,20.1,100.5,83.75,101.0,0.573,W,1
0022301179,1610612749,Milwaukee,Bucks,MIL,bucks,240:00,535.0,107.0,618.8,123.8,-83.8,-16.8,0.643,1.42,19.6,0.256,0.791,0.523,19.0,19.0,0.559,0.59,1.0,0.973,20.1,100.5,83.75,100.0,0.427,L,0
0022301175,1610612752,New York,Knicks,NYK,knicks,240:00,616.7,123.3,601.1,120.2,15.5,3.1,0.553,4.2,17.1,0.283,0.595,0.432,5.556,5.6,0.542,0.59,1.0,0.98,17.9,89.5,74.58,90.0,0.525,W,1
0022301175,1610612751,Brooklyn,Nets,BKN,nets,240:00,601.1,120.2,616.7,123.3,-15.5,-3.1,0.537,1.57,17.2,0.405,0.717,0.568,15.73,15.7,0.567,0.592,1.0,0.972,17.9,89.5,74.58,89.0,0.475,L,0
0022301178,1610612750,Minnesota,Timberwolves,MIN,timberwolves,240:00,529.1,105.8,524.8,105.0,4.4,0.9,0.763,2.07,20.7,0.178,0.722,0.475,13.592,13.6,0.544,0.594,1.0,0.964,20.4,102.0,85.0,103.0,0.606,W,1
0022301178,1610612737,Atlanta,Hawks,ATL,hawks,240:00,524.8,105.0,529.1,105.8,-4.4,-0.9,0.575,1.53,16.5,0.278,0.822,0.525,14.851,14.9,0.494,0.525,1.0,0.983,20.4,102.0,85.0,101.0,0.394,L,0
0022301171,1610612755,Philadelphia,76ers,PHI,sixers,240:00,606.8,121.4,543.3,108.7,63.5,12.7,0.524,1.69,16.2,0.224,0.727,0.49,12.621,12.6,0.58,0.623,1.0,0.965,20.7,103.5,86.25,103.0,0.532,W,1
0022301171,1610612753,Orlando,Magic,ORL,magic,240:00,543.3,108.7,606.8,121.4,-63.5,-12.7,0.581,2.27,17.4,0.273,0.776,0.51,10.577,10.6,0.495,0.533,1.0,0.975,20.7,103.5,86.25,104.0,0.468,L,0
0022301184,1610612746,LA,Clippers,LAC,clippers,240:00,561.9,112.4,561.2,112.2,0.6,0.1,0.535,1.77,16.2,0.4,0.604,0.495,13.402,13.4,0.5,0.522,1.0,0.992,19.5,97.5,81.25,97.0,0.467,L,0
0022301184,1610612762,Utah,Jazz,UTA,jazz,240:00,561.2,112.2,561.9,112.4,-0.6,-0.1,0.634,1.44,18.2,0.396,0.6,0.505,18.367,18.4,0.5,0.556,1.0,0.957,19.5,97.5,81.25,98.0,0.533,W,1
0022301173,1610612738,Boston,Celtics,BOS,celtics,240:00,648.5,129.7,490.0,98.0,158.5,31.7,0.63,5.67,22.2,0.353,0.872,0.602,5.941,5.9,0.587,0.597,1.0,0.975,20.1,100.5,83.75,101.0,0.66,W,1
0022301173,1610612766,Charlotte,Hornets,CHA,hornets,240:00,490.0,98.0,648.5,129.7,-158.5,-31.7,0.625,1.0,15.9,0.128,0.647,0.398,20.0,20.0,0.52,0.572,1.0,0.981,20.1,100.5,83.75,100.0,0.34,L,0
0022301167,1610612738,Boston,Celtics,BOS,celtics,240:00,567.7,113.5,608.2,121.6,-40.5,-8.1,0.625,2.08,19.1,0.208,0.549,0.384,12.5,12.5,0.558,0.586,1.0,0.991,19.3,96.5,80.42,96.0,0.471,L,0
0022301167,1610612752,New York,Knicks,NYK,knicks,240:00,608.2,121.6,567.7,113.5,40.5,8.1,0.49,1.6,16.8,0.451,0.792,0.616,15.464,15.5,0.566,0.571,1.0,0.958,19.3,96.5,80.42,97.0,0.529,W,1
0022301166,1610612765,Detroit,Pistons,DET,pistons,240:00,535.7,107.1,654.6,130.9,-118.9,-23.8,0.711,1.35,19.9,0.256,0.681,0.478,20.408,20.4,0.584,0.603,1.0,0.972,19.5,97.5,81.25,98.0,0.407,L,0
0022301166,1610612741,Chicago,Bulls,CHI,bulls,240:00,654.6,130.9,535.7,107.1,118.9,23.8,0.549,3.11,20.0,0.319,0.744,0.522,9.278,9.3,0.604,0.619,1.0,0.982,19.5,97.5,81.25,97.0,0.593,W,1
0022301168,1610612762,Utah,Jazz,UTA,jazz,240:00,645.8,129.2,630.2,126.0,15.6,3.1,0.614,1.69,18.8,0.477,0.643,0.57,16.667,16.7,0.586,0.627,1.0,0.966,19.2,96.0,80.0,96.0,0.545,W,1
0022301168,1610612745,Houston,Rockets,HOU,rockets,240:00,630.2,126.0,645.8,129.2,-15.6,-3.1,0.55,2.2,15.9,0.357,0.523,0.43,10.417,10.4,0.532,0.578,1.0,0.983,19.2,96.0,80.0,96.0,0.455,L,0
0022301170,1610612758,Sacramento,Kings,SAC,kings,240:00,615.0,123.0,661.8,132.4,-46.8,-9.4,0.565,1.86,19.7,0.143,0.789,0.45,14.0,14.0,0.643,0.663,1.0,1.0,20.2,101.0,84.17,100.0,0.432,L,0
0022301170,1610612740,New Orleans,Pelicans,NOP,pelicans,240:00,661.8,132.4,615.0,123.0,46.8,9.4,0.714,2.69,24.1,0.211,0.857,0.55,12.745,12.7,0.698,0.719,1.0,0.964,20.2,101.0,84.17,102.0,0.568,W,1
0022301169,1610612757,Portland,Trail Blazers,POR,blazers,240:00,505.5,101.1,543.5,108.7,-38.0,-7.6,0.629,1.69,15.7,0.422,0.698,0.533,14.286,14.3,0.402,0.44,1.0,0.983,18.3,91.5,76.25,91.0,0.402,L,0
0022301169,1610612744,Golden State,Warriors,GSW,warriors,240:00,543.5,108.7,505.5,101.1,38.0,7.6,0.667,1.5,18.6,0.302,0.578,0.467,17.391,17.4,0.545,0.583,1.0,0.971,18.3,91.5,76.25,92.0,0.598,W,1
0022301164,1610612743,Denver,Nuggets,DEN,nuggets,240:00,637.4,127.5,581.5,116.3,55.8,11.2,0.674,2.21,22.5,0.364,0.745,0.56,15.385,15.4,0.62,0.623,1.0,0.981,18.3,91.5,76.25,91.0,0.557,W,1
0022301164,1610612750,Minnesota,Timberwolves,MIN,timberwolves,240:00,581.5,116.3,637.4,127.5,-55.8,-11.2,0.561,2.3,18.1,0.255,0.636,0.44,10.87,10.9,0.579,0.586,1.0,0.962,18.3,91.5,76.25,92.0,0.443,L,0
0022301163,1610612760,Oklahoma City,Thunder,OKC,thunder,240:00,557.0,111.4,390.4,78.1,166.7,33.3,0.702,2.75,21.2,0.175,0.879,0.553,10.526,10.5,0.545,0.576,1.0,0.992,22.8,114.0,95.0,114.0,0.675,W,1
0022301163,1610612759,San Antonio,Spurs,SAS,spurs,240:00,390.4,78.1,557.0,111.4,-166.7,-33.3,0.75,1.6,16.4,0.121,0.825,0.447,13.158,13.2,0.38,0.425,1.0,0.984,22.8,114.0,95.0,114.0,0.325,L,0
0022301165,1610612746,LA,Clippers,LAC,clippers,240:00,524.3,104.9,601.9,120.4,-77.7,-15.5,0.523,1.77,16.8,0.208,0.735,0.461,12.621,12.6,0.526,0.543,1.0,0.974,20.6,103.0,85.83,103.0,0.437,L,0
0022301165,1610612756,Phoenix,Suns,PHX,suns,240:00,601.9,120.4,524.3,104.9,77.7,15.5,0.63,2.23,20.0,0.265,0.792,0.539,12.621,12.6,0.579,0.61,1.0,0.983,20.6,103.0,85.83,103.0,0.563,W,1
0022301160,1610612751,Brooklyn,Nets,BKN,nets,240:00,557.9,111.6,536.8,107.4,21.1,4.2,0.658,1.67,18.4,0.34,0.705,0.541,15.789,15.8,0.506,0.549,1.0,0.973,19.0,95.0,79.17,95.0,0.586,W,1
0022301160,1610612761,Toronto,Raptors,TOR,raptors,240:00,536.8,107.4,557.9,111.6,-21.1,-4.2,0.543,1.9,14.5,0.295,0.66,0.459,10.526,10.5,0.457,0.5,1.0,0.982,19.0,95.0,79.17,95.0,0.414,L,0
0022301158,1610612739,Cleveland,Cavaliers,CLE,cavaliers,240:00,567.0,113.4,505.2,101.0,61.9,12.4,0.73,1.69,19.7,0.292,0.725,0.515,16.495,16.5,0.543,0.58,1.0,0.973,19.4,97.0,80.83,97.0,0.567,W,1
0022301158,1610612763,Memphis,Grizzlies,MEM,grizzlies,240:00,505.2,101.0,567.0,113.4,-61.9,-12.4,0.636,1.31,16.0,0.275,0.708,0.485,16.495,16.5,0.476,0.531,1.0,0.964,19.4,97.0,80.83,97.0,0.433,L,0
0022301161,1610612748,Miami,Heat,MIA,heat,240:00,505.5,101.1,609.9,122.0,-104.4,-20.9,0.667,1.22,17.1,0.333,0.783,0.553,19.78,19.8,0.488,0.53,1.0,0.953,18.2,91.0,75.83,91.0,0.39,L,0
0022301161,1610612742,Dallas,Mavericks,DAL,mavericks,240:00,609.9,122.0,505.5,101.1,104.4,20.9,0.628,3.86,21.1,0.217,0.667,0.447,7.692,7.7,0.58,0.599,1.0,0.99,18.2,91.0,75.83,91.0,0.61,W,1
0022301162,1610612749,Milwaukee,Bucks,MIL,bucks,240:00,609.4,121.9,521.1,104.2,88.3,17.7,0.628,1.8,19.9,0.295,0.778,0.539,15.625,15.6,0.601,0.63,1.0,0.945,19.1,95.5,79.58,96.0,0.598,W,1
0022301162,1610612753,Orlando,Magic,ORL,magic,240:00,521.1,104.2,609.4,121.9,-88.3,-17.7,0.528,1.19,15.3,0.222,0.705,0.461,16.842,16.8,0.532,0.562,1.0,0.981,19.1,95.5,79.58,95.0,0.402,L,0
0022301159,1610612737,Atlanta,Hawks,ATL,hawks,240:00,581.6,116.3,586.7,117.3,-5.1,-1.0,0.814,1.94,24.3,0.262,0.85,0.549,18.367,18.4,0.634,0.64,1.0,0.963,19.6,98.0,81.67,98.0,0.495,L,0
0022301159,1610612766,Charlotte,Hornets,CHA,hornets,240:00,586.7,117.3,581.6,116.3,5.1,1.0,0.625,1.79,19.4,0.15,0.738,0.451,14.286,14.3,0.595,0.648,1.0,0.971,19.6,98.0,81.67,98.0,0.505,W,1
0022301154,1610612762,Utah,Jazz,UTA,jazz,240:00,500.0,100.0,584.2,116.8,-84.2,-16.8,0.528,1.27,14.5,0.345,0.686,0.509,15.789,15.8,0.451,0.491,1.0,0.991,19.0,95.0,79.17,95.0,0.396,L,0
0022301154,1610612743,Denver,Nuggets,DEN,nuggets,240:00,584.2,116.8,500.0,100.0,84.2,16.8,0.652,3.0,21.4,0.314,0.655,0.491,10.526,10.5,0.564,0.562,1.0,0.982,19.0,95.0,79.17,95.0,0.604,W,1
0022301153,1610612760,Oklahoma City,Thunder,OKC,thunder,240:00,549.0,109.8,514.7,102.9,34.3,6.9,0.538,1.5,16.0,0.182,0.647,0.464,13.725,13.7,0.556,0.598,1.0,0.973,20.4,102.0,85.0,102.0,0.587,W,1
0022301153,1610612758,Sacramento,Kings,SAC,kings,240:00,514.7,102.9,549.0,109.8,-34.3,-6.9,0.697,1.35,15.5,0.353,0.818,0.536,16.667,16.7,0.448,0.489,1.0,0.992,20.4,102.0,85.0,102.0,0.413,L,0
0022301145,1610612755,Philadelphia,76ers,PHI,sixers,240:00,600.0,120.0,505.0,101.0,95.0,19.0,0.659,3.22,19.6,0.339,0.731,0.528,9.0,9.0,0.515,0.555,1.0,0.975,20.1,100.5,83.75,100.0,0.604,W,1
0022301145,1610612765,Detroit,Pistons,DET,pistons,240:00,505.0,101.0,600.0,120.0,-95.0,-19.0,0.588,1.25,14.8,0.269,0.661,0.472,15.842,15.8,0.488,0.539,1.0,0.974,20.1,100.5,83.75,101.0,0.396,L,0
0022301149,1610612741,Chicago,Bulls,CHI,bulls,240:00,609.4,121.9,673.7,134.7,-64.3,-12.9,0.426,2.22,15.6,0.302,0.757,0.513,9.375,9.4,0.591,0.607,1.0,0.981,19.1,95.5,79.58,96.0,0.439,L,0
0022301149,1610612752,New York,Knicks,NYK,knicks,240:00,673.7,134.7,609.4,121.9,64.3,12.9,0.674,2.82,23.0,0.243,0.698,0.488,11.579,11.6,0.657,0.697,1.0,0.981,19.1,95.5,79.58,95.0,0.561,W,1
0022301146,1610612761,Toronto,Raptors,TOR,raptors,240:00,597.1,119.4,679.6,135.9,-82.5,-16.5,0.447,1.4,14.3,0.434,0.563,0.495,14.563,14.6,0.527,0.567,1.0,0.984,20.6,103.0,85.83,103.0,0.418,L,0
0022301146,1610612754,Indiana,Pacers,IND,pacers,240:00,679.6,135.9,597.1,119.4,82.5,16.5,0.611,2.36,21.0,0.438,0.566,0.505,13.592,13.6,0.626,0.641,1.0,0.976,20.6,103.0,85.83,103.0,0.582,W,1
0022301150,1610612745,Houston,Rockets,HOU,rockets,240:00,590.0,118.0,535.4,107.1,54.6,10.9,0.644,2.42,21.3,0.214,0.755,0.505,12.0,12.0,0.61,0.628,1.0,0.991,19.9,99.5,82.92,100.0,0.534,W,1
0022301150,1610612753,Orlando,Magic,ORL,magic,240:00,535.4,107.1,590.0,118.0,-54.6,-10.9,0.59,1.53,17.2,0.245,0.786,0.495,15.152,15.2,0.494,0.551,1.0,0.991,19.9,99.5,82.92,99.0,0.466,L,0
0022301147,1610612737,Atlanta,Hawks,ATL,hawks,290:00,504.5,100.9,522.3,104.5,-17.8,-3.6,0.622,1.75,17.1,0.366,0.86,0.57,14.545,14.5,0.442,0.466,1.0,0.985,18.37,91.86,76.55,110.0,0.453,L,0
0022301147,1610612748,Miami,Heat,MIA,heat,290:00,522.3,104.5,504.5,100.9,17.8,3.6,0.69,1.61,19.6,0.14,0.634,0.43,16.071,16.1,0.58,0.602,1.0,0.958,18.37,91.86,76.55,112.0,0.547,W,1
0022301148,1610612749,Milwaukee,Bucks,MIL,bucks,240:00,577.8,115.6,505.6,101.1,72.2,14.4,0.674,1.61,22.1,0.308,0.714,0.547,20.0,20.0,0.636,0.635,1.0,0.961,18.0,90.0,75.0,90.0,0.589,W,1
0022301148,1610612738,Boston,Celtics,BOS,celtics,240:00,505.6,101.1,577.8,115.6,-72.2,-14.4,0.73,2.25,20.3,0.286,0.692,0.453,13.333,13.3,0.489,0.489,1.0,0.991,18.0,90.0,75.0,90.0,0.411,L,0
0022301152,1610612750,Minnesota,Timberwolves,MIN,timberwolves,240:00,650.0,130.0,605.0,121.0,45.0,9.0,0.698,3.75,20.7,0.294,0.766,0.52,8.0,8.0,0.578,0.625,1.0,0.983,20.0,100.0,83.33,100.0,0.56,W,1
0022301152,1610612764,Washington,Wizards,WAS,wizards,240:00,605.0,121.0,650.0,130.0,-45.0,-9.0,0.591,2.0,19.1,0.234,0.706,0.48,13.0,13.0,0.607,0.627,1.0,0.982,20.0,100.0,83.33,100.0,0.44,L,0
0022301151,1610612763,Memphis,Grizzlies,MEM,grizzlies,240:00,443.9,88.8,525.8,105.2,-81.9,-16.4,0.583,2.63,14.9,0.324,0.756,0.496,8.163,8.2,0.375,0.4,1.0,0.967,19.5,97.5,81.25,98.0,0.379,L,0
0022301151,1610612759,San Antonio,Spurs,SAS,spurs,240:00,525.8,105.2,443.9,88.8,81.9,16.4,0.714,1.76,21.7,0.244,0.676,0.504,17.526,17.5,0.54,0.563,1.0,0.981,19.5,97.5,81.25,97.0,0.621,W,1
0022301144,1610612766,Charlotte,Hornets,CHA,hornets,240:00,514.9,103.0,650.0,130.0,-135.1,-27.0,0.615,2.0,17.9,0.192,0.646,0.41,11.881,11.9,0.494,0.529,1.0,0.982,20.1,100.5,83.75,101.0,0.394,L,0
0022301144,1610612742,Dallas,Mavericks,DAL,mavericks,240:00,650.0,130.0,514.9,103.0,135.1,27.0,0.7,2.33,23.0,0.354,0.808,0.59,15.0,15.0,0.629,0.639,1.0,0.983,20.1,100.5,83.75,100.0,0.606,W,1
0022301156,1610612756,Phoenix,Suns,PHX,suns,240:00,446.6,89.3,514.7,102.9,-68.1,-13.6,0.567,2.13,13.3,0.131,0.739,0.393,7.767,7.8,0.382,0.454,1.0,0.982,20.5,102.5,85.42,103.0,0.42,L,0
0022301156,1610612746,LA,Clippers,LAC,clippers,240:00,514.7,102.9,446.6,89.3,68.1,13.6,0.683,1.33,19.7,0.261,0.869,0.607,20.588,20.6,0.54,0.572,1.0,0.965,20.5,102.5,85.42,102.0,0.58,W,1
0022301155,1610612747,Los Angeles,Lakers,LAL,lakers,240:00,594.1,118.8,663.4,132.7,-69.3,-13.9,0.705,3.88,21.2,0.264,0.861,0.506,7.921,7.9,0.521,0.563,1.0,0.974,20.2,101.0,84.17,101.0,0.443,L,0
0022301155,1610612744,Golden State,Warriors,GSW,warriors,240:00,663.4,132.7,594.1,118.8,69.3,13.9,0.787,2.47,25.9,0.139,0.736,0.494,14.851,14.9,0.75,0.751,1.0,0.981,20.2,101.0,84.17,101.0,0.557,W,1
0022301157,1610612757,Portland,Trail Blazers,POR,blazers,240:00,520.8,104.2,561.2,112.2,-40.4,-8.1,0.7,1.27,20.3,0.304,0.725,0.526,22.917,22.9,0.547,0.565,1.0,0.991,19.4,97.0,80.83,96.0,0.425,L,0
0022301157,1610612740,New Orleans,Pelicans,NOP,pelicans,240:00,561.2,112.2,520.8,104.2,40.4,8.1,0.694,2.78,18.4,0.275,0.696,0.474,9.184,9.2,0.477,0.551,1.0,0.982,19.4,97.0,80.83,98.0,0.575,W,1
0022301140,1610612759,San Antonio,Spurs,SAS,spurs,290:00,516.4,103.3,545.1,109.0,-28.7,-5.7,0.705,1.24,18.6,0.255,0.762,0.525,20.492,20.5,0.531,0.576,1.0,0.985,20.19,100.97,84.14,122.0,0.486,L,0
0022301140,1610612755,Philadelphia,76ers,PHI,sixers,290:00,545.1,109.0,516.4,103.3,28.7,5.7,0.596,2.58,18.8,0.238,0.745,0.475,9.836,9.8,0.509,0.543,1.0,0.985,20.19,100.97,84.14,122.0,0.514,W,1
0022301131,1610612742,Dallas,Mavericks,DAL,mavericks,265:00,656.3,131.3,601.8,120.4,54.5,10.9,0.457,1.24,14.7,0.238,0.788,0.543,15.179,15.2,0.629,0.701,1.0,1.0,20.38,101.89,84.91,112.0,0.543,W,1
0022301131,1610612745,Houston,Rockets,HOU,rockets,265:00,601.8,120.4,656.3,131.3,-54.5,-10.9,0.674,2.82,20.1,0.212,0.762,0.457,9.735,9.7,0.586,0.627,1.0,0.967,20.38,101.89,84.91,113.0,0.457,L,0
0022301134,1610612738,Boston,Celtics,BOS,celtics,240:00,620.0,124.0,535.0,107.0,85.0,17.0,0.694,2.62,24.3,0.175,0.597,0.431,13.0,13.0,0.655,0.669,1.0,0.981,20.0,100.0,83.33,100.0,0.603,W,1
0022301134,1610612757,Portland,Trail Blazers,POR,blazers,240:00,535.0,107.0,620.0,124.0,-85.0,-17.0,0.65,1.73,17.2,0.403,0.825,0.569,15.0,15.0,0.461,0.497,1.0,0.976,20.0,100.0,83.33,100.0,0.397,L,0
0022301133,1610612754,Indiana,Pacers,IND,pacers,240:00,609.4,121.9,605.3,121.1,4.1,0.8,0.614,3.86,20.5,0.209,0.804,0.517,7.292,7.3,0.564,0.614,1.0,0.962,19.1,95.5,79.58,96.0,0.533,W,1
0022301133,1610612748,Miami,Heat,MIA,heat,240:00,605.3,121.1,609.4,121.9,-4.1,-0.8,0.538,3.0,16.8,0.196,0.791,0.483,7.368,7.4,0.512,0.586,1.0,1.0,19.1,95.5,79.58,95.0,0.467,L,0
0022301138,1610612756,Phoenix,Suns,PHX,suns,240:00,535.7,107.1,576.5,115.3,-40.8,-8.2,0.769,1.88,21.4,0.245,0.733,0.479,16.327,16.3,0.529,0.564,1.0,0.973,19.6,98.0,81.67,98.0,0.469,L,0
0022301138,1610612740,New Orleans,Pelicans,NOP,pelicans,240:00,576.5,115.3,535.7,107.1,40.8,8.2,0.65,1.86,19.3,0.267,0.755,0.521,14.286,14.3,0.565,0.605,1.0,0.972,19.6,98.0,81.67,98.0,0.531,W,1
0022301142,1610612744,Golden State,Warriors,GSW,warriors,240:00,614.6,122.9,572.9,114.6,41.7,8.3,0.653,2.0,22.2,0.372,0.826,0.607,16.667,16.7,0.609,0.623,1.0,0.955,19.2,96.0,80.0,96.0,0.569,W,1
0022301142,1610612762,Utah,Jazz,UTA,jazz,240:00,572.9,114.6,614.6,122.9,-41.7,-8.3,0.538,1.91,16.8,0.174,0.628,0.393,11.458,11.5,0.56,0.596,1.0,0.981,19.2,96.0,80.0,96.0,0.431,L,0
0022301135,1610612766,Charlotte,Hornets,CHA,hornets,240:00,608.2,121.6,630.2,126.0,-22.0,-4.4,0.644,1.61,21.5,0.308,0.659,0.494,18.557,18.6,0.645,0.662,1.0,1.0,19.3,96.5,80.42,97.0,0.504,L,0
0022301135,1610612760,Oklahoma City,Thunder,OKC,thunder,240:00,630.2,126.0,608.2,121.6,22.0,4.4,0.733,1.94,22.9,0.341,0.692,0.506,17.708,17.7,0.621,0.64,1.0,0.991,19.3,96.5,80.42,96.0,0.496,W,1
0022301132,1610612746,LA,Clippers,LAC,clippers,240:00,600.0,120.0,590.0,118.0,10.0,2.0,0.634,1.63,18.7,0.302,0.776,0.554,16.0,16.0,0.571,0.635,1.0,0.973,20.0,100.0,83.33,100.0,0.504,W,1
0022301132,1610612739,Cleveland,Cavaliers,CLE,cavaliers,240:00,590.0,118.0,600.0,120.0,-10.0,-2.0,0.643,2.45,19.6,0.224,0.698,0.446,11.0,11.0,0.54,0.591,1.0,0.982,20.0,100.0,83.33,100.0,0.496,L,0
0022301141,1610612751,Brooklyn,Nets,BKN,nets,240:00,385.0,77.0,540.4,108.1,-155.4,-31.1,0.567,1.0,13.3,0.207,0.782,0.487,17.0,17.0,0.39,0.42,1.0,0.964,19.9,99.5,82.92,100.0,0.317,L,0
0022301141,1610612758,Sacramento,Kings,SAC,kings,240:00,540.4,108.1,385.0,77.0,155.4,31.1,0.775,3.44,22.0,0.218,0.793,0.513,9.091,9.1,0.505,0.529,1.0,0.991,19.9,99.5,82.92,99.0,0.683,W,1
0022301137,1610612761,Toronto,Raptors,TOR,raptors,240:00,590.9,118.2,559.6,111.9,31.3,6.3,0.673,2.36,21.2,0.255,0.824,0.539,12.727,12.7,0.568,0.6,1.0,0.967,21.9,109.5,91.25,110.0,0.533,W,1
0022301137,1610612764,Washington,Wizards,WAS,wizards,240:00,559.6,111.9,590.9,118.2,-31.3,-6.3,0.69,1.93,19.7,0.176,0.745,0.461,13.761,13.8,0.562,0.597,1.0,0.992,21.9,109.5,91.25,109.0,0.467,L,0
0022301136,1610612753,Orlando,Magic,ORL,magic,240:00,594.7,118.9,521.3,104.3,73.5,14.7,0.571,2.4,17.8,0.333,0.762,0.533,10.526,10.5,0.528,0.574,1.0,0.973,18.9,94.5,78.75,95.0,0.58,W,1
0022301136,1610612741,Chicago,Bulls,CHI,bulls,240:00,521.3,104.3,594.7,118.9,-73.5,-14.7,0.526,0.95,16.1,0.238,0.667,0.467,22.34,22.3,0.547,0.579,1.0,1.0,18.9,94.5,78.75,94.0,0.42,L,0
0022301139,1610612749,Milwaukee,Bucks,MIL,bucks,240:00,586.0,117.2,663.0,132.6,-77.0,-15.4,0.771,1.93,20.6,0.262,0.667,0.478,15.054,15.1,0.547,0.612,1.0,0.981,18.5,92.5,77.08,93.0,0.471,L,0
0022301139,1610612752,New York,Knicks,NYK,knicks,240:00,663.0,132.6,586.0,117.2,77.0,15.4,0.556,3.57,18.8,0.333,0.738,0.522,7.609,7.6,0.565,0.6,1.0,0.972,18.5,92.5,77.08,92.0,0.529,W,1
0022301143,1610612747,Los Angeles,Lakers,LAL,lakers,240:00,568.0,113.6,616.5,123.3,-48.5,-9.7,0.692,1.8,18.9,0.283,0.646,0.468,14.563,14.6,0.53,0.596,1.0,0.983,20.6,103.0,85.83,103.0,0.477,L,0
0022301143,1610612750,Minnesota,Timberwolves,MIN,timberwolves,240:00,616.5,123.3,568.0,113.6,48.5,9.7,0.58,1.81,19.5,0.354,0.717,0.532,15.534,15.5,0.593,0.616,1.0,0.967,20.6,103.0,85.83,103.0,0.523,W,1
0022301128,1610612751,Brooklyn,Nets,BKN,nets,240:00,588.5,117.7,542.1,108.4,46.4,9.3,0.526,1.11,15.6,0.342,0.804,0.607,18.75,18.8,0.596,0.646,1.0,0.981,19.1,95.5,79.58,96.0,0.589,W,1
0022301128,1610612765,Detroit,Pistons,DET,pistons,240:00,542.1,108.4,588.5,117.7,-46.4,-9.3,0.595,2.5,19.2,0.196,0.658,0.393,10.526,10.5,0.549,0.549,1.0,0.962,19.1,95.5,79.58,95.0,0.411,L,0
0022301130,1610612743,Denver,Nuggets,DEN,nuggets,240:00,676.2,135.2,523.8,104.8,152.4,30.5,0.717,2.24,25.2,0.222,0.778,0.556,16.19,16.2,0.733,0.747,1.0,0.973,21.0,105.0,87.5,105.0,0.634,W,1
0022301130,1610612737,Atlanta,Hawks,ATL,hawks,240:00,523.8,104.8,676.2,135.2,-152.4,-30.5,0.811,1.88,20.4,0.222,0.778,0.444,15.238,15.2,0.494,0.551,1.0,0.983,21.0,105.0,87.5,105.0,0.366,L,0
0022301127,1610612747,Los Angeles,Lakers,LAL,lakers,240:00,580.0,116.0,480.2,96.0,99.8,20.0,0.667,1.5,21.7,0.205,0.692,0.484,20.0,20.0,0.663,0.666,1.0,0.963,20.1,100.5,83.75,100.0,0.604,W,1
0022301127,1610612739,Cleveland,Cavaliers,CLE,cavaliers,240:00,480.2,96.0,580.0,116.0,-99.8,-20.0,0.615,1.26,17.0,0.308,0.795,0.516,18.812,18.8,0.494,0.509,1.0,0.974,20.1,100.5,83.75,101.0,0.396,L,0
0022301129,1610612763,Memphis,Grizzlies,MEM,grizzlies,240:00,480.0,96.0,585.9,117.2,-105.9,-21.2,0.583,1.11,15.3,0.358,0.756,0.532,19.0,19.0,0.466,0.499,1.0,0.991,19.9,99.5,82.92,100.0,0.383,L,0
0022301129,1610612755,Philadelphia,76ers,PHI,sixers,240:00,585.9,117.2,480.0,96.0,105.9,21.2,0.659,1.42,19.9,0.244,0.642,0.468,19.192,19.2,0.62,0.651,1.0,0.991,19.9,99.5,82.92,99.0,0.617,W,1
0022301117,1610612764,Washington,Wizards,WAS,wizards,240:00,525.8,105.2,551.0,110.2,-25.2,-5.0,0.632,2.4,17.8,0.255,0.607,0.432,10.309,10.3,0.46,0.504,1.0,0.982,19.5,97.5,81.25,97.0,0.47,L,0
0022301117,1610612757,Portland,Trail Blazers,POR,blazers,240:00,551.0,110.2,525.8,105.2,25.2,5.0,0.707,2.23,19.5,0.393,0.745,0.568,13.265,13.3,0.484,0.516,1.0,0.967,19.5,97.5,81.25,98.0,0.53,W,1
0022301116,1610612754,Indiana,Pacers,IND,pacers,240:00,617.6,123.5,543.7,108.7,74.0,14.8,0.652,2.14,21.1,0.227,0.783,0.511,13.725,13.7,0.608,0.648,1.0,0.982,20.5,102.5,85.42,102.0,0.543,W,1
0022301116,1610612760,Oklahoma City,Thunder,OKC,thunder,240:00,543.7,108.7,617.6,123.5,-74.0,-14.8,0.571,1.6,17.5,0.217,0.773,0.489,14.563,14.6,0.535,0.58,1.0,0.973,20.5,102.5,85.42,103.0,0.457,L,0
0022301122,1610612749,Milwaukee,Bucks,MIL,bucks,240:00,528.6,105.7,568.0,113.6,-39.4,-7.9,0.512,1.62,14.9,0.278,0.778,0.505,12.381,12.4,0.5,0.538,1.0,0.967,20.8,104.0,86.67,105.0,0.442,L,0
0022301122,1610612761,Toronto,Raptors,TOR,raptors,240:00,568.0,113.6,528.6,105.7,39.4,7.9,0.667,1.41,17.5,0.222,0.722,0.495,16.505,16.5,0.544,0.617,1.0,0.991,20.8,104.0,86.67,103.0,0.558,W,1
0022301119,1610612741,Chicago,Bulls,CHI,bulls,240:00,540.0,108.0,510.2,102.0,29.8,6.0,0.614,1.59,18.4,0.392,0.75,0.573,17.0,17.0,0.511,0.54,1.0,0.958,19.8,99.0,82.5,100.0,0.576,W,1
0022301119,1610612752,New York,Knicks,NYK,knicks,240:00,510.2,102.0,540.0,108.0,-29.8,-6.0,0.611,1.22,16.5,0.25,0.608,0.427,18.367,18.4,0.494,0.534,1.0,0.982,19.8,99.0,82.5,98.0,0.424,L,0
0022301115,1610612766,Charlotte,Hornets,CHA,hornets,240:00,645.8,129.2,592.8,118.6,53.0,10.6,0.674,1.45,22.1,0.207,0.63,0.482,20.833,20.8,0.701,0.755,1.0,0.971,19.3,96.5,80.42,96.0,0.569,W,1
0022301115,1610612753,Orlando,Magic,ORL,magic,240:00,592.8,118.6,645.8,129.2,-53.0,-10.6,0.571,2.4,17.3,0.37,0.793,0.518,10.309,10.3,0.495,0.545,1.0,0.991,19.3,96.5,80.42,97.0,0.431,L,0
0022301118,1610612738,Boston,Celtics,BOS,celtics,240:00,543.0,108.6,526.3,105.3,16.7,3.3,0.658,3.13,19.1,0.25,0.667,0.478,8.602,8.6,0.494,0.521,1.0,0.991,18.8,94.0,78.33,93.0,0.553,W,1
0022301118,1610612758,Sacramento,Kings,SAC,kings,240:00,526.3,105.3,543.0,108.6,-16.7,-3.3,0.553,3.0,15.4,0.333,0.75,0.522,7.368,7.4,0.47,0.477,1.0,0.974,18.8,94.0,78.33,95.0,0.447,L,0
0022301120,1610612745,Houston,Rockets,HOU,rockets,240:00,525.3,105.1,595.0,119.0,-69.7,-13.9,0.735,2.78,18.1,0.246,0.778,0.48,9.091,9.1,0.456,0.515,1.0,0.982,19.9,99.5,82.92,99.0,0.432,L,0
0022301120,1610612748,Miami,Heat,MIA,heat,240:00,595.0,119.0,525.3,105.1,69.7,13.9,0.614,3.0,19.7,0.222,0.754,0.52,9.0,9.0,0.567,0.606,1.0,0.964,19.9,99.5,82.92,100.0,0.568,W,1
0022301123,1610612740,New Orleans,Pelicans,NOP,pelicans,240:00,561.9,112.4,566.3,113.3,-4.5,-0.9,0.636,1.65,20.4,0.286,0.773,0.535,17.526,17.5,0.564,0.597,1.0,0.991,19.5,97.5,81.25,97.0,0.485,L,0
0022301123,1610612759,San Antonio,Spurs,SAS,spurs,240:00,566.3,113.3,561.9,112.4,4.5,0.9,0.81,2.0,24.1,0.227,0.714,0.465,17.347,17.3,0.608,0.626,1.0,0.972,19.5,97.5,81.25,98.0,0.515,W,1
0022301125,1610612756,Phoenix,Suns,PHX,suns,240:00,475.5,95.1,435.0,87.0,40.5,8.1,0.879,1.61,21.0,0.174,0.8,0.515,17.647,17.6,0.493,0.546,1.0,0.972,20.2,101.0,84.17,102.0,0.59,W,1
0022301125,1610612750,Minnesota,Timberwolves,MIN,timberwolves,240:00,435.0,87.0,475.5,95.1,-40.5,-8.1,0.697,1.21,17.2,0.2,0.826,0.485,19.0,19.0,0.447,0.477,1.0,0.982,20.2,101.0,84.17,100.0,0.41,L,0
0022301121,1610612763,Memphis,Grizzlies,MEM,grizzlies,240:00,551.0,110.2,463.9,92.8,87.1,17.4,0.571,1.14,16.8,0.44,0.76,0.6,21.429,21.4,0.522,0.556,1.0,0.975,19.5,97.5,81.25,98.0,0.583,W,1
0022301121,1610612765,Detroit,Pistons,DET,pistons,240:00,463.9,92.8,551.0,110.2,-87.1,-17.4,0.688,1.22,16.8,0.24,0.56,0.4,18.557,18.6,0.456,0.502,1.0,0.982,19.5,97.5,81.25,97.0,0.417,L,0
0022301097,1610612742,Dallas,Mavericks,DAL,mavericks,240:00,529.4,105.9,514.6,102.9,14.8,3.0,0.75,1.67,21.1,0.222,0.709,0.49,17.647,17.6,0.548,0.579,1.0,0.982,20.5,102.5,85.42,102.0,0.526,W,1
0022301097,1610612744,Golden State,Warriors,GSW,warriors,240:00,514.6,102.9,529.4,105.9,-14.8,-3.0,0.659,1.8,18.5,0.291,0.778,0.51,14.563,14.6,0.505,0.525,1.0,0.975,20.5,102.5,85.42,103.0,0.474,L,0
0022301126,1610612746,LA,Clippers,LAC,clippers,240:00,629.8,126.0,495.1,99.0,134.7,26.9,0.627,2.13,21.8,0.262,0.717,0.529,14.423,14.4,0.632,0.662,1.0,0.974,20.7,103.5,86.25,104.0,0.645,W,1
0022301126,1610612762,Utah,Jazz,UTA,jazz,240:00,495.1,99.0,629.8,126.0,-134.7,-26.9,0.571,1.33,14.3,0.283,0.738,0.471,14.563,14.6,0.434,0.492,1.0,0.992,20.7,103.5,86.25,103.0,0.355,L,0
0022301111,1610612748,Miami,Heat,MIA,heat,240:00,535.7,107.1,550.5,110.1,-14.8,-3.0,0.615,1.41,16.9,0.364,0.755,0.548,17.347,17.3,0.484,0.52,1.0,0.975,19.7,98.5,82.08,98.0,0.468,L,0
0022301111,1610612755,Philadelphia,76ers,PHI,sixers,240:00,550.5,110.1,535.7,107.1,14.8,3.0,0.651,2.55,20.4,0.245,0.636,0.452,11.111,11.1,0.543,0.563,1.0,0.991,19.7,98.5,82.08,99.0,0.532,W,1
0022301113,1610612745,Houston,Rockets,HOU,rockets,240:00,550.0,110.0,671.7,134.3,-121.7,-24.3,0.639,1.92,16.8,0.288,0.588,0.407,12.0,12.0,0.488,0.554,1.0,0.982,19.9,99.5,82.92,100.0,0.396,L,0
0022301113,1610612744,Golden State,Warriors,GSW,warriors,240:00,671.7,134.3,550.0,110.0,121.7,24.3,0.617,1.38,20.4,0.412,0.712,0.593,21.212,21.2,0.694,0.731,1.0,0.965,19.9,99.5,82.92,99.0,0.604,W,1
0022301114,1610612746,LA,Clippers,LAC,clippers,240:00,510.0,102.0,500.0,100.0,10.0,2.0,0.647,3.14,16.4,0.203,0.824,0.491,7.0,7.0,0.417,0.49,1.0,0.973,20.0,100.0,83.33,100.0,0.499,W,1
0022301114,1610612743,Denver,Nuggets,DEN,nuggets,240:00,500.0,100.0,510.0,102.0,-10.0,-2.0,0.75,1.93,19.9,0.176,0.797,0.509,14.0,14.0,0.5,0.532,1.0,0.972,20.0,100.0,83.33,100.0,0.501,L,0
0022301124,1610612742,Dallas,Mavericks,DAL,mavericks,240:00,524.0,104.8,456.7,91.3,67.3,13.5,0.526,1.43,14.7,0.207,0.782,0.487,13.462,13.5,0.5,0.537,1.0,0.983,20.8,104.0,86.67,104.0,0.571,W,1
0022301124,1610612737,Atlanta,Hawks,ATL,hawks,240:00,456.7,91.3,524.0,104.8,-67.3,-13.5,0.618,1.0,15.3,0.218,0.793,0.513,20.192,20.2,0.476,0.504,1.0,0.991,20.8,104.0,86.67,104.0,0.429,L,0
0022301112,1610612752,New York,Knicks,NYK,knicks,240:00,638.3,127.7,573.7,114.7,64.6,12.9,0.773,2.62,24.5,0.275,0.702,0.506,13.83,13.8,0.625,0.647,1.0,0.971,18.9,94.5,78.75,94.0,0.586,W,1
0022301112,1610612758,Sacramento,Kings,SAC,kings,240:00,573.7,114.7,638.3,127.7,-64.6,-12.9,0.619,1.63,19.3,0.298,0.725,0.494,16.842,16.8,0.593,0.597,1.0,0.972,18.9,94.5,78.75,95.0,0.414,L,0
0022301108,1610612750,Minnesota,Timberwolves,MIN,timberwolves,240:00,639.4,127.9,404.8,81.0,234.7,46.9,0.755,4.11,24.2,0.235,0.759,0.514,8.654,8.7,0.615,0.629,1.0,0.991,20.9,104.5,87.08,104.0,0.728,W,1
0022301108,1610612761,Toronto,Raptors,TOR,raptors,240:00,404.8,81.0,639.4,127.9,-234.7,-46.9,0.576,0.9,13.9,0.241,0.765,0.486,20.0,20.0,0.406,0.442,1.0,0.975,20.9,104.5,87.08,105.0,0.272,L,0
0022301109,1610612740,New Orleans,Pelicans,NOP,pelicans,240:00,574.5,114.9,615.8,123.2,-41.3,-8.3,0.583,1.5,17.2,0.19,0.727,0.465,14.894,14.9,0.553,0.611,1.0,1.0,18.9,94.5,78.75,94.0,0.44,L,0
0022301109,1610612753,Orlando,Magic,ORL,magic,240:00,615.8,123.2,574.5,114.9,41.3,8.3,0.659,2.08,20.1,0.273,0.81,0.535,13.684,13.7,0.594,0.628,1.0,0.972,18.9,94.5,78.75,95.0,0.56,W,1
0022301103,1610612764,Washington,Wizards,WAS,wizards,240:00,550.5,110.1,578.7,115.7,-28.2,-5.6,0.578,1.44,18.3,0.149,0.729,0.442,16.514,16.5,0.593,0.62,1.0,0.974,21.7,108.5,90.42,109.0,0.463,L,0
0022301103,1610612747,Los Angeles,Lakers,LAL,lakers,240:00,578.7,115.7,550.5,110.1,28.2,5.6,0.457,1.24,14.8,0.271,0.851,0.558,15.741,15.7,0.549,0.602,1.0,0.983,21.7,108.5,90.42,108.0,0.537,W,1
0022301105,1610612738,Boston,Celtics,BOS,celtics,240:00,688.8,137.8,510.2,102.0,178.6,35.7,0.66,3.0,22.4,0.381,0.75,0.578,11.224,11.2,0.636,0.673,1.0,0.974,19.6,98.0,81.67,98.0,0.633,W,1
0022301105,1610612760,Oklahoma City,Thunder,OKC,thunder,240:00,510.2,102.0,688.8,137.8,-178.6,-35.7,0.6,1.5,16.0,0.25,0.619,0.422,14.286,14.3,0.463,0.536,1.0,0.973,19.6,98.0,81.67,98.0,0.367,L,0
0022301102,1610612766,Charlotte,Hornets,CHA,hornets,240:00,452.6,90.5,468.4,93.7,-15.8,-3.2,0.688,2.0,18.2,0.128,0.638,0.41,11.579,11.6,0.442,0.49,1.0,0.98,19.0,95.0,79.17,95.0,0.548,L,0
0022301102,1610612757,Portland,Trail Blazers,POR,blazers,240:00,468.4,93.7,452.6,90.5,15.8,3.2,0.514,1.19,14.3,0.362,0.872,0.59,16.842,16.8,0.435,0.453,1.0,0.991,19.0,95.0,79.17,95.0,0.452,W,1
0022301104,1610612737,Atlanta,Hawks,ATL,hawks,240:00,581.7,116.3,548.5,109.7,33.2,6.6,0.735,2.25,23.8,0.262,0.811,0.568,15.385,15.4,0.617,0.626,1.0,0.974,20.7,103.5,86.25,104.0,0.566,W,1
0022301104,1610612765,Detroit,Pistons,DET,pistons,240:00,548.5,109.7,581.7,116.3,-33.2,-6.6,0.558,2.4,17.5,0.189,0.738,0.432,9.709,9.7,0.511,0.547,1.0,0.991,20.7,103.5,86.25,103.0,0.434,L,0
0022301110,1610612756,Phoenix,Suns,PHX,suns,240:00,616.2,123.2,510.1,102.0,106.1,21.2,0.727,2.0,22.2,0.302,0.804,0.562,16.162,16.2,0.609,0.646,1.0,0.973,19.8,99.0,82.5,99.0,0.568,W,1
0022301110,1610612739,Cleveland,Cavaliers,CLE,cavaliers,240:00,510.1,102.0,616.2,123.2,-106.1,-21.2,0.718,1.87,20.9,0.196,0.698,0.438,15.152,15.2,0.512,0.553,1.0,1.0,19.8,99.0,82.5,99.0,0.432,L,0
0022301106,1610612751,Brooklyn,Nets,BKN,nets,240:00,592.8,118.6,584.2,116.8,8.6,1.7,0.524,1.69,16.2,0.396,0.655,0.538,13.402,13.4,0.552,0.582,1.0,0.982,19.2,96.0,80.0,97.0,0.521,W,1
0022301106,1610612754,Indiana,Pacers,IND,pacers,240:00,584.2,116.8,592.8,118.6,-8.6,-1.7,0.587,3.0,19.0,0.345,0.604,0.462,9.474,9.5,0.495,0.515,1.0,1.0,19.2,96.0,80.0,95.0,0.479,L,0
0022301107,1610612749,Milwaukee,Bucks,MIL,bucks,240:00,543.0,108.6,590.4,118.1,-47.4,-9.5,0.684,2.36,19.0,0.295,0.708,0.477,11.828,11.8,0.495,0.504,1.0,0.991,18.7,93.5,77.92,93.0,0.419,L,0
0022301107,1610612763,Memphis,Grizzlies,MEM,grizzlies,240:00,590.4,118.1,543.0,108.6,47.4,9.5,0.543,2.78,18.8,0.292,0.705,0.523,9.574,9.6,0.544,0.564,1.0,0.972,18.7,93.5,77.92,94.0,0.581,W,1
0022301100,1610612762,Utah,Jazz,UTA,jazz,240:00,565.0,113.0,645.0,129.0,-80.0,-16.0,0.634,1.3,18.7,0.304,0.667,0.471,20.0,20.0,0.576,0.608,1.0,0.982,20.0,100.0,83.33,100.0,0.377,L,0
0022301100,1610612739,Cleveland,Cavaliers,CLE,cavaliers,240:00,645.0,129.0,565.0,113.0,80.0,16.0,0.826,2.53,25.2,0.333,0.696,0.529,15.0,15.0,0.635,0.675,1.0,0.965,20.0,100.0,83.33,100.0,0.623,W,1
0022301101,1610612758,Sacramento,Kings,SAC,kings,240:00,579.8,116.0,505.3,101.1,74.5,14.9,0.744,2.9,20.1,0.375,0.776,0.562,10.638,10.6,0.489,0.529,1.0,0.983,18.8,94.0,78.33,94.0,0.625,W,1
0022301101,1610612746,LA,Clippers,LAC,clippers,240:00,505.3,101.1,579.8,116.0,-74.5,-14.9,0.581,1.13,14.6,0.224,0.625,0.438,17.021,17.0,0.48,0.541,1.0,0.971,18.8,94.0,78.33,94.0,0.375,L,0
0022301094,1610612761,Toronto,Raptors,TOR,raptors,240:00,528.6,105.7,603.8,120.8,-75.2,-15.0,0.581,1.47,17.7,0.224,0.704,0.476,16.19,16.2,0.539,0.565,1.0,0.991,21.1,105.5,87.92,105.0,0.434,L,0
0022301094,1610612747,Los Angeles,Lakers,LAL,lakers,240:00,603.8,120.8,528.6,105.7,75.2,15.0,0.731,2.53,23.8,0.296,0.776,0.524,14.151,14.2,0.604,0.602,1.0,0.967,21.1,105.5,87.92,106.0,0.566,W,1
0022301096,1610612748,Miami,Heat,MIA,heat,240:00,586.0,117.2,538.0,107.6,48.0,9.6,0.667,1.33,18.8,0.289,0.795,0.561,19.355,19.4,0.601,0.655,1.0,0.962,18.5,92.5,77.08,93.0,0.54,W,1
0022301096,1610612752,New York,Knicks,NYK,knicks,240:00,538.0,107.6,586.0,117.2,-48.0,-9.6,0.714,1.79,19.8,0.205,0.711,0.439,15.217,15.2,0.539,0.581,1.0,0.99,18.5,92.5,77.08,92.0,0.46,L,0
0022301095,1610612764,Washington,Wizards,WAS,wizards,240:00,557.1,111.4,548.5,109.7,8.6,1.7,0.553,2.36,18.7,0.17,0.683,0.458,10.476,10.5,0.554,0.582,1.0,0.965,20.8,104.0,86.67,105.0,0.51,W,1
0022301095,1610612749,Milwaukee,Bucks,MIL,bucks,240:00,548.5,109.7,557.1,111.4,-8.6,-1.7,0.689,2.58,20.3,0.317,0.83,0.542,11.65,11.7,0.49,0.509,1.0,1.0,20.8,104.0,86.67,103.0,0.49,L,0
0022301098,1610612750,Minnesota,Timberwolves,MIN,timberwolves,240:00,594.7,118.9,552.1,110.4,42.7,8.5,0.707,1.61,21.6,0.263,0.655,0.495,18.947,18.9,0.604,0.652,1.0,0.981,19.1,95.5,79.58,95.0,0.608,W,1
0022301098,1610612745,Houston,Rockets,HOU,rockets,240:00,552.1,110.4,594.7,118.9,-42.7,-8.5,0.561,1.53,16.8,0.345,0.737,0.505,15.625,15.6,0.522,0.54,1.0,0.974,19.1,95.5,79.58,96.0,0.392,L,0
0022300589,1610612744,Golden State,Warriors,GSW,warriors,240:00,514.9,103.0,495.0,99.0,19.8,4.0,0.707,1.71,20.6,0.224,0.83,0.539,16.832,16.8,0.539,0.559,1.0,0.982,20.2,101.0,84.17,101.0,0.533,W,1
0022300589,1610612742,Dallas,Mavericks,DAL,mavericks,240:00,495.0,99.0,514.9,103.0,-19.8,-4.0,0.692,1.8,19.7,0.17,0.776,0.461,14.851,14.9,0.522,0.533,1.0,0.982,20.2,101.0,84.17,101.0,0.468,L,0
0022301099,1610612743,Denver,Nuggets,DEN,nuggets,240:00,550.0,110.0,519.8,104.0,30.2,6.0,0.651,3.5,19.9,0.228,0.672,0.468,8.0,8.0,0.495,0.524,1.0,0.991,20.1,100.5,83.75,100.0,0.528,W,1
0022301099,1610612759,San Antonio,Spurs,SAS,spurs,240:00,519.8,104.0,550.0,110.0,-30.2,-6.0,0.786,4.13,21.2,0.328,0.772,0.532,7.921,7.9,0.462,0.469,1.0,0.967,20.1,100.5,83.75,101.0,0.472,L,0
0022301093,1610612755,Philadelphia,76ers,PHI,sixers,240:00,556.1,111.2,530.3,106.1,25.8,5.2,0.75,1.5,19.9,0.25,0.698,0.495,18.367,18.4,0.551,0.612,1.0,0.972,19.7,98.5,82.08,98.0,0.505,W,1
0022301093,1610612760,Oklahoma City,Thunder,OKC,thunder,240:00,530.3,106.1,556.1,111.2,-25.8,-5.2,0.811,2.0,20.7,0.302,0.75,0.505,15.152,15.2,0.5,0.543,1.0,0.965,19.7,98.5,82.08,99.0,0.495,L,0
0022301087,1610612766,Charlotte,Hornets,CHA,hornets,240:00,553.2,110.6,634.4,126.9,-81.2,-16.2,0.683,4.0,21.5,0.176,0.708,0.434,7.447,7.4,0.522,0.543,1.0,0.98,18.7,93.5,77.92,94.0,0.447,L,0
0022301087,1610612738,Boston,Celtics,BOS,celtics,240:00,634.4,126.9,553.2,110.6,81.2,16.2,0.651,2.55,20.7,0.292,0.824,0.566,11.828,11.8,0.59,0.614,1.0,0.981,18.7,93.5,77.92,93.0,0.553,W,1
0022301092,1610612740,New Orleans,Pelicans,NOP,pelicans,240:00,590.4,118.1,659.6,131.9,-69.1,-13.8,0.69,3.22,21.0,0.288,0.565,0.418,9.574,9.6,0.534,0.557,1.0,0.982,18.8,94.0,78.33,94.0,0.456,L,0
0022301092,1610612756,Phoenix,Suns,PHX,suns,240:00,659.6,131.9,590.4,118.1,69.1,13.8,0.674,2.07,20.4,0.435,0.712,0.582,14.894,14.9,0.598,0.633,1.0,0.973,18.8,94.0,78.33,94.0,0.544,W,1
0022301089,1610612754,Indiana,Pacers,IND,pacers,240:00,645.6,129.1,544.1,108.8,101.5,20.3,0.66,3.5,22.4,0.365,0.725,0.544,9.709,9.7,0.578,0.602,1.0,0.967,20.5,102.5,85.42,103.0,0.616,W,1
0022301089,1610612751,Brooklyn,Nets,BKN,nets,240:00,544.1,108.8,645.6,129.1,-101.5,-20.3,0.488,1.33,14.7,0.275,0.635,0.456,14.706,14.7,0.529,0.559,1.0,0.983,20.5,102.5,85.42,102.0,0.384,L,0
0022301088,1610612765,Detroit,Pistons,DET,pistons,240:00,568.4,113.7,591.4,118.3,-23.0,-4.6,0.55,1.57,17.2,0.25,0.593,0.439,14.737,14.7,0.576,0.609,1.0,0.962,18.8,94.0,78.33,95.0,0.5,L,0
0022301088,1610612763,Memphis,Grizzlies,MEM,grizzlies,240:00,591.4,118.3,568.4,113.7,23.0,4.6,0.7,2.15,19.6,0.407,0.75,0.561,13.978,14.0,0.5,0.544,1.0,0.991,18.8,94.0,78.33,93.0,0.5,W,1
0022301091,1610612741,Chicago,Bulls,CHI,bulls,240:00,515.3,103.1,588.5,117.7,-73.2,-14.6,0.459,2.13,12.7,0.333,0.8,0.533,8.163,8.2,0.431,0.483,1.0,0.974,19.4,97.0,80.83,98.0,0.441,L,0
0022301091,1610612737,Atlanta,Hawks,ATL,hawks,240:00,588.5,117.7,515.3,103.1,73.2,14.6,0.707,1.93,21.6,0.2,0.667,0.467,15.625,15.6,0.616,0.628,1.0,0.99,19.4,97.0,80.83,96.0,0.559,W,1
0022301090,1610612753,Orlando,Magic,ORL,magic,240:00,547.4,109.5,536.5,107.3,10.9,2.2,0.722,1.63,19.8,0.227,0.706,0.484,16.842,16.8,0.546,0.592,1.0,0.981,19.1,95.5,79.58,95.0,0.504,W,1
0022301090,1610612757,Portland,Trail Blazers,POR,blazers,240:00,536.5,107.3,547.4,109.5,-10.9,-2.2,0.7,2.55,20.3,0.294,0.773,0.516,11.458,11.5,0.506,0.533,1.0,0.964,19.1,95.5,79.58,96.0,0.496,L,0
0022301081,1610612764,Washington,Wizards,WAS,wizards,240:00,514.4,102.9,577.7,115.5,-63.2,-12.6,0.675,1.69,18.8,0.265,0.837,0.533,15.385,15.4,0.517,0.55,1.0,0.966,20.7,103.5,86.25,104.0,0.429,L,0
0022301081,1610612748,Miami,Heat,MIA,heat,240:00,577.7,115.5,514.4,102.9,63.2,12.6,0.55,1.57,16.7,0.163,0.735,0.467,13.592,13.6,0.58,0.635,1.0,0.982,20.7,103.5,86.25,103.0,0.571,W,1
0022301079,1610612766,Charlotte,Hornets,CHA,hornets,240:00,627.7,125.5,698.9,139.8,-71.3,-14.3,0.727,3.56,23.5,0.239,0.765,0.463,9.574,9.6,0.631,0.636,1.0,0.981,18.7,93.5,77.92,94.0,0.418,L,0
0022301079,1610612746,LA,Clippers,LAC,clippers,240:00,698.9,139.8,627.7,125.5,71.3,14.3,0.651,2.8,21.7,0.235,0.761,0.538,10.753,10.8,0.667,0.723,1.0,0.97,18.7,93.5,77.92,93.0,0.582,W,1
0022301085,1610612759,San Antonio,Spurs,SAS,spurs,240:00,570.7,114.1,590.9,118.2,-20.2,-4.0,0.775,1.63,21.1,0.353,0.638,0.49,19.192,19.2,0.545,0.583,1.0,0.991,19.8,99.0,82.5,99.0,0.468,L,0
0022301085,1610612744,Golden State,Warriors,GSW,warriors,240:00,590.9,118.2,570.7,114.1,20.2,4.0,0.756,2.13,22.8,0.362,0.647,0.51,16.162,16.2,0.576,0.599,1.0,0.983,19.8,99.0,82.5,99.0,0.532,W,1
0022301078,1610612751,Brooklyn,Nets,BKN,nets,240:00,504.9,101.0,568.6,113.7,-63.8,-12.8,0.487,1.46,14.3,0.211,0.816,0.453,12.621,12.6,0.489,0.518,1.0,0.974,20.5,102.5,85.42,103.0,0.4,L,0
0022301078,1610612747,Los Angeles,Lakers,LAL,lakers,240:00,568.6,113.7,504.9,101.0,63.8,12.8,0.571,1.2,18.0,0.184,0.789,0.547,19.608,19.6,0.643,0.669,1.0,0.982,20.5,102.5,85.42,102.0,0.6,W,1
0022301086,1610612758,Sacramento,Kings,SAC,kings,240:00,675.5,135.1,569.9,114.0,105.6,21.1,0.756,2.27,23.4,0.429,0.7,0.576,15.957,16.0,0.655,0.675,1.0,0.982,18.7,93.5,77.92,94.0,0.617,W,1
0022301086,1610612762,Utah,Jazz,UTA,jazz,240:00,569.9,114.0,675.5,135.1,-105.6,-21.1,0.647,1.83,16.9,0.3,0.571,0.424,12.903,12.9,0.506,0.556,1.0,0.991,18.7,93.5,77.92,93.0,0.383,L,0
0022301080,1610612761,Toronto,Raptors,TOR,raptors,240:00,618.6,123.7,688.8,137.8,-70.2,-14.0,0.66,2.58,21.7,0.326,0.722,0.5,12.371,12.4,0.583,0.607,1.0,0.991,19.5,97.5,81.25,97.0,0.453,L,0
0022301080,1610612755,Philadelphia,76ers,PHI,sixers,240:00,688.8,137.8,618.6,123.7,70.2,14.0,0.571,1.75,20.6,0.278,0.674,0.5,16.327,16.3,0.735,0.75,1.0,0.972,19.5,97.5,81.25,98.0,0.547,W,1
0022301082,1610612752,New York,Knicks,NYK,knicks,240:00,577.3,115.5,582.5,116.5,-5.2,-1.0,0.632,2.18,17.0,0.379,0.727,0.529,11.34,11.3,0.484,0.524,1.0,0.991,19.4,97.0,80.83,97.0,0.46,L,0
0022301082,1610612760,Oklahoma City,Thunder,OKC,thunder,240:00,582.5,116.5,577.3,115.5,5.2,1.0,0.659,2.23,21.0,0.273,0.621,0.471,13.402,13.4,0.616,0.61,1.0,0.972,19.4,97.0,80.83,97.0,0.54,W,1
0022301083,1610612745,Houston,Rockets,HOU,rockets,240:00,551.5,110.3,637.8,127.6,-86.2,-17.2,0.564,1.83,16.3,0.296,0.688,0.48,12.371,12.4,0.495,0.533,1.0,0.973,19.5,97.5,81.25,97.0,0.436,L,0
0022301083,1610612742,Dallas,Mavericks,DAL,mavericks,240:00,637.8,127.6,551.5,110.3,86.2,17.2,0.5,1.71,17.5,0.313,0.704,0.52,14.286,14.3,0.645,0.645,1.0,0.965,19.5,97.5,81.25,98.0,0.564,W,1
0022301077,1610612743,Denver,Nuggets,DEN,nuggets,240:00,663.3,132.7,520.6,104.1,142.6,28.5,0.72,2.12,24.2,0.385,0.854,0.644,17.347,17.3,0.695,0.701,1.0,0.965,19.5,97.5,81.25,98.0,0.617,W,1
0022301077,1610612739,Cleveland,Cavaliers,CLE,cavaliers,240:00,520.6,104.1,663.3,132.7,-142.6,-28.5,0.684,1.73,20.0,0.146,0.615,0.356,15.464,15.5,0.512,0.553,1.0,1.0,19.5,97.5,81.25,97.0,0.383,L,0
0022301084,1610612750,Minnesota,Timberwolves,MIN,timberwolves,240:00,531.6,106.3,586.0,117.2,-54.4,-10.9,0.737,2.0,20.9,0.234,0.769,0.477,14.737,14.7,0.537,0.56,1.0,0.953,18.8,94.0,78.33,95.0,0.472,L,0
0022301084,1610612741,Chicago,Bulls,CHI,bulls,240:00,586.0,117.2,531.6,106.3,54.4,10.9,0.714,1.88,22.7,0.231,0.766,0.523,17.204,17.2,0.631,0.639,1.0,0.99,18.8,94.0,78.33,93.0,0.528,W,1
0022301074,1610612740,New Orleans,Pelicans,NOP,pelicans,240:00,500.0,100.0,559.1,111.8,-59.1,-11.8,0.647,2.44,17.6,0.193,0.744,0.43,9.783,9.8,0.471,0.49,1.0,0.99,18.5,92.5,77.08,92.0,0.405,L,0
0022301074,1610612738,Boston,Celtics,BOS,celtics,240:00,559.1,111.8,500.0,100.0,59.1,11.8,0.692,2.08,20.6,0.256,0.807,0.57,13.978,14.0,0.567,0.596,1.0,0.962,18.5,92.5,77.08,93.0,0.595,W,1
0022301075,1610612753,Orlando,Magic,ORL,magic,240:00,590.0,118.0,435.6,87.1,154.4,30.9,0.737,1.65,20.7,0.171,0.737,0.5,17.0,17.0,0.628,0.67,1.0,0.972,20.1,100.5,83.75,100.0,0.636,W,1
0022301075,1610612763,Memphis,Grizzlies,MEM,grizzlies,240:00,435.6,87.1,590.0,118.0,-154.4,-30.9,0.806,1.32,17.9,0.263,0.829,0.5,18.812,18.8,0.43,0.471,1.0,0.983,20.1,100.5,83.75,101.0,0.364,L,0
0022301076,1610612737,Atlanta,Hawks,ATL,hawks,240:00,570.7,114.1,622.4,124.5,-51.7,-10.3,0.571,2.18,17.5,0.275,0.795,0.5,11.111,11.1,0.533,0.565,1.0,0.973,19.7,98.5,82.08,99.0,0.416,L,0
0022301076,1610612749,Milwaukee,Bucks,MIL,bucks,240:00,622.4,124.5,570.7,114.1,51.7,10.3,0.628,2.25,20.3,0.205,0.725,0.5,12.245,12.2,0.603,0.653,1.0,0.972,19.7,98.5,82.08,98.0,0.584,W,1
0022301064,1610612753,Orlando,Magic,ORL,magic,240:00,516.0,103.2,537.6,107.5,-21.7,-4.3,0.526,1.18,15.3,0.388,0.644,0.511,18.085,18.1,0.5,0.524,1.0,0.955,18.7,93.5,77.92,94.0,0.487,L,0
0022301064,1610612746,LA,Clippers,LAC,clippers,240:00,537.6,107.5,516.0,103.2,21.7,4.3,0.463,1.12,14.8,0.356,0.612,0.489,18.28,18.3,0.529,0.554,1.0,0.972,18.7,93.5,77.92,93.0,0.513,W,1
0022301073,1610612758,Sacramento,Kings,SAC,kings,240:00,547.9,109.6,569.1,113.8,-21.3,-4.3,0.6,2.18,18.0,0.278,0.848,0.54,11.702,11.7,0.516,0.529,1.0,0.972,18.8,94.0,78.33,94.0,0.455,L,0
0022301073,1610612742,Dallas,Mavericks,DAL,mavericks,240:00,569.1,113.8,547.9,109.6,21.3,4.3,0.686,2.4,19.2,0.152,0.722,0.46,10.638,10.6,0.574,0.604,1.0,0.98,18.8,94.0,78.33,94.0,0.545,W,1
0022301067,1610612739,Cleveland,Cavaliers,CLE,cavaliers,240:00,642.9,128.6,619.6,123.9,23.3,4.7,0.756,2.43,25.2,0.263,0.623,0.473,15.385,15.4,0.646,0.667,1.0,0.98,18.3,91.5,76.25,91.0,0.544,W,1
0022301067,1610612755,Philadelphia,76ers,PHI,sixers,240:00,619.6,123.9,642.9,128.6,-23.3,-4.7,0.667,3.11,20.3,0.377,0.737,0.527,9.783,9.8,0.532,0.562,1.0,0.991,18.3,91.5,76.25,92.0,0.456,L,0
0022301072,1610612762,Utah,Jazz,UTA,jazz,240:00,531.9,106.4,526.0,105.2,5.9,1.2,0.622,1.1,17.6,0.318,0.651,0.514,22.34,22.3,0.513,0.566,1.0,0.991,19.0,95.0,79.17,94.0,0.538,L,0
0022301072,1610612745,Houston,Rockets,HOU,rockets,240:00,526.0,105.2,531.9,106.4,-5.9,-1.2,0.543,1.9,13.9,0.349,0.682,0.486,10.417,10.4,0.456,0.489,1.0,0.966,19.0,95.0,79.17,96.0,0.462,W,1
0022301065,1610612764,Washington,Wizards,WAS,wizards,240:00,430.7,86.1,475.2,95.0,-44.6,-8.9,0.611,1.16,16.3,0.231,0.792,0.514,18.812,18.8,0.46,0.475,1.0,0.973,20.2,101.0,84.17,101.0,0.439,L,0
0022301065,1610612765,Detroit,Pistons,DET,pistons,240:00,475.2,95.0,430.7,86.1,44.6,8.9,0.514,1.46,14.5,0.208,0.769,0.486,12.871,12.9,0.449,0.491,1.0,0.982,20.2,101.0,84.17,101.0,0.561,W,1
0022301063,1610612754,Indiana,Pacers,IND,pacers,240:00,545.0,109.0,454.5,90.9,90.5,18.1,0.628,2.7,20.1,0.17,0.788,0.495,10.0,10.0,0.539,0.573,1.0,0.963,19.9,99.5,82.92,100.0,0.606,W,1
0022301063,1610612747,Los Angeles,Lakers,LAL,lakers,240:00,454.5,90.9,545.0,109.0,-90.5,-18.1,0.686,1.5,17.9,0.212,0.83,0.505,16.162,16.2,0.436,0.479,1.0,0.991,19.9,99.5,82.92,99.0,0.394,L,0
0022301068,1610612748,Miami,Heat,MIA,heat,240:00,689.3,137.9,402.0,80.4,287.4,57.5,0.759,4.56,27.0,0.195,0.745,0.51,8.738,8.7,0.701,0.711,1.0,0.964,20.5,102.5,85.42,103.0,0.795,W,1
0022301068,1610612757,Portland,Trail Blazers,POR,blazers,240:00,402.0,80.4,689.3,137.9,-287.4,-57.5,0.571,0.83,14.8,0.255,0.805,0.49,23.529,23.5,0.431,0.446,1.0,0.991,20.5,102.5,85.42,102.0,0.205,L,0
0022301071,1610612743,Denver,Nuggets,DEN,nuggets,240:00,510.4,102.1,584.2,116.8,-73.8,-14.8,0.829,2.23,20.0,0.377,0.85,0.581,13.542,13.5,0.443,0.491,1.0,0.966,19.1,95.5,79.58,96.0,0.412,L,0
0022301071,1610612750,Minnesota,Timberwolves,MIN,timberwolves,240:00,584.2,116.8,510.4,102.1,73.8,14.8,0.737,3.11,21.7,0.15,0.623,0.419,9.474,9.5,0.574,0.615,1.0,0.97,19.1,95.5,79.58,95.0,0.588,W,1
0022301062,1610612766,Charlotte,Hornets,CHA,hornets,240:00,505.2,101.0,605.3,121.1,-100.1,-20.0,0.676,2.09,17.6,0.241,0.738,0.458,11.458,11.5,0.476,0.513,1.0,0.981,19.1,95.5,79.58,96.0,0.387,L,0
0022301062,1610612744,Golden State,Warriors,GSW,warriors,240:00,605.3,121.1,505.2,101.0,100.1,20.0,0.729,2.69,24.8,0.262,0.759,0.542,13.684,13.7,0.601,0.619,1.0,0.981,19.1,95.5,79.58,95.0,0.613,W,1
0022301070,1610612759,San Antonio,Spurs,SAS,spurs,265:00,613.2,122.6,588.8,117.8,24.4,4.9,0.773,2.27,22.8,0.214,0.65,0.471,14.151,14.2,0.634,0.677,1.0,0.983,19.29,96.45,80.38,106.0,0.564,W,1
0022301070,1610612752,New York,Knicks,NYK,knicks,265:00,588.8,117.8,613.2,122.6,-24.4,-4.9,0.471,2.0,15.9,0.35,0.786,0.529,11.215,11.2,0.527,0.546,1.0,0.984,19.29,96.45,80.38,107.0,0.436,L,0
0022301069,1610612760,Oklahoma City,Thunder,OKC,thunder,240:00,666.7,133.3,536.5,107.3,130.2,26.0,0.673,3.0,23.6,0.289,0.72,0.534,11.458,11.5,0.655,0.687,1.0,0.972,19.2,96.0,80.0,96.0,0.614,W,1
0022301069,1610612756,Phoenix,Suns,PHX,suns,240:00,536.5,107.3,666.7,133.3,-130.2,-26.0,0.667,1.86,19.1,0.28,0.711,0.466,14.583,14.6,0.523,0.55,1.0,0.973,19.2,96.0,80.0,96.0,0.386,L,0
0022301066,1610612751,Brooklyn,Nets,BKN,nets,240:00,664.9,133.0,568.4,113.7,96.5,19.3,0.605,3.71,19.4,0.264,0.775,0.484,7.447,7.4,0.61,0.621,1.0,0.981,18.9,94.5,78.75,94.0,0.518,W,1
0022301066,1610612741,Chicago,Bulls,CHI,bulls,240:00,568.4,113.7,664.9,133.0,-96.5,-19.3,0.632,1.85,18.9,0.225,0.736,0.516,13.684,13.7,0.567,0.615,1.0,0.981,18.9,94.5,78.75,95.0,0.482,L,0
0022301061,1610612740,New Orleans,Pelicans,NOP,pelicans,240:00,540.4,108.1,515.5,103.1,24.9,5.0,0.611,3.14,16.2,0.267,0.854,0.528,7.071,7.1,0.44,0.505,1.0,0.974,19.6,98.0,81.67,99.0,0.562,W,1
0022301061,1610612749,Milwaukee,Bucks,MIL,bucks,240:00,515.5,103.1,540.4,108.1,-24.9,-5.0,0.553,1.5,16.8,0.146,0.733,0.472,14.433,14.4,0.549,0.553,1.0,1.0,19.6,98.0,81.67,97.0,0.438,L,0
0022301060,1610612737,Atlanta,Hawks,ATL,hawks,265:00,597.1,119.4,598.0,119.6,-1.0,-0.2,0.471,2.18,16.3,0.357,0.76,0.547,10.68,10.7,0.563,0.567,1.0,0.967,18.57,92.83,77.36,103.0,0.488,W,1
0022301060,1610612738,Boston,Celtics,BOS,celtics,265:00,598.0,119.6,597.1,119.4,1.0,0.2,0.622,2.33,19.7,0.24,0.643,0.453,11.765,11.8,0.553,0.591,1.0,0.982,18.57,92.83,77.36,102.0,0.512,L,0
0022301052,1610612755,Philadelphia,76ers,PHI,sixers,240:00,569.1,113.8,580.6,116.1,-11.5,-2.3,0.436,1.42,13.9,0.25,0.759,0.531,12.766,12.8,0.555,0.592,1.0,0.981,18.7,93.5,77.92,94.0,0.496,L,0
0022301052,1610612746,LA,Clippers,LAC,clippers,240:00,580.6,116.1,569.1,113.8,11.5,2.3,0.7,3.5,20.9,0.241,0.75,0.469,8.602,8.6,0.522,0.547,1.0,0.972,18.7,93.5,77.92,93.0,0.504,W,1
0022301055,1610612763,Memphis,Grizzlies,MEM,grizzlies,240:00,579.4,115.9,641.5,128.3,-62.1,-12.4,0.652,2.14,20.0,0.245,0.775,0.473,13.084,13.1,0.562,0.588,1.0,0.975,21.3,106.5,88.75,107.0,0.436,L,0
0022301055,1610612747,Los Angeles,Lakers,LAL,lakers,240:00,641.5,128.3,579.4,115.9,62.1,12.4,0.689,1.94,21.2,0.225,0.755,0.527,15.094,15.1,0.667,0.705,1.0,0.974,21.3,106.5,88.75,106.0,0.564,W,1
0022301056,1610612750,Minnesota,Timberwolves,MIN,timberwolves,240:00,582.4,116.5,494.6,98.9,87.9,17.6,0.667,2.33,21.7,0.233,0.686,0.479,13.187,13.2,0.579,0.595,1.0,0.99,18.3,91.5,76.25,91.0,0.598,W,1
0022301056,1610612765,Detroit,Pistons,DET,pistons,240:00,494.6,98.9,582.4,116.5,-87.9,-17.6,0.484,1.25,12.2,0.314,0.767,0.521,13.043,13.0,0.438,0.495,1.0,0.972,18.3,91.5,76.25,92.0,0.402,L,0
0022301051,1610612737,Atlanta,Hawks,ATL,hawks,240:00,600.0,120.0,535.4,107.1,64.6,12.9,0.523,1.35,17.0,0.279,0.778,0.534,17.0,17.0,0.612,0.64,1.0,0.964,19.9,99.5,82.92,100.0,0.548,W,1
0022301051,1610612757,Portland,Trail Blazers,POR,blazers,240:00,535.4,107.1,600.0,120.0,-64.6,-12.9,0.814,1.84,24.3,0.222,0.721,0.466,19.192,19.2,0.588,0.593,1.0,0.982,19.9,99.5,82.92,99.0,0.452,L,0
0022301050,1610612764,Washington,Wizards,WAS,wizards,265:00,566.7,113.3,581.0,116.2,-14.3,-2.9,0.565,1.86,18.3,0.229,0.778,0.52,13.333,13.3,0.582,0.604,1.0,0.966,19.02,95.09,79.25,105.0,0.478,L,0
0022301050,1610612751,Brooklyn,Nets,BKN,nets,265:00,581.0,116.2,566.7,113.3,14.3,2.9,0.511,3.0,17.0,0.222,0.771,0.48,7.619,7.6,0.531,0.564,1.0,0.983,19.02,95.09,79.25,105.0,0.522,W,1
0022301048,1610612766,Charlotte,Hornets,CHA,hornets,240:00,634.4,126.9,596.8,119.4,37.6,7.5,0.682,1.88,22.6,0.314,0.689,0.525,17.204,17.2,0.664,0.689,1.0,0.981,18.6,93.0,77.5,93.0,0.569,W,1
0022301048,1610612739,Cleveland,Cavaliers,CLE,cavaliers,240:00,596.8,119.4,634.4,126.9,-37.6,-7.5,0.786,2.2,23.7,0.311,0.686,0.475,16.129,16.1,0.606,0.609,1.0,0.972,18.6,93.0,77.5,93.0,0.431,L,0
0022301054,1610612741,Chicago,Bulls,CHI,bulls,240:00,644.3,128.9,515.6,103.1,128.7,25.7,0.571,3.5,19.6,0.388,0.778,0.592,8.247,8.2,0.561,0.59,1.0,0.974,19.3,96.5,80.42,97.0,0.649,W,1
0022301054,1610612754,Indiana,Pacers,IND,pacers,240:00,515.6,103.1,644.3,128.9,-128.7,-25.7,0.735,1.92,18.8,0.222,0.612,0.408,13.542,13.5,0.476,0.52,1.0,0.991,19.3,96.5,80.42,96.0,0.351,L,0
0022301049,1610612753,Orlando,Magic,ORL,magic,240:00,505.4,101.1,537.2,107.4,-31.8,-6.4,0.694,2.27,19.4,0.222,0.64,0.423,11.957,12.0,0.482,0.493,1.0,0.99,18.6,93.0,77.5,92.0,0.455,L,0
0022301049,1610612744,Golden State,Warriors,GSW,warriors,240:00,537.2,107.4,505.4,101.1,31.8,6.4,0.65,2.0,19.0,0.36,0.778,0.577,13.83,13.8,0.5,0.528,1.0,0.964,18.6,93.0,77.5,94.0,0.545,W,1
0022301057,1610612760,Oklahoma City,Thunder,OKC,thunder,265:00,562.5,112.5,584.1,116.8,-21.6,-4.3,0.553,1.37,17.0,0.288,0.69,0.5,16.964,17.0,0.563,0.591,1.0,0.984,20.38,101.89,84.91,112.0,0.492,L,0
0022301057,1610612745,Houston,Rockets,HOU,rockets,265:00,584.1,116.8,562.5,112.5,21.6,4.3,0.5,1.56,16.0,0.31,0.712,0.5,14.159,14.2,0.553,0.578,1.0,0.985,20.38,101.89,84.91,113.0,0.508,W,1
0022301059,1610612743,Denver,Nuggets,DEN,nuggets,240:00,533.0,106.6,565.2,113.0,-32.3,-6.5,0.632,3.0,19.0,0.216,0.682,0.432,8.791,8.8,0.489,0.52,1.0,0.99,18.3,91.5,76.25,91.0,0.461,L,0
0022301059,1610612756,Phoenix,Suns,PHX,suns,240:00,565.2,113.0,533.0,106.6,32.3,6.5,0.744,1.71,21.5,0.318,0.784,0.568,18.478,18.5,0.566,0.592,1.0,0.972,18.3,91.5,76.25,92.0,0.539,W,1
0022301058,1610612762,Utah,Jazz,UTA,jazz,240:00,518.7,103.7,551.4,110.3,-32.7,-6.5,0.641,1.14,17.6,0.244,0.727,0.483,20.561,20.6,0.548,0.599,1.0,0.983,21.4,107.0,89.17,107.0,0.45,L,0
0022301058,1610612759,San Antonio,Spurs,SAS,spurs,240:00,551.4,110.3,518.7,103.7,32.7,6.5,0.909,1.9,25.3,0.273,0.756,0.517,19.626,19.6,0.605,0.619,1.0,0.992,21.4,107.0,89.17,107.0,0.55,W,1
0022301053,1610612761,Toronto,Raptors,TOR,raptors,240:00,543.0,108.6,779.6,155.9,-236.6,-47.3,0.795,1.72,22.3,0.333,0.5,0.412,19.355,19.4,0.53,0.563,1.0,0.991,18.6,93.0,77.5,93.0,0.344,L,0
0022301053,1610612752,New York,Knicks,NYK,knicks,240:00,779.6,155.9,543.0,108.6,236.6,47.3,0.673,3.36,24.7,0.5,0.667,0.588,11.828,11.8,0.702,0.718,1.0,0.982,18.6,93.0,77.5,93.0,0.656,W,1
0022301044,1610612748,Miami,Heat,MIA,heat,240:00,494.6,98.9,607.5,121.5,-112.9,-22.6,0.649,2.67,18.0,0.291,0.756,0.49,9.677,9.7,0.446,0.471,1.0,0.972,18.6,93.0,77.5,93.0,0.396,L,0
0022301044,1610612744,Golden State,Warriors,GSW,warriors,240:00,607.5,121.5,494.6,98.9,112.9,22.6,0.66,2.58,23.1,0.244,0.709,0.51,12.903,12.9,0.629,0.632,1.0,0.961,18.6,93.0,77.5,93.0,0.604,W,1
0022301046,1610612740,New Orleans,Pelicans,NOP,pelicans,240:00,565.7,113.1,595.0,119.0,-29.3,-5.9,0.667,2.6,19.5,0.167,0.825,0.466,10.101,10.1,0.535,0.583,1.0,0.981,19.9,99.5,82.92,99.0,0.453,L,0
0022301046,1610612760,Oklahoma City,Thunder,OKC,thunder,240:00,595.0,119.0,565.7,113.1,29.3,5.9,0.609,2.33,20.7,0.175,0.833,0.534,12.0,12.0,0.622,0.646,1.0,0.972,19.9,99.5,82.92,100.0,0.547,W,1
0022301047,1610612758,Sacramento,Kings,SAC,kings,240:00,475.2,95.0,647.1,129.4,-171.8,-34.4,0.771,1.93,19.1,0.224,0.833,0.48,13.861,13.9,0.45,0.488,1.0,0.982,20.3,101.5,84.58,101.0,0.346,L,0
0022301047,1610612742,Dallas,Mavericks,DAL,mavericks,240:00,647.1,129.4,475.2,95.0,171.8,34.4,0.667,3.78,23.8,0.167,0.776,0.52,8.824,8.8,0.674,0.675,1.0,0.972,20.3,101.5,84.58,102.0,0.654,W,1
0022301045,1610612749,Milwaukee,Bucks,MIL,bucks,290:00,500.0,100.0,520.3,104.1,-20.3,-4.1,0.755,2.64,20.6,0.257,0.701,0.468,11.29,11.3,0.475,0.49,1.0,0.979,20.44,102.21,85.17,124.0,0.459,L,0
0022301045,1610612747,Los Angeles,Lakers,LAL,lakers,290:00,520.3,104.1,500.0,100.0,20.3,4.1,0.714,1.76,17.4,0.299,0.743,0.532,13.821,13.8,0.454,0.524,1.0,0.986,20.44,102.21,85.17,123.0,0.541,W,1
0022301043,1610612746,LA,Clippers,LAC,clippers,240:00,610.5,122.1,707.4,141.5,-96.9,-19.4,0.565,2.6,19.4,0.31,0.725,0.512,10.526,10.5,0.576,0.613,1.0,0.954,18.9,94.5,78.75,95.0,0.452,L,0
0022301043,1610612754,Indiana,Pacers,IND,pacers,240:00,707.4,141.5,610.5,122.1,96.9,19.4,0.56,3.5,21.1,0.275,0.69,0.488,8.511,8.5,0.68,0.695,1.0,0.99,18.9,94.5,78.75,94.0,0.548,W,1
0022301037,1610612741,Chicago,Bulls,CHI,bulls,240:00,525.0,105.0,540.4,108.1,-15.4,-3.1,0.75,2.25,19.3,0.278,0.667,0.482,12.0,12.0,0.471,0.529,1.0,0.982,19.9,99.5,82.92,100.0,0.515,L,0
0022301037,1610612764,Washington,Wizards,WAS,wizards,240:00,540.4,108.1,525.0,105.0,15.4,3.1,0.821,2.29,21.2,0.333,0.722,0.518,14.141,14.1,0.474,0.51,1.0,0.983,19.9,99.5,82.92,99.0,0.485,W,1
0022301040,1610612743,Denver,Nuggets,DEN,nuggets,240:00,646.5,129.3,520.2,104.0,126.3,25.3,0.792,2.38,24.7,0.395,0.613,0.524,16.162,16.2,0.617,0.654,1.0,0.974,19.8,99.0,82.5,99.0,0.651,W,1
0022301040,1610612763,Memphis,Grizzlies,MEM,grizzlies,240:00,520.2,104.0,646.5,129.3,-126.3,-25.3,0.676,1.47,16.9,0.387,0.605,0.476,17.172,17.2,0.452,0.486,1.0,0.959,19.8,99.0,82.5,99.0,0.349,L,0
0022301036,1610612761,Toronto,Raptors,TOR,raptors,240:00,483.5,96.7,527.5,105.5,-44.0,-8.8,0.622,2.3,18.4,0.224,0.565,0.389,10.989,11.0,0.465,0.487,1.0,0.98,18.2,91.0,75.83,91.0,0.48,L,0
0022301036,1610612751,Brooklyn,Nets,BKN,nets,240:00,527.5,105.5,483.5,96.7,44.0,8.8,0.541,1.0,15.3,0.435,0.776,0.611,21.978,22.0,0.512,0.54,1.0,0.964,18.2,91.0,75.83,91.0,0.52,W,1
0022301041,1610612762,Utah,Jazz,UTA,jazz,240:00,546.9,109.4,592.8,118.6,-45.9,-9.2,0.757,2.15,20.6,0.25,0.776,0.505,13.542,13.5,0.5,0.543,1.0,0.991,19.3,96.5,80.42,96.0,0.439,L,0
0022301041,1610612742,Dallas,Mavericks,DAL,mavericks,240:00,592.8,118.6,546.9,109.4,45.9,9.2,0.705,5.17,22.3,0.224,0.75,0.495,6.186,6.2,0.543,0.575,1.0,0.981,19.3,96.5,80.42,97.0,0.561,W,1
0022301035,1610612752,New York,Knicks,NYK,knicks,240:00,620.0,124.0,490.1,98.0,129.9,26.0,0.667,2.14,20.8,0.292,0.778,0.549,14.0,14.0,0.612,0.628,1.0,0.982,20.1,100.5,83.75,100.0,0.624,W,1
0022301035,1610612765,Detroit,Pistons,DET,pistons,240:00,490.1,98.0,620.0,124.0,-129.9,-26.0,0.647,1.83,16.3,0.222,0.708,0.451,11.881,11.9,0.443,0.507,1.0,0.973,20.1,100.5,83.75,101.0,0.376,L,0
0022301033,1610612739,Cleveland,Cavaliers,CLE,cavaliers,240:00,631.9,126.4,494.6,98.9,137.2,27.4,0.891,2.93,28.3,0.31,0.809,0.573,15.385,15.4,0.634,0.636,1.0,0.971,18.4,92.0,76.67,91.0,0.63,W,1
0022301033,1610612766,Charlotte,Hornets,CHA,hornets,240:00,494.6,98.9,631.9,126.4,-137.2,-27.4,0.647,1.83,17.9,0.191,0.69,0.427,12.903,12.9,0.481,0.523,1.0,0.96,18.4,92.0,76.67,93.0,0.37,L,0
0022301042,1610612758,Sacramento,Kings,SAC,kings,240:00,606.7,121.3,539.3,107.9,67.4,13.5,0.658,3.13,18.7,0.377,0.625,0.495,8.989,9.0,0.5,0.549,1.0,0.963,17.8,89.0,74.17,89.0,0.592,W,1
0022301042,1610612755,Philadelphia,76ers,PHI,sixers,240:00,539.3,107.9,606.7,121.3,-67.4,-13.5,0.529,1.2,14.4,0.375,0.623,0.505,16.854,16.9,0.482,0.529,1.0,0.981,17.8,89.0,74.17,89.0,0.408,L,0
0022301039,1610612759,San Antonio,Spurs,SAS,spurs,240:00,525.3,105.1,520.4,104.1,4.8,1.0,0.575,3.29,17.6,0.185,0.841,0.48,7.071,7.1,0.484,0.523,1.0,0.981,19.7,98.5,82.08,99.0,0.481,W,1
0022301039,1610612756,Phoenix,Suns,PHX,suns,240:00,520.4,104.1,525.3,105.1,-4.8,-1.0,0.667,1.87,21.2,0.159,0.815,0.52,15.306,15.3,0.566,0.572,1.0,0.99,19.7,98.5,82.08,98.0,0.519,L,0
0022301038,1610612745,Houston,Rockets,HOU,rockets,240:00,561.2,112.2,464.6,92.9,96.6,19.3,0.514,2.11,14.4,0.286,0.717,0.495,9.184,9.2,0.462,0.529,1.0,0.991,19.7,98.5,82.08,98.0,0.623,W,1
0022301038,1610612757,Portland,Trail Blazers,POR,blazers,240:00,464.6,92.9,561.2,112.2,-96.6,-19.3,0.389,0.82,11.1,0.283,0.714,0.505,17.172,17.2,0.454,0.491,1.0,0.982,19.7,98.5,82.08,99.0,0.377,L,0
0022301034,1610612737,Atlanta,Hawks,ATL,hawks,240:00,631.6,126.3,627.7,125.5,3.9,0.8,0.652,2.31,21.3,0.364,0.647,0.516,13.684,13.7,0.632,0.635,1.0,0.973,18.9,94.5,78.75,95.0,0.525,W,1
0022301034,1610612738,Boston,Celtics,BOS,celtics,240:00,627.7,125.5,631.6,126.3,-3.9,-0.8,0.447,2.33,15.8,0.353,0.636,0.484,9.574,9.6,0.553,0.571,1.0,0.973,18.9,94.5,78.75,94.0,0.475,L,0
0022301029,1610612748,Miami,Heat,MIA,heat,240:00,643.6,128.7,442.1,88.4,201.5,40.3,0.674,2.42,21.3,0.325,0.86,0.602,12.766,12.8,0.608,0.65,1.0,0.963,18.9,94.5,78.75,94.0,0.683,W,1
0022301029,1610612739,Cleveland,Cavaliers,CLE,cavaliers,240:00,442.1,88.4,643.6,128.7,-201.5,-40.3,0.8,1.41,19.2,0.14,0.675,0.398,17.895,17.9,0.479,0.52,1.0,0.97,18.9,94.5,78.75,95.0,0.317,L,0
0022301031,1610612750,Minnesota,Timberwolves,MIN,timberwolves,240:00,564.4,112.9,544.6,108.9,19.8,4.0,0.75,1.88,21.4,0.191,0.776,0.49,15.842,15.8,0.601,0.62,1.0,0.973,20.2,101.0,84.17,101.0,0.545,W,1
0022301031,1610612744,Golden State,Warriors,GSW,warriors,240:00,544.6,108.9,564.4,112.9,-19.8,-4.0,0.605,1.77,17.2,0.224,0.809,0.51,12.871,12.9,0.529,0.57,1.0,0.982,20.2,101.0,84.17,101.0,0.455,L,0
0022301028,1610612746,LA,Clippers,LAC,clippers,240:00,594.4,118.9,664.8,133.0,-70.4,-14.1,0.675,1.93,20.5,0.341,0.674,0.506,15.556,15.6,0.542,0.588,1.0,0.981,18.1,90.5,75.42,90.0,0.451,L,0
0022301028,1610612755,Philadelphia,76ers,PHI,sixers,240:00,664.8,133.0,594.4,118.9,70.4,14.1,0.667,4.0,23.4,0.326,0.659,0.494,8.791,8.8,0.633,0.644,1.0,0.971,18.1,90.5,75.42,91.0,0.549,W,1
0022301032,1610612747,Los Angeles,Lakers,LAL,lakers,240:00,688.1,137.6,665.1,133.0,22.9,4.6,0.56,2.8,19.0,0.244,0.673,0.484,9.174,9.2,0.629,0.695,1.0,0.983,21.8,109.0,90.83,109.0,0.546,W,1
0022301032,1610612754,Indiana,Pacers,IND,pacers,240:00,665.1,133.0,688.1,137.6,-22.9,-4.6,0.661,3.55,23.6,0.327,0.756,0.516,10.092,10.1,0.636,0.636,1.0,0.984,21.8,109.0,90.83,109.0,0.454,L,0
0022301027,1610612765,Detroit,Pistons,DET,pistons,240:00,515.3,103.1,587.6,117.5,-72.3,-14.5,0.625,1.18,15.3,0.26,0.804,0.521,17.347,17.3,0.475,0.543,1.0,0.964,19.5,97.5,81.25,98.0,0.404,L,0
0022301027,1610612740,New Orleans,Pelicans,NOP,pelicans,240:00,587.6,117.5,515.3,103.1,72.3,14.5,0.659,2.7,20.5,0.196,0.74,0.479,10.309,10.3,0.574,0.602,1.0,1.0,19.5,97.5,81.25,97.0,0.596,W,1
0022301030,1610612749,Milwaukee,Bucks,MIL,bucks,240:00,608.2,121.6,465.0,93.0,143.2,28.6,0.673,1.94,22.6,0.356,0.741,0.573,17.526,17.5,0.592,0.601,1.0,1.0,19.7,98.5,82.08,97.0,0.654,W,1
0022301030,1610612760,Oklahoma City,Thunder,OKC,thunder,240:00,465.0,93.0,608.2,121.6,-143.2,-28.6,0.606,1.67,15.0,0.259,0.644,0.427,12.0,12.0,0.427,0.471,1.0,0.973,19.7,98.5,82.08,100.0,0.346,L,0
0022301019,1610612752,New York,Knicks,NYK,knicks,240:00,570.7,114.1,516.7,103.3,54.0,10.8,0.595,2.5,17.9,0.383,0.814,0.563,10.87,10.9,0.51,0.513,1.0,0.957,18.2,91.0,75.83,92.0,0.514,W,1
0022301019,1610612751,Brooklyn,Nets,BKN,nets,240:00,516.7,103.3,570.7,114.1,-54.0,-10.8,0.765,1.73,21.0,0.186,0.617,0.437,16.667,16.7,0.526,0.563,1.0,1.0,18.2,91.0,75.83,90.0,0.486,L,0
0022301022,1610612764,Washington,Wizards,WAS,wizards,240:00,560.0,112.0,534.3,106.9,25.7,5.1,0.636,1.56,19.2,0.367,0.702,0.547,18.0,18.0,0.538,0.558,1.0,0.992,20.2,101.0,84.17,100.0,0.537,W,1
0022301022,1610612761,Toronto,Raptors,TOR,raptors,240:00,534.3,106.9,560.0,112.0,-25.7,-5.1,0.675,2.25,18.6,0.298,0.633,0.453,11.765,11.8,0.468,0.517,1.0,0.975,20.2,101.0,84.17,102.0,0.463,L,0
0022301026,1610612757,Portland,Trail Blazers,POR,blazers,240:00,566.3,113.3,575.8,115.2,-9.4,-1.9,0.628,1.69,18.8,0.365,0.571,0.472,16.327,16.3,0.516,0.552,1.0,0.983,19.7,98.5,82.08,98.0,0.487,L,0
0022301026,1610612743,Denver,Nuggets,DEN,nuggets,240:00,575.8,115.2,566.3,113.3,9.4,1.9,0.61,1.79,16.9,0.429,0.635,0.528,14.141,14.1,0.495,0.54,1.0,0.967,19.7,98.5,82.08,99.0,0.513,W,1
0022301025,1610612759,San Antonio,Spurs,SAS,spurs,240:00,535.4,107.1,661.6,132.3,-126.3,-25.3,0.675,1.8,19.6,0.267,0.718,0.476,15.152,15.2,0.524,0.562,1.0,0.982,19.8,99.0,82.5,99.0,0.398,L,0
0022301025,1610612756,Phoenix,Suns,PHX,suns,240:00,661.6,132.3,535.4,107.1,126.3,25.3,0.679,3.8,25.7,0.282,0.733,0.524,10.101,10.1,0.654,0.666,1.0,0.964,19.8,99.0,82.5,99.0,0.602,W,1
0022301024,1610612745,Houston,Rockets,HOU,rockets,240:00,735.0,147.0,595.0,119.0,140.0,28.0,0.574,3.44,21.4,0.318,0.667,0.505,9.0,9.0,0.696,0.712,1.0,0.982,20.0,100.0,83.33,100.0,0.577,W,1
0022301024,1610612762,Utah,Jazz,UTA,jazz,240:00,595.0,119.0,735.0,147.0,-140.0,-28.0,0.6,2.4,17.0,0.333,0.682,0.495,10.0,10.0,0.511,0.575,1.0,0.974,20.0,100.0,83.33,100.0,0.423,L,0
0022301021,1610612737,Atlanta,Hawks,ATL,hawks,240:00,717.4,143.5,489.2,97.8,228.1,45.6,0.8,4.44,27.6,0.31,0.706,0.527,9.783,9.8,0.667,0.686,1.0,0.981,18.5,92.5,77.08,92.0,0.668,W,1
0022301021,1610612766,Charlotte,Hornets,CHA,hornets,240:00,489.2,97.8,717.4,143.5,-228.1,-45.6,0.714,1.67,18.8,0.294,0.69,0.473,16.129,16.1,0.482,0.505,1.0,0.954,18.5,92.5,77.08,93.0,0.332,L,0
0022301020,1610612753,Orlando,Magic,ORL,magic,240:00,563.2,112.6,573.7,114.7,-10.5,-2.1,0.643,2.08,20.1,0.26,0.8,0.53,13.684,13.7,0.534,0.558,1.0,1.0,19.0,95.0,79.17,95.0,0.488,L,0
0022301020,1610612758,Sacramento,Kings,SAC,kings,240:00,573.7,114.7,563.2,112.6,10.5,2.1,0.684,3.71,19.8,0.2,0.74,0.47,7.368,7.4,0.523,0.566,1.0,0.99,19.0,95.0,79.17,95.0,0.512,W,1
0022301023,1610612741,Chicago,Bulls,CHI,bulls,240:00,627.8,125.6,688.9,137.8,-61.1,-12.2,0.766,5.14,27.5,0.143,0.628,0.41,7.778,7.8,0.628,0.651,1.0,0.979,18.0,90.0,75.0,90.0,0.491,L,0
0022301023,1610612738,Boston,Celtics,BOS,celtics,240:00,688.9,137.8,627.8,125.6,61.1,12.2,0.636,2.33,21.1,0.372,0.857,0.59,13.333,13.3,0.634,0.663,1.0,0.99,18.0,90.0,75.0,90.0,0.509,W,1
0022301014,1610612750,Minnesota,Timberwolves,MIN,timberwolves,240:00,584.3,116.9,500.0,100.0,84.3,16.9,0.659,2.25,20.5,0.34,0.708,0.526,13.483,13.5,0.565,0.565,1.0,0.981,18.0,90.0,75.0,89.0,0.565,W,1
0022301014,1610612739,Cleveland,Cavaliers,CLE,cavaliers,240:00,500.0,100.0,584.3,116.9,-84.3,-16.9,0.647,1.83,17.3,0.292,0.66,0.474,13.187,13.2,0.463,0.509,1.0,0.952,18.0,90.0,75.0,91.0,0.435,L,0
0022301015,1610612759,San Antonio,Spurs,SAS,spurs,240:00,461.9,92.4,471.4,94.3,-9.5,-1.9,0.649,1.5,16.3,0.297,0.782,0.521,15.238,15.2,0.426,0.461,1.0,0.992,21.0,105.0,87.5,105.0,0.498,L,0
0022301015,1610612763,Memphis,Grizzlies,MEM,grizzlies,240:00,471.4,94.3,461.9,92.4,9.5,1.9,0.545,1.0,13.4,0.218,0.703,0.479,17.143,17.1,0.476,0.518,1.0,0.983,21.0,105.0,87.5,105.0,0.502,W,1
0022301012,1610612761,Toronto,Raptors,TOR,raptors,240:00,495.2,99.0,585.7,117.1,-90.5,-18.1,0.85,1.26,23.4,0.175,0.646,0.432,25.962,26.0,0.599,0.617,1.0,0.991,20.9,104.5,87.08,104.0,0.445,L,0
0022301012,1610612760,Oklahoma City,Thunder,OKC,thunder,240:00,585.7,117.1,495.2,99.0,90.5,18.1,0.563,1.69,18.1,0.354,0.825,0.568,15.238,15.2,0.568,0.595,1.0,0.967,20.9,104.5,87.08,105.0,0.555,W,1
0022301017,1610612757,Portland,Trail Blazers,POR,blazers,240:00,596.9,119.4,637.8,127.6,-40.8,-8.2,0.644,2.9,20.3,0.321,0.771,0.5,10.204,10.2,0.548,0.563,1.0,0.991,19.6,98.0,81.67,98.0,0.455,L,0
0022301017,1610612746,LA,Clippers,LAC,clippers,240:00,637.8,127.6,596.9,119.4,40.8,8.2,0.591,1.53,19.7,0.229,0.679,0.5,17.347,17.3,0.662,0.703,1.0,0.981,19.6,98.0,81.67,98.0,0.545,W,1
0022301018,1610612747,Los Angeles,Lakers,LAL,lakers,240:00,510.1,102.0,470.0,94.0,40.1,8.0,0.688,1.05,16.7,0.25,0.723,0.532,21.212,21.2,0.521,0.577,1.0,0.991,19.9,99.5,82.92,99.0,0.573,W,1
0022301018,1610612755,Philadelphia,76ers,PHI,sixers,240:00,470.0,94.0,510.1,102.0,-40.1,-8.0,0.606,2.22,14.5,0.277,0.75,0.468,9.0,9.0,0.385,0.441,1.0,0.966,19.9,99.5,82.92,100.0,0.427,L,0
0022301011,1610612765,Detroit,Pistons,DET,pistons,240:00,515.2,103.0,658.2,131.6,-143.0,-28.6,0.595,1.32,18.4,0.286,0.766,0.539,19.192,19.2,0.56,0.575,1.0,0.964,19.7,98.5,82.08,99.0,0.387,L,0
0022301011,1610612738,Boston,Celtics,BOS,celtics,240:00,658.2,131.6,515.2,103.0,143.0,28.6,0.66,4.43,22.1,0.234,0.714,0.461,7.143,7.1,0.618,0.639,1.0,0.991,19.7,98.5,82.08,98.0,0.613,W,1
0022301016,1610612744,Golden State,Warriors,GSW,warriors,240:00,523.6,104.7,585.7,117.1,-62.1,-12.4,0.558,1.71,15.5,0.385,0.755,0.551,13.208,13.2,0.472,0.491,1.0,0.969,21.1,105.5,87.92,106.0,0.429,L,0
0022301016,1610612754,Indiana,Pacers,IND,pacers,240:00,585.7,117.1,523.6,104.7,62.1,12.4,0.667,2.91,21.3,0.245,0.615,0.449,10.476,10.5,0.561,0.58,1.0,0.983,21.1,105.5,87.92,105.0,0.571,W,1
0022301013,1610612748,Miami,Heat,MIA,heat,240:00,494.4,98.9,623.6,124.7,-129.2,-25.8,0.71,3.67,18.2,0.193,0.683,0.398,6.742,6.7,0.436,0.475,1.0,0.97,17.8,89.0,74.17,89.0,0.378,L,0
0022301013,1610612740,New Orleans,Pelicans,NOP,pelicans,240:00,623.6,124.7,494.4,98.9,129.2,25.8,0.595,1.92,19.7,0.317,0.807,0.602,14.607,14.6,0.622,0.636,1.0,0.971,17.8,89.0,74.17,89.0,0.622,W,1
0022301006,1610612745,Houston,Rockets,HOU,rockets,240:00,622.5,124.5,573.5,114.7,49.0,9.8,0.574,1.69,18.8,0.34,0.736,0.55,15.686,15.7,0.597,0.624,1.0,0.974,20.4,102.0,85.0,102.0,0.536,W,1
0022301006,1610612741,Chicago,Bulls,CHI,bulls,240:00,573.5,114.7,622.5,124.5,-49.0,-9.8,0.548,2.09,16.5,0.264,0.66,0.45,10.784,10.8,0.516,0.563,1.0,0.991,20.4,102.0,85.0,102.0,0.464,L,0
0022301008,1610612742,Dallas,Mavericks,DAL,mavericks,240:00,553.9,110.8,480.2,96.0,73.7,14.7,0.767,2.54,22.3,0.277,0.8,0.533,12.745,12.7,0.558,0.575,1.0,0.974,20.3,101.5,84.58,102.0,0.576,W,1
0022301008,1610612762,Utah,Jazz,UTA,jazz,240:00,480.2,96.0,553.9,110.8,-73.7,-14.7,0.763,1.61,20.9,0.2,0.723,0.467,17.822,17.8,0.482,0.531,1.0,0.991,20.3,101.5,84.58,101.0,0.424,L,0
0022301007,1610612749,Milwaukee,Bucks,MIL,bucks,240:00,599.0,119.8,562.5,112.5,36.5,7.3,0.628,2.7,20.0,0.245,0.627,0.44,10.417,10.4,0.56,0.589,1.0,0.991,19.2,96.0,80.0,96.0,0.501,W,1
0022301007,1610612751,Brooklyn,Nets,BKN,nets,240:00,562.5,112.5,599.0,119.8,-36.5,-7.3,0.707,2.07,20.4,0.373,0.755,0.56,14.583,14.6,0.516,0.545,1.0,1.0,19.2,96.0,80.0,96.0,0.499,L,0
0022301009,1610612743,Denver,Nuggets,DEN,nuggets,240:00,620.9,124.2,555.6,111.1,65.3,13.1,0.689,3.1,23.0,0.341,0.814,0.583,10.989,11.0,0.571,0.609,1.0,0.962,18.1,90.5,75.42,91.0,0.568,W,1
0022301009,1610612752,New York,Knicks,NYK,knicks,240:00,555.6,111.1,620.9,124.2,-65.3,-13.1,0.737,2.8,22.2,0.186,0.659,0.417,11.111,11.1,0.551,0.578,1.0,0.969,18.1,90.5,75.42,90.0,0.432,L,0
0022301005,1610612764,Washington,Wizards,WAS,wizards,240:00,550.5,110.1,515.2,103.0,35.4,7.1,0.488,1.0,15.2,0.302,0.745,0.543,20.202,20.2,0.568,0.598,1.0,0.973,19.8,99.0,82.5,99.0,0.528,W,1
0022301005,1610612758,Sacramento,Kings,SAC,kings,240:00,515.2,103.0,550.5,110.1,-35.4,-7.1,0.568,1.4,15.8,0.255,0.698,0.457,15.152,15.2,0.494,0.54,1.0,0.982,19.8,99.0,82.5,99.0,0.472,L,0
0022301004,1610612753,Orlando,Magic,ORL,magic,240:00,605.0,121.0,524.8,105.0,80.2,16.0,0.702,2.06,22.9,0.279,0.821,0.537,16.0,16.0,0.628,0.641,1.0,0.982,20.1,100.5,83.75,100.0,0.57,W,1
0022301004,1610612740,New Orleans,Pelicans,NOP,pelicans,240:00,524.8,105.0,605.0,121.0,-80.2,-16.0,0.571,1.26,18.3,0.179,0.721,0.463,18.812,18.8,0.577,0.608,1.0,0.972,20.1,100.5,83.75,101.0,0.43,L,0
0022301010,1610612756,Phoenix,Suns,PHX,suns,240:00,673.7,134.7,605.3,121.1,68.4,13.7,0.683,1.65,21.4,0.273,0.623,0.488,17.895,17.9,0.703,0.745,1.0,0.99,19.0,95.0,79.17,95.0,0.578,W,1
0022301010,1610612737,Atlanta,Hawks,ATL,hawks,240:00,605.3,121.1,673.7,134.7,-68.4,-13.7,0.675,2.45,19.0,0.377,0.727,0.512,11.579,11.6,0.505,0.554,1.0,0.957,19.0,95.0,79.17,95.0,0.422,L,0
0022301000,1610612760,Oklahoma City,Thunder,OKC,thunder,240:00,595.0,119.0,529.7,105.9,65.3,13.1,0.674,2.9,20.7,0.229,0.706,0.475,10.0,10.0,0.545,0.591,1.0,0.991,20.1,100.5,83.75,100.0,0.586,W,1
0022301000,1610612762,Utah,Jazz,UTA,jazz,240:00,529.7,105.9,595.0,119.0,-65.3,-13.1,0.5,1.25,14.7,0.294,0.771,0.525,15.842,15.8,0.5,0.546,1.0,0.966,20.1,100.5,83.75,101.0,0.414,L,0
0022301001,1610612744,Golden State,Warriors,GSW,warriors,240:00,713.5,142.7,610.5,122.1,103.0,20.6,0.741,6.14,27.7,0.356,0.632,0.51,7.292,7.3,0.675,0.667,1.0,0.964,19.1,95.5,79.58,96.0,0.61,W,1
0022301001,1610612763,Memphis,Grizzlies,MEM,grizzlies,240:00,610.5,122.1,713.5,142.7,-103.0,-20.6,0.69,2.42,20.0,0.368,0.644,0.49,12.632,12.6,0.531,0.558,1.0,0.974,19.1,95.5,79.58,95.0,0.39,L,0
0022300996,1610612739,Cleveland,Cavaliers,CLE,cavaliers,240:00,577.8,115.6,608.0,121.6,-30.2,-6.0,0.857,2.5,23.4,0.238,0.8,0.529,13.333,13.3,0.567,0.614,1.0,0.969,17.8,89.0,74.17,90.0,0.512,L,0
0022300996,1610612748,Miami,Heat,MIA,heat,240:00,608.0,121.6,577.8,115.6,30.2,6.0,0.5,2.38,16.4,0.2,0.762,0.471,9.091,9.1,0.536,0.586,1.0,0.99,17.8,89.0,74.17,88.0,0.488,W,1
0022301003,1610612757,Portland,Trail Blazers,POR,blazers,240:00,530.9,106.2,597.9,119.6,-67.0,-13.4,0.538,1.24,16.5,0.222,0.786,0.494,17.526,17.5,0.574,0.588,1.0,0.991,19.4,97.0,80.83,97.0,0.392,L,0
0022301003,1610612746,LA,Clippers,LAC,clippers,240:00,597.9,119.6,530.9,106.2,67.0,13.4,0.644,2.42,21.5,0.214,0.778,0.506,12.371,12.4,0.599,0.626,1.0,0.972,19.4,97.0,80.83,97.0,0.608,W,1
0022300999,1610612761,Toronto,Raptors,TOR,raptors,240:00,454.1,90.8,621.2,124.2,-167.1,-33.4,0.636,0.95,15.9,0.265,0.543,0.4,22.449,22.4,0.475,0.506,1.0,0.982,19.7,98.5,82.08,98.0,0.303,L,0
0022300999,1610612758,Sacramento,Kings,SAC,kings,240:00,621.2,124.2,454.1,90.8,167.1,33.4,0.667,2.0,21.1,0.457,0.735,0.6,16.162,16.2,0.581,0.609,1.0,0.975,19.7,98.5,82.08,99.0,0.697,W,1
0022301002,1610612756,Phoenix,Suns,PHX,suns,240:00,569.3,113.9,505.0,101.0,64.4,12.9,0.756,1.48,22.4,0.37,0.724,0.567,22.772,22.8,0.606,0.615,1.0,0.983,20.2,101.0,84.17,101.0,0.56,W,1
0022301002,1610612755,Philadelphia,76ers,PHI,sixers,240:00,505.0,101.0,569.3,113.9,-64.4,-12.9,0.805,3.0,22.1,0.276,0.63,0.433,10.891,10.9,0.5,0.496,1.0,0.966,20.2,101.0,84.17,101.0,0.44,L,0
0022300998,1610612738,Boston,Celtics,BOS,celtics,240:00,642.1,128.4,619.8,124.0,22.3,4.5,0.625,2.78,18.7,0.286,0.7,0.472,9.474,9.5,0.576,0.624,1.0,0.991,19.1,95.5,79.58,95.0,0.523,W,1
0022300998,1610612749,Milwaukee,Bucks,MIL,bucks,240:00,619.8,124.0,642.1,128.4,-22.3,-4.5,0.444,1.33,15.6,0.3,0.714,0.528,15.625,15.6,0.637,0.66,1.0,0.963,19.1,95.5,79.58,96.0,0.477,L,0
0022300997,1610612765,Detroit,Pistons,DET,pistons,240:00,495.2,99.0,598.0,119.6,-102.8,-20.6,0.622,1.53,16.2,0.316,0.857,0.545,14.423,14.4,0.439,0.499,1.0,0.992,20.6,103.0,85.83,104.0,0.383,L,0
0022300997,1610612754,Indiana,Pacers,IND,pacers,240:00,598.0,119.6,495.2,99.0,102.8,20.6,0.76,2.92,26.0,0.143,0.684,0.455,12.745,12.7,0.631,0.636,1.0,0.991,20.6,103.0,85.83,102.0,0.617,W,1
0022300991,1610612753,Orlando,Magic,ORL,magic,240:00,595.7,119.1,494.6,98.9,101.1,20.2,0.727,1.78,23.4,0.297,0.786,0.557,19.149,19.1,0.617,0.646,1.0,0.952,18.7,93.5,77.92,94.0,0.63,W,1
0022300991,1610612766,Charlotte,Hornets,CHA,hornets,240:00,494.6,98.9,595.7,119.1,-101.1,-20.2,0.5,1.12,15.7,0.214,0.703,0.443,18.28,18.3,0.538,0.554,1.0,0.98,18.7,93.5,77.92,93.0,0.37,L,0
0022300993,1610612751,Brooklyn,Nets,BKN,nets,240:00,500.0,100.0,577.8,115.6,-77.8,-15.6,0.613,1.36,14.8,0.351,0.69,0.495,15.385,15.4,0.44,0.486,1.0,0.982,18.1,90.5,75.42,91.0,0.386,L,0
0022300993,1610612740,New Orleans,Pelicans,NOP,pelicans,240:00,577.8,115.6,500.0,100.0,77.8,15.6,0.69,2.07,22.1,0.31,0.649,0.505,15.556,15.6,0.566,0.586,1.0,0.99,18.1,90.5,75.42,90.0,0.614,W,1
0022300995,1610612750,Minnesota,Timberwolves,MIN,timberwolves,240:00,571.4,114.3,592.8,118.6,-21.4,-4.3,0.595,3.57,18.7,0.224,0.738,0.462,7.143,7.1,0.545,0.571,1.0,0.972,19.5,97.5,81.25,98.0,0.494,L,0
0022300995,1610612743,Denver,Nuggets,DEN,nuggets,240:00,592.8,118.6,571.4,114.3,21.4,4.3,0.619,1.53,19.4,0.262,0.776,0.538,17.526,17.5,0.605,0.634,1.0,0.991,19.5,97.5,81.25,97.0,0.506,W,1
0022300992,1610612764,Washington,Wizards,WAS,wizards,240:00,581.6,116.3,685.0,137.0,-103.4,-20.7,0.571,2.18,16.9,0.345,0.652,0.481,11.224,11.2,0.505,0.534,1.0,0.992,19.8,99.0,82.5,98.0,0.364,L,0
0022300992,1610612745,Houston,Rockets,HOU,rockets,240:00,685.0,137.0,581.6,116.3,103.4,20.7,0.532,3.57,17.7,0.348,0.655,0.519,7.0,7.0,0.588,0.641,1.0,0.966,19.8,99.0,82.5,100.0,0.636,W,1
0022300994,1610612759,San Antonio,Spurs,SAS,spurs,240:00,519.4,103.9,543.3,108.7,-23.9,-4.8,0.795,1.94,21.4,0.226,0.878,0.539,15.534,15.5,0.517,0.545,1.0,0.991,20.7,103.5,86.25,103.0,0.483,L,0
0022300994,1610612742,Dallas,Mavericks,DAL,mavericks,240:00,543.3,108.7,519.4,103.9,23.9,4.8,0.705,3.44,22.1,0.122,0.774,0.461,8.654,8.7,0.538,0.574,1.0,0.991,20.7,103.5,86.25,104.0,0.517,W,1
0022300987,1610612762,Utah,Jazz,UTA,jazz,240:00,565.2,113.0,612.9,122.6,-47.7,-9.5,0.641,1.47,19.1,0.333,0.708,0.527,18.478,18.5,0.548,0.577,1.0,1.0,18.5,92.5,77.08,92.0,0.474,L,0
0022300987,1610612750,Minnesota,Timberwolves,MIN,timberwolves,240:00,612.9,122.6,565.2,113.0,47.7,9.5,0.614,3.0,20.1,0.292,0.667,0.473,9.677,9.7,0.571,0.592,1.0,0.981,18.5,92.5,77.08,93.0,0.526,W,1
0022300984,1610612738,Boston,Celtics,BOS,celtics,240:00,619.8,124.0,494.7,98.9,125.1,25.0,0.698,2.73,20.8,0.34,0.816,0.569,11.458,11.5,0.568,0.591,1.0,0.956,19.1,95.5,79.58,96.0,0.613,W,1
0022300984,1610612765,Detroit,Pistons,DET,pistons,240:00,494.7,98.9,619.8,124.0,-125.1,-25.0,0.583,1.62,16.8,0.184,0.66,0.431,13.684,13.7,0.482,0.519,1.0,0.981,19.1,95.5,79.58,95.0,0.387,L,0
0022300990,1610612747,Los Angeles,Lakers,LAL,lakers,240:00,673.3,134.7,525.0,105.0,148.3,29.7,0.75,4.33,26.7,0.154,0.759,0.515,8.911,8.9,0.661,0.688,1.0,0.972,20.1,100.5,83.75,101.0,0.618,W,1
0022300990,1610612737,Atlanta,Hawks,ATL,hawks,240:00,525.0,105.0,673.3,134.7,-148.3,-29.7,0.762,3.56,21.9,0.241,0.846,0.485,9.0,9.0,0.474,0.502,1.0,0.991,20.1,100.5,83.75,100.0,0.382,L,0
0022300985,1610612755,Philadelphia,76ers,PHI,sixers,240:00,510.4,102.1,474.0,94.8,36.5,7.3,0.622,1.92,18.1,0.163,0.702,0.453,12.5,12.5,0.512,0.543,1.0,0.971,19.2,96.0,80.0,96.0,0.554,W,1
0022300985,1610612748,Miami,Heat,MIA,heat,240:00,474.0,94.8,510.4,102.1,-36.5,-7.3,0.657,1.53,16.9,0.298,0.837,0.547,15.625,15.6,0.461,0.478,1.0,0.973,19.2,96.0,80.0,96.0,0.446,L,0
0022300988,1610612744,Golden State,Warriors,GSW,warriors,240:00,589.5,117.9,619.8,124.0,-30.3,-6.1,0.69,2.23,20.9,0.319,0.612,0.469,13.684,13.7,0.557,0.584,1.0,0.991,19.1,95.5,79.58,95.0,0.484,L,0
0022300988,1610612752,New York,Knicks,NYK,knicks,240:00,619.8,124.0,589.5,117.9,30.3,6.1,0.659,2.23,20.1,0.388,0.681,0.531,13.542,13.5,0.56,0.596,1.0,0.948,19.1,95.5,79.58,96.0,0.516,W,1
0022300986,1610612741,Chicago,Bulls,CHI,bulls,240:00,567.0,113.4,551.5,110.3,15.5,3.1,0.634,2.89,18.8,0.278,0.66,0.462,9.278,9.3,0.5,0.538,1.0,0.991,19.4,97.0,80.83,97.0,0.534,W,1
0022300986,1610612757,Portland,Trail Blazers,POR,blazers,240:00,551.5,110.3,567.0,113.4,-15.5,-3.1,0.525,1.62,15.8,0.34,0.722,0.538,13.402,13.4,0.5,0.54,1.0,1.0,19.4,97.0,80.83,97.0,0.466,L,0
0022300989,1610612758,Sacramento,Kings,SAC,kings,265:00,555.0,111.0,509.2,101.8,45.9,9.2,0.714,1.58,18.9,0.364,0.723,0.558,17.431,17.4,0.505,0.56,1.0,0.969,19.74,98.72,82.26,109.0,0.564,W,1
0022300989,1610612763,Memphis,Grizzlies,MEM,grizzlies,265:00,509.2,101.8,555.0,111.0,-45.9,-9.2,0.595,1.57,14.9,0.277,0.636,0.442,12.844,12.8,0.444,0.499,1.0,0.968,19.74,98.72,82.26,109.0,0.436,L,0
0022300983,1610612754,Indiana,Pacers,IND,pacers,240:00,547.9,109.6,587.0,117.4,-39.1,-7.8,0.667,2.55,19.9,0.373,0.689,0.521,11.702,11.7,0.511,0.525,1.0,0.965,18.6,93.0,77.5,94.0,0.476,L,0
0022300983,1610612739,Cleveland,Cavaliers,CLE,cavaliers,240:00,587.0,117.4,547.9,109.6,39.1,7.8,0.711,1.93,20.3,0.311,0.627,0.479,15.217,15.2,0.55,0.585,1.0,1.0,18.6,93.0,77.5,92.0,0.524,W,1
0022300980,1610612764,Washington,Wizards,WAS,wizards,240:00,520.0,104.0,663.3,132.7,-143.3,-28.7,0.585,1.5,17.3,0.306,0.66,0.479,16.0,16.0,0.517,0.546,1.0,0.965,19.8,99.0,82.5,100.0,0.39,L,0
0022300980,1610612738,Boston,Celtics,BOS,celtics,240:00,663.3,132.7,520.0,104.0,143.3,28.7,0.698,2.0,20.8,0.34,0.694,0.521,15.306,15.3,0.632,0.666,1.0,0.991,19.8,99.0,82.5,98.0,0.61,W,1
0022300981,1610612759,San Antonio,Spurs,SAS,spurs,265:00,554.5,110.9,527.5,105.5,27.0,5.4,0.652,1.67,19.2,0.315,0.759,0.545,16.364,16.4,0.51,0.559,1.0,0.984,19.83,99.17,82.64,110.0,0.517,W,1
0022300981,1610612751,Brooklyn,Nets,BKN,nets,265:00,527.5,105.5,554.5,110.9,-27.0,-5.4,0.617,2.42,19.1,0.241,0.685,0.455,11.009,11.0,0.5,0.521,1.0,0.984,19.83,99.17,82.64,109.0,0.483,L,0
0022300978,1610612742,Dallas,Mavericks,DAL,mavericks,240:00,563.2,112.6,546.9,109.4,16.3,3.3,0.524,1.83,15.3,0.429,0.809,0.591,12.632,12.6,0.465,0.49,1.0,0.984,19.1,95.5,79.58,95.0,0.464,W,1
0022300978,1610612743,Denver,Nuggets,DEN,nuggets,240:00,546.9,109.4,563.2,112.6,-16.3,-3.3,0.703,3.25,19.8,0.191,0.571,0.409,8.333,8.3,0.512,0.56,1.0,0.962,19.1,95.5,79.58,96.0,0.536,L,0
0022300982,1610612746,LA,Clippers,LAC,clippers,240:00,505.4,101.1,591.4,118.3,-86.0,-17.2,0.607,1.06,14.0,0.255,0.682,0.462,17.391,17.4,0.453,0.536,1.0,0.981,18.5,92.5,77.08,92.0,0.412,L,0
0022300982,1610612737,Atlanta,Hawks,ATL,hawks,240:00,591.4,118.3,505.4,101.1,86.0,17.2,0.78,2.0,23.0,0.318,0.745,0.538,17.204,17.2,0.589,0.616,1.0,0.953,18.5,92.5,77.08,93.0,0.588,W,1
0022300976,1610612749,Milwaukee,Bucks,MIL,bucks,240:00,686.3,137.3,638.6,127.7,47.7,9.5,0.686,3.18,23.8,0.233,0.778,0.481,10.784,10.8,0.67,0.699,1.0,0.982,20.3,101.5,84.58,102.0,0.515,W,1
0022300976,1610612756,Phoenix,Suns,PHX,suns,240:00,638.6,127.7,686.3,137.3,-47.7,-9.5,0.706,2.57,24.8,0.222,0.767,0.519,13.861,13.9,0.667,0.689,1.0,0.972,20.3,101.5,84.58,101.0,0.485,L,0
0022300977,1610612765,Detroit,Pistons,DET,pistons,240:00,537.2,107.4,547.4,109.5,-10.1,-2.0,0.632,2.0,19.0,0.174,0.745,0.474,12.766,12.8,0.542,0.566,1.0,0.99,18.9,94.5,78.75,94.0,0.476,L,0
0022300977,1610612748,Miami,Heat,MIA,heat,240:00,547.4,109.5,537.2,107.4,10.1,2.0,0.6,2.4,18.2,0.255,0.826,0.526,10.526,10.5,0.517,0.541,1.0,0.972,18.9,94.5,78.75,95.0,0.524,W,1
0022300979,1610612753,Orlando,Magic,ORL,magic,240:00,572.2,114.4,489.8,98.0,82.4,16.5,0.512,1.47,16.8,0.279,0.723,0.511,15.464,15.5,0.571,0.592,1.0,0.982,19.5,97.5,81.25,97.0,0.564,W,1
0022300979,1610612761,Toronto,Raptors,TOR,raptors,240:00,489.8,98.0,572.2,114.4,-82.4,-16.5,0.622,1.28,17.3,0.277,0.721,0.489,18.367,18.4,0.488,0.53,1.0,0.982,19.5,97.5,81.25,98.0,0.436,L,0
0022300971,1610612741,Chicago,Bulls,CHI,bulls,240:00,628.7,125.7,485.1,97.0,143.6,28.7,0.673,2.2,22.3,0.368,0.808,0.622,14.851,14.9,0.624,0.65,1.0,0.983,20.2,101.0,84.17,101.0,0.656,W,1
0022300971,1610612764,Washington,Wizards,WAS,wizards,240:00,485.1,97.0,628.7,125.7,-143.6,-28.7,0.75,1.69,19.7,0.192,0.632,0.378,15.842,15.8,0.506,0.523,1.0,0.982,20.2,101.0,84.17,101.0,0.344,L,0
0022300974,1610612762,Utah,Jazz,UTA,jazz,240:00,495.0,99.0,595.0,119.0,-100.0,-20.0,0.605,1.44,17.2,0.213,0.863,0.551,15.842,15.8,0.494,0.542,1.0,0.964,20.1,100.5,83.75,101.0,0.439,L,0
0022300974,1610612750,Minnesota,Timberwolves,MIN,timberwolves,240:00,595.0,119.0,495.0,99.0,100.0,20.0,0.705,3.44,22.5,0.137,0.787,0.449,9.0,9.0,0.575,0.597,1.0,0.991,20.1,100.5,83.75,100.0,0.561,W,1
0022300967,1610612745,Houston,Rockets,HOU,rockets,240:00,579.2,115.8,515.0,103.0,64.2,12.8,0.596,2.8,19.6,0.264,0.83,0.53,9.901,9.9,0.556,0.566,1.0,0.974,20.1,100.5,83.75,101.0,0.537,W,1
0022300967,1610612739,Cleveland,Cavaliers,CLE,cavaliers,240:00,515.0,103.0,579.2,115.8,-64.2,-12.8,0.595,1.38,16.9,0.17,0.736,0.47,16.0,16.0,0.524,0.567,1.0,0.981,20.1,100.5,83.75,100.0,0.463,L,0
0022300975,1610612758,Sacramento,Kings,SAC,kings,240:00,474.0,94.8,510.4,102.1,-36.5,-7.3,0.733,1.83,16.8,0.237,0.725,0.464,12.5,12.5,0.412,0.472,1.0,0.991,19.2,96.0,80.0,96.0,0.434,L,0
0022300975,1610612752,New York,Knicks,NYK,knicks,240:00,510.4,102.1,474.0,94.8,36.5,7.3,0.514,1.19,14.7,0.275,0.763,0.536,16.667,16.7,0.494,0.527,1.0,0.964,19.2,96.0,80.0,96.0,0.566,W,1
0022300969,1610612755,Philadelphia,76ers,PHI,sixers,240:00,579.8,116.0,515.8,103.2,64.0,12.8,0.694,1.56,18.8,0.304,0.702,0.505,17.021,17.0,0.525,0.592,1.0,0.981,18.9,94.5,78.75,94.0,0.545,W,1
0022300969,1610612766,Charlotte,Hornets,CHA,hornets,240:00,515.8,103.2,579.8,116.0,-64.0,-12.8,0.568,1.31,16.2,0.298,0.696,0.495,16.842,16.8,0.512,0.545,1.0,0.963,18.9,94.5,78.75,95.0,0.455,L,0
0022300970,1610612740,New Orleans,Pelicans,NOP,pelicans,240:00,642.9,128.6,551.5,110.3,91.3,18.3,0.692,3.6,24.0,0.348,0.698,0.517,10.204,10.2,0.603,0.621,1.0,0.965,19.5,97.5,81.25,98.0,0.606,W,1
0022300970,1610612757,Portland,Trail Blazers,POR,blazers,240:00,551.5,110.3,642.9,128.6,-91.3,-18.3,0.548,1.15,17.3,0.302,0.652,0.483,20.619,20.6,0.571,0.599,1.0,0.982,19.5,97.5,81.25,97.0,0.394,L,0
0022300972,1610612763,Memphis,Grizzlies,MEM,grizzlies,240:00,565.7,113.1,596.0,119.2,-30.3,-6.1,0.919,2.43,24.1,0.188,0.744,0.451,14.141,14.1,0.568,0.606,1.0,0.991,19.8,99.0,82.5,99.0,0.469,L,0
0022300972,1610612760,Oklahoma City,Thunder,OKC,thunder,240:00,596.0,119.2,565.7,113.1,30.3,6.1,0.556,2.08,18.5,0.256,0.813,0.549,12.121,12.1,0.586,0.613,1.0,0.973,19.8,99.0,82.5,99.0,0.531,W,1
0022300973,1610612747,Los Angeles,Lakers,LAL,lakers,240:00,630.2,126.0,673.7,134.7,-43.5,-8.7,0.681,3.2,22.4,0.326,0.66,0.495,10.417,10.4,0.576,0.605,1.0,0.964,19.1,95.5,79.58,96.0,0.477,L,0
0022300973,1610612744,Golden State,Warriors,GSW,warriors,240:00,673.7,134.7,630.2,126.0,43.5,8.7,0.745,5.43,25.5,0.34,0.674,0.505,7.368,7.4,0.598,0.618,1.0,0.991,19.1,95.5,79.58,95.0,0.523,W,1
0022300968,1610612754,Indiana,Pacers,IND,pacers,240:00,593.1,118.6,495.0,99.0,98.1,19.6,0.42,1.62,14.4,0.411,0.75,0.567,12.745,12.7,0.505,0.54,1.0,0.952,20.3,101.5,84.58,102.0,0.582,W,1
0022300968,1610612751,Brooklyn,Nets,BKN,nets,240:00,495.0,99.0,593.1,118.6,-98.1,-19.6,0.545,0.86,13.7,0.25,0.589,0.433,20.792,20.8,0.494,0.552,1.0,0.982,20.3,101.5,84.58,101.0,0.418,L,0
0022300961,1610612766,Charlotte,Hornets,CHA,hornets,240:00,505.3,101.1,563.2,112.6,-57.9,-11.6,0.571,4.0,15.3,0.266,0.755,0.478,5.263,5.3,0.404,0.453,1.0,0.982,19.0,95.0,79.17,95.0,0.409,L,0
0022300961,1610612756,Phoenix,Suns,PHX,suns,240:00,563.2,112.6,505.3,101.1,57.9,11.6,0.775,3.1,22.5,0.245,0.734,0.522,10.526,10.5,0.523,0.558,1.0,0.981,19.0,95.0,79.17,95.0,0.591,W,1
0022300966,1610612762,Utah,Jazz,UTA,jazz,240:00,613.9,122.8,604.0,120.8,9.9,2.0,0.522,1.85,17.5,0.261,0.759,0.53,12.871,12.9,0.589,0.628,1.0,0.965,20.2,101.0,84.17,101.0,0.512,W,1
0022300966,1610612737,Atlanta,Hawks,ATL,hawks,240:00,604.0,120.8,613.9,122.8,-9.9,-2.0,0.78,3.56,21.9,0.241,0.739,0.47,8.911,8.9,0.554,0.587,1.0,0.982,20.2,101.0,84.17,101.0,0.488,L,0
0022300963,1610612761,Toronto,Raptors,TOR,raptors,240:00,530.9,106.2,576.5,115.3,-45.6,-9.1,0.632,1.5,18.3,0.217,0.786,0.489,16.495,16.5,0.556,0.573,1.0,0.981,19.5,97.5,81.25,97.0,0.437,L,0
0022300963,1610612753,Orlando,Magic,ORL,magic,240:00,576.5,115.3,530.9,106.2,45.6,9.1,0.625,1.67,18.9,0.214,0.783,0.511,15.306,15.3,0.588,0.63,1.0,0.963,19.5,97.5,81.25,98.0,0.563,W,1
0022300962,1610612765,Detroit,Pistons,DET,pistons,240:00,484.7,96.9,551.0,110.2,-66.3,-13.3,0.75,1.5,19.7,0.25,0.804,0.535,18.367,18.4,0.488,0.524,1.0,0.973,19.6,98.0,81.67,98.0,0.444,L,0
0022300962,1610612748,Miami,Heat,MIA,heat,240:00,551.0,110.2,484.7,96.9,66.3,13.3,0.535,2.88,17.6,0.196,0.75,0.465,8.163,8.2,0.511,0.539,1.0,0.981,19.6,98.0,81.67,98.0,0.556,W,1
0022300965,1610612759,San Antonio,Spurs,SAS,spurs,240:00,540.8,108.2,596.9,119.4,-56.1,-11.2,0.622,1.35,17.0,0.292,0.786,0.522,17.347,17.3,0.525,0.571,1.0,0.973,19.6,98.0,81.67,98.0,0.422,L,0
0022300965,1610612743,Denver,Nuggets,DEN,nuggets,240:00,596.9,119.4,540.8,108.2,56.1,11.2,0.755,2.85,25.7,0.214,0.708,0.478,13.265,13.3,0.607,0.62,1.0,0.991,19.6,98.0,81.67,98.0,0.578,W,1
0022300964,1610612740,New Orleans,Pelicans,NOP,pelicans,240:00,589.5,117.9,553.2,110.6,36.3,7.3,0.667,3.11,20.6,0.277,0.825,0.529,9.474,9.5,0.557,0.585,1.0,0.972,18.9,94.5,78.75,95.0,0.528,W,1
0022300964,1610612746,LA,Clippers,LAC,clippers,240:00,553.2,110.6,589.5,117.9,-36.3,-7.3,0.486,1.2,15.1,0.175,0.723,0.471,15.957,16.0,0.558,0.609,1.0,0.96,18.9,94.5,78.75,94.0,0.472,L,0
0022300956,1610612741,Chicago,Bulls,CHI,bulls,240:00,596.8,119.4,692.3,138.5,-95.5,-19.1,0.683,2.15,20.7,0.348,0.788,0.532,13.978,14.0,0.57,0.597,1.0,0.981,18.4,92.0,76.67,93.0,0.419,L,0
0022300956,1610612746,LA,Clippers,LAC,clippers,240:00,692.3,138.5,596.8,119.4,95.5,19.1,0.667,3.2,24.8,0.212,0.652,0.468,10.989,11.0,0.725,0.731,1.0,0.99,18.4,92.0,76.67,91.0,0.581,W,1
0022300957,1610612745,Houston,Rockets,HOU,rockets,240:00,619.3,123.9,550.9,110.2,68.3,13.7,0.471,1.26,16.8,0.289,0.837,0.598,17.431,17.4,0.655,0.692,1.0,0.966,21.7,108.5,90.42,109.0,0.559,W,1
0022300957,1610612764,Washington,Wizards,WAS,wizards,240:00,550.9,110.2,619.3,123.9,-68.3,-13.7,0.63,2.07,20.0,0.163,0.711,0.402,12.963,13.0,0.559,0.587,1.0,0.983,21.7,108.5,90.42,108.0,0.441,L,0
0022300959,1610612760,Oklahoma City,Thunder,OKC,thunder,240:00,623.8,124.8,595.0,119.0,28.8,5.8,0.622,2.15,20.0,0.262,0.651,0.459,12.871,12.9,0.616,0.655,1.0,0.973,20.1,100.5,83.75,101.0,0.536,W,1
0022300959,1610612742,Dallas,Mavericks,DAL,mavericks,240:00,595.0,119.0,623.8,124.8,-28.8,-5.8,0.581,1.32,18.0,0.349,0.738,0.541,19.0,19.0,0.583,0.623,1.0,1.0,20.1,100.5,83.75,100.0,0.464,L,0
0022300960,1610612757,Portland,Trail Blazers,POR,blazers,240:00,484.4,96.9,546.9,109.4,-62.5,-12.5,0.559,1.06,14.7,0.294,0.66,0.475,18.75,18.8,0.47,0.511,1.0,0.982,19.2,96.0,80.0,96.0,0.446,L,0
0022300960,1610612752,New York,Knicks,NYK,knicks,240:00,546.9,109.4,484.4,96.9,62.5,12.5,0.421,1.07,12.6,0.34,0.706,0.525,15.625,15.6,0.471,0.533,1.0,0.973,19.2,96.0,80.0,96.0,0.554,W,1
0022300958,1610612749,Milwaukee,Bucks,MIL,bucks,240:00,633.3,126.7,589.9,118.0,43.4,8.7,0.744,1.93,22.7,0.294,0.8,0.568,16.667,16.7,0.653,0.69,1.0,0.98,17.9,89.5,74.58,90.0,0.583,W,1
0022300958,1610612755,Philadelphia,76ers,PHI,sixers,240:00,589.9,118.0,633.3,126.7,-43.4,-8.7,0.513,1.54,17.1,0.2,0.706,0.432,14.607,14.6,0.601,0.616,1.0,0.979,17.9,89.5,74.58,89.0,0.417,L,0
0022300955,1610612738,Boston,Celtics,BOS,celtics,240:00,661.5,132.3,577.3,115.5,84.1,16.8,0.66,3.1,23.0,0.186,0.547,0.385,10.417,10.4,0.669,0.677,1.0,0.971,19.3,96.5,80.42,96.0,0.562,W,1
0022300955,1610612756,Phoenix,Suns,PHX,suns,240:00,577.3,115.5,661.5,132.3,-84.1,-16.8,0.574,1.93,18.2,0.453,0.814,0.615,14.433,14.4,0.53,0.542,1.0,0.967,19.3,96.5,80.42,97.0,0.438,L,0
0022300953,1610612757,Portland,Trail Blazers,POR,blazers,240:00,546.4,109.3,525.8,105.2,20.6,4.1,0.632,1.33,17.6,0.348,0.704,0.54,18.557,18.6,0.524,0.573,1.0,0.991,19.4,97.0,80.83,97.0,0.568,W,1
0022300953,1610612737,Atlanta,Hawks,ATL,hawks,240:00,525.8,105.2,546.4,109.3,-20.6,-4.1,0.5,1.27,14.5,0.296,0.652,0.46,15.464,15.5,0.511,0.532,1.0,0.982,19.4,97.0,80.83,97.0,0.432,L,0
0022300951,1610612740,New Orleans,Pelicans,NOP,pelicans,240:00,484.7,96.9,591.8,118.4,-107.1,-21.4,0.629,1.83,17.3,0.149,0.8,0.467,12.245,12.2,0.463,0.519,1.0,0.971,19.6,98.0,81.67,98.0,0.421,L,0
0022300951,1610612739,Cleveland,Cavaliers,CLE,cavaliers,240:00,591.8,118.4,484.7,96.9,107.1,21.4,0.809,3.17,26.2,0.2,0.851,0.533,12.245,12.2,0.62,0.622,1.0,0.953,19.6,98.0,81.67,98.0,0.579,W,1
0022300947,1610612753,Orlando,Magic,ORL,magic,240:00,612.9,122.6,563.8,112.8,49.1,9.8,0.725,2.23,22.3,0.243,0.705,0.494,13.978,14.0,0.61,0.645,1.0,0.99,18.7,93.5,77.92,93.0,0.557,W,1
0022300947,1610612751,Brooklyn,Nets,BKN,nets,240:00,563.8,112.8,612.9,122.6,-49.1,-9.8,0.553,1.62,16.5,0.295,0.757,0.506,13.83,13.8,0.512,0.571,1.0,0.981,18.7,93.5,77.92,94.0,0.443,L,0
0022300946,1610612765,Detroit,Pistons,DET,pistons,240:00,513.6,102.7,468.5,93.7,45.2,9.0,0.692,1.23,17.8,0.294,0.927,0.623,20.0,20.0,0.506,0.556,1.0,0.984,22.1,110.5,92.08,110.0,0.511,W,1
0022300946,1610612761,Toronto,Raptors,TOR,raptors,240:00,468.5,93.7,513.6,102.7,-45.2,-9.0,0.78,2.91,21.8,0.073,0.706,0.377,9.91,9.9,0.489,0.513,1.0,0.974,22.1,110.5,92.08,111.0,0.489,L,0
0022300954,1610612758,Sacramento,Kings,SAC,kings,240:00,625.0,125.0,545.9,109.2,79.1,15.8,0.652,2.14,21.7,0.267,0.833,0.54,14.583,14.6,0.631,0.643,1.0,0.981,19.4,97.0,80.83,96.0,0.542,W,1
0022300954,1610612747,Los Angeles,Lakers,LAL,lakers,240:00,545.9,109.2,625.0,125.0,-79.1,-15.8,0.658,1.79,19.2,0.167,0.733,0.46,14.286,14.3,0.577,0.61,1.0,0.962,19.4,97.0,80.83,98.0,0.458,L,0
0022300948,1610612754,Indiana,Pacers,IND,pacers,265:00,581.1,116.2,594.6,118.9,-13.5,-2.7,0.652,3.33,19.6,0.232,0.816,0.505,8.108,8.1,0.535,0.579,1.0,0.976,20.11,100.53,83.77,111.0,0.484,L,0
0022300948,1610612741,Chicago,Bulls,CHI,bulls,265:00,594.6,118.9,581.1,116.2,13.5,2.7,0.458,1.83,15.5,0.184,0.768,0.495,10.811,10.8,0.576,0.622,1.0,0.975,20.11,100.53,83.77,111.0,0.516,W,1
0022300950,1610612763,Memphis,Grizzlies,MEM,grizzlies,240:00,500.0,100.0,555.6,111.1,-55.6,-11.1,0.667,1.0,17.1,0.367,0.756,0.544,24.49,24.5,0.518,0.545,1.0,0.957,19.7,98.5,82.08,98.0,0.424,L,0
0022300950,1610612766,Charlotte,Hornets,CHA,hornets,240:00,555.6,111.1,500.0,100.0,55.6,11.1,0.591,1.3,19.3,0.244,0.633,0.456,20.202,20.2,0.616,0.627,1.0,0.972,19.7,98.5,82.08,99.0,0.576,W,1
0022300949,1610612748,Miami,Heat,MIA,heat,240:00,483.5,96.7,561.8,112.4,-78.3,-15.7,0.529,2.0,15.0,0.234,0.795,0.505,9.89,9.9,0.456,0.5,1.0,0.951,18.0,90.0,75.0,91.0,0.448,L,0
0022300949,1610612743,Denver,Nuggets,DEN,nuggets,240:00,561.8,112.4,483.5,96.7,78.3,15.7,0.6,2.4,19.7,0.205,0.766,0.495,11.236,11.2,0.555,0.57,1.0,0.99,18.0,90.0,75.0,89.0,0.552,W,1
0022300952,1610612742,Dallas,Mavericks,DAL,mavericks,240:00,556.1,111.2,510.3,102.1,45.8,9.2,0.682,1.76,21.6,0.268,0.614,0.469,17.347,17.3,0.573,0.603,1.0,0.963,19.5,97.5,81.25,98.0,0.626,W,1
0022300952,1610612744,Golden State,Warriors,GSW,warriors,240:00,510.3,102.1,556.1,111.2,-45.8,-9.2,0.514,1.12,13.8,0.386,0.732,0.531,17.526,17.5,0.451,0.493,1.0,0.966,19.5,97.5,81.25,97.0,0.374,L,0
0022300944,1610612746,LA,Clippers,LAC,clippers,240:00,543.5,108.7,634.4,126.9,-90.9,-18.2,0.647,1.22,17.7,0.25,0.571,0.427,19.565,19.6,0.549,0.602,1.0,0.99,18.5,92.5,77.08,92.0,0.418,L,0
0022300944,1610612750,Minnesota,Timberwolves,MIN,timberwolves,240:00,634.4,126.9,543.5,108.7,90.9,18.2,0.542,2.36,18.6,0.429,0.75,0.573,11.828,11.8,0.574,0.589,1.0,0.956,18.5,92.5,77.08,93.0,0.582,W,1
0022300941,1610612760,Oklahoma City,Thunder,OKC,thunder,240:00,533.7,106.7,581.7,116.3,-48.1,-9.6,0.558,1.85,16.6,0.288,0.884,0.539,12.5,12.5,0.505,0.526,1.0,0.975,20.8,104.0,86.67,104.0,0.4,L,0
0022300941,1610612754,Indiana,Pacers,IND,pacers,240:00,581.7,116.3,533.7,106.7,48.1,9.6,0.708,3.78,23.8,0.116,0.712,0.461,8.654,8.7,0.59,0.621,1.0,0.982,20.8,104.0,86.67,104.0,0.6,W,1
0022300945,1610612758,Sacramento,Kings,SAC,kings,240:00,638.6,127.7,465.3,93.1,173.3,34.7,0.694,3.78,23.8,0.178,0.807,0.529,8.911,8.9,0.63,0.651,1.0,0.982,20.2,101.0,84.17,101.0,0.672,W,1
0022300945,1610612749,Milwaukee,Bucks,MIL,bucks,240:00,465.3,93.1,638.6,127.7,-173.3,-34.7,0.767,1.77,17.0,0.193,0.822,0.471,12.871,12.9,0.409,0.483,1.0,0.982,20.2,101.0,84.17,101.0,0.328,L,0
0022300940,1610612763,Memphis,Grizzlies,MEM,grizzlies,240:00,556.1,111.2,494.9,99.0,61.2,12.2,0.643,1.5,18.1,0.472,0.867,0.653,18.367,18.4,0.489,0.528,1.0,0.984,19.6,98.0,81.67,98.0,0.555,W,1
0022300940,1610612764,Washington,Wizards,WAS,wizards,240:00,494.9,99.0,556.1,111.2,-61.2,-12.2,0.703,2.0,20.2,0.133,0.528,0.347,13.265,13.3,0.518,0.545,1.0,0.99,19.6,98.0,81.67,98.0,0.445,L,0
0022300943,1610612762,Utah,Jazz,UTA,jazz,240:00,581.5,116.3,675.8,135.2,-94.3,-18.9,0.561,2.3,18.3,0.261,0.64,0.458,10.87,10.9,0.564,0.589,1.0,0.981,18.3,91.5,76.25,92.0,0.443,L,0
0022300943,1610612738,Boston,Celtics,BOS,celtics,240:00,675.8,135.2,581.5,116.3,94.3,18.9,0.581,2.78,18.7,0.36,0.739,0.542,9.89,9.9,0.576,0.613,1.0,0.991,18.3,91.5,76.25,91.0,0.557,W,1
0022300942,1610612759,San Antonio,Spurs,SAS,spurs,240:00,543.0,108.6,553.8,110.8,-10.8,-2.2,0.769,2.0,22.2,0.267,0.727,0.494,16.129,16.1,0.543,0.573,1.0,0.962,18.6,93.0,77.5,93.0,0.521,L,0
0022300942,1610612745,Houston,Rockets,HOU,rockets,240:00,553.8,110.8,543.0,108.6,10.8,2.2,0.568,1.62,16.7,0.273,0.733,0.506,13.978,14.0,0.525,0.577,1.0,0.971,18.6,93.0,77.5,93.0,0.479,W,1
0022300939,1610612752,New York,Knicks,NYK,knicks,240:00,609.2,121.8,448.9,89.8,160.3,32.1,0.8,2.46,24.2,0.317,0.815,0.6,14.943,14.9,0.595,0.619,1.0,0.98,17.5,87.5,72.92,87.0,0.693,W,1
0022300939,1610612755,Philadelphia,76ers,PHI,sixers,240:00,448.9,89.8,609.2,121.8,-160.3,-32.1,0.567,2.13,14.8,0.185,0.683,0.4,9.091,9.1,0.425,0.454,1.0,0.969,17.5,87.5,72.92,88.0,0.307,L,0
0022300938,1610612757,Portland,Trail Blazers,POR,blazers,240:00,544.0,108.8,664.8,133.0,-120.9,-24.2,0.59,2.09,18.0,0.292,0.623,0.465,12.088,12.1,0.506,0.539,1.0,0.981,18.2,91.0,75.83,91.0,0.401,L,0
0022300938,1610612738,Boston,Celtics,BOS,celtics,240:00,664.8,133.0,544.0,108.8,120.9,24.2,0.694,11.33,23.4,0.377,0.708,0.535,3.297,3.3,0.565,0.575,1.0,0.982,18.2,91.0,75.83,91.0,0.599,W,1
0022300937,1610612743,Denver,Nuggets,DEN,nuggets,240:00,631.3,126.3,595.0,119.0,36.3,7.3,0.692,4.0,24.0,0.319,0.702,0.511,9.091,9.1,0.6,0.607,1.0,0.974,19.9,99.5,82.92,99.0,0.54,W,1
0022300937,1610612761,Toronto,Raptors,TOR,raptors,240:00,595.0,119.0,631.3,126.3,-36.3,-7.3,0.638,2.5,20.8,0.298,0.681,0.489,12.0,12.0,0.565,0.592,1.0,0.965,19.9,99.5,82.92,100.0,0.46,L,0
0022300936,1610612759,San Antonio,Spurs,SAS,spurs,240:00,510.0,102.0,560.0,112.0,-50.0,-10.0,0.692,1.8,18.8,0.304,0.74,0.509,15.0,15.0,0.495,0.512,1.0,0.983,20.0,100.0,83.33,100.0,0.474,L,0
0022300936,1610612744,Golden State,Warriors,GSW,warriors,240:00,560.0,112.0,510.0,102.0,50.0,10.0,0.609,2.0,19.9,0.26,0.696,0.491,14.0,14.0,0.559,0.57,1.0,0.982,20.0,100.0,83.33,100.0,0.526,W,1
0022300933,1610612765,Detroit,Pistons,DET,pistons,240:00,575.8,115.2,494.9,99.0,80.9,16.2,0.634,2.17,18.8,0.283,0.772,0.553,12.121,12.1,0.535,0.59,1.0,0.973,19.7,98.5,82.08,99.0,0.606,W,1
0022300933,1610612766,Charlotte,Hornets,CHA,hornets,240:00,494.9,99.0,575.8,115.2,-80.9,-16.2,0.794,2.08,19.6,0.228,0.717,0.447,13.265,13.3,0.46,0.494,1.0,0.973,19.7,98.5,82.08,98.0,0.394,L,0
0022300934,1610612739,Cleveland,Cavaliers,CLE,cavaliers,240:00,578.1,115.6,609.4,121.9,-31.3,-6.3,0.75,2.31,21.7,0.273,0.714,0.488,13.542,13.5,0.565,0.601,1.0,0.972,19.2,96.0,80.0,96.0,0.484,L,0
0022300934,1610612756,Phoenix,Suns,PHX,suns,240:00,609.4,121.9,578.1,115.6,31.3,6.3,0.5,1.64,17.6,0.286,0.727,0.512,14.583,14.6,0.619,0.633,1.0,0.981,19.2,96.0,80.0,96.0,0.516,W,1
0022300935,1610612741,Chicago,Bulls,CHI,bulls,240:00,489.4,97.9,668.4,133.7,-179.1,-35.8,0.543,1.46,14.5,0.305,0.705,0.476,13.83,13.8,0.433,0.466,1.0,0.991,18.9,94.5,78.75,94.0,0.313,L,0
0022300935,1610612742,Dallas,Mavericks,DAL,mavericks,240:00,668.4,133.7,489.4,97.9,179.1,35.8,0.647,5.5,23.4,0.295,0.695,0.524,6.316,6.3,0.618,0.638,1.0,0.981,18.9,94.5,78.75,95.0,0.687,W,1
0022300932,1610612747,Los Angeles,Lakers,LAL,lakers,240:00,600.0,120.0,529.1,105.8,70.9,14.2,0.659,1.38,20.1,0.357,0.737,0.576,21.0,21.0,0.59,0.627,1.0,0.983,20.3,101.5,84.58,100.0,0.587,W,1
0022300932,1610612750,Minnesota,Timberwolves,MIN,timberwolves,240:00,529.1,105.8,600.0,120.0,-70.9,-14.2,0.659,2.25,18.6,0.263,0.643,0.424,11.65,11.7,0.505,0.531,1.0,0.958,20.3,101.5,84.58,103.0,0.413,L,0
0022300924,1610612746,LA,Clippers,LAC,clippers,240:00,596.9,119.4,632.7,126.5,-35.7,-7.1,0.638,3.0,20.1,0.368,0.792,0.562,10.204,10.2,0.519,0.54,1.0,0.983,19.6,98.0,81.67,98.0,0.46,L,0
0022300924,1610612749,Milwaukee,Bucks,MIL,bucks,240:00,632.7,126.5,596.9,119.4,35.7,7.1,0.651,4.0,20.6,0.208,0.632,0.438,7.143,7.1,0.592,0.627,1.0,0.981,19.6,98.0,81.67,98.0,0.54,W,1
0022300928,1610612753,Orlando,Magic,ORL,magic,240:00,489.9,98.0,560.6,112.1,-70.7,-14.1,0.545,1.38,13.6,0.267,0.841,0.51,13.131,13.1,0.426,0.481,1.0,0.982,19.8,99.0,82.5,99.0,0.369,L,0
0022300928,1610612754,Indiana,Pacers,IND,pacers,240:00,560.6,112.1,489.9,98.0,70.7,14.1,0.526,1.54,16.0,0.159,0.733,0.49,13.131,13.1,0.538,0.6,1.0,0.99,19.8,99.0,82.5,99.0,0.631,W,1
0022300930,1610612739,Cleveland,Cavaliers,CLE,cavaliers,240:00,543.0,108.6,645.2,129.0,-102.2,-20.4,0.676,2.08,20.2,0.146,0.711,0.418,12.903,12.9,0.579,0.596,1.0,0.98,18.6,93.0,77.5,93.0,0.414,L,0
0022300930,1610612751,Brooklyn,Nets,BKN,nets,240:00,645.2,129.0,543.0,108.6,102.2,20.4,0.786,2.2,24.1,0.289,0.854,0.582,16.129,16.1,0.646,0.683,1.0,0.952,18.6,93.0,77.5,93.0,0.586,W,1
0022300925,1610612737,Atlanta,Hawks,ATL,hawks,240:00,547.9,109.6,604.2,120.8,-56.3,-11.3,0.737,2.55,20.6,0.259,0.865,0.505,11.702,11.7,0.511,0.532,1.0,1.0,19.0,95.0,79.17,94.0,0.396,L,0
0022300925,1610612740,New Orleans,Pelicans,NOP,pelicans,240:00,604.2,120.8,547.9,109.6,56.3,11.3,0.744,2.67,24.1,0.135,0.741,0.495,12.5,12.5,0.667,0.685,1.0,0.96,19.0,95.0,79.17,96.0,0.604,W,1
0022300927,1610612752,New York,Knicks,NYK,knicks,240:00,419.5,83.9,448.9,89.8,-29.3,-5.9,0.731,0.9,15.1,0.382,0.686,0.528,24.138,24.1,0.381,0.419,1.0,0.981,17.5,87.5,72.92,87.0,0.457,L,0
0022300927,1610612755,Philadelphia,76ers,PHI,sixers,240:00,448.9,89.8,419.5,83.9,29.3,5.9,0.645,1.33,16.1,0.314,0.618,0.472,17.045,17.0,0.444,0.458,1.0,0.952,17.5,87.5,72.92,88.0,0.543,W,1
0022300929,1610612758,Sacramento,Kings,SAC,kings,240:00,514.9,103.0,549.0,109.8,-34.2,-6.8,0.615,1.85,17.9,0.188,0.83,0.505,12.871,12.9,0.488,0.541,1.0,0.982,20.3,101.5,84.58,101.0,0.489,L,0
0022300929,1610612745,Houston,Rockets,HOU,rockets,240:00,549.0,109.8,514.9,103.0,34.2,6.8,0.59,1.92,17.4,0.17,0.813,0.495,11.765,11.8,0.536,0.584,1.0,0.982,20.3,101.5,84.58,102.0,0.511,W,1
0022300931,1610612760,Oklahoma City,Thunder,OKC,thunder,240:00,632.7,126.5,484.4,96.9,148.3,29.7,0.735,3.6,25.2,0.25,0.784,0.537,10.204,10.2,0.64,0.651,1.0,0.981,19.4,97.0,80.83,98.0,0.656,W,1
0022300931,1610612763,Memphis,Grizzlies,MEM,grizzlies,240:00,484.4,96.9,632.7,126.5,-148.3,-29.7,0.656,1.31,16.4,0.216,0.75,0.463,16.667,16.7,0.481,0.517,1.0,1.0,19.4,97.0,80.83,96.0,0.344,L,0
0022300926,1610612748,Miami,Heat,MIA,heat,240:00,551.0,110.2,555.6,111.1,-4.5,-0.9,0.465,1.54,14.5,0.364,0.795,0.556,13.265,13.3,0.505,0.525,1.0,0.983,19.7,98.5,82.08,98.0,0.464,L,0
0022300926,1610612764,Washington,Wizards,WAS,wizards,240:00,555.6,111.1,551.0,110.2,4.5,0.9,0.897,2.33,24.5,0.205,0.636,0.444,15.152,15.2,0.58,0.607,1.0,0.972,19.7,98.5,82.08,99.0,0.536,W,1
0022300922,1610612743,Denver,Nuggets,DEN,nuggets,240:00,724.5,144.9,611.1,122.2,113.4,22.7,0.727,2.86,27.8,0.241,0.604,0.476,14.286,14.3,0.777,0.789,1.0,0.99,19.7,98.5,82.08,98.0,0.619,W,1
0022300922,1610612762,Utah,Jazz,UTA,jazz,240:00,611.1,122.2,724.5,144.9,-113.4,-22.7,0.468,1.47,15.5,0.396,0.759,0.524,15.152,15.2,0.543,0.576,1.0,0.983,19.7,98.5,82.08,99.0,0.381,L,0
0022300920,1610612756,Phoenix,Suns,PHX,suns,240:00,551.5,110.3,603.1,120.6,-51.5,-10.3,0.477,1.4,16.0,0.289,0.673,0.489,15.464,15.5,0.557,0.569,1.0,0.973,19.4,97.0,80.83,97.0,0.443,L,0
0022300920,1610612738,Boston,Celtics,BOS,celtics,240:00,603.1,120.6,551.5,110.3,51.5,10.3,0.63,2.42,20.4,0.327,0.711,0.511,12.371,12.4,0.569,0.587,1.0,0.982,19.4,97.0,80.83,97.0,0.557,W,1
0022300918,1610612766,Charlotte,Hornets,CHA,hornets,240:00,578.9,115.8,532.3,106.5,46.7,9.3,0.591,1.53,19.5,0.333,0.661,0.526,17.895,17.9,0.611,0.628,1.0,0.953,18.8,94.0,78.33,95.0,0.61,W,1
0022300918,1610612751,Brooklyn,Nets,BKN,nets,240:00,532.3,106.5,578.9,115.8,-46.7,-9.3,0.611,1.38,16.4,0.339,0.667,0.474,17.204,17.2,0.478,0.508,1.0,1.0,18.8,94.0,78.33,93.0,0.39,L,0
0022300921,1610612744,Golden State,Warriors,GSW,warriors,240:00,559.4,111.9,623.8,124.8,-64.4,-12.9,0.634,2.17,18.6,0.255,0.681,0.459,11.881,11.9,0.523,0.561,1.0,0.982,20.2,101.0,84.17,101.0,0.428,L,0
0022300921,1610612759,San Antonio,Spurs,SAS,spurs,240:00,623.8,124.8,559.4,111.9,64.4,12.9,0.773,2.43,22.7,0.319,0.745,0.541,13.861,13.9,0.61,0.641,1.0,0.966,20.2,101.0,84.17,101.0,0.572,W,1
0022300919,1610612765,Detroit,Pistons,DET,pistons,240:00,563.6,112.7,645.5,129.1,-81.8,-16.4,0.6,1.35,17.0,0.393,0.841,0.59,18.182,18.2,0.52,0.564,1.0,0.977,22.0,110.0,91.67,110.0,0.419,L,0
0022300919,1610612742,Dallas,Mavericks,DAL,mavericks,240:00,645.5,129.1,563.6,112.7,81.8,16.4,0.569,2.07,19.9,0.159,0.607,0.41,12.727,12.7,0.63,0.669,1.0,0.991,22.0,110.0,91.67,110.0,0.581,W,1
0022300923,1610612757,Portland,Trail Blazers,POR,blazers,265:00,598.1,119.6,556.6,111.3,41.5,8.3,0.633,2.07,19.7,0.364,0.694,0.519,14.019,14.0,0.553,0.584,1.0,0.976,19.29,96.45,80.38,107.0,0.536,W,1
0022300923,1610612761,Toronto,Raptors,TOR,raptors,265:00,556.6,111.3,598.1,119.6,-41.5,-8.3,0.674,1.45,19.3,0.306,0.636,0.481,18.868,18.9,0.56,0.594,1.0,0.983,19.29,96.45,80.38,106.0,0.464,L,0
0022300917,1610612746,LA,Clippers,LAC,clippers,240:00,595.7,119.1,536.8,107.4,58.9,11.8,0.69,1.81,21.0,0.357,0.72,0.554,17.021,17.0,0.571,0.609,1.0,0.963,18.9,94.5,78.75,94.0,0.566,W,1
0022300917,1610612741,Chicago,Bulls,CHI,bulls,240:00,536.8,107.4,595.7,119.1,-58.9,-11.8,0.73,2.25,19.9,0.28,0.643,0.446,12.632,12.6,0.506,0.54,1.0,0.982,18.9,94.5,78.75,95.0,0.434,L,0
0022300912,1610612752,New York,Knicks,NYK,knicks,240:00,576.5,115.3,425.3,85.1,151.2,30.2,0.526,1.25,16.9,0.31,0.685,0.521,18.824,18.8,0.582,0.594,1.0,0.99,17.2,86.0,71.67,85.0,0.677,W,1
0022300912,1610612753,Orlando,Magic,ORL,magic,240:00,425.3,85.1,576.5,115.3,-151.2,-30.2,0.444,0.86,10.3,0.315,0.69,0.479,16.092,16.1,0.38,0.421,1.0,0.962,17.2,86.0,71.67,87.0,0.323,L,0
0022300915,1610612747,Los Angeles,Lakers,LAL,lakers,240:00,634.0,126.8,616.2,123.2,17.9,3.6,0.574,5.4,20.8,0.13,0.755,0.453,5.155,5.2,0.611,0.625,1.0,1.0,19.6,98.0,81.67,97.0,0.505,W,1
0022300915,1610612749,Milwaukee,Bucks,MIL,bucks,240:00,616.2,123.2,634.0,126.8,-17.9,-3.6,0.609,3.5,20.1,0.245,0.87,0.547,8.081,8.1,0.581,0.607,1.0,0.946,19.6,98.0,81.67,99.0,0.495,L,0
0022300913,1610612763,Memphis,Grizzlies,MEM,grizzlies,240:00,522.7,104.5,562.5,112.5,-39.8,-8.0,0.7,1.62,17.4,0.313,0.566,0.446,14.773,14.8,0.473,0.528,1.0,1.01,17.6,88.0,73.33,88.0,0.492,L,0
0022300913,1610612737,Atlanta,Hawks,ATL,hawks,240:00,562.5,112.5,522.7,104.5,39.8,8.0,0.568,1.31,15.9,0.434,0.688,0.554,18.182,18.2,0.511,0.529,1.0,0.964,17.6,88.0,73.33,88.0,0.508,W,1
0022300909,1610612755,Philadelphia,76ers,PHI,sixers,240:00,505.3,101.1,547.9,109.6,-42.6,-8.5,0.6,1.75,16.0,0.286,0.75,0.49,12.766,12.8,0.449,0.491,1.0,0.964,18.8,94.0,78.33,94.0,0.42,L,0
0022300909,1610612740,New Orleans,Pelicans,NOP,pelicans,240:00,547.9,109.6,505.3,101.1,42.6,8.5,0.629,1.57,17.3,0.25,0.714,0.51,14.894,14.9,0.513,0.578,1.0,0.962,18.8,94.0,78.33,94.0,0.58,W,1
0022300910,1610612764,Washington,Wizards,WAS,wizards,240:00,565.7,113.1,505.1,101.0,60.6,12.1,0.581,2.27,18.5,0.239,0.742,0.528,11.111,11.1,0.529,0.577,1.0,0.973,19.8,99.0,82.5,99.0,0.603,W,1
0022300910,1610612766,Charlotte,Hornets,CHA,hornets,240:00,505.1,101.0,565.7,113.1,-60.6,-12.1,0.45,2.57,13.5,0.258,0.761,0.472,7.071,7.1,0.445,0.469,1.0,0.983,19.8,99.0,82.5,99.0,0.397,L,0
0022300916,1610612757,Portland,Trail Blazers,POR,blazers,240:00,551.5,110.3,627.6,125.5,-76.0,-15.2,0.595,1.29,15.7,0.4,0.667,0.528,17.526,17.5,0.506,0.535,1.0,1.0,19.5,97.5,81.25,97.0,0.381,L,0
0022300916,1610612745,Houston,Rockets,HOU,rockets,240:00,627.6,125.5,551.5,110.3,76.0,15.2,0.733,4.71,22.4,0.333,0.6,0.472,7.143,7.1,0.553,0.583,1.0,0.991,19.5,97.5,81.25,98.0,0.619,W,1
0022300914,1610612760,Oklahoma City,Thunder,OKC,thunder,240:00,557.3,111.5,531.9,106.4,25.4,5.1,0.667,3.11,20.7,0.25,0.848,0.543,9.375,9.4,0.539,0.565,1.0,0.972,19.0,95.0,79.17,96.0,0.535,W,1
0022300914,1610612748,Miami,Heat,MIA,heat,240:00,531.9,106.4,557.3,111.5,-25.4,-5.1,0.632,2.18,19.2,0.152,0.75,0.457,11.702,11.7,0.53,0.556,1.0,0.99,19.0,95.0,79.17,94.0,0.465,L,0
0022300911,1610612739,Cleveland,Cavaliers,CLE,cavaliers,265:00,553.9,110.8,509.8,102.0,44.1,8.8,0.711,2.08,18.8,0.273,0.679,0.477,12.745,12.7,0.494,0.544,1.0,0.974,18.48,92.38,76.98,102.0,0.553,W,1
0022300911,1610612750,Minnesota,Timberwolves,MIN,timberwolves,265:00,509.8,102.0,553.9,110.8,-44.1,-8.8,0.641,1.79,17.4,0.321,0.727,0.523,13.725,13.7,0.457,0.502,1.0,0.966,18.48,92.38,76.98,102.0,0.447,L,0
0022300903,1610612754,Indiana,Pacers,IND,pacers,240:00,560.6,112.1,565.0,113.0,-4.4,-0.9,0.619,1.73,19.4,0.205,0.661,0.46,15.152,15.2,0.573,0.602,1.0,0.981,19.9,99.5,82.92,99.0,0.49,L,0
0022300903,1610612750,Minnesota,Timberwolves,MIN,timberwolves,240:00,565.0,113.0,560.6,112.1,4.4,0.9,0.5,2.09,16.2,0.339,0.795,0.54,11.0,11.0,0.505,0.531,1.0,0.958,19.9,99.5,82.92,100.0,0.51,W,1
0022300907,1610612744,Golden State,Warriors,GSW,warriors,240:00,586.5,117.3,606.8,121.4,-20.3,-4.1,0.705,2.82,20.0,0.364,0.818,0.566,10.577,10.6,0.51,0.558,1.0,0.976,20.7,103.5,86.25,104.0,0.492,L,0
0022300907,1610612741,Chicago,Bulls,CHI,bulls,240:00,606.8,121.4,586.5,117.3,20.3,4.1,0.63,2.07,20.7,0.182,0.636,0.434,13.592,13.6,0.621,0.644,1.0,0.991,20.7,103.5,86.25,103.0,0.508,W,1
0022300905,1610612756,Phoenix,Suns,PHX,suns,240:00,606.1,121.2,570.7,114.1,35.4,7.1,0.659,1.81,20.4,0.349,0.774,0.583,16.162,16.2,0.599,0.633,1.0,0.965,19.8,99.0,82.5,99.0,0.564,W,1
0022300905,1610612761,Toronto,Raptors,TOR,raptors,240:00,570.7,114.1,606.1,121.2,-35.4,-7.1,0.698,3.33,21.4,0.226,0.651,0.417,9.091,9.1,0.543,0.562,1.0,0.991,19.8,99.0,82.5,99.0,0.436,L,0
0022300906,1610612743,Denver,Nuggets,DEN,nuggets,240:00,580.8,116.2,556.1,111.2,24.7,4.9,0.6,3.38,19.9,0.217,0.709,0.485,8.081,8.1,0.522,0.577,1.0,0.972,19.7,98.5,82.08,99.0,0.57,W,1
0022300906,1610612738,Boston,Celtics,BOS,celtics,240:00,556.1,111.2,580.8,116.2,-24.7,-4.9,0.585,2.0,17.4,0.291,0.783,0.515,12.245,12.2,0.511,0.534,1.0,0.991,19.7,98.5,82.08,98.0,0.43,L,0
0022300902,1610612765,Detroit,Pistons,DET,pistons,240:00,578.4,115.7,549.0,109.8,29.4,5.9,0.558,1.04,17.0,0.375,0.867,0.635,22.549,22.5,0.598,0.647,1.0,0.966,20.4,102.0,85.0,102.0,0.539,W,1
0022300902,1610612751,Brooklyn,Nets,BKN,nets,240:00,549.0,109.8,578.4,115.7,-29.4,-5.9,0.585,1.71,18.2,0.133,0.625,0.365,13.725,13.7,0.589,0.609,1.0,0.981,20.4,102.0,85.0,102.0,0.461,L,0
0022300904,1610612742,Dallas,Mavericks,DAL,mavericks,240:00,593.8,118.8,568.4,113.7,25.3,5.1,0.675,2.7,19.7,0.28,0.822,0.537,10.417,10.4,0.552,0.587,1.0,0.964,19.1,95.5,79.58,96.0,0.521,W,1
0022300904,1610612748,Miami,Heat,MIA,heat,240:00,568.4,113.7,593.8,118.8,-25.3,-5.1,0.75,2.5,22.6,0.178,0.72,0.463,12.632,12.6,0.591,0.603,1.0,0.971,19.1,95.5,79.58,95.0,0.479,L,0
0022300908,1610612758,Sacramento,Kings,SAC,kings,240:00,642.2,128.4,626.2,125.2,15.9,3.2,0.596,2.38,20.1,0.42,0.756,0.579,12.745,12.7,0.559,0.596,1.0,0.992,20.5,102.5,85.42,102.0,0.496,W,1
0022300908,1610612759,San Antonio,Spurs,SAS,spurs,240:00,626.2,125.2,642.2,128.4,-15.9,-3.2,0.848,3.25,25.7,0.244,0.58,0.421,11.65,11.7,0.593,0.643,1.0,0.982,20.5,102.5,85.42,103.0,0.504,L,0
0022300898,1610612762,Utah,Jazz,UTA,jazz,240:00,603.1,120.6,626.3,125.3,-23.2,-4.6,0.636,2.8,19.4,0.377,0.756,0.551,10.309,10.3,0.536,0.568,1.0,0.974,19.2,96.0,80.0,97.0,0.479,L,0
0022300898,1610612741,Chicago,Bulls,CHI,bulls,240:00,626.3,125.3,603.1,120.6,23.2,4.6,0.644,3.22,21.5,0.244,0.623,0.449,9.474,9.5,0.594,0.616,1.0,0.981,19.2,96.0,80.0,95.0,0.521,W,1
0022300901,1610612747,Los Angeles,Lakers,LAL,lakers,240:00,571.4,114.3,625.0,125.0,-53.6,-10.7,0.595,1.79,18.7,0.098,0.75,0.435,13.333,13.3,0.611,0.652,1.0,0.972,20.9,104.5,87.08,105.0,0.464,L,0
0022300901,1610612758,Sacramento,Kings,SAC,kings,240:00,625.0,125.0,571.4,114.3,53.6,10.7,0.593,2.29,21.8,0.25,0.902,0.565,13.462,13.5,0.619,0.636,1.0,0.983,20.9,104.5,87.08,104.0,0.536,W,1
0022300897,1610612745,Houston,Rockets,HOU,rockets,240:00,617.0,123.4,648.9,129.8,-31.9,-6.4,0.733,4.13,22.9,0.353,0.784,0.534,8.511,8.5,0.564,0.572,1.0,0.991,18.8,94.0,78.33,94.0,0.459,L,0
0022300897,1610612746,LA,Clippers,LAC,clippers,240:00,648.9,129.8,617.0,123.4,31.9,6.4,0.432,2.11,15.7,0.216,0.647,0.466,9.574,9.6,0.625,0.667,1.0,0.98,18.8,94.0,78.33,94.0,0.541,W,1
0022300895,1610612737,Atlanta,Hawks,ATL,hawks,240:00,589.5,117.9,520.6,104.1,68.9,13.8,0.628,2.45,20.6,0.2,0.673,0.454,11.579,11.6,0.577,0.603,1.0,0.971,19.2,96.0,80.0,95.0,0.562,W,1
0022300895,1610612739,Cleveland,Cavaliers,CLE,cavaliers,240:00,520.6,104.1,589.5,117.9,-68.9,-13.8,0.692,1.8,19.1,0.327,0.8,0.546,15.464,15.5,0.494,0.523,1.0,0.939,19.2,96.0,80.0,97.0,0.438,L,0
0022300894,1610612764,Washington,Wizards,WAS,wizards,240:00,573.7,114.7,613.4,122.7,-39.7,-7.9,0.65,2.89,19.7,0.229,0.692,0.437,9.474,9.5,0.523,0.563,1.0,1.0,19.2,96.0,80.0,95.0,0.449,L,0
0022300894,1610612753,Orlando,Magic,ORL,magic,240:00,613.4,122.7,573.7,114.7,39.7,7.9,0.477,1.4,16.2,0.308,0.771,0.563,15.464,15.5,0.617,0.659,1.0,0.963,19.2,96.0,80.0,97.0,0.551,W,1
0022300900,1610612757,Portland,Trail Blazers,POR,blazers,240:00,582.5,116.5,615.4,123.1,-32.9,-6.6,0.659,1.59,19.6,0.19,0.765,0.447,16.505,16.5,0.593,0.646,1.0,0.982,20.7,103.5,86.25,103.0,0.439,L,0
0022300900,1610612760,Oklahoma City,Thunder,OKC,thunder,240:00,615.4,123.1,582.5,116.5,32.9,6.6,0.535,1.28,17.0,0.235,0.81,0.553,17.308,17.3,0.642,0.702,1.0,0.973,20.7,103.5,86.25,104.0,0.561,W,1
0022300896,1610612755,Philadelphia,76ers,PHI,sixers,240:00,556.1,111.2,586.7,117.3,-30.6,-6.1,0.641,2.27,16.9,0.391,0.615,0.491,11.224,11.2,0.446,0.49,1.0,0.984,19.6,98.0,81.67,98.0,0.448,L,0
0022300896,1610612763,Memphis,Grizzlies,MEM,grizzlies,240:00,586.7,117.3,556.1,111.2,30.6,6.1,0.512,1.4,15.1,0.385,0.609,0.509,15.306,15.3,0.522,0.569,1.0,0.983,19.6,98.0,81.67,98.0,0.552,W,1
0022300899,1610612744,Golden State,Warriors,GSW,warriors,240:00,618.8,123.8,445.5,89.1,173.3,34.7,0.725,2.31,24.8,0.262,0.804,0.571,15.842,15.8,0.665,0.664,1.0,0.964,20.2,101.0,84.17,101.0,0.69,W,1
0022300899,1610612749,Milwaukee,Bucks,MIL,bucks,240:00,445.5,89.1,618.8,123.8,-173.3,-34.7,0.559,1.27,14.5,0.196,0.738,0.429,14.851,14.9,0.444,0.471,1.0,0.982,20.2,101.0,84.17,101.0,0.31,L,0
0022300889,1610612752,New York,Knicks,NYK,knicks,240:00,526.3,105.3,610.5,122.1,-84.2,-16.8,0.711,2.25,19.0,0.339,0.578,0.439,12.632,12.6,0.465,0.482,1.0,0.983,19.0,95.0,79.17,95.0,0.39,L,0
0022300889,1610612737,Atlanta,Hawks,ATL,hawks,240:00,610.5,122.1,526.3,105.3,84.2,16.8,0.591,1.63,18.7,0.422,0.661,0.561,16.842,16.8,0.563,0.597,1.0,0.973,19.0,95.0,79.17,95.0,0.61,W,1
0022300893,1610612743,Denver,Nuggets,DEN,nuggets,265:00,514.4,102.9,568.0,113.6,-53.5,-10.7,0.61,1.67,17.4,0.259,0.737,0.496,14.423,14.4,0.505,0.524,1.0,0.966,18.75,93.74,78.11,104.0,0.447,L,0
0022300893,1610612756,Phoenix,Suns,PHX,suns,265:00,568.0,113.6,514.4,102.9,53.5,10.7,0.762,3.2,21.3,0.263,0.741,0.504,9.709,9.7,0.516,0.554,1.0,0.975,18.75,93.74,78.11,103.0,0.553,W,1
0022300891,1610612745,Houston,Rockets,HOU,rockets,240:00,558.8,111.8,505.0,101.0,53.8,10.8,0.469,3.29,16.2,0.305,0.7,0.486,6.863,6.9,0.51,0.519,1.0,0.958,20.2,101.0,84.17,102.0,0.557,W,1
0022300891,1610612759,San Antonio,Spurs,SAS,spurs,240:00,505.0,101.0,558.8,111.8,-53.8,-10.8,0.632,1.26,17.3,0.3,0.695,0.514,19.0,19.0,0.506,0.537,1.0,0.983,20.2,101.0,84.17,100.0,0.443,L,0
0022300885,1610612766,Charlotte,Hornets,CHA,hornets,240:00,489.0,97.8,554.9,111.0,-65.9,-13.2,0.576,1.0,16.7,0.103,0.763,0.429,20.879,20.9,0.542,0.579,1.0,0.979,18.2,91.0,75.83,91.0,0.416,L,0
0022300885,1610612753,Orlando,Magic,ORL,magic,240:00,554.9,111.0,489.0,97.8,65.9,13.2,0.575,1.28,18.9,0.237,0.897,0.571,19.78,19.8,0.628,0.627,1.0,0.98,18.2,91.0,75.83,91.0,0.584,W,1
0022300887,1610612751,Brooklyn,Nets,BKN,nets,240:00,589.5,117.9,575.3,115.1,14.2,2.8,0.61,1.79,18.8,0.304,0.8,0.549,14.737,14.7,0.56,0.592,1.0,0.963,18.8,94.0,78.33,95.0,0.535,W,1
0022300887,1610612755,Philadelphia,76ers,PHI,sixers,240:00,575.3,115.1,589.5,117.9,-14.2,-2.8,0.625,2.08,19.7,0.2,0.696,0.451,12.903,12.9,0.561,0.592,1.0,1.0,18.8,94.0,78.33,93.0,0.465,L,0
0022300890,1610612761,Toronto,Raptors,TOR,raptors,240:00,466.7,93.3,674.8,135.0,-208.1,-41.6,0.583,1.75,15.2,0.213,0.667,0.426,11.429,11.4,0.457,0.477,1.0,0.966,20.8,104.0,86.67,105.0,0.333,L,0
0022300890,1610612740,New Orleans,Pelicans,NOP,pelicans,240:00,674.8,135.0,466.7,93.3,208.1,41.6,0.717,3.45,23.9,0.333,0.787,0.574,10.68,10.7,0.619,0.633,1.0,1.0,20.8,104.0,86.67,103.0,0.667,W,1
0022300886,1610612739,Cleveland,Cavaliers,CLE,cavaliers,240:00,558.5,111.7,541.7,108.3,16.8,3.4,0.718,3.11,21.2,0.189,0.667,0.43,9.574,9.6,0.544,0.554,1.0,0.99,19.0,95.0,79.17,94.0,0.514,W,1
0022300886,1610612738,Boston,Celtics,BOS,celtics,240:00,541.7,108.3,558.5,111.7,-16.8,-3.4,0.615,1.85,17.4,0.333,0.811,0.57,13.542,13.5,0.5,0.529,1.0,0.974,19.0,95.0,79.17,96.0,0.486,L,0
0022300888,1610612748,Miami,Heat,MIA,heat,240:00,621.1,124.2,578.9,115.8,42.1,8.4,0.643,3.0,20.1,0.273,0.68,0.489,9.474,9.5,0.576,0.62,1.0,0.981,19.0,95.0,79.17,95.0,0.551,W,1
0022300888,1610612765,Detroit,Pistons,DET,pistons,240:00,578.9,115.8,621.1,124.2,-42.1,-8.4,0.667,2.36,19.0,0.32,0.727,0.511,11.579,11.6,0.506,0.557,1.0,0.973,19.0,95.0,79.17,95.0,0.449,L,0
0022300892,1610612742,Dallas,Mavericks,DAL,mavericks,240:00,600.0,120.0,678.2,135.6,-78.2,-15.6,0.511,2.56,16.9,0.255,0.745,0.49,9.0,9.0,0.554,0.587,1.0,0.982,20.1,100.5,83.75,100.0,0.433,L,0
0022300892,1610612754,Indiana,Pacers,IND,pacers,240:00,678.2,135.6,600.0,120.0,78.2,15.6,0.68,3.78,23.1,0.255,0.745,0.51,8.911,8.9,0.634,0.661,1.0,0.965,20.1,100.5,83.75,101.0,0.567,W,1
0022300884,1610612747,Los Angeles,Lakers,LAL,lakers,240:00,585.9,117.2,520.0,104.0,65.9,13.2,0.707,1.38,20.4,0.341,0.772,0.592,21.212,21.2,0.613,0.637,1.0,0.982,19.9,99.5,82.92,99.0,0.592,W,1
0022300884,1610612760,Oklahoma City,Thunder,OKC,thunder,240:00,520.0,104.0,585.9,117.2,-65.9,-13.2,0.595,2.2,16.3,0.228,0.659,0.408,10.0,10.0,0.473,0.515,1.0,0.973,19.9,99.5,82.92,100.0,0.408,L,0
0022300881,1610612750,Minnesota,Timberwolves,MIN,timberwolves,240:00,633.0,126.6,606.4,121.3,26.6,5.3,0.7,2.55,20.6,0.326,0.633,0.489,11.702,11.7,0.576,0.624,1.0,0.981,18.8,94.0,78.33,94.0,0.557,W,1
0022300881,1610612757,Portland,Trail Blazers,POR,blazers,240:00,606.4,121.3,633.0,126.6,-26.6,-5.3,0.622,2.0,20.0,0.367,0.674,0.511,14.894,14.9,0.576,0.589,1.0,0.973,18.8,94.0,78.33,94.0,0.443,L,0
0022300880,1610612749,Milwaukee,Bucks,MIL,bucks,240:00,570.7,114.1,540.8,108.2,29.9,6.0,0.541,1.67,15.9,0.167,0.784,0.505,12.121,12.1,0.571,0.626,1.0,0.962,19.7,98.5,82.08,99.0,0.557,W,1
0022300880,1610612746,LA,Clippers,LAC,clippers,240:00,540.8,108.2,570.7,114.1,-29.9,-6.0,0.676,1.79,18.7,0.216,0.833,0.495,14.286,14.3,0.536,0.558,1.0,0.982,19.7,98.5,82.08,98.0,0.443,L,0
0022300883,1610612758,Sacramento,Kings,SAC,kings,240:00,586.0,117.2,614.1,122.8,-28.1,-5.6,0.707,1.61,19.6,0.5,0.733,0.608,19.355,19.4,0.505,0.545,1.0,0.983,18.5,92.5,77.08,93.0,0.471,L,0
0022300883,1610612741,Chicago,Bulls,CHI,bulls,240:00,614.1,122.8,586.0,117.2,28.1,5.6,0.667,2.8,21.4,0.267,0.5,0.392,10.87,10.9,0.565,0.603,1.0,0.99,18.5,92.5,77.08,92.0,0.529,W,1
0022300879,1610612751,Brooklyn,Nets,BKN,nets,240:00,560.4,112.1,582.4,116.5,-22.0,-4.4,0.771,2.08,20.1,0.308,0.533,0.412,14.286,14.3,0.538,0.553,1.0,0.981,18.2,91.0,75.83,91.0,0.459,L,0
0022300879,1610612763,Memphis,Grizzlies,MEM,grizzlies,240:00,582.4,116.5,560.4,112.1,22.0,4.4,0.684,1.37,19.1,0.467,0.692,0.588,20.879,20.9,0.537,0.578,1.0,0.982,18.2,91.0,75.83,91.0,0.541,W,1
0022300882,1610612762,Utah,Jazz,UTA,jazz,240:00,599.1,119.8,542.5,108.5,56.6,11.3,0.592,2.23,19.3,0.296,0.737,0.523,12.264,12.3,0.564,0.59,1.0,0.975,21.2,106.0,88.33,106.0,0.567,W,1
0022300882,1610612764,Washington,Wizards,WAS,wizards,240:00,542.5,108.5,599.1,119.8,-56.6,-11.3,0.65,1.73,17.7,0.263,0.704,0.477,14.151,14.2,0.511,0.552,1.0,0.983,21.2,106.0,88.33,106.0,0.433,L,0
0022300877,1610612759,San Antonio,Spurs,SAS,spurs,240:00,590.9,118.2,525.0,105.0,65.9,13.2,0.717,2.06,23.1,0.3,0.679,0.516,16.162,16.2,0.6,0.627,1.0,0.982,19.9,99.5,82.92,99.0,0.582,W,1
0022300877,1610612754,Indiana,Pacers,IND,pacers,240:00,525.0,105.0,590.9,118.2,-65.9,-13.2,0.488,1.67,14.6,0.321,0.7,0.484,12.0,12.0,0.473,0.513,1.0,0.966,19.9,99.5,82.92,100.0,0.418,L,0
0022300871,1610612742,Dallas,Mavericks,DAL,mavericks,240:00,591.8,118.4,612.2,122.4,-20.4,-4.1,0.5,1.18,14.8,0.354,0.714,0.536,17.347,17.3,0.558,0.603,1.0,0.983,19.6,98.0,81.67,98.0,0.458,L,0
0022300871,1610612755,Philadelphia,76ers,PHI,sixers,240:00,612.2,122.4,591.8,118.4,20.4,4.1,0.65,2.89,18.8,0.286,0.646,0.464,9.184,9.2,0.517,0.59,1.0,0.973,19.6,98.0,81.67,98.0,0.542,W,1
0022300878,1610612756,Phoenix,Suns,PHX,suns,240:00,539.2,107.8,572.8,114.6,-33.6,-6.7,0.65,1.18,17.7,0.392,0.736,0.567,21.569,21.6,0.516,0.556,1.0,0.992,20.5,102.5,85.42,102.0,0.445,L,0
0022300878,1610612760,Oklahoma City,Thunder,OKC,thunder,240:00,572.8,114.6,539.2,107.8,33.6,6.7,0.429,3.5,15.2,0.264,0.608,0.433,5.825,5.8,0.525,0.543,1.0,0.966,20.5,102.5,85.42,103.0,0.555,W,1
0022300872,1610612738,Boston,Celtics,BOS,celtics,240:00,686.3,137.3,431.4,86.3,254.9,51.0,0.66,4.38,24.0,0.205,0.763,0.524,7.843,7.8,0.682,0.694,1.0,0.973,20.4,102.0,85.0,102.0,0.713,W,1
0022300872,1610612744,Golden State,Warriors,GSW,warriors,240:00,431.4,86.3,686.3,137.3,-254.9,-51.0,0.667,1.41,17.1,0.237,0.795,0.476,16.667,16.7,0.429,0.45,1.0,0.983,20.4,102.0,85.0,102.0,0.287,L,0
0022300874,1610612753,Orlando,Magic,ORL,magic,240:00,576.5,115.3,464.3,92.9,112.2,22.4,0.558,1.09,18.5,0.281,0.815,0.616,22.449,22.4,0.646,0.681,1.0,0.972,19.6,98.0,81.67,98.0,0.642,W,1
0022300874,1610612765,Detroit,Pistons,DET,pistons,240:00,464.3,92.9,576.5,115.3,-112.2,-22.4,0.758,2.08,18.8,0.185,0.719,0.384,12.245,12.2,0.43,0.48,1.0,0.981,19.6,98.0,81.67,98.0,0.358,L,0
0022300873,1610612750,Minnesota,Timberwolves,MIN,timberwolves,240:00,478.3,95.7,483.7,96.7,-5.4,-1.1,0.774,1.6,18.5,0.28,0.792,0.544,16.304,16.3,0.444,0.5,1.0,0.981,18.4,92.0,76.67,92.0,0.538,L,0
0022300873,1610612746,LA,Clippers,LAC,clippers,240:00,483.7,96.7,478.3,95.7,5.4,1.1,0.531,1.89,14.2,0.208,0.72,0.456,9.783,9.8,0.435,0.481,1.0,0.981,18.4,92.0,76.67,92.0,0.462,W,1
0022300875,1610612761,Toronto,Raptors,TOR,raptors,240:00,533.7,106.7,509.6,101.9,24.0,4.8,0.643,1.69,18.8,0.255,0.735,0.49,15.385,15.4,0.533,0.561,1.0,0.966,20.8,104.0,86.67,104.0,0.52,W,1
0022300875,1610612766,Charlotte,Hornets,CHA,hornets,240:00,509.6,101.9,533.7,106.7,-24.0,-4.8,0.558,1.41,17.0,0.265,0.745,0.51,16.346,16.3,0.511,0.535,1.0,0.974,20.8,104.0,86.67,104.0,0.48,L,0
0022300876,1610612739,Cleveland,Cavaliers,CLE,cavaliers,240:00,538.5,107.7,587.9,117.6,-49.5,-9.9,0.795,2.82,23.1,0.235,0.711,0.458,12.088,12.1,0.546,0.541,1.0,0.971,18.2,91.0,75.83,91.0,0.445,L,0
0022300876,1610612752,New York,Knicks,NYK,knicks,240:00,587.9,117.6,538.5,107.7,49.5,9.9,0.762,2.67,23.7,0.289,0.765,0.542,13.187,13.2,0.581,0.592,1.0,0.961,18.2,91.0,75.83,91.0,0.555,W,1
0022300870,1610612756,Phoenix,Suns,PHX,suns,240:00,509.3,101.9,541.3,108.3,-31.9,-6.4,0.59,1.21,16.4,0.2,0.737,0.486,17.757,17.8,0.512,0.557,1.0,1.0,21.6,108.0,90.0,107.0,0.474,L,0
0022300870,1610612745,Houston,Rockets,HOU,rockets,240:00,541.3,108.3,509.3,101.9,31.9,6.4,0.643,2.08,17.9,0.263,0.8,0.514,11.927,11.9,0.521,0.549,1.0,0.96,21.6,108.0,90.0,109.0,0.526,W,1
0022300868,1610612763,Memphis,Grizzlies,MEM,grizzlies,265:00,463.0,92.6,495.4,99.1,-32.4,-6.5,0.7,0.88,14.6,0.281,0.691,0.482,22.222,22.2,0.452,0.513,1.0,0.976,19.56,97.81,81.51,108.0,0.506,L,0
0022300868,1610612757,Portland,Trail Blazers,POR,blazers,265:00,495.4,99.1,463.0,92.6,32.4,6.5,0.59,1.0,15.6,0.309,0.719,0.518,21.296,21.3,0.484,0.522,1.0,0.984,19.56,97.81,81.51,108.0,0.494,W,1
0022300867,1610612748,Miami,Heat,MIA,heat,240:00,649.5,129.9,631.6,126.3,17.9,3.6,0.717,5.5,23.6,0.244,0.652,0.451,6.186,6.2,0.597,0.636,1.0,0.981,19.2,96.0,80.0,97.0,0.542,W,1
0022300867,1610612762,Utah,Jazz,UTA,jazz,240:00,631.6,126.3,649.5,129.9,-17.9,-3.6,0.571,2.18,17.8,0.348,0.756,0.549,11.579,11.6,0.563,0.61,1.0,0.991,19.2,96.0,80.0,95.0,0.458,L,0
0022300866,1610612751,Brooklyn,Nets,BKN,nets,240:00,606.4,121.3,536.8,107.4,69.5,13.9,0.683,2.55,20.4,0.306,0.686,0.5,11.702,11.7,0.551,0.584,1.0,0.982,18.9,94.5,78.75,94.0,0.577,W,1
0022300866,1610612737,Atlanta,Hawks,ATL,hawks,240:00,536.8,107.4,606.4,121.3,-69.5,-13.9,0.622,1.92,17.2,0.314,0.694,0.5,12.632,12.6,0.489,0.525,1.0,0.964,18.9,94.5,78.75,95.0,0.423,L,0
0022300869,1610612747,Los Angeles,Lakers,LAL,lakers,240:00,606.4,121.3,652.6,130.5,-46.2,-9.2,0.702,4.71,24.6,0.156,0.667,0.393,7.447,7.4,0.596,0.607,1.0,0.99,18.9,94.5,78.75,94.0,0.446,L,0
0022300869,1610612743,Denver,Nuggets,DEN,nuggets,240:00,652.6,130.5,606.4,121.3,46.2,9.2,0.63,3.4,23.9,0.333,0.844,0.607,10.526,10.5,0.647,0.652,1.0,0.972,18.9,94.5,78.75,95.0,0.554,W,1
0022300862,1610612750,Minnesota,Timberwolves,MIN,timberwolves,265:00,582.5,116.5,607.8,121.6,-25.3,-5.1,0.69,2.23,19.9,0.304,0.679,0.51,12.621,12.6,0.565,0.606,1.0,0.957,18.57,92.83,77.36,103.0,0.513,L,0
0022300862,1610612758,Sacramento,Kings,SAC,kings,265:00,607.8,121.6,582.5,116.5,25.3,5.1,0.58,3.63,19.5,0.321,0.696,0.49,7.843,7.8,0.555,0.561,1.0,0.983,18.57,92.83,77.36,102.0,0.487,W,1
0022300860,1610612761,Toronto,Raptors,TOR,raptors,240:00,504.8,101.0,571.4,114.3,-66.6,-13.3,0.756,2.21,20.8,0.25,0.673,0.459,13.462,13.5,0.495,0.512,1.0,0.992,20.9,104.5,87.08,104.0,0.451,L,0
0022300860,1610612744,Golden State,Warriors,GSW,warriors,240:00,571.4,114.3,504.8,101.0,66.6,13.3,0.591,1.86,17.4,0.327,0.75,0.541,13.333,13.3,0.541,0.566,1.0,0.976,20.9,104.5,87.08,105.0,0.549,W,1
0022300858,1610612755,Philadelphia,76ers,PHI,sixers,240:00,687.5,137.5,655.2,131.0,32.3,6.5,0.826,5.43,25.7,0.431,0.773,0.589,7.955,8.0,0.578,0.6,1.0,0.973,17.5,87.5,72.92,88.0,0.542,W,1
0022300858,1610612766,Charlotte,Hornets,CHA,hornets,240:00,655.2,131.0,687.5,137.5,-32.3,-6.5,0.558,4.8,19.8,0.227,0.569,0.411,5.747,5.7,0.595,0.623,1.0,0.99,17.5,87.5,72.92,87.0,0.458,L,0
0022300864,1610612741,Chicago,Bulls,CHI,bulls,240:00,516.0,103.2,594.7,118.9,-78.8,-15.8,0.694,2.08,19.1,0.24,0.731,0.49,12.766,12.8,0.483,0.521,1.0,0.991,18.9,94.5,78.75,94.0,0.439,L,0
0022300864,1610612749,Milwaukee,Bucks,MIL,bucks,240:00,594.7,118.9,516.0,103.2,78.8,15.8,0.595,3.14,16.8,0.269,0.76,0.51,7.368,7.4,0.517,0.565,1.0,0.972,18.9,94.5,78.75,95.0,0.561,W,1
0022300863,1610612740,New Orleans,Pelicans,NOP,pelicans,240:00,632.4,126.5,500.0,100.0,132.4,26.5,0.521,1.47,17.9,0.317,0.643,0.505,16.667,16.7,0.645,0.662,1.0,0.991,20.4,102.0,85.0,102.0,0.62,W,1
0022300863,1610612754,Indiana,Pacers,IND,pacers,240:00,500.0,100.0,632.4,126.5,-132.4,-26.5,0.625,1.56,17.0,0.357,0.683,0.495,15.686,15.7,0.474,0.496,1.0,0.984,20.4,102.0,85.0,102.0,0.38,L,0
0022300857,1610612765,Detroit,Pistons,DET,pistons,240:00,505.1,101.0,555.6,111.1,-50.5,-10.1,0.727,2.67,17.6,0.224,0.673,0.436,9.091,9.1,0.427,0.493,1.0,0.964,19.8,99.0,82.5,99.0,0.449,L,0
0022300857,1610612739,Cleveland,Cavaliers,CLE,cavaliers,240:00,555.6,111.1,505.1,101.0,50.5,10.1,0.758,1.56,17.9,0.327,0.776,0.564,16.162,16.2,0.506,0.572,1.0,0.974,19.8,99.0,82.5,99.0,0.551,W,1
0022300859,1610612738,Boston,Celtics,BOS,celtics,240:00,690.0,138.0,550.0,110.0,140.0,28.0,0.635,3.67,23.1,0.238,0.774,0.537,9.0,9.0,0.665,0.692,1.0,0.982,20.0,100.0,83.33,100.0,0.613,W,1
0022300859,1610612742,Dallas,Mavericks,DAL,mavericks,240:00,550.0,110.0,690.0,138.0,-140.0,-28.0,0.455,2.5,15.2,0.226,0.762,0.463,8.0,8.0,0.516,0.54,1.0,0.973,20.0,100.0,83.33,100.0,0.387,L,0
0022300861,1610612763,Memphis,Grizzlies,MEM,grizzlies,240:00,484.2,96.8,635.4,127.1,-151.2,-30.2,0.429,0.65,11.9,0.34,0.587,0.458,24.211,24.2,0.5,0.519,1.0,0.982,19.1,95.5,79.58,95.0,0.282,L,0
0022300861,1610612757,Portland,Trail Blazers,POR,blazers,240:00,635.4,127.1,484.2,96.8,151.2,30.2,0.646,2.21,21.2,0.413,0.66,0.542,14.583,14.6,0.592,0.616,1.0,0.974,19.1,95.5,79.58,96.0,0.718,W,1
0022300865,1610612746,LA,Clippers,LAC,clippers,240:00,679.6,135.9,558.3,111.7,121.4,24.3,0.593,3.56,21.9,0.256,0.759,0.536,8.738,8.7,0.644,0.667,1.0,0.974,20.6,103.0,85.83,103.0,0.606,W,1
0022300865,1610612764,Washington,Wizards,WAS,wizards,240:00,558.3,111.7,679.6,135.9,-121.4,-24.3,0.63,2.9,20.0,0.241,0.744,0.464,9.709,9.7,0.531,0.55,1.0,0.966,20.6,103.0,85.83,103.0,0.394,L,0
0022300853,1610612759,San Antonio,Spurs,SAS,spurs,240:00,666.7,133.3,596.0,119.2,70.7,14.1,0.813,3.25,25.8,0.295,0.761,0.533,12.121,12.1,0.632,0.661,1.0,0.973,19.8,99.0,82.5,99.0,0.572,W,1
0022300853,1610612760,Oklahoma City,Thunder,OKC,thunder,240:00,596.0,119.2,666.7,133.3,-70.7,-14.1,0.455,1.82,15.4,0.239,0.705,0.467,11.111,11.1,0.545,0.598,1.0,0.973,19.8,99.0,82.5,99.0,0.428,L,0
0022300854,1610612756,Phoenix,Suns,PHX,suns,240:00,528.8,105.8,504.8,101.0,24.0,4.8,0.556,1.43,14.2,0.288,0.647,0.48,13.462,13.5,0.478,0.522,1.0,0.983,20.8,104.0,86.67,104.0,0.553,W,1
0022300854,1610612745,Houston,Rockets,HOU,rockets,240:00,504.8,101.0,528.8,105.8,-24.0,-4.8,0.424,1.08,9.9,0.353,0.712,0.52,12.5,12.5,0.389,0.466,1.0,0.977,20.8,104.0,86.67,104.0,0.447,L,0
0022300849,1610612766,Charlotte,Hornets,CHA,hornets,240:00,526.6,105.3,590.4,118.1,-63.8,-12.8,0.667,1.85,18.6,0.229,0.792,0.51,13.83,13.8,0.512,0.545,1.0,0.981,18.8,94.0,78.33,94.0,0.438,L,0
0022300849,1610612749,Milwaukee,Bucks,MIL,bucks,240:00,590.4,118.1,526.6,105.3,63.8,12.8,0.538,2.63,16.9,0.208,0.771,0.49,8.511,8.5,0.547,0.585,1.0,0.981,18.8,94.0,78.33,94.0,0.562,W,1
0022300850,1610612753,Orlando,Magic,ORL,magic,240:00,592.8,118.6,551.5,110.3,41.2,8.2,0.643,1.8,20.0,0.262,0.766,0.528,15.464,15.5,0.61,0.634,1.0,0.981,19.4,97.0,80.83,97.0,0.564,W,1
0022300850,1610612762,Utah,Jazz,UTA,jazz,240:00,551.5,110.3,592.8,118.6,-41.2,-8.2,0.735,1.92,18.8,0.234,0.738,0.472,13.402,13.4,0.525,0.58,1.0,0.981,19.4,97.0,80.83,97.0,0.436,L,0
0022300856,1610612747,Los Angeles,Lakers,LAL,lakers,265:00,598.2,119.6,590.1,118.0,8.1,1.6,0.566,2.73,19.5,0.235,0.765,0.5,9.821,9.8,0.564,0.601,1.0,0.976,20.2,100.98,84.15,112.0,0.512,W,1
0022300856,1610612764,Washington,Wizards,WAS,wizards,265:00,590.1,118.0,598.2,119.6,-8.1,-1.6,0.673,2.33,22.2,0.235,0.765,0.5,13.514,13.5,0.593,0.611,1.0,0.984,20.2,100.98,84.15,111.0,0.488,L,0
0022300855,1610612743,Denver,Nuggets,DEN,nuggets,240:00,515.0,103.0,480.2,96.0,34.8,7.0,0.611,1.47,16.5,0.22,0.755,0.485,15.0,15.0,0.5,0.552,1.0,0.982,20.1,100.5,83.75,100.0,0.504,W,1
0022300855,1610612748,Miami,Heat,MIA,heat,240:00,480.2,96.0,515.0,103.0,-34.8,-7.0,0.6,1.4,15.7,0.245,0.78,0.515,14.851,14.9,0.464,0.518,1.0,0.956,20.1,100.5,83.75,101.0,0.496,L,0
0022300852,1610612752,New York,Knicks,NYK,knicks,240:00,505.1,101.0,555.6,111.1,-50.5,-10.1,0.657,1.77,16.2,0.333,0.7,0.512,13.265,13.3,0.432,0.469,1.0,0.983,19.7,98.5,82.08,98.0,0.455,L,0
0022300852,1610612744,Golden State,Warriors,GSW,warriors,240:00,555.6,111.1,505.1,101.0,50.5,10.1,0.591,2.36,18.3,0.3,0.667,0.488,11.111,11.1,0.52,0.524,1.0,0.983,19.7,98.5,82.08,99.0,0.545,W,1
0022300851,1610612751,Brooklyn,Nets,BKN,nets,240:00,666.7,133.3,521.5,104.3,145.2,29.0,0.652,3.0,21.7,0.319,0.704,0.525,10.753,10.8,0.633,0.648,1.0,0.972,18.6,93.0,77.5,93.0,0.634,W,1
0022300851,1610612737,Atlanta,Hawks,ATL,hawks,240:00,521.5,104.3,666.7,133.3,-145.2,-29.0,0.486,1.29,14.2,0.296,0.681,0.475,15.054,15.1,0.477,0.509,1.0,0.963,18.6,93.0,77.5,93.0,0.366,L,0
0022300847,1610612743,Denver,Nuggets,DEN,nuggets,240:00,590.9,118.2,489.8,98.0,101.1,20.2,0.761,2.19,24.3,0.244,0.7,0.515,16.162,16.2,0.622,0.644,1.0,0.963,19.7,98.5,82.08,99.0,0.622,W,1
0022300847,1610612758,Sacramento,Kings,SAC,kings,240:00,489.8,98.0,590.9,118.2,-101.1,-20.2,0.737,2.0,19.4,0.3,0.756,0.485,14.286,14.3,0.463,0.477,1.0,0.991,19.7,98.5,82.08,98.0,0.378,L,0
0022300844,1610612761,Toronto,Raptors,TOR,raptors,240:00,584.1,116.8,635.5,127.1,-51.4,-10.3,0.739,2.83,21.4,0.31,0.688,0.481,11.215,11.2,0.536,0.562,1.0,0.976,21.4,107.0,89.17,107.0,0.449,L,0
0022300844,1610612742,Dallas,Mavericks,DAL,mavericks,240:00,635.5,127.1,584.1,116.8,51.4,10.3,0.615,2.0,20.8,0.313,0.69,0.519,14.953,15.0,0.62,0.646,1.0,0.967,21.4,107.0,89.17,107.0,0.551,W,1
0022300843,1610612754,Indiana,Pacers,IND,pacers,240:00,608.9,121.8,564.4,112.9,44.6,8.9,0.68,3.4,22.4,0.327,0.78,0.549,9.901,9.9,0.559,0.58,1.0,0.966,20.2,101.0,84.17,101.0,0.543,W,1
0022300843,1610612740,New Orleans,Pelicans,NOP,pelicans,240:00,564.4,112.9,608.9,121.8,-44.6,-8.9,0.619,2.6,19.0,0.22,0.673,0.451,9.901,9.9,0.528,0.569,1.0,0.991,20.2,101.0,84.17,101.0,0.457,L,0
0022300846,1610612741,Chicago,Bulls,CHI,bulls,290:00,564.1,112.8,521.2,104.2,42.9,8.6,0.659,1.53,16.3,0.471,0.828,0.644,16.239,16.2,0.459,0.521,1.0,0.96,19.45,97.24,81.03,117.0,0.538,W,1
0022300846,1610612739,Cleveland,Cavaliers,CLE,cavaliers,290:00,521.2,104.2,564.1,112.8,-42.9,-8.6,0.822,3.08,22.4,0.172,0.529,0.356,10.169,10.2,0.538,0.547,1.0,0.969,19.45,97.24,81.03,118.0,0.462,L,0
0022300848,1610612746,LA,Clippers,LAC,clippers,240:00,571.4,114.3,585.9,117.2,-14.4,-2.9,0.644,2.07,20.9,0.261,0.725,0.477,14.286,14.3,0.562,0.583,1.0,0.973,19.7,98.5,82.08,98.0,0.47,L,0
0022300848,1610612747,Los Angeles,Lakers,LAL,lakers,240:00,585.9,117.2,571.4,114.3,14.4,2.9,0.596,1.65,20.3,0.275,0.739,0.523,17.172,17.2,0.628,0.642,1.0,0.955,19.7,98.5,82.08,99.0,0.53,W,1
0022300845,1610612750,Minnesota,Timberwolves,MIN,timberwolves,240:00,550.0,110.0,510.1,102.0,39.9,8.0,0.744,2.07,21.6,0.116,0.667,0.43,14.0,14.0,0.582,0.62,1.0,0.962,19.9,99.5,82.92,100.0,0.577,W,1
0022300845,1610612763,Memphis,Grizzlies,MEM,grizzlies,240:00,510.1,102.0,550.0,110.0,-39.9,-8.0,0.639,1.53,16.3,0.333,0.884,0.57,15.152,15.2,0.446,0.496,1.0,0.983,19.9,99.5,82.92,99.0,0.423,L,0
0022300835,1610612737,Atlanta,Hawks,ATL,hawks,240:00,584.9,117.0,457.5,91.5,127.4,25.5,0.587,1.5,18.0,0.354,0.746,0.57,16.981,17.0,0.559,0.601,1.0,0.976,21.2,106.0,88.33,106.0,0.627,W,1
0022300835,1610612762,Utah,Jazz,UTA,jazz,240:00,457.5,91.5,584.9,117.0,-127.4,-25.5,0.686,1.33,16.6,0.254,0.646,0.43,16.981,17.0,0.431,0.474,1.0,0.975,21.2,106.0,88.33,106.0,0.373,L,0
0022300839,1610612741,Chicago,Bulls,CHI,bulls,240:00,500.0,100.0,552.6,110.5,-52.6,-10.5,0.564,3.67,16.2,0.311,0.714,0.476,6.316,6.3,0.408,0.448,1.0,0.982,19.0,95.0,79.17,95.0,0.444,L,0
0022300839,1610612765,Detroit,Pistons,DET,pistons,240:00,552.6,110.5,500.0,100.0,52.6,10.5,0.595,1.1,17.1,0.286,0.689,0.524,21.053,21.1,0.587,0.617,1.0,0.963,19.0,95.0,79.17,95.0,0.556,W,1
0022300836,1610612738,Boston,Celtics,BOS,celtics,240:00,596.9,119.4,510.3,102.1,86.6,17.3,0.538,1.5,16.4,0.278,0.81,0.606,14.286,14.3,0.561,0.648,1.0,0.981,19.5,97.5,81.25,98.0,0.687,W,1
0022300836,1610612755,Philadelphia,76ers,PHI,sixers,240:00,510.3,102.1,596.9,119.4,-86.6,-17.3,0.541,2.0,15.6,0.19,0.722,0.394,10.309,10.3,0.468,0.499,1.0,0.981,19.5,97.5,81.25,97.0,0.313,L,0
0022300840,1610612749,Milwaukee,Bucks,MIL,bucks,240:00,654.3,130.9,442.7,88.5,211.5,42.3,0.63,2.9,21.5,0.267,0.827,0.567,10.638,10.6,0.607,0.635,1.0,0.991,19.0,95.0,79.17,94.0,0.663,W,1
0022300840,1610612766,Charlotte,Hornets,CHA,hornets,240:00,442.7,88.5,654.3,130.9,-211.5,-42.3,0.8,1.85,18.6,0.173,0.733,0.433,13.542,13.5,0.438,0.48,1.0,0.962,19.0,95.0,79.17,96.0,0.337,L,0
0022300838,1610612750,Minnesota,Timberwolves,MIN,timberwolves,240:00,553.4,110.7,514.7,102.9,38.7,7.7,0.651,2.0,19.2,0.294,0.783,0.526,13.592,13.6,0.532,0.567,1.0,0.975,20.5,102.5,85.42,103.0,0.556,W,1
0022300838,1610612759,San Antonio,Spurs,SAS,spurs,240:00,514.7,102.9,553.4,110.7,-38.7,-7.7,0.718,1.22,20.0,0.217,0.706,0.474,22.549,22.5,0.573,0.593,1.0,0.982,20.5,102.5,85.42,102.0,0.444,L,0
0022300837,1610612752,New York,Knicks,NYK,knicks,240:00,505.5,101.1,625.0,125.0,-119.5,-23.9,0.871,2.08,20.0,0.315,0.7,0.479,14.286,14.3,0.458,0.494,1.0,0.972,18.3,91.5,76.25,91.0,0.388,L,0
0022300837,1610612740,New Orleans,Pelicans,NOP,pelicans,240:00,625.0,125.0,505.5,101.1,119.5,23.9,0.59,1.53,18.1,0.3,0.685,0.521,16.304,16.3,0.623,0.66,1.0,0.962,18.3,91.5,76.25,92.0,0.612,W,1
0022300841,1610612760,Oklahoma City,Thunder,OKC,thunder,240:00,543.7,108.7,461.2,92.2,82.5,16.5,0.432,1.27,14.0,0.275,0.733,0.523,14.563,14.6,0.527,0.555,1.0,0.966,20.6,103.0,85.83,103.0,0.606,W,1
0022300841,1610612745,Houston,Rockets,HOU,rockets,240:00,461.2,92.2,543.7,108.7,-82.5,-16.5,0.595,1.47,15.6,0.267,0.725,0.477,14.563,14.6,0.437,0.462,1.0,0.983,20.6,103.0,85.83,103.0,0.394,L,0
0022300842,1610612757,Portland,Trail Blazers,POR,blazers,240:00,516.1,103.2,569.9,114.0,-53.8,-10.8,0.686,1.33,17.5,0.404,0.75,0.545,19.355,19.4,0.465,0.509,1.0,0.991,18.6,93.0,77.5,93.0,0.404,L,0
0022300842,1610612748,Miami,Heat,MIA,heat,240:00,569.9,114.0,516.1,103.2,53.8,10.8,0.784,1.45,22.3,0.25,0.596,0.455,21.505,21.5,0.629,0.651,1.0,0.97,18.6,93.0,77.5,93.0,0.596,W,1
0022300833,1610612753,Orlando,Magic,ORL,magic,240:00,574.5,114.9,421.9,84.4,152.6,30.5,0.513,1.05,16.3,0.237,0.72,0.511,20.213,20.2,0.588,0.635,1.0,0.981,19.0,95.0,79.17,94.0,0.686,W,1
0022300833,1610612751,Brooklyn,Nets,BKN,nets,240:00,421.9,84.4,574.5,114.9,-152.6,-30.5,0.581,0.82,14.1,0.28,0.763,0.489,22.917,22.9,0.443,0.476,1.0,0.945,19.0,95.0,79.17,96.0,0.314,L,0
0022300834,1610612764,Washington,Wizards,WAS,wizards,240:00,538.5,107.7,580.2,116.0,-41.7,-8.3,0.739,1.62,22.5,0.271,0.66,0.463,20.192,20.2,0.559,0.575,1.0,0.991,21.0,105.0,87.5,104.0,0.439,L,0
0022300834,1610612744,Golden State,Warriors,GSW,warriors,240:00,580.2,116.0,538.5,107.7,41.7,8.3,0.83,2.05,24.2,0.34,0.729,0.537,17.925,17.9,0.612,0.622,1.0,0.959,21.0,105.0,87.5,106.0,0.561,W,1
0022300832,1610612739,Cleveland,Cavaliers,CLE,cavaliers,240:00,623.7,124.7,607.1,121.4,16.6,3.3,0.795,2.19,24.6,0.244,0.854,0.573,16.495,16.5,0.651,0.665,1.0,1.0,19.5,97.5,81.25,97.0,0.514,W,1
0022300832,1610612742,Dallas,Mavericks,DAL,mavericks,240:00,607.1,121.4,623.7,124.7,-16.6,-3.3,0.479,4.6,18.1,0.146,0.756,0.427,5.102,5.1,0.604,0.61,1.0,0.981,19.5,97.5,81.25,98.0,0.486,L,0
0022300829,1610612754,Indiana,Pacers,IND,pacers,240:00,604.0,120.8,637.3,127.5,-33.3,-6.7,0.587,2.7,18.1,0.375,0.66,0.505,9.901,9.9,0.525,0.554,1.0,0.992,20.3,101.5,84.58,101.0,0.443,L,0
0022300829,1610612761,Toronto,Raptors,TOR,raptors,240:00,637.3,127.5,604.0,120.8,33.3,6.7,0.66,2.92,22.9,0.34,0.625,0.495,11.765,11.8,0.615,0.628,1.0,0.966,20.3,101.5,84.58,102.0,0.557,W,1
0022300828,1610612752,New York,Knicks,NYK,knicks,240:00,588.5,117.7,584.2,116.8,4.3,0.9,0.756,2.21,20.9,0.375,0.705,0.52,14.583,14.6,0.527,0.558,1.0,0.974,19.1,95.5,79.58,96.0,0.496,W,1
0022300828,1610612765,Detroit,Pistons,DET,pistons,240:00,584.2,116.8,588.5,117.7,-4.3,-0.9,0.658,1.47,18.9,0.295,0.625,0.48,17.895,17.9,0.57,0.614,1.0,1.0,19.1,95.5,79.58,95.0,0.504,L,0
0022300830,1610612763,Memphis,Grizzlies,MEM,grizzlies,240:00,457.4,91.5,596.8,119.4,-139.3,-27.9,0.552,1.07,13.2,0.229,0.694,0.464,15.957,16.0,0.433,0.497,1.0,0.962,18.7,93.5,77.92,94.0,0.391,L,0
0022300830,1610612751,Brooklyn,Nets,BKN,nets,240:00,596.8,119.4,457.4,91.5,139.3,27.9,0.727,3.2,22.9,0.306,0.771,0.536,10.753,10.8,0.572,0.577,1.0,0.972,18.7,93.5,77.92,93.0,0.609,W,1
0022300831,1610612758,Sacramento,Kings,SAC,kings,240:00,567.0,113.4,623.7,124.7,-56.7,-11.3,0.667,2.0,21.7,0.256,0.733,0.5,15.464,15.5,0.606,0.609,1.0,0.981,19.4,97.0,80.83,97.0,0.463,L,0
0022300831,1610612748,Miami,Heat,MIA,heat,240:00,623.7,124.7,567.0,113.4,56.7,11.3,0.6,2.45,19.9,0.267,0.744,0.5,11.34,11.3,0.58,0.617,1.0,0.991,19.4,97.0,80.83,97.0,0.537,W,1
0022300823,1610612740,New Orleans,Pelicans,NOP,pelicans,240:00,530.0,106.0,558.8,111.8,-28.8,-5.8,0.625,1.32,18.1,0.255,0.709,0.491,19.0,19.0,0.545,0.563,1.0,1.0,20.2,101.0,84.17,100.0,0.449,L,0
0022300823,1610612741,Chicago,Bulls,CHI,bulls,240:00,558.8,111.8,530.0,106.0,28.8,5.8,0.707,2.64,20.0,0.291,0.745,0.509,10.784,10.8,0.5,0.547,1.0,0.974,20.2,101.0,84.17,102.0,0.551,W,1
0022300820,1610612764,Washington,Wizards,WAS,wizards,240:00,525.0,105.0,570.0,114.0,-45.0,-9.0,0.725,3.22,21.2,0.154,0.8,0.454,9.0,9.0,0.511,0.536,1.0,0.981,20.0,100.0,83.33,100.0,0.423,L,0
0022300820,1610612739,Cleveland,Cavaliers,CLE,cavaliers,240:00,570.0,114.0,525.0,105.0,45.0,9.0,0.833,3.18,24.3,0.2,0.846,0.546,11.0,11.0,0.566,0.601,1.0,0.972,20.0,100.0,83.33,100.0,0.577,W,1
0022300821,1610612737,Atlanta,Hawks,ATL,hawks,240:00,561.9,112.4,474.2,94.8,87.6,17.5,0.756,3.1,22.0,0.26,0.685,0.481,10.309,10.3,0.522,0.559,1.0,0.973,19.4,97.0,80.83,97.0,0.609,W,1
0022300821,1610612753,Orlando,Magic,ORL,magic,240:00,474.2,94.8,561.9,112.4,-87.6,-17.5,0.657,1.15,16.8,0.315,0.74,0.519,20.619,20.6,0.5,0.5,1.0,0.965,19.4,97.0,80.83,97.0,0.391,L,0
0022300825,1610612762,Utah,Jazz,UTA,jazz,240:00,581.8,116.4,495.5,99.1,86.4,17.3,0.783,2.12,23.2,0.196,0.774,0.505,15.455,15.5,0.606,0.642,1.0,0.983,22.0,110.0,91.67,110.0,0.565,W,1
0022300825,1610612759,San Antonio,Spurs,SAS,spurs,240:00,495.5,99.1,581.8,116.4,-86.4,-17.3,0.81,1.7,21.8,0.226,0.804,0.495,18.182,18.2,0.533,0.549,1.0,0.984,22.0,110.0,91.67,110.0,0.435,L,0
0022300817,1610612755,Philadelphia,76ers,PHI,sixers,240:00,505.2,101.0,626.3,125.3,-121.2,-24.2,0.667,2.4,17.1,0.311,0.718,0.47,10.309,10.3,0.454,0.481,1.0,0.966,19.2,96.0,80.0,97.0,0.376,L,0
0022300817,1610612749,Milwaukee,Bucks,MIL,bucks,240:00,626.3,125.3,505.2,101.0,121.2,24.2,0.744,1.68,23.2,0.282,0.689,0.53,20.0,20.0,0.658,0.685,1.0,0.991,19.2,96.0,80.0,95.0,0.624,W,1
0022300822,1610612745,Houston,Rockets,HOU,rockets,240:00,528.8,105.8,597.1,119.4,-68.2,-13.6,0.474,1.0,12.9,0.328,0.75,0.527,17.308,17.3,0.495,0.533,1.0,0.992,20.7,103.5,86.25,104.0,0.408,L,0
0022300822,1610612760,Oklahoma City,Thunder,OKC,thunder,240:00,597.1,119.4,528.8,105.8,68.2,13.6,0.652,2.5,20.5,0.25,0.672,0.473,11.65,11.7,0.562,0.594,1.0,0.974,20.7,103.5,86.25,103.0,0.592,W,1
0022300827,1610612746,LA,Clippers,LAC,clippers,240:00,575.3,115.1,654.3,130.9,-79.0,-15.8,0.575,1.44,17.7,0.333,0.592,0.473,17.204,17.2,0.537,0.589,1.0,0.981,18.7,93.5,77.92,93.0,0.449,L,0
0022300827,1610612758,Sacramento,Kings,SAC,kings,240:00,654.3,130.9,575.3,115.1,79.0,15.8,0.644,2.9,20.3,0.408,0.667,0.527,10.638,10.6,0.577,0.611,1.0,0.974,18.7,93.5,77.92,94.0,0.551,W,1
0022300824,1610612744,Golden State,Warriors,GSW,warriors,240:00,520.2,104.0,607.1,121.4,-86.9,-17.4,0.771,1.59,19.1,0.3,0.723,0.505,17.172,17.2,0.5,0.549,1.0,0.974,19.7,98.5,82.08,99.0,0.414,L,0
0022300824,1610612743,Denver,Nuggets,DEN,nuggets,240:00,607.1,121.4,520.2,104.0,86.9,17.4,0.674,2.9,20.7,0.277,0.7,0.495,10.204,10.2,0.551,0.598,1.0,0.991,19.7,98.5,82.08,98.0,0.586,W,1
0022300818,1610612756,Phoenix,Suns,PHX,suns,240:00,621.2,124.2,570.7,114.1,50.5,10.1,0.727,2.13,21.5,0.36,0.826,0.583,15.152,15.2,0.565,0.607,1.0,0.966,19.8,99.0,82.5,99.0,0.548,W,1
0022300818,1610612747,Los Angeles,Lakers,LAL,lakers,240:00,570.7,114.1,621.2,124.2,-50.5,-10.1,0.596,2.33,20.9,0.174,0.64,0.417,12.121,12.1,0.606,0.604,1.0,0.972,19.8,99.0,82.5,99.0,0.452,L,0
0022300819,1610612754,Indiana,Pacers,IND,pacers,240:00,633.3,126.7,523.6,104.7,109.7,21.9,0.731,2.53,24.7,0.256,0.824,0.564,14.286,14.3,0.634,0.662,1.0,0.957,21.1,105.5,87.92,105.0,0.628,W,1
0022300819,1610612742,Dallas,Mavericks,DAL,mavericks,240:00,523.6,104.7,633.3,126.7,-109.7,-21.9,0.366,0.94,11.5,0.176,0.744,0.436,15.094,15.1,0.552,0.577,1.0,0.974,21.1,105.5,87.92,106.0,0.372,L,0
0022300826,1610612757,Portland,Trail Blazers,POR,blazers,240:00,412.4,82.5,479.4,95.9,-67.0,-13.4,0.424,0.88,10.4,0.375,0.86,0.57,16.495,16.5,0.363,0.392,1.0,0.975,19.4,97.0,80.83,97.0,0.353,L,0
0022300826,1610612766,Charlotte,Hornets,CHA,hornets,240:00,479.4,95.9,412.4,82.5,67.0,13.4,0.649,1.26,18.9,0.14,0.625,0.43,19.588,19.6,0.54,0.564,1.0,0.932,19.4,97.0,80.83,97.0,0.647,W,1
0022300815,1610612750,Minnesota,Timberwolves,MIN,timberwolves,240:00,495.1,99.0,430.0,86.0,65.1,13.0,0.611,1.69,16.5,0.192,0.71,0.488,12.745,12.7,0.5,0.537,1.0,0.964,20.2,101.0,84.17,102.0,0.611,W,1
0022300815,1610612751,Brooklyn,Nets,BKN,nets,240:00,430.0,86.0,495.1,99.0,-65.1,-13.0,0.571,1.82,14.3,0.29,0.808,0.512,11.0,11.0,0.365,0.395,1.0,1.0,20.2,101.0,84.17,100.0,0.389,L,0
0022300814,1610612765,Detroit,Pistons,DET,pistons,240:00,586.0,117.2,602.2,120.4,-16.1,-3.2,0.674,2.42,21.8,0.239,0.646,0.447,12.903,12.9,0.588,0.601,1.0,0.981,18.6,93.0,77.5,93.0,0.479,L,0
0022300814,1610612753,Orlando,Magic,ORL,magic,240:00,602.2,120.4,586.0,117.2,16.1,3.2,0.581,1.92,18.7,0.354,0.761,0.553,13.978,14.0,0.563,0.582,1.0,0.963,18.6,93.0,77.5,93.0,0.521,W,1
0022300816,1610612752,New York,Knicks,NYK,knicks,240:00,614.5,122.9,690.5,138.1,-76.0,-15.2,0.568,1.5,17.1,0.413,0.684,0.536,16.867,16.9,0.53,0.573,1.0,0.98,16.7,83.5,69.58,83.0,0.401,L,0
0022300816,1610612738,Boston,Celtics,BOS,celtics,240:00,690.5,138.1,614.5,122.9,76.0,15.2,0.587,3.86,22.0,0.316,0.587,0.464,8.333,8.3,0.66,0.672,1.0,0.969,16.7,83.5,69.58,84.0,0.599,W,1
0022300807,1610612763,Memphis,Grizzlies,MEM,grizzlies,240:00,500.0,100.0,526.0,105.2,-26.0,-5.2,0.684,2.0,19.0,0.304,0.638,0.456,13.684,13.7,0.462,0.484,1.0,0.991,19.1,95.5,79.58,95.0,0.492,L,0
0022300807,1610612746,LA,Clippers,LAC,clippers,240:00,526.0,105.2,500.0,100.0,26.0,5.2,0.541,0.95,15.0,0.362,0.696,0.544,21.875,21.9,0.512,0.552,1.0,0.982,19.1,95.5,79.58,96.0,0.508,W,1
0022300808,1610612750,Minnesota,Timberwolves,MIN,timberwolves,240:00,545.9,109.2,571.4,114.3,-25.5,-5.1,0.535,1.64,16.3,0.345,0.74,0.528,14.286,14.3,0.505,0.516,1.0,0.975,19.6,98.0,81.67,98.0,0.461,L,0
0022300808,1610612749,Milwaukee,Bucks,MIL,bucks,240:00,571.4,114.3,545.9,109.2,25.5,5.1,0.585,2.4,17.8,0.26,0.655,0.472,10.204,10.2,0.546,0.571,1.0,0.982,19.6,98.0,81.67,98.0,0.539,W,1
0022300805,1610612755,Philadelphia,76ers,PHI,sixers,240:00,530.6,106.1,500.0,100.0,30.6,6.1,0.5,2.0,15.4,0.231,0.827,0.529,10.204,10.2,0.511,0.538,1.0,0.964,19.5,97.5,81.25,98.0,0.51,W,1
0022300805,1610612739,Cleveland,Cavaliers,CLE,cavaliers,240:00,500.0,100.0,530.6,106.1,-30.6,-6.1,0.706,2.18,18.6,0.173,0.769,0.471,11.34,11.3,0.475,0.518,1.0,0.99,19.5,97.5,81.25,97.0,0.49,L,0
0022300811,1610612744,Golden State,Warriors,GSW,warriors,240:00,489.9,98.0,420.0,84.0,69.9,14.0,0.737,1.27,19.3,0.353,0.75,0.561,22.222,22.2,0.5,0.519,1.0,0.983,19.9,99.5,82.92,99.0,0.584,W,1
0022300811,1610612766,Charlotte,Hornets,CHA,hornets,240:00,420.0,84.0,489.9,98.0,-69.9,-14.0,0.656,1.11,15.6,0.25,0.647,0.439,19.0,19.0,0.426,0.452,1.0,0.965,19.9,99.5,82.92,100.0,0.416,L,0
0022300810,1610612740,New Orleans,Pelicans,NOP,pelicans,240:00,494.8,99.0,546.4,109.3,-51.6,-10.3,0.513,1.82,14.2,0.379,0.735,0.53,11.458,11.5,0.409,0.433,1.0,0.992,19.3,96.5,80.42,96.0,0.423,L,0
0022300810,1610612748,Miami,Heat,MIA,heat,240:00,546.4,109.3,494.8,99.0,51.6,10.3,0.526,1.33,15.4,0.265,0.621,0.47,15.464,15.5,0.543,0.57,1.0,0.964,19.3,96.5,80.42,97.0,0.577,W,1
0022300809,1610612760,Oklahoma City,Thunder,OKC,thunder,240:00,656.3,131.3,481.8,96.4,174.4,34.9,0.545,2.0,20.0,0.205,0.746,0.547,13.393,13.4,0.707,0.726,1.0,0.967,22.2,111.0,92.5,112.0,0.695,W,1
0022300809,1610612764,Washington,Wizards,WAS,wizards,240:00,481.8,96.4,656.3,131.3,-174.4,-34.9,0.488,1.25,13.6,0.254,0.795,0.453,14.545,14.5,0.438,0.468,1.0,0.984,22.2,111.0,92.5,110.0,0.305,L,0
0022300806,1610612745,Houston,Rockets,HOU,rockets,240:00,553.4,110.7,534.0,106.8,19.4,3.9,0.676,1.79,16.7,0.361,0.672,0.516,13.592,13.6,0.478,0.528,1.0,0.976,20.6,103.0,85.83,103.0,0.481,W,1
0022300806,1610612756,Phoenix,Suns,PHX,suns,240:00,534.0,106.8,553.4,110.7,-19.4,-3.9,0.605,2.3,15.8,0.328,0.639,0.484,9.709,9.7,0.437,0.498,1.0,0.984,20.6,103.0,85.83,103.0,0.519,L,0
0022300813,1610612747,Los Angeles,Lakers,LAL,lakers,240:00,591.3,118.3,572.8,114.6,18.5,3.7,0.571,2.15,19.2,0.292,0.696,0.51,12.5,12.5,0.574,0.598,1.0,0.966,20.7,103.5,86.25,104.0,0.507,W,1
0022300813,1610612759,San Antonio,Spurs,SAS,spurs,240:00,572.8,114.6,591.3,118.3,-18.5,-3.7,0.786,2.36,21.6,0.304,0.708,0.49,13.592,13.6,0.516,0.556,1.0,0.992,20.7,103.5,86.25,103.0,0.493,L,0
0022300804,1610612737,Atlanta,Hawks,ATL,hawks,240:00,599.0,119.8,608.9,121.8,-9.9,-2.0,0.587,3.0,17.4,0.422,0.692,0.543,8.911,8.9,0.491,0.519,1.0,0.984,20.2,101.0,84.17,101.0,0.475,L,0
0022300804,1610612761,Toronto,Raptors,TOR,raptors,240:00,608.9,121.8,599.0,119.8,9.9,2.0,0.74,3.08,24.0,0.308,0.578,0.457,11.881,11.9,0.564,0.583,1.0,0.974,20.2,101.0,84.17,101.0,0.525,W,1
0022300812,1610612757,Portland,Trail Blazers,POR,blazers,240:00,589.5,117.9,661.5,132.3,-72.0,-14.4,0.543,2.27,17.6,0.39,0.65,0.495,11.579,11.6,0.495,0.514,1.0,1.0,19.1,95.5,79.58,95.0,0.401,L,0
0022300812,1610612743,Denver,Nuggets,DEN,nuggets,240:00,661.5,132.3,589.5,117.9,72.0,14.4,0.76,2.92,25.9,0.35,0.61,0.505,13.542,13.5,0.665,0.671,1.0,0.972,19.1,95.5,79.58,96.0,0.599,W,1
0022300796,1610612742,Dallas,Mavericks,DAL,mavericks,240:00,640.6,128.1,588.5,117.7,52.1,10.4,0.558,2.4,17.8,0.313,0.674,0.489,10.417,10.4,0.583,0.62,1.0,0.982,19.2,96.0,80.0,96.0,0.551,W,1
0022300796,1610612756,Phoenix,Suns,PHX,suns,240:00,588.5,117.7,640.6,128.1,-52.1,-10.4,0.5,1.25,15.4,0.326,0.688,0.511,16.667,16.7,0.572,0.604,1.0,0.991,19.2,96.0,80.0,96.0,0.449,L,0
0022300798,1610612740,New Orleans,Pelicans,NOP,pelicans,240:00,604.8,121.0,500.0,100.0,104.8,21.0,0.7,2.5,22.9,0.275,0.673,0.476,13.333,13.3,0.604,0.611,1.0,0.983,21.0,105.0,87.5,105.0,0.62,W,1
0022300798,1610612745,Houston,Rockets,HOU,rockets,240:00,500.0,100.0,604.8,121.0,-104.8,-21.0,0.75,1.13,18.1,0.327,0.725,0.524,22.857,22.9,0.53,0.557,1.0,0.959,21.0,105.0,87.5,105.0,0.38,L,0
0022300793,1610612754,Indiana,Pacers,IND,pacers,240:00,614.3,122.9,542.5,108.5,71.8,14.4,0.72,2.57,23.7,0.234,0.809,0.521,13.333,13.3,0.601,0.63,1.0,0.983,21.1,105.5,87.92,105.0,0.581,W,1
0022300793,1610612765,Detroit,Pistons,DET,pistons,240:00,542.5,108.5,614.3,122.9,-71.8,-14.4,0.574,1.8,19.0,0.191,0.766,0.479,14.151,14.2,0.596,0.593,1.0,0.974,21.1,105.5,87.92,106.0,0.419,L,0
0022300794,1610612755,Philadelphia,76ers,PHI,sixers,240:00,494.8,99.0,567.0,113.4,-72.2,-14.4,0.622,1.28,17.4,0.25,0.711,0.473,18.557,18.6,0.5,0.532,1.0,0.982,19.4,97.0,80.83,97.0,0.402,L,0
0022300794,1610612752,New York,Knicks,NYK,knicks,240:00,567.0,113.4,494.8,99.0,72.2,14.4,0.632,1.33,17.9,0.289,0.75,0.527,18.557,18.6,0.576,0.605,1.0,0.955,19.4,97.0,80.83,97.0,0.598,W,1
0022300799,1610612760,Oklahoma City,Thunder,OKC,thunder,240:00,638.6,127.7,524.5,104.9,114.1,22.8,0.48,1.6,17.5,0.279,0.731,0.526,14.851,14.9,0.65,0.662,1.0,0.965,20.3,101.5,84.58,101.0,0.579,W,1
0022300799,1610612746,LA,Clippers,LAC,clippers,240:00,524.5,104.9,638.6,127.7,-114.1,-22.8,0.643,1.93,18.9,0.269,0.721,0.474,13.725,13.7,0.516,0.542,1.0,0.974,20.3,101.5,84.58,102.0,0.421,L,0
0022300795,1610612761,Toronto,Raptors,TOR,raptors,240:00,593.1,118.6,455.9,91.2,137.3,27.5,0.585,2.18,17.8,0.2,0.796,0.511,10.784,10.8,0.571,0.622,1.0,0.973,20.4,102.0,85.0,102.0,0.675,W,1
0022300795,1610612751,Brooklyn,Nets,BKN,nets,240:00,455.9,91.2,593.1,118.6,-137.3,-27.5,0.576,0.95,14.6,0.204,0.8,0.489,19.608,19.6,0.481,0.519,1.0,0.982,20.4,102.0,85.0,102.0,0.325,L,0
0022300801,1610612762,Utah,Jazz,UTA,jazz,240:00,545.9,109.2,575.0,115.0,-29.1,-5.8,0.703,1.37,18.2,0.373,0.714,0.551,19.388,19.4,0.483,0.547,1.0,1.0,19.8,99.0,82.5,98.0,0.479,L,0
0022300801,1610612766,Charlotte,Hornets,CHA,hornets,240:00,575.0,115.0,545.9,109.2,29.1,5.8,0.7,2.8,19.6,0.286,0.627,0.449,10.0,10.0,0.543,0.565,1.0,0.965,19.8,99.0,82.5,100.0,0.521,W,1
0022300792,1610612739,Cleveland,Cavaliers,CLE,cavaliers,240:00,586.0,117.2,630.4,126.1,-44.4,-8.9,0.795,1.63,23.5,0.294,0.69,0.513,20.43,20.4,0.629,0.669,1.0,0.97,18.5,92.5,77.08,93.0,0.516,L,0
0022300792,1610612753,Orlando,Magic,ORL,magic,240:00,630.4,126.1,586.0,117.2,44.4,8.9,0.605,2.0,19.8,0.31,0.706,0.487,14.13,14.1,0.595,0.631,1.0,0.99,18.5,92.5,77.08,92.0,0.484,W,1
0022300803,1610612758,Sacramento,Kings,SAC,kings,240:00,622.5,124.5,604.0,120.8,18.6,3.7,0.558,2.9,20.6,0.25,0.735,0.505,9.804,9.8,0.629,0.64,1.0,0.982,20.3,101.5,84.58,102.0,0.503,W,1
0022300803,1610612759,San Antonio,Spurs,SAS,spurs,240:00,604.0,120.8,622.5,124.5,-18.6,-3.7,0.74,4.63,24.5,0.265,0.75,0.495,7.921,7.9,0.566,0.581,1.0,0.991,20.3,101.5,84.58,101.0,0.497,L,0
0022300802,1610612744,Golden State,Warriors,GSW,warriors,240:00,640.0,128.0,544.6,108.9,95.4,19.1,0.64,3.56,20.6,0.397,0.766,0.562,9.0,9.0,0.542,0.566,1.0,0.992,20.1,100.5,83.75,100.0,0.542,W,1
0022300802,1610612747,Los Angeles,Lakers,LAL,lakers,240:00,544.6,108.9,640.0,128.0,-95.4,-19.1,0.651,2.55,20.0,0.234,0.603,0.438,10.891,10.9,0.545,0.566,1.0,0.973,20.1,100.5,83.75,101.0,0.458,L,0
0022300800,1610612743,Denver,Nuggets,DEN,nuggets,240:00,601.9,120.4,509.3,101.9,92.6,18.5,0.732,2.56,24.7,0.37,0.714,0.578,14.815,14.8,0.589,0.604,1.0,0.984,21.6,108.0,90.0,108.0,0.654,W,1
0022300800,1610612764,Washington,Wizards,WAS,wizards,240:00,509.3,101.9,601.9,120.4,-92.6,-18.5,0.75,2.14,19.0,0.286,0.63,0.422,12.963,13.0,0.466,0.482,1.0,0.984,21.6,108.0,90.0,108.0,0.346,L,0
0022300797,1610612741,Chicago,Bulls,CHI,bulls,240:00,560.0,112.0,645.0,129.0,-85.0,-17.0,0.682,2.31,20.4,0.333,0.829,0.554,13.0,13.0,0.521,0.554,1.0,0.983,20.0,100.0,83.33,100.0,0.444,L,0
0022300797,1610612738,Boston,Celtics,BOS,celtics,240:00,645.0,129.0,560.0,112.0,85.0,17.0,0.6,1.93,20.1,0.171,0.667,0.446,14.0,14.0,0.681,0.699,1.0,0.972,20.0,100.0,83.33,100.0,0.556,W,1
0022300791,1610612757,Portland,Trail Blazers,POR,blazers,240:00,446.1,89.2,627.5,125.5,-181.4,-36.3,0.581,1.2,13.6,0.218,0.705,0.434,14.706,14.7,0.422,0.473,1.0,0.991,20.4,102.0,85.0,102.0,0.285,L,0
0022300791,1610612750,Minnesota,Timberwolves,MIN,timberwolves,240:00,627.5,125.5,446.1,89.2,181.4,36.3,0.522,1.71,17.3,0.295,0.782,0.566,13.725,13.7,0.579,0.634,1.0,0.974,20.4,102.0,85.0,102.0,0.715,W,1
0022300576,1610612762,Utah,Jazz,UTA,jazz,240:00,658.7,131.7,679.6,135.9,-21.0,-4.2,0.767,2.06,20.9,0.44,0.696,0.563,15.385,15.4,0.581,0.64,1.0,0.984,20.7,103.5,86.25,104.0,0.47,L,0
0022300576,1610612744,Golden State,Warriors,GSW,warriors,240:00,679.6,135.9,658.7,131.7,21.0,4.2,0.857,3.23,26.4,0.304,0.56,0.438,12.621,12.6,0.641,0.671,1.0,0.991,20.7,103.5,86.25,103.0,0.53,W,1
0022300790,1610612763,Memphis,Grizzlies,MEM,grizzlies,240:00,565.0,113.0,544.6,108.9,20.4,4.1,0.682,1.88,21.7,0.186,0.68,0.452,16.0,16.0,0.608,0.618,1.0,0.981,20.1,100.5,83.75,100.0,0.538,W,1
0022300790,1610612749,Milwaukee,Bucks,MIL,bucks,240:00,544.6,108.9,565.0,113.0,-20.4,-4.1,0.571,1.71,17.3,0.32,0.814,0.548,13.861,13.9,0.528,0.557,1.0,0.974,20.1,100.5,83.75,101.0,0.462,L,0
0022300777,1610612766,Charlotte,Hornets,CHA,hornets,240:00,622.4,124.5,505.1,101.0,117.3,23.5,0.614,2.08,19.6,0.311,0.667,0.505,13.265,13.3,0.579,0.624,1.0,0.982,19.6,98.0,81.67,98.0,0.613,W,1
0022300777,1610612737,Atlanta,Hawks,ATL,hawks,240:00,505.1,101.0,622.4,124.5,-117.3,-23.5,0.639,1.44,16.7,0.333,0.689,0.495,16.327,16.3,0.455,0.506,1.0,0.991,19.6,98.0,81.67,98.0,0.387,L,0
0022300780,1610612738,Boston,Celtics,BOS,celtics,240:00,731.2,146.2,452.6,90.5,278.6,55.7,0.615,3.2,23.2,0.325,0.824,0.604,10.753,10.8,0.692,0.706,1.0,0.981,18.8,94.0,78.33,93.0,0.689,W,1
0022300780,1610612751,Brooklyn,Nets,BKN,nets,240:00,452.6,90.5,731.2,146.2,-278.6,-55.7,0.871,2.25,20.8,0.176,0.675,0.396,12.632,12.6,0.444,0.491,1.0,0.961,18.8,94.0,78.33,95.0,0.311,L,0
0022300779,1610612755,Philadelphia,76ers,PHI,sixers,240:00,541.7,108.3,567.7,113.5,-26.0,-5.2,0.707,2.07,21.2,0.25,0.723,0.484,14.583,14.6,0.535,0.559,1.0,0.981,19.2,96.0,80.0,96.0,0.454,L,0
0022300779,1610612748,Miami,Heat,MIA,heat,240:00,567.7,113.5,541.7,108.3,26.0,5.2,0.643,2.08,19.9,0.277,0.75,0.516,13.542,13.5,0.54,0.576,1.0,0.982,19.2,96.0,80.0,96.0,0.546,W,1
0022300786,1610612743,Denver,Nuggets,DEN,nuggets,240:00,485.1,97.0,500.0,100.0,-14.9,-3.0,0.771,2.25,19.1,0.236,0.745,0.481,11.881,11.9,0.444,0.497,1.0,0.982,20.3,101.5,84.58,101.0,0.491,L,0
0022300786,1610612758,Sacramento,Kings,SAC,kings,240:00,500.0,100.0,485.1,97.0,14.9,3.0,0.538,1.4,15.4,0.255,0.764,0.519,14.706,14.7,0.489,0.524,1.0,0.965,20.3,101.5,84.58,102.0,0.509,W,1
0022300781,1610612739,Cleveland,Cavaliers,CLE,cavaliers,240:00,568.4,113.7,546.9,109.4,21.5,4.3,0.775,3.88,23.5,0.156,0.696,0.429,8.421,8.4,0.554,0.585,1.0,0.99,19.1,95.5,79.58,95.0,0.55,W,1
0022300781,1610612741,Chicago,Bulls,CHI,bulls,240:00,546.9,109.4,568.4,113.7,-21.5,-4.3,0.474,1.2,14.2,0.304,0.844,0.571,15.625,15.6,0.542,0.58,1.0,0.963,19.1,95.5,79.58,96.0,0.45,L,0
0022300785,1610612742,Dallas,Mavericks,DAL,mavericks,240:00,557.7,111.5,451.5,90.3,106.2,21.2,0.571,1.75,19.4,0.273,0.754,0.56,15.385,15.4,0.592,0.602,1.0,0.966,20.7,103.5,86.25,104.0,0.613,W,1
0022300785,1610612759,San Antonio,Spurs,SAS,spurs,240:00,451.5,90.3,557.7,111.5,-106.2,-21.2,0.806,2.42,19.6,0.246,0.727,0.44,11.65,11.7,0.41,0.436,1.0,0.983,20.7,103.5,86.25,103.0,0.387,L,0
0022300789,1610612744,Golden State,Warriors,GSW,warriors,240:00,601.0,120.2,631.1,126.2,-30.1,-6.0,0.723,3.78,21.9,0.293,0.735,0.495,8.654,8.7,0.544,0.563,1.0,0.975,20.7,103.5,86.25,104.0,0.478,L,0
0022300789,1610612746,LA,Clippers,LAC,clippers,240:00,631.1,126.2,601.0,120.2,30.1,6.0,0.636,2.33,19.4,0.265,0.707,0.505,11.65,11.7,0.574,0.623,1.0,0.991,20.7,103.5,86.25,103.0,0.522,W,1
0022300787,1610612756,Phoenix,Suns,PHX,suns,240:00,522.5,104.5,454.5,90.9,68.0,13.6,0.8,1.17,18.4,0.283,0.738,0.55,21.622,21.6,0.519,0.602,1.0,0.968,22.1,110.5,92.08,111.0,0.658,W,1
0022300787,1610612765,Detroit,Pistons,DET,pistons,240:00,454.5,90.9,522.5,104.5,-68.0,-13.6,0.684,1.37,17.1,0.262,0.717,0.45,17.273,17.3,0.434,0.46,1.0,0.992,22.1,110.5,92.08,110.0,0.342,L,0
0022300782,1610612761,Toronto,Raptors,TOR,raptors,240:00,595.2,119.0,599.1,119.8,-3.8,-0.8,0.6,2.0,19.5,0.365,0.8,0.589,14.286,14.3,0.541,0.571,1.0,0.992,21.1,105.5,87.92,105.0,0.502,L,0
0022300782,1610612754,Indiana,Pacers,IND,pacers,240:00,599.1,119.8,595.2,119.0,3.8,0.8,0.681,4.0,21.5,0.2,0.635,0.411,7.547,7.5,0.572,0.593,1.0,0.974,21.1,105.5,87.92,106.0,0.498,W,1
0022300784,1610612740,New Orleans,Pelicans,NOP,pelicans,240:00,639.4,127.9,611.7,122.3,27.8,5.6,0.72,3.6,24.0,0.268,0.64,0.473,9.615,9.6,0.618,0.653,1.0,0.982,20.7,103.5,86.25,104.0,0.564,W,1
0022300784,1610612764,Washington,Wizards,WAS,wizards,240:00,611.7,122.3,639.4,127.9,-27.8,-5.6,0.795,1.84,22.4,0.36,0.732,0.527,18.447,18.4,0.592,0.625,1.0,0.992,20.7,103.5,86.25,103.0,0.436,L,0
0022300788,1610612762,Utah,Jazz,UTA,jazz,240:00,592.2,118.4,683.2,136.6,-90.9,-18.2,0.592,2.23,19.2,0.352,0.744,0.516,12.621,12.6,0.554,0.572,1.0,0.967,20.4,102.0,85.0,103.0,0.416,L,0
0022300788,1610612747,Los Angeles,Lakers,LAL,lakers,240:00,683.2,136.6,592.2,118.4,90.9,18.2,0.654,3.4,23.4,0.256,0.648,0.484,9.901,9.9,0.648,0.679,1.0,0.991,20.4,102.0,85.0,101.0,0.584,W,1
0022300778,1610612753,Orlando,Magic,ORL,magic,240:00,686.0,137.2,588.2,117.6,97.8,19.6,0.521,2.08,20.8,0.321,0.588,0.494,13.953,14.0,0.711,0.73,1.0,0.968,17.1,85.5,71.25,86.0,0.627,W,1
0022300778,1610612752,New York,Knicks,NYK,knicks,240:00,588.2,117.6,686.0,137.2,-97.8,-19.6,0.429,1.25,12.4,0.412,0.679,0.506,14.118,14.1,0.482,0.529,1.0,0.972,17.1,85.5,71.25,85.0,0.373,L,0
0022300783,1610612763,Memphis,Grizzlies,MEM,grizzlies,240:00,605.0,121.0,565.0,113.0,40.0,8.0,0.692,2.45,19.9,0.2,0.615,0.445,11.0,11.0,0.589,0.623,1.0,0.991,20.0,100.0,83.33,100.0,0.584,W,1
0022300783,1610612745,Houston,Rockets,HOU,rockets,240:00,565.0,113.0,605.0,121.0,-40.0,-8.0,0.476,2.22,13.8,0.385,0.8,0.555,9.0,9.0,0.466,0.494,1.0,0.984,20.0,100.0,83.33,100.0,0.416,L,0
0022300776,1610612747,Los Angeles,Lakers,LAL,lakers,240:00,595.2,119.0,523.6,104.7,71.7,14.3,0.744,2.0,21.9,0.209,0.662,0.481,15.238,15.2,0.595,0.643,1.0,0.982,21.1,105.5,87.92,105.0,0.6,W,1
0022300776,1610612765,Detroit,Pistons,DET,pistons,240:00,523.6,104.7,595.2,119.0,-71.7,-14.3,0.667,3.0,19.0,0.338,0.791,0.519,9.434,9.4,0.454,0.481,1.0,0.977,21.1,105.5,87.92,106.0,0.4,L,0
0022300772,1610612753,Orlando,Magic,ORL,magic,240:00,548.5,109.7,616.5,123.3,-68.0,-13.6,0.707,1.81,19.3,0.353,0.85,0.571,15.534,15.5,0.511,0.554,1.0,0.983,20.6,103.0,85.83,103.0,0.446,L,0
0022300772,1610612760,Oklahoma City,Thunder,OKC,thunder,240:00,616.5,123.3,548.5,109.7,68.0,13.6,0.609,2.33,20.6,0.15,0.647,0.429,11.65,11.7,0.625,0.672,1.0,0.981,20.6,103.0,85.83,103.0,0.554,W,1
0022300774,1610612756,Phoenix,Suns,PHX,suns,240:00,613.2,122.6,601.0,120.2,12.2,2.4,0.659,2.42,20.0,0.239,0.688,0.468,11.321,11.3,0.594,0.645,1.0,0.957,21.0,105.0,87.5,106.0,0.539,W,1
0022300774,1610612758,Sacramento,Kings,SAC,kings,240:00,601.0,120.2,613.2,122.6,-12.2,-2.4,0.551,2.08,18.5,0.313,0.761,0.532,12.5,12.5,0.563,0.592,1.0,0.992,21.0,105.0,87.5,104.0,0.461,L,0
0022300771,1610612751,Brooklyn,Nets,BKN,nets,240:00,572.9,114.6,614.6,122.9,-41.7,-8.3,0.718,2.33,21.2,0.182,0.711,0.449,12.5,12.5,0.589,0.608,1.0,0.981,19.2,96.0,80.0,96.0,0.475,L,0
0022300771,1610612738,Boston,Celtics,BOS,celtics,240:00,614.6,122.9,572.9,114.6,41.7,8.3,0.721,2.21,22.3,0.289,0.818,0.551,14.583,14.6,0.608,0.634,1.0,0.981,19.2,96.0,80.0,96.0,0.525,W,1
0022300773,1610612749,Milwaukee,Bucks,MIL,bucks,240:00,480.2,96.0,608.9,121.8,-128.7,-25.7,0.649,1.33,18.5,0.13,0.773,0.444,17.822,17.8,0.524,0.552,1.0,0.991,20.2,101.0,84.17,101.0,0.392,L,0
0022300773,1610612748,Miami,Heat,MIA,heat,240:00,608.9,121.8,480.2,96.0,128.7,25.7,0.756,2.43,23.4,0.227,0.87,0.556,13.861,13.9,0.626,0.648,1.0,0.982,20.2,101.0,84.17,101.0,0.608,W,1
0022300775,1610612757,Portland,Trail Blazers,POR,blazers,240:00,550.5,110.1,605.0,121.0,-54.5,-10.9,0.667,1.63,18.6,0.327,0.708,0.515,16.162,16.2,0.511,0.556,1.0,1.0,19.9,99.5,82.92,99.0,0.415,L,0
0022300775,1610612750,Minnesota,Timberwolves,MIN,timberwolves,240:00,605.0,121.0,550.5,110.1,54.5,10.9,0.615,2.0,17.5,0.292,0.673,0.485,12.0,12.0,0.542,0.611,1.0,0.982,19.9,99.5,82.92,100.0,0.585,W,1
0022300765,1610612745,Houston,Rockets,HOU,rockets,240:00,564.5,112.9,559.8,112.0,4.7,0.9,0.611,1.83,17.1,0.306,0.585,0.451,12.903,12.9,0.513,0.555,1.0,0.972,18.5,92.5,77.08,93.0,0.551,W,1
0022300765,1610612752,New York,Knicks,NYK,knicks,240:00,559.8,112.0,564.5,112.9,-4.7,-0.9,0.452,1.12,14.3,0.415,0.694,0.549,18.478,18.5,0.522,0.529,1.0,0.982,18.5,92.5,77.08,92.0,0.449,L,0
0022300764,1610612761,Toronto,Raptors,TOR,raptors,240:00,458.3,91.7,559.6,111.9,-101.3,-20.3,0.641,1.32,16.7,0.283,0.791,0.495,17.593,17.6,0.439,0.471,1.0,0.992,21.7,108.5,90.42,108.0,0.344,L,0
0022300764,1610612759,San Antonio,Spurs,SAS,spurs,240:00,559.6,111.9,458.3,91.7,101.3,20.3,0.804,1.95,23.9,0.209,0.717,0.505,17.431,17.4,0.592,0.628,1.0,0.958,21.7,108.5,90.42,109.0,0.656,W,1
0022300770,1610612746,LA,Clippers,LAC,clippers,240:00,520.8,104.2,636.8,127.4,-116.0,-23.2,0.588,1.54,15.4,0.275,0.65,0.44,13.542,13.5,0.458,0.524,1.0,0.982,19.1,95.5,79.58,96.0,0.378,L,0
0022300770,1610612750,Minnesota,Timberwolves,MIN,timberwolves,240:00,636.8,127.4,520.8,104.2,116.0,23.2,0.717,2.54,23.4,0.35,0.725,0.56,13.684,13.7,0.599,0.641,1.0,0.981,19.1,95.5,79.58,95.0,0.622,W,1
0022300769,1610612762,Utah,Jazz,UTA,jazz,240:00,509.5,101.9,614.3,122.9,-104.8,-21.0,0.561,1.28,16.3,0.25,0.698,0.476,17.143,17.1,0.505,0.54,1.0,0.975,21.0,105.0,87.5,105.0,0.412,L,0
0022300769,1610612744,Golden State,Warriors,GSW,warriors,240:00,614.3,122.9,509.5,101.9,104.8,21.0,0.646,2.38,20.5,0.302,0.75,0.524,12.381,12.4,0.58,0.6,1.0,1.0,21.0,105.0,87.5,105.0,0.588,W,1
0022300766,1610612763,Memphis,Grizzlies,MEM,grizzlies,240:00,453.1,90.6,500.0,100.0,-46.9,-9.4,0.824,1.56,21.4,0.17,0.702,0.436,18.75,18.8,0.494,0.515,1.0,0.981,19.2,96.0,80.0,96.0,0.474,L,0
0022300766,1610612740,New Orleans,Pelicans,NOP,pelicans,240:00,500.0,100.0,453.1,90.6,46.9,9.4,0.656,1.11,16.0,0.298,0.83,0.564,19.792,19.8,0.494,0.542,1.0,0.964,19.2,96.0,80.0,96.0,0.526,W,1
0022300762,1610612739,Cleveland,Cavaliers,CLE,cavaliers,240:00,630.2,126.0,640.6,128.1,-10.4,-2.1,0.75,3.0,22.4,0.38,0.707,0.527,11.458,11.5,0.549,0.587,1.0,0.982,19.2,96.0,80.0,96.0,0.506,L,0
0022300762,1610612755,Philadelphia,76ers,PHI,sixers,240:00,640.6,128.1,630.2,126.0,10.4,2.1,0.521,2.27,18.8,0.293,0.62,0.473,11.458,11.5,0.608,0.638,1.0,0.972,19.2,96.0,80.0,96.0,0.494,W,1
0022300767,1610612749,Milwaukee,Bucks,MIL,bucks,240:00,577.3,115.5,484.7,96.9,92.6,18.5,0.714,2.31,22.1,0.2,0.712,0.49,13.402,13.4,0.595,0.609,1.0,0.981,19.5,97.5,81.25,97.0,0.602,W,1
0022300767,1610612743,Denver,Nuggets,DEN,nuggets,240:00,484.7,96.9,577.3,115.5,-92.6,-18.5,0.667,1.85,17.3,0.288,0.8,0.51,13.265,13.3,0.441,0.468,1.0,0.974,19.5,97.5,81.25,98.0,0.398,L,0
0022300761,1610612766,Charlotte,Hornets,CHA,hornets,240:00,555.0,111.0,510.0,102.0,45.0,9.0,0.614,1.42,20.0,0.22,0.932,0.588,19.0,19.0,0.598,0.623,1.0,0.972,20.0,100.0,83.33,100.0,0.513,W,1
0022300761,1610612754,Indiana,Pacers,IND,pacers,240:00,510.0,102.0,555.0,111.0,-45.0,-9.0,0.738,2.82,23.1,0.068,0.78,0.412,11.0,11.0,0.554,0.566,1.0,0.981,20.0,100.0,83.33,100.0,0.487,L,0
0022300768,1610612742,Dallas,Mavericks,DAL,mavericks,240:00,509.1,101.8,477.1,95.4,32.0,6.4,0.628,1.69,17.8,0.259,0.692,0.488,14.545,14.5,0.495,0.521,1.0,0.976,21.9,109.5,91.25,110.0,0.568,W,1
0022300768,1610612764,Washington,Wizards,WAS,wizards,240:00,477.1,95.4,509.1,101.8,-32.0,-6.4,0.614,1.69,17.3,0.308,0.741,0.512,14.679,14.7,0.448,0.462,1.0,0.984,21.9,109.5,91.25,109.0,0.432,L,0
0022300763,1610612737,Atlanta,Hawks,ATL,hawks,240:00,605.8,121.2,641.5,128.3,-35.7,-7.1,0.75,2.75,21.7,0.283,0.818,0.526,11.538,11.5,0.543,0.59,1.0,0.983,21.0,105.0,87.5,104.0,0.469,L,0
0022300763,1610612741,Chicago,Bulls,CHI,bulls,240:00,641.5,128.3,605.8,121.2,35.7,7.1,0.569,4.83,20.3,0.182,0.717,0.474,5.66,5.7,0.625,0.649,1.0,0.956,21.0,105.0,87.5,106.0,0.531,W,1
0022300759,1610612748,Miami,Heat,MIA,heat,240:00,582.4,116.5,604.4,120.9,-22.0,-4.4,0.525,3.0,15.9,0.351,0.738,0.515,7.692,7.7,0.474,0.512,1.0,0.982,18.2,91.0,75.83,91.0,0.447,L,0
0022300759,1610612738,Boston,Celtics,BOS,celtics,240:00,604.4,120.9,582.4,116.5,22.0,4.4,0.659,2.45,20.9,0.262,0.649,0.485,12.088,12.1,0.605,0.622,1.0,0.961,18.2,91.0,75.83,91.0,0.553,W,1
0022300760,1610612760,Oklahoma City,Thunder,OKC,thunder,240:00,635.0,127.0,565.0,113.0,70.0,14.0,0.652,2.73,21.4,0.268,0.688,0.494,11.0,11.0,0.618,0.655,1.0,0.973,20.0,100.0,83.33,100.0,0.573,W,1
0022300760,1610612758,Sacramento,Kings,SAC,kings,240:00,565.0,113.0,635.0,127.0,-70.0,-14.0,0.727,1.78,21.8,0.313,0.732,0.506,18.0,18.0,0.578,0.59,1.0,0.983,20.0,100.0,83.33,100.0,0.427,L,0
0022300757,1610612744,Golden State,Warriors,GSW,warriors,240:00,538.1,107.6,533.3,106.7,4.8,1.0,0.733,2.36,21.2,0.31,0.804,0.541,13.333,13.3,0.53,0.534,1.0,0.967,21.0,105.0,87.5,105.0,0.481,W,1
0022300757,1610612756,Phoenix,Suns,PHX,suns,240:00,533.3,106.7,538.1,107.6,-4.8,-1.0,0.651,2.0,19.6,0.196,0.69,0.459,13.333,13.3,0.516,0.554,1.0,0.983,21.0,105.0,87.5,105.0,0.519,L,0
0022300748,1610612742,Dallas,Mavericks,DAL,mavericks,240:00,688.7,137.7,523.6,104.7,165.1,33.0,0.566,2.5,20.1,0.31,0.774,0.587,11.321,11.3,0.665,0.692,1.0,0.983,21.2,106.0,88.33,106.0,0.659,W,1
0022300748,1610612760,Oklahoma City,Thunder,OKC,thunder,240:00,523.6,104.7,688.7,137.7,-165.1,-33.0,0.605,2.3,16.1,0.226,0.69,0.413,9.434,9.4,0.474,0.518,1.0,0.983,21.2,106.0,88.33,106.0,0.341,L,0
0022300754,1610612737,Atlanta,Hawks,ATL,hawks,240:00,581.0,116.2,538.1,107.6,42.9,8.6,0.625,2.27,17.7,0.204,0.627,0.425,10.476,10.5,0.534,0.585,1.0,0.983,21.0,105.0,87.5,105.0,0.552,W,1
0022300754,1610612745,Houston,Rockets,HOU,rockets,240:00,538.1,107.6,581.0,116.2,-42.9,-8.6,0.5,1.29,14.8,0.373,0.796,0.575,16.19,16.2,0.505,0.521,1.0,0.984,21.0,105.0,87.5,105.0,0.448,L,0
0022300758,1610612757,Portland,Trail Blazers,POR,blazers,240:00,488.4,97.7,534.5,106.9,-46.1,-9.2,0.576,1.06,15.7,0.356,0.721,0.534,20.93,20.9,0.474,0.503,1.0,0.98,17.3,86.5,72.08,86.0,0.424,L,0
0022300758,1610612740,New Orleans,Pelicans,NOP,pelicans,240:00,534.5,106.9,488.4,97.7,46.1,9.2,0.75,2.25,21.4,0.279,0.644,0.466,13.793,13.8,0.539,0.56,1.0,0.97,17.3,86.5,72.08,87.0,0.576,W,1
0022300756,1610612761,Toronto,Raptors,TOR,raptors,240:00,505.3,101.1,646.7,129.3,-141.4,-28.3,0.629,2.0,16.5,0.315,0.63,0.46,11.702,11.7,0.454,0.489,1.0,0.973,18.6,93.0,77.5,94.0,0.377,L,0
0022300756,1610612739,Cleveland,Cavaliers,CLE,cavaliers,240:00,646.7,129.3,505.3,101.1,141.4,28.3,0.75,3.27,24.8,0.37,0.685,0.54,11.957,12.0,0.598,0.609,1.0,0.982,18.6,93.0,77.5,92.0,0.623,W,1
0022300753,1610612764,Washington,Wizards,WAS,wizards,240:00,538.1,107.6,561.3,112.3,-23.2,-4.6,0.667,1.65,19.7,0.2,0.661,0.455,16.19,16.2,0.564,0.593,1.0,0.974,21.1,105.5,87.92,105.0,0.474,L,0
0022300753,1610612755,Philadelphia,76ers,PHI,sixers,240:00,561.3,112.3,538.1,107.6,23.2,4.6,0.583,2.55,18.3,0.339,0.8,0.545,10.377,10.4,0.52,0.54,1.0,0.976,21.1,105.5,87.92,106.0,0.526,W,1
0022300755,1610612752,New York,Knicks,NYK,knicks,240:00,555.0,111.0,637.8,127.6,-82.8,-16.6,0.4,1.78,13.1,0.156,0.784,0.439,9.0,9.0,0.536,0.59,1.0,0.972,19.8,99.0,82.5,100.0,0.438,L,0
0022300755,1610612754,Indiana,Pacers,IND,pacers,240:00,637.8,127.6,555.0,111.0,82.8,16.6,0.6,1.88,22.1,0.216,0.844,0.561,16.327,16.3,0.695,0.692,1.0,0.991,19.8,99.0,82.5,98.0,0.562,W,1
0022300752,1610612753,Orlando,Magic,ORL,magic,265:00,593.8,118.8,574.5,114.9,19.3,3.9,0.561,1.35,16.4,0.471,0.649,0.565,17.708,17.7,0.54,0.573,1.0,0.974,17.21,86.04,71.7,96.0,0.535,W,1
0022300752,1610612741,Chicago,Bulls,CHI,bulls,265:00,574.5,114.9,593.8,118.8,-19.3,-3.9,0.488,2.63,15.6,0.351,0.529,0.435,8.511,8.5,0.495,0.514,1.0,0.991,17.21,86.04,71.7,94.0,0.465,L,0
0022300749,1610612746,LA,Clippers,LAC,clippers,240:00,543.7,108.7,514.6,102.9,29.1,5.8,0.541,1.82,16.1,0.022,0.719,0.412,10.68,10.7,0.53,0.599,1.0,0.99,20.6,103.0,85.83,103.0,0.519,W,1
0022300749,1610612765,Detroit,Pistons,DET,pistons,240:00,514.6,102.9,543.7,108.7,-29.1,-5.8,0.6,1.93,18.5,0.281,0.978,0.588,13.592,13.6,0.485,0.504,1.0,0.992,20.6,103.0,85.83,103.0,0.481,L,0
0022300750,1610612751,Brooklyn,Nets,BKN,nets,240:00,647.4,129.5,547.9,109.6,99.5,19.9,0.633,2.58,22.8,0.282,0.6,0.468,12.632,12.6,0.661,0.67,1.0,0.981,18.9,94.5,78.75,95.0,0.606,W,1
0022300750,1610612759,San Antonio,Spurs,SAS,spurs,240:00,547.9,109.6,647.4,129.5,-99.5,-19.9,0.556,1.43,14.8,0.4,0.718,0.532,14.894,14.9,0.456,0.514,1.0,1.0,18.9,94.5,78.75,94.0,0.394,L,0
0022300751,1610612766,Charlotte,Hornets,CHA,hornets,240:00,580.8,116.2,546.4,109.3,34.4,6.9,0.638,1.58,21.7,0.257,0.804,0.581,19.192,19.2,0.671,0.676,1.0,0.963,19.6,98.0,81.67,99.0,0.559,W,1
0022300751,1610612763,Memphis,Grizzlies,MEM,grizzlies,240:00,546.4,109.3,580.8,116.2,-34.4,-6.9,0.767,2.75,23.6,0.196,0.743,0.419,12.371,12.4,0.554,0.555,1.0,1.0,19.6,98.0,81.67,97.0,0.441,L,0
0022300743,1610612738,Boston,Celtics,BOS,celtics,240:00,599.1,119.8,586.4,117.3,12.7,2.5,0.521,1.92,17.2,0.205,0.863,0.558,11.712,11.7,0.582,0.637,1.0,0.975,22.1,110.5,92.08,111.0,0.541,W,1
0022300743,1610612764,Washington,Wizards,WAS,wizards,240:00,586.4,117.3,599.1,119.8,-12.7,-2.5,0.711,2.67,21.5,0.137,0.795,0.442,10.909,10.9,0.579,0.619,1.0,0.983,22.1,110.5,92.08,110.0,0.459,L,0
0022300747,1610612747,Los Angeles,Lakers,LAL,lakers,240:00,688.1,137.6,604.0,120.8,84.2,16.8,0.653,4.0,22.4,0.244,0.711,0.488,7.921,7.9,0.636,0.681,1.0,0.973,20.2,101.0,84.17,101.0,0.547,W,1
0022300747,1610612740,New Orleans,Pelicans,NOP,pelicans,240:00,604.0,120.8,688.1,137.6,-84.2,-16.8,0.609,2.15,19.7,0.289,0.756,0.512,12.871,12.9,0.579,0.615,1.0,0.982,20.2,101.0,84.17,101.0,0.453,L,0
0022300745,1610612749,Milwaukee,Bucks,MIL,bucks,240:00,606.1,121.2,424.2,84.8,181.8,36.4,0.634,3.71,18.8,0.25,0.8,0.523,7.071,7.1,0.532,0.574,1.0,0.973,19.8,99.0,82.5,99.0,0.679,W,1
0022300745,1610612766,Charlotte,Hornets,CHA,hornets,240:00,424.2,84.8,606.1,121.2,-181.8,-36.4,0.63,1.13,13.4,0.2,0.75,0.477,15.152,15.2,0.386,0.458,1.0,0.964,19.8,99.0,82.5,99.0,0.321,L,0
0022300742,1610612755,Philadelphia,76ers,PHI,sixers,240:00,605.0,121.0,641.4,128.3,-36.4,-7.3,0.571,2.4,16.2,0.407,0.762,0.554,10.0,10.0,0.505,0.546,1.0,0.968,19.9,99.5,82.92,100.0,0.439,L,0
0022300742,1610612737,Atlanta,Hawks,ATL,hawks,240:00,641.4,128.3,605.0,121.0,36.4,7.3,0.738,2.38,22.1,0.238,0.593,0.446,13.131,13.1,0.617,0.665,1.0,1.0,19.9,99.5,82.92,99.0,0.561,W,1
0022300746,1610612758,Sacramento,Kings,SAC,kings,240:00,655.3,131.1,514.6,102.9,140.8,28.2,0.627,2.0,22.5,0.216,0.74,0.517,15.534,15.5,0.684,0.711,1.0,1.0,20.6,103.0,85.83,103.0,0.625,W,1
0022300746,1610612743,Denver,Nuggets,DEN,nuggets,240:00,514.6,102.9,655.3,131.1,-140.8,-28.2,0.684,1.24,18.3,0.26,0.784,0.483,20.388,20.4,0.524,0.562,1.0,0.983,20.6,103.0,85.83,103.0,0.375,L,0
0022300744,1610612761,Toronto,Raptors,TOR,raptors,240:00,551.5,110.3,530.6,106.1,20.9,4.2,0.6,2.0,17.3,0.327,0.583,0.447,12.371,12.4,0.474,0.518,1.0,0.983,19.5,97.5,81.25,97.0,0.538,W,1
0022300744,1610612745,Houston,Rockets,HOU,rockets,240:00,530.6,106.1,551.5,110.3,-20.9,-4.2,0.579,1.0,15.9,0.417,0.673,0.553,22.449,22.4,0.535,0.565,1.0,0.974,19.5,97.5,81.25,98.0,0.462,L,0
0022300734,1610612753,Orlando,Magic,ORL,magic,240:00,648.0,129.6,560.6,112.1,87.4,17.5,0.694,2.0,23.8,0.306,0.846,0.587,17.347,17.3,0.695,0.699,1.0,0.982,19.7,98.5,82.08,98.0,0.561,W,1
0022300734,1610612759,San Antonio,Spurs,SAS,spurs,240:00,560.6,112.1,648.0,129.6,-87.4,-17.5,0.69,1.93,21.6,0.154,0.694,0.413,15.152,15.2,0.586,0.627,1.0,0.962,19.7,98.5,82.08,99.0,0.439,L,0
0022300741,1610612757,Portland,Trail Blazers,POR,blazers,265:00,575.5,115.1,609.5,121.9,-34.1,-6.8,0.707,1.71,19.3,0.347,0.596,0.475,16.038,16.0,0.522,0.589,1.0,0.975,19.11,95.55,79.62,106.0,0.499,L,0
0022300741,1610612765,Detroit,Pistons,DET,pistons,265:00,609.5,121.9,575.5,115.1,34.1,6.8,0.578,1.53,17.2,0.404,0.653,0.525,16.19,16.2,0.57,0.6,1.0,0.984,19.11,95.55,79.62,105.0,0.501,W,1
0022300733,1610612754,Indiana,Pacers,IND,pacers,240:00,545.0,109.0,655.0,131.0,-110.0,-22.0,0.795,2.21,22.3,0.167,0.605,0.374,14.0,14.0,0.556,0.587,1.0,0.981,20.0,100.0,83.33,100.0,0.423,L,0
0022300733,1610612744,Golden State,Warriors,GSW,warriors,240:00,655.0,131.0,545.0,109.0,110.0,22.0,0.635,1.94,22.0,0.395,0.833,0.626,17.0,17.0,0.651,0.663,1.0,0.983,20.0,100.0,83.33,100.0,0.577,W,1
0022300739,1610612756,Phoenix,Suns,PHX,suns,240:00,632.4,126.5,558.3,111.7,74.1,14.8,0.712,3.08,25.5,0.15,0.603,0.418,11.765,11.8,0.67,0.679,1.0,0.991,20.5,102.5,85.42,102.0,0.572,W,1
0022300739,1610612762,Utah,Jazz,UTA,jazz,240:00,558.3,111.7,632.4,126.5,-74.1,-14.8,0.683,1.87,18.2,0.397,0.85,0.582,14.563,14.6,0.5,0.534,1.0,0.976,20.5,102.5,85.42,103.0,0.428,L,0
0022300740,1610612747,Los Angeles,Lakers,LAL,lakers,240:00,557.9,111.6,593.8,118.8,-35.9,-7.2,0.659,3.86,20.1,0.235,0.588,0.412,7.368,7.4,0.506,0.537,1.0,0.991,19.1,95.5,79.58,95.0,0.496,L,0
0022300740,1610612743,Denver,Nuggets,DEN,nuggets,240:00,593.8,118.8,557.9,111.6,35.9,7.2,0.702,2.36,22.0,0.412,0.765,0.588,14.583,14.6,0.557,0.57,1.0,0.957,19.1,95.5,79.58,96.0,0.504,W,1
0022300735,1610612751,Brooklyn,Nets,BKN,nets,240:00,489.7,97.9,608.2,121.6,-118.6,-23.7,0.595,1.83,16.4,0.281,0.757,0.468,12.371,12.4,0.452,0.479,1.0,0.991,19.4,97.0,80.83,97.0,0.34,L,0
0022300735,1610612739,Cleveland,Cavaliers,CLE,cavaliers,240:00,608.2,121.6,489.7,97.9,118.6,23.7,0.605,1.53,19.7,0.243,0.719,0.532,17.526,17.5,0.631,0.674,1.0,0.972,19.4,97.0,80.83,97.0,0.66,W,1
0022300738,1610612749,Milwaukee,Bucks,MIL,bucks,240:00,583.3,116.7,708.8,141.8,-125.5,-25.1,0.875,2.69,25.5,0.273,0.674,0.471,14.444,14.4,0.58,0.596,1.0,0.99,18.1,90.5,75.42,90.0,0.434,L,0
0022300738,1610612750,Minnesota,Timberwolves,MIN,timberwolves,240:00,708.8,141.8,583.3,116.7,125.5,25.1,0.708,4.25,24.5,0.326,0.727,0.529,8.791,8.8,0.672,0.686,1.0,0.971,18.1,90.5,75.42,91.0,0.566,W,1
0022300736,1610612752,New York,Knicks,NYK,knicks,240:00,568.4,113.7,635.4,127.1,-67.0,-13.4,0.643,1.93,19.4,0.321,0.829,0.543,14.737,14.7,0.521,0.546,1.0,0.991,19.1,95.5,79.58,95.0,0.414,L,0
0022300736,1610612742,Dallas,Mavericks,DAL,mavericks,240:00,635.4,127.1,568.4,113.7,67.0,13.4,0.698,3.33,22.6,0.171,0.679,0.457,9.375,9.4,0.634,0.662,1.0,0.961,19.1,95.5,79.58,96.0,0.586,W,1
0022300737,1610612763,Memphis,Grizzlies,MEM,grizzlies,240:00,585.1,117.0,621.1,124.2,-35.9,-7.2,0.619,2.6,19.7,0.25,0.703,0.438,10.638,10.6,0.56,0.569,1.0,0.991,18.9,94.5,78.75,94.0,0.422,L,0
0022300737,1610612741,Chicago,Bulls,CHI,bulls,240:00,621.1,124.2,585.1,117.0,35.9,7.2,0.558,1.6,18.6,0.297,0.75,0.562,15.789,15.8,0.62,0.665,1.0,0.971,18.9,94.5,78.75,95.0,0.578,W,1
0022300727,1610612755,Philadelphia,76ers,PHI,sixers,240:00,504.9,101.0,616.5,123.3,-111.7,-22.3,0.512,1.4,14.9,0.298,0.673,0.472,14.563,14.6,0.459,0.499,1.0,0.975,20.6,103.0,85.83,103.0,0.392,L,0
0022300727,1610612744,Golden State,Warriors,GSW,warriors,240:00,616.5,123.3,504.9,101.0,111.7,22.3,0.638,2.31,20.1,0.327,0.702,0.528,12.621,12.6,0.585,0.612,1.0,0.975,20.6,103.0,85.83,103.0,0.608,W,1
0022300730,1610612748,Miami,Heat,MIA,heat,240:00,557.7,111.5,509.8,102.0,47.9,9.6,0.674,2.64,20.7,0.149,0.804,0.49,10.577,10.6,0.563,0.597,1.0,0.955,20.6,103.0,85.83,104.0,0.559,W,1
0022300730,1610612759,San Antonio,Spurs,SAS,spurs,240:00,509.8,102.0,557.7,111.5,-47.9,-9.6,0.732,2.0,21.1,0.196,0.851,0.51,14.706,14.7,0.522,0.533,1.0,0.982,20.6,103.0,85.83,102.0,0.441,L,0
0022300731,1610612746,LA,Clippers,LAC,clippers,240:00,535.4,107.1,590.9,118.2,-55.6,-11.1,0.639,1.21,17.3,0.256,0.711,0.489,19.192,19.2,0.538,0.593,1.0,0.982,19.8,99.0,82.5,99.0,0.426,L,0
0022300731,1610612740,New Orleans,Pelicans,NOP,pelicans,240:00,590.9,118.2,535.4,107.1,55.6,11.1,0.638,2.0,21.1,0.289,0.744,0.511,15.152,15.2,0.602,0.616,1.0,0.955,19.8,99.0,82.5,99.0,0.574,W,1
0022300732,1610612758,Sacramento,Kings,SAC,kings,240:00,588.2,117.6,665.0,133.0,-76.8,-15.4,0.689,7.75,21.8,0.167,0.811,0.429,3.922,3.9,0.553,0.573,1.0,0.973,20.2,101.0,84.17,102.0,0.438,L,0
0022300732,1610612765,Detroit,Pistons,DET,pistons,240:00,665.0,133.0,588.2,117.6,76.8,15.4,0.681,2.46,23.0,0.189,0.833,0.571,13.0,13.0,0.661,0.71,1.0,0.981,20.2,101.0,84.17,100.0,0.562,W,1
0022300726,1610612766,Charlotte,Hornets,CHA,hornets,240:00,609.4,121.9,634.0,126.8,-24.6,-4.9,0.614,2.7,19.9,0.265,0.769,0.489,10.417,10.4,0.578,0.592,1.0,0.991,19.3,96.5,80.42,96.0,0.444,L,0
0022300726,1610612761,Toronto,Raptors,TOR,raptors,240:00,634.0,126.8,609.4,121.9,24.6,4.9,0.698,2.73,22.2,0.231,0.735,0.511,11.34,11.3,0.636,0.672,1.0,0.962,19.3,96.5,80.42,97.0,0.556,W,1
0022300729,1610612738,Boston,Celtics,BOS,celtics,240:00,595.2,119.0,551.9,110.4,43.4,8.7,0.673,2.36,22.8,0.159,0.712,0.476,13.333,13.3,0.618,0.639,1.0,0.991,21.1,105.5,87.92,105.0,0.553,W,1
0022300729,1610612737,Atlanta,Hawks,ATL,hawks,240:00,551.9,110.4,595.2,119.0,-43.4,-8.7,0.558,2.67,16.7,0.288,0.841,0.524,8.491,8.5,0.485,0.528,1.0,0.992,21.1,105.5,87.92,106.0,0.447,L,0
0022300728,1610612764,Washington,Wizards,WAS,wizards,240:00,519.6,103.9,558.8,111.8,-39.2,-7.8,0.643,1.8,19.0,0.241,0.75,0.48,14.706,14.7,0.532,0.541,1.0,0.974,20.4,102.0,85.0,102.0,0.455,L,0
0022300728,1610612739,Cleveland,Cavaliers,CLE,cavaliers,240:00,558.8,111.8,519.6,103.9,39.2,7.8,0.581,1.79,18.0,0.25,0.759,0.52,13.725,13.7,0.557,0.584,1.0,0.982,20.4,102.0,85.0,102.0,0.545,W,1
0022300719,1610612754,Indiana,Pacers,IND,pacers,240:00,666.7,133.3,645.0,129.0,21.7,4.3,0.648,2.92,25.0,0.167,0.51,0.365,12.121,12.1,0.715,0.716,1.0,0.99,19.9,99.5,82.92,99.0,0.531,W,1
0022300719,1610612745,Houston,Rockets,HOU,rockets,240:00,645.0,129.0,666.7,133.3,-21.7,-4.3,0.52,1.73,17.3,0.49,0.833,0.635,15.0,15.0,0.577,0.602,1.0,0.984,19.9,99.5,82.92,100.0,0.469,L,0
0022300723,1610612741,Chicago,Bulls,CHI,bulls,265:00,608.5,121.7,591.3,118.3,17.1,3.4,0.533,1.71,16.4,0.373,0.717,0.548,13.208,13.2,0.548,0.602,1.0,0.992,19.02,95.09,79.25,106.0,0.549,W,1
0022300723,1610612750,Minnesota,Timberwolves,MIN,timberwolves,265:00,591.3,118.3,608.5,121.7,-17.1,-3.4,0.667,2.0,19.0,0.283,0.627,0.452,13.462,13.5,0.565,0.595,1.0,0.983,19.02,95.09,79.25,104.0,0.451,L,0
0022300724,1610612762,Utah,Jazz,UTA,jazz,240:00,626.3,125.3,596.9,119.4,29.3,5.9,0.63,1.71,19.7,0.432,0.76,0.606,17.172,17.2,0.596,0.634,1.0,0.975,19.7,98.5,82.08,99.0,0.551,W,1
0022300724,1610612760,Oklahoma City,Thunder,OKC,thunder,240:00,596.9,119.4,626.3,125.3,-29.3,-5.9,0.605,2.36,19.1,0.24,0.568,0.394,11.224,11.2,0.583,0.597,1.0,0.991,19.7,98.5,82.08,98.0,0.449,L,0
0022300725,1610612756,Phoenix,Suns,PHX,suns,240:00,558.8,111.8,524.8,105.0,34.1,6.8,0.386,1.21,13.0,0.25,0.75,0.519,13.725,13.7,0.552,0.576,1.0,0.965,20.3,101.5,84.58,102.0,0.544,W,1
0022300725,1610612749,Milwaukee,Bucks,MIL,bucks,240:00,524.8,105.0,558.8,111.8,-34.1,-6.8,0.59,1.77,16.7,0.25,0.75,0.481,12.871,12.9,0.506,0.525,1.0,0.983,20.3,101.5,84.58,101.0,0.456,L,0
0022300721,1610612748,Miami,Heat,MIA,heat,240:00,617.3,123.5,489.7,97.9,127.7,25.5,0.66,2.38,21.8,0.295,0.755,0.538,13.265,13.3,0.615,0.637,1.0,0.973,19.5,97.5,81.25,98.0,0.621,W,1
0022300721,1610612753,Orlando,Magic,ORL,magic,240:00,489.7,97.9,617.3,123.5,-127.7,-25.5,0.714,1.39,18.8,0.245,0.705,0.462,18.557,18.6,0.5,0.532,1.0,1.0,19.5,97.5,81.25,97.0,0.379,L,0
0022300720,1610612751,Brooklyn,Nets,BKN,nets,240:00,535.0,107.0,595.0,119.0,-60.0,-12.0,0.805,3.3,23.2,0.18,0.809,0.485,10.0,10.0,0.516,0.548,1.0,0.982,20.0,100.0,83.33,100.0,0.481,L,0
0022300720,1610612742,Dallas,Mavericks,DAL,mavericks,240:00,595.0,119.0,535.0,107.0,60.0,12.0,0.543,2.27,18.7,0.191,0.82,0.515,11.0,11.0,0.61,0.615,1.0,0.972,20.0,100.0,83.33,100.0,0.519,W,1
0022300717,1610612751,Brooklyn,Nets,BKN,nets,240:00,500.0,100.0,561.9,112.4,-61.9,-12.4,0.676,2.3,17.3,0.241,0.608,0.413,10.204,10.2,0.455,0.497,1.0,0.991,19.5,97.5,81.25,98.0,0.398,L,0
0022300717,1610612744,Golden State,Warriors,GSW,warriors,240:00,561.9,112.4,500.0,100.0,61.9,12.4,0.558,1.71,17.0,0.392,0.759,0.587,14.433,14.4,0.484,0.529,1.0,0.983,19.5,97.5,81.25,97.0,0.602,W,1
0022300716,1610612737,Atlanta,Hawks,ATL,hawks,240:00,699.0,139.8,723.3,144.7,-24.3,-4.9,0.686,3.18,22.9,0.333,0.795,0.54,10.68,10.7,0.642,0.674,1.0,0.992,20.6,103.0,85.83,103.0,0.472,L,0
0022300716,1610612746,LA,Clippers,LAC,clippers,240:00,723.3,144.7,699.0,139.8,24.3,4.9,0.615,4.0,22.4,0.205,0.667,0.46,7.767,7.8,0.702,0.726,1.0,0.973,20.6,103.0,85.83,103.0,0.528,W,1
0022300715,1610612755,Philadelphia,76ers,PHI,sixers,240:00,525.8,105.2,614.6,122.9,-88.8,-17.8,0.5,1.67,14.6,0.345,0.766,0.533,12.371,12.4,0.473,0.501,1.0,0.966,19.3,96.5,80.42,97.0,0.416,L,0
0022300715,1610612742,Dallas,Mavericks,DAL,mavericks,240:00,614.6,122.9,525.8,105.2,88.8,17.8,0.667,2.8,20.7,0.234,0.655,0.467,10.417,10.4,0.58,0.607,1.0,0.981,19.3,96.5,80.42,96.0,0.584,W,1
0022300713,1610612766,Charlotte,Hornets,CHA,hornets,240:00,556.6,111.3,574.1,114.8,-17.5,-3.5,0.553,2.89,18.8,0.118,0.78,0.413,8.491,8.5,0.557,0.578,1.0,0.991,21.4,107.0,89.17,106.0,0.433,L,0
0022300713,1610612747,Los Angeles,Lakers,LAL,lakers,240:00,574.1,114.8,556.6,111.3,17.5,3.5,0.72,2.12,23.8,0.22,0.882,0.587,15.741,15.7,0.607,0.637,1.0,0.974,21.4,107.0,89.17,108.0,0.567,W,1
0022300714,1610612739,Cleveland,Cavaliers,CLE,cavaliers,240:00,686.9,137.4,561.2,112.2,125.6,25.1,0.706,4.0,25.2,0.205,0.792,0.543,9.091,9.1,0.71,0.712,1.0,0.963,19.7,98.5,82.08,99.0,0.631,W,1
0022300714,1610612758,Sacramento,Kings,SAC,kings,240:00,561.2,112.2,686.9,137.4,-125.6,-25.1,0.651,2.33,20.4,0.208,0.795,0.457,12.245,12.2,0.554,0.56,1.0,1.0,19.7,98.5,82.08,98.0,0.369,L,0
0022300718,1610612740,New Orleans,Pelicans,NOP,pelicans,240:00,704.1,140.8,515.5,103.1,188.6,37.7,0.679,5.14,23.1,0.431,0.723,0.571,7.143,7.1,0.601,0.629,1.0,0.975,19.5,97.5,81.25,98.0,0.644,W,1
0022300718,1610612761,Toronto,Raptors,TOR,raptors,240:00,515.5,103.1,704.1,140.8,-188.6,-37.7,0.675,1.5,19.7,0.277,0.569,0.429,18.557,18.6,0.536,0.552,1.0,0.991,19.5,97.5,81.25,97.0,0.356,L,0
0022300712,1610612743,Denver,Nuggets,DEN,nuggets,240:00,622.2,124.4,578.7,115.7,43.6,8.7,0.619,2.89,19.7,0.356,0.66,0.511,10.0,10.0,0.558,0.593,1.0,0.962,17.9,89.5,74.58,90.0,0.544,W,1
0022300712,1610612757,Portland,Trail Blazers,POR,blazers,240:00,578.7,115.7,622.2,124.4,-43.6,-8.7,0.744,2.23,21.6,0.34,0.644,0.489,14.607,14.6,0.524,0.562,1.0,0.99,17.9,89.5,74.58,89.0,0.456,L,0
0022300709,1610612750,Minnesota,Timberwolves,MIN,timberwolves,240:00,538.8,107.8,445.5,89.1,93.3,18.7,0.525,1.31,14.8,0.353,0.831,0.609,15.534,15.5,0.506,0.545,1.0,0.959,20.4,102.0,85.0,103.0,0.648,W,1
0022300709,1610612745,Houston,Rockets,HOU,rockets,240:00,445.5,89.1,538.8,107.8,-93.3,-18.7,0.645,1.82,15.3,0.169,0.647,0.391,10.891,10.9,0.409,0.451,1.0,1.0,20.4,102.0,85.0,101.0,0.352,L,0
0022300704,1610612765,Detroit,Pistons,DET,pistons,240:00,526.6,105.3,584.2,116.8,-57.6,-11.5,0.611,1.47,17.3,0.239,0.775,0.488,15.957,16.0,0.5,0.552,1.0,0.99,18.9,94.5,78.75,94.0,0.438,L,0
0022300704,1610612753,Orlando,Magic,ORL,magic,240:00,584.2,116.8,526.6,105.3,57.6,11.5,0.489,2.2,17.5,0.225,0.761,0.512,10.526,10.5,0.595,0.613,1.0,0.971,18.9,94.5,78.75,95.0,0.562,W,1
0022300707,1610612766,Charlotte,Hornets,CHA,hornets,240:00,505.1,101.0,580.8,116.2,-75.7,-15.1,0.514,1.64,14.1,0.236,0.755,0.481,11.224,11.2,0.443,0.5,1.0,0.991,19.7,98.5,82.08,98.0,0.392,L,0
0022300707,1610612754,Indiana,Pacers,IND,pacers,240:00,580.8,116.2,505.1,101.0,75.7,15.1,0.756,3.09,23.4,0.245,0.764,0.519,11.111,11.1,0.549,0.575,1.0,0.973,19.7,98.5,82.08,99.0,0.608,W,1
0022300708,1610612748,Miami,Heat,MIA,heat,240:00,500.0,100.0,542.1,108.4,-42.1,-8.4,0.632,2.4,18.2,0.245,0.756,0.48,10.526,10.5,0.462,0.493,1.0,0.981,19.0,95.0,79.17,95.0,0.449,L,0
0022300708,1610612746,LA,Clippers,LAC,clippers,240:00,542.1,108.4,500.0,100.0,42.1,8.4,0.676,1.35,17.8,0.244,0.755,0.52,17.895,17.9,0.545,0.594,1.0,0.962,19.0,95.0,79.17,95.0,0.551,W,1
0022300711,1610612762,Utah,Jazz,UTA,jazz,240:00,615.0,123.0,540.0,108.0,75.0,15.0,0.721,1.94,21.1,0.362,0.824,0.602,16.0,16.0,0.579,0.618,1.0,0.983,20.0,100.0,83.33,100.0,0.574,W,1
0022300711,1610612749,Milwaukee,Bucks,MIL,bucks,240:00,540.0,108.0,615.0,123.0,-75.0,-15.0,0.692,2.25,20.0,0.176,0.638,0.398,12.0,12.0,0.554,0.568,1.0,0.981,20.0,100.0,83.33,100.0,0.426,L,0
0022300706,1610612738,Boston,Celtics,BOS,celtics,240:00,642.2,128.4,446.1,89.2,196.1,39.2,0.625,2.73,20.0,0.365,0.707,0.545,10.784,10.8,0.581,0.613,1.0,0.975,20.4,102.0,85.0,102.0,0.708,W,1
0022300706,1610612763,Memphis,Grizzlies,MEM,grizzlies,240:00,446.1,89.2,642.2,128.4,-196.1,-39.2,0.543,0.95,13.8,0.293,0.635,0.455,19.608,19.6,0.44,0.468,1.0,0.983,20.4,102.0,85.0,102.0,0.292,L,0
0022300705,1610612764,Washington,Wizards,WAS,wizards,240:00,518.5,103.7,654.2,130.8,-135.7,-27.1,0.681,1.78,20.4,0.333,0.676,0.477,16.667,16.7,0.526,0.541,1.0,0.976,21.5,107.5,89.58,108.0,0.373,L,0
0022300705,1610612756,Phoenix,Suns,PHX,suns,240:00,654.2,130.8,518.5,103.7,135.7,27.1,0.611,1.83,21.7,0.324,0.667,0.523,16.822,16.8,0.676,0.704,1.0,0.983,21.5,107.5,89.58,107.0,0.627,W,1
0022300710,1610612760,Oklahoma City,Thunder,OKC,thunder,290:00,642.9,128.6,593.5,118.7,49.4,9.9,0.769,3.64,24.2,0.345,0.648,0.491,10.476,10.5,0.577,0.595,1.0,0.976,17.54,87.72,73.1,105.0,0.515,W,1
0022300710,1610612761,Toronto,Raptors,TOR,raptors,290:00,593.5,118.7,642.9,128.6,-49.4,-9.9,0.792,3.17,23.5,0.352,0.655,0.509,11.215,11.2,0.545,0.576,1.0,0.984,17.54,87.72,73.1,107.0,0.485,L,0
0022300701,1610612752,New York,Knicks,NYK,knicks,240:00,564.5,112.9,607.5,121.5,-43.0,-8.6,0.512,3.0,15.6,0.35,0.857,0.559,7.527,7.5,0.46,0.492,1.0,0.982,18.6,93.0,77.5,93.0,0.407,L,0
0022300701,1610612747,Los Angeles,Lakers,LAL,lakers,240:00,607.5,121.5,564.5,112.9,43.0,8.6,0.718,5.6,22.0,0.143,0.65,0.441,5.376,5.4,0.563,0.615,1.0,0.98,18.6,93.0,77.5,93.0,0.593,W,1
0022300703,1610612759,San Antonio,Spurs,SAS,spurs,240:00,500.0,100.0,579.2,115.8,-79.2,-15.8,0.639,1.92,16.1,0.313,0.769,0.517,11.881,11.9,0.429,0.471,1.0,0.983,20.2,101.0,84.17,101.0,0.424,L,0
0022300703,1610612739,Cleveland,Cavaliers,CLE,cavaliers,240:00,579.2,115.8,500.0,100.0,79.2,15.8,0.674,3.1,21.5,0.231,0.688,0.483,9.901,9.9,0.541,0.57,1.0,0.973,20.2,101.0,84.17,101.0,0.576,W,1
0022300699,1610612737,Atlanta,Hawks,ATL,hawks,265:00,607.8,121.6,577.6,115.5,30.2,6.0,0.491,3.38,16.9,0.274,0.708,0.496,6.897,6.9,0.544,0.57,1.0,0.977,21.01,105.06,87.55,116.0,0.535,W,1
0022300699,1610612744,Golden State,Warriors,GSW,warriors,265:00,577.6,115.5,607.8,121.6,-30.2,-6.0,0.52,1.86,16.3,0.292,0.726,0.504,12.069,12.1,0.527,0.555,1.0,0.993,21.01,105.06,87.55,116.0,0.465,L,0
0022300702,1610612742,Dallas,Mavericks,DAL,mavericks,240:00,551.9,110.4,614.3,122.9,-62.4,-12.5,0.55,1.05,16.1,0.214,0.881,0.548,19.811,19.8,0.593,0.642,1.0,0.974,21.1,105.5,87.92,106.0,0.44,L,0
0022300702,1610612749,Milwaukee,Bucks,MIL,bucks,240:00,614.3,122.9,551.9,110.4,62.4,12.5,0.68,2.83,23.6,0.119,0.786,0.452,11.429,11.4,0.636,0.652,1.0,0.982,21.1,105.5,87.92,105.0,0.56,W,1
0022300698,1610612755,Philadelphia,76ers,PHI,sixers,240:00,599.0,119.8,666.7,133.3,-67.7,-13.5,0.591,5.2,18.6,0.236,0.68,0.448,4.95,5.0,0.521,0.561,1.0,0.982,20.3,101.5,84.58,101.0,0.447,L,0
0022300698,1610612751,Brooklyn,Nets,BKN,nets,240:00,666.7,133.3,599.0,119.8,67.7,13.5,0.714,2.92,22.9,0.32,0.764,0.552,11.765,11.8,0.621,0.647,1.0,0.949,20.3,101.5,84.58,102.0,0.553,W,1
0022300700,1610612741,Chicago,Bulls,CHI,bulls,240:00,542.5,108.5,580.2,116.0,-37.7,-7.5,0.571,1.5,16.8,0.26,0.822,0.526,15.094,15.1,0.522,0.571,1.0,0.983,21.2,106.0,88.33,106.0,0.465,L,0
0022300700,1610612758,Sacramento,Kings,SAC,kings,240:00,580.2,116.0,542.5,108.5,37.7,7.5,0.786,1.94,22.4,0.178,0.74,0.474,16.038,16.0,0.589,0.636,1.0,0.974,21.2,106.0,88.33,106.0,0.535,W,1
0022300693,1610612763,Memphis,Grizzlies,MEM,grizzlies,240:00,505.0,101.0,599.0,119.8,-94.0,-18.8,0.857,2.14,21.1,0.222,0.763,0.446,14.0,14.0,0.483,0.518,1.0,0.982,20.1,100.5,83.75,100.0,0.371,L,0
0022300693,1610612744,Golden State,Warriors,GSW,warriors,240:00,599.0,119.8,505.0,101.0,94.0,18.8,0.696,2.29,22.7,0.237,0.778,0.554,13.861,13.9,0.62,0.653,1.0,0.982,20.1,100.5,83.75,101.0,0.629,W,1
0022300690,1610612737,Atlanta,Hawks,ATL,hawks,240:00,632.4,126.5,594.1,118.8,38.3,7.7,0.592,2.9,20.0,0.304,0.791,0.539,9.804,9.8,0.605,0.627,1.0,0.966,20.3,101.5,84.58,102.0,0.529,W,1
0022300690,1610612756,Phoenix,Suns,PHX,suns,240:00,594.1,118.8,632.4,126.5,-38.3,-7.7,0.66,1.82,22.0,0.209,0.696,0.461,16.832,16.8,0.614,0.637,1.0,0.982,20.3,101.5,84.58,101.0,0.471,L,0
0022300688,1610612765,Detroit,Pistons,DET,pistons,240:00,625.0,125.0,680.0,136.0,-55.0,-11.0,0.622,1.65,19.3,0.362,0.703,0.512,17.0,17.0,0.601,0.628,1.0,0.974,20.0,100.0,83.33,100.0,0.426,L,0
0022300688,1610612746,LA,Clippers,LAC,clippers,240:00,680.0,136.0,625.0,125.0,55.0,11.0,0.585,2.82,21.8,0.297,0.638,0.488,11.0,11.0,0.674,0.698,1.0,0.955,20.0,100.0,83.33,100.0,0.574,W,1
0022300696,1610612759,San Antonio,Spurs,SAS,spurs,240:00,570.7,114.1,581.6,116.3,-10.9,-2.2,0.761,1.94,22.3,0.481,0.712,0.596,18.182,18.2,0.531,0.544,1.0,0.992,19.7,98.5,82.08,99.0,0.509,L,0
0022300696,1610612740,New Orleans,Pelicans,NOP,pelicans,240:00,581.6,116.3,570.7,114.1,10.9,2.2,0.63,3.22,20.6,0.288,0.519,0.404,9.184,9.2,0.521,0.547,1.0,1.009,19.7,98.5,82.08,98.0,0.491,W,1
0022300695,1610612760,Oklahoma City,Thunder,OKC,thunder,240:00,617.6,123.5,514.6,102.9,103.1,20.6,0.705,1.63,22.6,0.121,0.792,0.535,18.627,18.6,0.7,0.725,1.0,0.962,20.5,102.5,85.42,102.0,0.629,W,1
0022300695,1610612766,Charlotte,Hornets,CHA,hornets,240:00,514.6,102.9,617.6,123.5,-103.1,-20.6,0.537,1.57,16.2,0.208,0.879,0.465,13.592,13.6,0.522,0.54,1.0,0.974,20.5,102.5,85.42,103.0,0.371,L,0
0022300689,1610612764,Washington,Wizards,WAS,wizards,240:00,510.0,102.0,555.6,111.1,-45.6,-9.1,0.757,3.11,20.3,0.179,0.691,0.432,9.0,9.0,0.472,0.514,1.0,0.964,19.9,99.5,82.92,100.0,0.456,L,0
0022300689,1610612748,Miami,Heat,MIA,heat,240:00,555.6,111.1,510.0,102.0,45.6,9.1,0.632,2.0,17.1,0.309,0.821,0.568,12.121,12.1,0.472,0.532,1.0,0.991,19.9,99.5,82.92,99.0,0.544,W,1
0022300697,1610612743,Denver,Nuggets,DEN,nuggets,240:00,652.2,130.4,593.4,118.7,58.8,11.8,0.739,2.83,23.3,0.467,0.688,0.581,13.043,13.0,0.571,0.609,1.0,0.964,18.3,91.5,76.25,92.0,0.585,W,1
0022300697,1610612757,Portland,Trail Blazers,POR,blazers,240:00,593.4,118.7,652.2,130.4,-58.8,-11.8,0.378,1.4,11.7,0.313,0.533,0.419,10.989,11.0,0.525,0.579,1.0,0.962,18.3,91.5,76.25,91.0,0.415,L,0
0022300694,1610612750,Minnesota,Timberwolves,MIN,timberwolves,240:00,530.0,106.0,534.7,106.9,-4.7,-0.9,0.632,1.41,18.2,0.174,0.708,0.447,17.0,17.0,0.537,0.584,1.0,0.991,20.1,100.5,83.75,100.0,0.483,L,0
0022300694,1610612753,Orlando,Magic,ORL,magic,240:00,534.7,106.9,530.0,106.0,4.7,0.9,0.615,1.6,17.3,0.292,0.826,0.553,14.851,14.9,0.512,0.56,1.0,0.957,20.1,100.5,83.75,101.0,0.517,W,1
0022300691,1610612754,Indiana,Pacers,IND,pacers,240:00,554.5,110.9,604.5,120.9,-50.0,-10.0,0.5,1.05,16.1,0.244,0.705,0.482,20.0,20.0,0.6,0.638,1.0,0.983,22.0,110.0,91.67,110.0,0.465,L,0
0022300691,1610612758,Sacramento,Kings,SAC,kings,240:00,604.5,120.9,554.5,110.9,50.0,10.0,0.51,1.53,17.6,0.295,0.756,0.518,15.455,15.5,0.639,0.65,1.0,0.975,22.0,110.0,91.67,110.0,0.535,W,1
0022300692,1610612745,Houston,Rockets,HOU,rockets,240:00,636.8,127.4,500.0,100.0,136.8,27.4,0.545,2.0,20.5,0.256,0.83,0.587,14.151,14.2,0.651,0.672,1.0,0.983,21.2,106.0,88.33,106.0,0.64,W,1
0022300692,1610612761,Toronto,Raptors,TOR,raptors,240:00,500.0,100.0,636.8,127.4,-136.8,-27.4,0.425,1.21,12.9,0.17,0.744,0.413,13.208,13.2,0.5,0.531,1.0,0.983,21.2,106.0,88.33,106.0,0.36,L,0
0022300686,1610612762,Utah,Jazz,UTA,jazz,240:00,632.7,126.5,648.0,129.6,-15.3,-3.1,0.8,3.27,24.8,0.273,0.745,0.516,11.224,11.2,0.586,0.633,1.0,0.972,19.6,98.0,81.67,98.0,0.519,L,0
0022300686,1610612755,Philadelphia,76ers,PHI,sixers,240:00,648.0,129.6,632.7,126.5,15.3,3.1,0.574,5.4,19.7,0.255,0.727,0.484,5.102,5.1,0.574,0.615,1.0,0.973,19.6,98.0,81.67,98.0,0.481,W,1
0022300685,1610612752,New York,Knicks,NYK,knicks,240:00,550.5,110.1,530.3,106.1,20.2,4.0,0.366,1.5,10.6,0.415,0.736,0.559,10.101,10.1,0.437,0.478,1.0,0.984,19.8,99.0,82.5,99.0,0.518,W,1
0022300685,1610612754,Indiana,Pacers,IND,pacers,240:00,530.3,106.1,550.5,110.1,-20.2,-4.0,0.5,1.62,15.7,0.264,0.585,0.441,13.131,13.1,0.522,0.532,1.0,0.982,19.8,99.0,82.5,99.0,0.482,L,0
0022300684,1610612738,Boston,Celtics,BOS,celtics,240:00,530.3,106.1,575.8,115.2,-45.5,-9.1,0.732,2.0,20.4,0.321,0.729,0.53,15.152,15.2,0.505,0.525,1.0,0.983,19.8,99.0,82.5,99.0,0.454,L,0
0022300684,1610612747,Los Angeles,Lakers,LAL,lakers,240:00,575.8,115.2,530.3,106.1,45.5,9.1,0.789,4.29,20.7,0.271,0.679,0.47,7.071,7.1,0.505,0.541,1.0,0.983,19.8,99.0,82.5,99.0,0.546,W,1
0022300687,1610612763,Memphis,Grizzlies,MEM,grizzlies,240:00,510.1,102.0,540.0,108.0,-29.9,-6.0,0.676,1.92,18.2,0.241,0.771,0.49,13.131,13.1,0.478,0.518,1.0,0.973,19.9,99.5,82.92,99.0,0.469,L,0
0022300687,1610612739,Cleveland,Cavaliers,CLE,cavaliers,240:00,540.0,108.0,510.1,102.0,29.9,6.0,0.634,1.86,19.0,0.229,0.759,0.51,14.0,14.0,0.558,0.575,1.0,0.964,19.9,99.5,82.92,100.0,0.531,W,1
0022300680,1610612750,Minnesota,Timberwolves,MIN,timberwolves,240:00,636.8,127.4,462.8,92.6,174.1,34.8,0.689,3.1,22.5,0.308,0.792,0.575,10.526,10.5,0.644,0.649,1.0,0.972,18.9,94.5,78.75,95.0,0.729,W,1
0022300680,1610612742,Dallas,Mavericks,DAL,mavericks,240:00,462.8,92.6,636.8,127.4,-174.1,-34.8,0.581,1.06,14.8,0.208,0.692,0.425,18.085,18.1,0.447,0.497,1.0,0.981,18.9,94.5,78.75,94.0,0.271,L,0
0022300683,1610612757,Portland,Trail Blazers,POR,blazers,240:00,607.1,121.4,591.8,118.4,15.3,3.1,0.531,2.36,19.3,0.256,0.653,0.467,11.224,11.2,0.598,0.62,1.0,0.982,19.6,98.0,81.67,98.0,0.524,W,1
0022300683,1610612749,Milwaukee,Bucks,MIL,bucks,240:00,591.8,118.4,607.1,121.4,-15.3,-3.1,0.6,2.08,19.1,0.347,0.744,0.533,13.265,13.3,0.56,0.58,1.0,0.991,19.6,98.0,81.67,98.0,0.476,L,0
0022300677,1610612751,Brooklyn,Nets,BKN,nets,240:00,594.1,118.8,686.9,137.4,-92.8,-18.6,0.596,2.55,20.1,0.25,0.688,0.425,10.891,10.9,0.585,0.602,1.0,0.982,20.0,100.0,83.33,101.0,0.393,L,0
0022300677,1610612756,Phoenix,Suns,PHX,suns,240:00,686.9,137.4,594.1,118.8,92.8,18.6,0.714,2.19,24.3,0.313,0.75,0.575,16.162,16.2,0.709,0.731,1.0,0.991,20.0,100.0,83.33,99.0,0.607,W,1
0022300678,1610612748,Miami,Heat,MIA,heat,240:00,592.8,118.6,546.4,109.3,46.4,9.3,0.905,3.8,26.4,0.205,0.75,0.51,10.309,10.3,0.577,0.611,1.0,0.962,19.4,97.0,80.83,97.0,0.581,W,1
0022300678,1610612758,Sacramento,Kings,SAC,kings,240:00,546.4,109.3,592.8,118.6,-46.4,-9.3,0.634,2.89,19.0,0.25,0.795,0.49,9.278,9.3,0.505,0.525,1.0,0.982,19.4,97.0,80.83,97.0,0.419,L,0
0022300674,1610612766,Charlotte,Hornets,CHA,hornets,240:00,578.9,115.8,615.8,123.2,-36.8,-7.4,0.625,2.5,18.8,0.255,0.711,0.469,10.526,10.5,0.533,0.564,1.0,0.981,19.0,95.0,79.17,95.0,0.446,L,0
0022300674,1610612741,Chicago,Bulls,CHI,bulls,240:00,615.8,123.2,578.9,115.8,36.8,7.4,0.622,2.8,20.6,0.289,0.745,0.531,10.526,10.5,0.58,0.605,1.0,0.972,19.0,95.0,79.17,95.0,0.554,W,1
0022300676,1610612764,Washington,Wizards,WAS,wizards,240:00,545.0,109.0,631.3,126.3,-86.3,-17.3,0.422,1.46,13.9,0.327,0.655,0.491,13.0,13.0,0.51,0.526,1.0,0.975,19.9,99.5,82.92,100.0,0.409,L,0
0022300676,1610612746,LA,Clippers,LAC,clippers,240:00,631.3,126.3,545.0,109.0,86.3,17.3,0.532,3.13,17.5,0.345,0.673,0.509,8.081,8.1,0.53,0.57,1.0,0.992,19.9,99.5,82.92,99.0,0.591,W,1
0022300682,1610612760,Oklahoma City,Thunder,OKC,thunder,240:00,541.2,108.2,515.5,103.1,25.8,5.2,0.649,1.85,17.5,0.308,0.729,0.532,13.402,13.4,0.489,0.536,1.0,0.965,19.4,97.0,80.83,97.0,0.555,W,1
0022300682,1610612743,Denver,Nuggets,DEN,nuggets,240:00,515.5,103.1,541.2,108.2,-25.8,-5.2,0.568,2.1,15.7,0.271,0.692,0.468,10.309,10.3,0.478,0.5,1.0,0.965,19.4,97.0,80.83,97.0,0.445,L,0
0022300679,1610612745,Houston,Rockets,HOU,rockets,240:00,515.6,103.1,572.9,114.6,-57.3,-11.5,0.543,3.8,15.7,0.113,0.651,0.354,5.208,5.2,0.477,0.524,1.0,0.98,19.2,96.0,80.0,96.0,0.437,L,0
0022300679,1610612740,New Orleans,Pelicans,NOP,pelicans,240:00,572.9,114.6,515.6,103.1,57.3,11.5,0.488,1.25,15.3,0.349,0.887,0.646,16.667,16.7,0.567,0.594,1.0,0.982,19.2,96.0,80.0,96.0,0.563,W,1
0022300681,1610612759,San Antonio,Spurs,SAS,spurs,240:00,480.4,96.1,534.7,106.9,-54.3,-10.9,0.667,1.26,17.9,0.208,0.729,0.469,18.627,18.6,0.506,0.541,1.0,0.973,20.3,101.5,84.58,102.0,0.445,L,0
0022300681,1610612753,Orlando,Magic,ORL,magic,240:00,534.7,106.9,480.4,96.1,54.3,10.9,0.707,1.81,20.4,0.271,0.792,0.531,15.842,15.8,0.517,0.562,1.0,0.991,20.3,101.5,84.58,101.0,0.555,W,1
0022300675,1610612739,Cleveland,Cavaliers,CLE,cavaliers,240:00,653.1,130.6,611.1,122.2,42.0,8.4,0.553,2.89,19.1,0.286,0.676,0.468,9.184,9.2,0.596,0.646,1.0,0.991,19.7,98.5,82.08,98.0,0.536,W,1
0022300675,1610612765,Detroit,Pistons,DET,pistons,240:00,611.1,122.2,653.1,130.6,-42.0,-8.4,0.6,1.42,20.0,0.324,0.714,0.532,19.192,19.2,0.654,0.677,1.0,0.981,19.7,98.5,82.08,99.0,0.464,L,0
0022300669,1610612737,Atlanta,Hawks,ATL,hawks,240:00,638.9,127.8,559.6,111.9,79.3,15.9,0.604,2.67,20.6,0.306,0.813,0.557,11.111,11.1,0.604,0.633,1.0,0.992,21.7,108.5,90.42,108.0,0.553,W,1
0022300669,1610612747,Los Angeles,Lakers,LAL,lakers,240:00,559.6,111.9,638.9,127.8,-79.3,-15.9,0.583,2.0,19.2,0.188,0.694,0.443,12.844,12.8,0.6,0.604,1.0,0.975,21.7,108.5,90.42,109.0,0.447,L,0
0022300672,1610612741,Chicago,Bulls,CHI,bulls,240:00,540.4,108.1,584.2,116.8,-43.8,-8.8,0.553,1.05,16.4,0.2,0.643,0.427,20.202,20.2,0.58,0.616,1.0,0.972,20.0,100.0,83.33,99.0,0.442,L,0
0022300672,1610612761,Toronto,Raptors,TOR,raptors,240:00,584.2,116.8,540.4,108.1,43.8,8.8,0.791,1.7,22.8,0.357,0.8,0.573,19.802,19.8,0.602,0.643,1.0,0.965,20.0,100.0,83.33,101.0,0.558,W,1
0022300673,1610612744,Golden State,Warriors,GSW,warriors,240:00,607.1,121.4,551.5,110.3,55.6,11.1,0.727,1.78,22.9,0.278,0.74,0.547,18.367,18.4,0.646,0.681,1.0,0.954,19.5,97.5,81.25,98.0,0.623,W,1
0022300673,1610612755,Philadelphia,76ers,PHI,sixers,240:00,551.5,110.3,607.1,121.4,-55.6,-11.1,0.282,0.69,9.1,0.26,0.722,0.453,16.495,16.5,0.535,0.568,1.0,0.991,19.5,97.5,81.25,97.0,0.377,L,0
0022300670,1610612738,Boston,Celtics,BOS,celtics,240:00,651.5,130.3,626.3,125.3,25.3,5.1,0.532,2.08,18.7,0.227,0.6,0.442,12.121,12.1,0.638,0.667,1.0,0.972,19.8,99.0,82.5,99.0,0.534,W,1
0022300670,1610612754,Indiana,Pacers,IND,pacers,240:00,626.3,125.3,651.5,130.3,-25.3,-5.1,0.66,4.13,21.2,0.4,0.773,0.558,8.081,8.1,0.519,0.541,1.0,0.984,19.8,99.0,82.5,99.0,0.466,L,0
0022300671,1610612752,New York,Knicks,NYK,knicks,240:00,655.6,131.1,559.8,112.0,95.8,19.2,0.659,4.83,21.3,0.333,0.66,0.495,6.667,6.7,0.537,0.579,1.0,0.991,18.2,91.0,75.83,90.0,0.594,W,1
0022300671,1610612762,Utah,Jazz,UTA,jazz,240:00,559.8,112.0,655.6,131.1,-95.8,-19.2,0.59,1.53,17.4,0.34,0.667,0.505,16.304,16.3,0.523,0.551,1.0,0.972,18.2,91.0,75.83,92.0,0.406,L,0
0022300658,1610612739,Cleveland,Cavaliers,CLE,cavaliers,240:00,608.2,121.6,556.7,111.3,51.5,10.3,0.667,2.15,20.1,0.298,0.783,0.538,13.402,13.4,0.564,0.606,1.0,0.991,19.4,97.0,80.83,97.0,0.542,W,1
0022300658,1610612746,LA,Clippers,LAC,clippers,240:00,556.7,111.3,608.2,121.6,-51.5,-10.3,0.737,2.15,20.7,0.217,0.702,0.462,13.402,13.4,0.544,0.585,1.0,0.972,19.4,97.0,80.83,97.0,0.458,L,0
0022300664,1610612760,Oklahoma City,Thunder,OKC,thunder,240:00,548.9,109.8,569.1,113.8,-20.2,-4.0,0.6,1.75,17.2,0.188,0.705,0.435,13.043,13.0,0.532,0.569,1.0,1.0,18.6,93.0,77.5,92.0,0.465,L,0
0022300664,1610612750,Minnesota,Timberwolves,MIN,timberwolves,240:00,569.1,113.8,548.9,109.8,20.2,4.0,0.525,1.62,16.5,0.295,0.813,0.565,13.83,13.8,0.566,0.597,1.0,0.972,18.6,93.0,77.5,94.0,0.535,W,1
0022300665,1610612759,San Antonio,Spurs,SAS,spurs,240:00,553.9,110.8,590.0,118.0,-36.1,-7.2,0.721,2.07,20.8,0.32,0.651,0.473,14.706,14.7,0.533,0.568,1.0,0.958,20.2,101.0,84.17,102.0,0.468,L,0
0022300665,1610612764,Washington,Wizards,WAS,wizards,240:00,590.0,118.0,553.9,110.8,36.1,7.2,0.696,1.68,21.8,0.349,0.68,0.527,19.0,19.0,0.587,0.611,1.0,0.991,20.2,101.0,84.17,100.0,0.532,W,1
0022300659,1610612738,Boston,Celtics,BOS,celtics,240:00,608.2,121.6,577.3,115.5,30.9,6.2,0.628,2.45,20.3,0.209,0.745,0.489,11.34,11.3,0.606,0.629,1.0,0.981,19.4,97.0,80.83,97.0,0.531,W,1
0022300659,1610612740,New Orleans,Pelicans,NOP,pelicans,240:00,577.3,115.5,608.2,121.6,-30.9,-6.2,0.457,1.75,16.2,0.255,0.791,0.511,12.371,12.4,0.56,0.579,1.0,0.982,19.4,97.0,80.83,97.0,0.469,L,0
0022300666,1610612742,Dallas,Mavericks,DAL,mavericks,240:00,661.6,132.3,651.5,130.3,10.1,2.0,0.628,1.8,20.6,0.161,0.702,0.487,15.152,15.2,0.717,0.745,1.0,0.981,19.8,99.0,82.5,99.0,0.557,W,1
0022300666,1610612753,Orlando,Magic,ORL,magic,240:00,651.5,130.3,661.6,132.3,-10.1,-2.0,0.6,2.25,19.3,0.298,0.839,0.513,12.121,12.1,0.614,0.643,1.0,0.973,19.8,99.0,82.5,99.0,0.443,L,0
0022300667,1610612743,Denver,Nuggets,DEN,nuggets,240:00,565.0,113.0,535.0,107.0,30.0,6.0,0.659,3.63,20.7,0.234,0.804,0.531,8.0,8.0,0.505,0.556,1.0,0.982,20.0,100.0,83.33,100.0,0.572,W,1
0022300667,1610612749,Milwaukee,Bucks,MIL,bucks,240:00,535.0,107.0,565.0,113.0,-30.0,-6.0,0.667,1.85,17.9,0.196,0.766,0.469,13.0,13.0,0.524,0.563,1.0,0.982,20.0,100.0,83.33,100.0,0.428,L,0
0022300662,1610612745,Houston,Rockets,HOU,rockets,240:00,619.3,123.9,545.9,109.2,73.4,14.7,0.692,2.4,22.5,0.313,0.88,0.602,13.761,13.8,0.592,0.619,1.0,0.992,21.8,109.0,90.83,109.0,0.569,W,1
0022300662,1610612747,Los Angeles,Lakers,LAL,lakers,240:00,545.9,109.2,619.3,123.9,-73.4,-14.7,0.578,2.17,18.6,0.12,0.688,0.398,11.009,11.0,0.566,0.581,1.0,0.991,21.8,109.0,90.83,109.0,0.431,L,0
0022300663,1610612763,Memphis,Grizzlies,MEM,grizzlies,240:00,484.5,96.9,530.9,106.2,-46.4,-9.3,0.733,1.57,16.9,0.208,0.705,0.433,14.433,14.4,0.456,0.509,1.0,0.981,19.4,97.0,80.83,97.0,0.417,L,0
0022300663,1610612758,Sacramento,Kings,SAC,kings,240:00,530.9,106.2,484.5,96.9,46.4,9.3,0.558,1.26,17.9,0.295,0.792,0.567,19.588,19.6,0.577,0.583,1.0,0.982,19.4,97.0,80.83,97.0,0.583,W,1
0022300668,1610612757,Portland,Trail Blazers,POR,blazers,240:00,670.1,134.0,536.1,107.2,134.0,26.8,0.63,2.23,20.7,0.359,0.638,0.512,13.402,13.4,0.619,0.672,1.0,0.982,19.4,97.0,80.83,97.0,0.651,W,1
0022300668,1610612755,Philadelphia,76ers,PHI,sixers,240:00,536.1,107.2,670.1,134.0,-134.0,-26.8,0.459,1.0,13.2,0.362,0.641,0.488,17.526,17.5,0.476,0.546,1.0,0.973,19.4,97.0,80.83,97.0,0.349,L,0
0022300657,1610612766,Charlotte,Hornets,CHA,hornets,240:00,505.5,101.1,620.9,124.2,-115.4,-23.1,0.622,1.64,18.4,0.234,0.81,0.506,15.385,15.4,0.525,0.528,1.0,0.971,18.2,91.0,75.83,91.0,0.409,L,0
0022300657,1610612752,New York,Knicks,NYK,knicks,240:00,620.9,124.2,505.5,101.1,115.4,23.1,0.568,2.78,20.2,0.19,0.766,0.494,9.89,9.9,0.595,0.621,1.0,0.98,18.2,91.0,75.83,91.0,0.591,W,1
0022300660,1610612751,Brooklyn,Nets,BKN,nets,240:00,706.7,141.3,548.1,109.6,158.7,31.7,0.759,4.56,25.0,0.373,0.706,0.539,8.654,8.7,0.614,0.648,1.0,0.984,20.8,104.0,86.67,104.0,0.626,W,1
0022300660,1610612762,Utah,Jazz,UTA,jazz,240:00,548.1,109.6,706.7,141.3,-158.7,-31.7,0.59,1.35,16.2,0.294,0.627,0.461,16.346,16.3,0.506,0.565,1.0,0.992,20.8,104.0,86.67,104.0,0.374,L,0
0022300661,1610612748,Miami,Heat,MIA,heat,240:00,546.9,109.4,614.6,122.9,-67.7,-13.5,0.606,1.54,15.5,0.255,0.736,0.5,13.542,13.5,0.476,0.553,1.0,0.963,19.2,96.0,80.0,96.0,0.42,L,0
0022300661,1610612756,Phoenix,Suns,PHX,suns,240:00,614.6,122.9,546.9,109.4,67.7,13.5,0.652,3.75,21.4,0.264,0.745,0.5,8.333,8.3,0.564,0.581,1.0,0.973,19.2,96.0,80.0,96.0,0.58,W,1
0022300654,1610612765,Detroit,Pistons,DET,pistons,240:00,618.6,123.7,530.6,106.1,87.9,17.6,0.574,3.0,19.3,0.32,0.76,0.54,9.278,9.3,0.553,0.58,1.0,0.991,19.5,97.5,81.25,97.0,0.592,W,1
0022300654,1610612760,Oklahoma City,Thunder,OKC,thunder,240:00,530.6,106.1,618.6,123.7,-87.9,-17.6,0.386,1.7,13.5,0.24,0.68,0.46,10.204,10.2,0.522,0.535,1.0,0.982,19.5,97.5,81.25,98.0,0.408,L,0
0022300656,1610612757,Portland,Trail Blazers,POR,blazers,240:00,510.6,102.1,547.4,109.5,-36.7,-7.3,0.688,1.57,17.2,0.245,0.827,0.545,14.894,14.9,0.443,0.523,1.0,0.981,18.9,94.5,78.75,94.0,0.442,L,0
0022300656,1610612741,Chicago,Bulls,CHI,bulls,240:00,547.4,109.5,510.6,102.1,36.7,7.3,0.643,5.4,20.8,0.173,0.755,0.455,5.263,5.3,0.511,0.533,1.0,0.971,18.9,94.5,78.75,95.0,0.558,W,1
0022300655,1610612753,Orlando,Magic,ORL,magic,240:00,576.5,115.3,500.0,100.0,76.5,15.3,0.732,3.0,20.5,0.321,0.784,0.505,10.204,10.2,0.511,0.546,1.0,0.948,19.6,98.0,81.67,98.0,0.576,W,1
0022300655,1610612756,Phoenix,Suns,PHX,suns,240:00,500.0,100.0,576.5,115.3,-76.5,-15.3,0.463,0.83,15.2,0.216,0.679,0.495,23.469,23.5,0.589,0.596,1.0,0.981,19.6,98.0,81.67,98.0,0.424,L,0
0022300652,1610612754,Indiana,Pacers,IND,pacers,240:00,604.2,120.8,572.9,114.6,31.3,6.3,0.705,3.1,22.3,0.261,0.694,0.484,10.417,10.4,0.561,0.598,1.0,0.981,19.2,96.0,80.0,96.0,0.552,W,1
0022300652,1610612763,Memphis,Grizzlies,MEM,grizzlies,240:00,572.9,114.6,604.2,120.8,-31.3,-6.3,0.526,1.54,15.3,0.306,0.739,0.516,13.542,13.5,0.53,0.575,1.0,0.982,19.2,96.0,80.0,96.0,0.448,L,0
0022300653,1610612737,Atlanta,Hawks,ATL,hawks,240:00,617.6,123.5,606.8,121.4,10.9,2.2,0.614,1.93,17.4,0.456,0.653,0.547,13.725,13.7,0.495,0.56,1.0,0.984,20.5,102.5,85.42,102.0,0.498,W,1
0022300653,1610612761,Toronto,Raptors,TOR,raptors,240:00,606.8,121.4,617.6,123.5,-10.9,-2.2,0.707,2.07,19.5,0.347,0.544,0.453,13.592,13.6,0.545,0.606,1.0,0.975,20.5,102.5,85.42,103.0,0.502,L,0
0022300645,1610612751,Brooklyn,Nets,BKN,nets,240:00,509.6,101.9,495.2,99.0,14.4,2.9,0.667,1.26,17.9,0.125,0.695,0.439,18.269,18.3,0.568,0.587,1.0,0.991,20.9,104.5,87.08,104.0,0.549,W,1
0022300645,1610612745,Houston,Rockets,HOU,rockets,240:00,495.2,99.0,509.6,101.9,-14.4,-2.9,0.541,1.18,14.0,0.305,0.875,0.561,16.19,16.2,0.447,0.499,1.0,0.984,20.9,104.5,87.08,105.0,0.451,L,0
0022300650,1610612744,Golden State,Warriors,GSW,warriors,290:00,566.9,113.4,570.9,114.2,-3.9,-0.8,0.673,2.18,20.2,0.284,0.75,0.496,13.386,13.4,0.559,0.571,1.0,0.973,21.02,105.1,87.59,127.0,0.452,L,0
0022300650,1610612747,Los Angeles,Lakers,LAL,lakers,290:00,570.9,114.2,566.9,113.4,3.9,0.8,0.673,1.65,19.0,0.25,0.716,0.504,15.748,15.7,0.53,0.605,1.0,0.979,21.02,105.1,87.59,127.0,0.548,W,1
0022300642,1610612765,Detroit,Pistons,DET,pistons,240:00,509.8,102.0,578.4,115.7,-68.6,-13.7,0.595,1.29,15.8,0.3,0.667,0.495,16.667,16.7,0.488,0.537,1.0,0.983,20.4,102.0,85.0,102.0,0.423,L,0
0022300642,1610612764,Washington,Wizards,WAS,wizards,240:00,578.4,115.7,509.8,102.0,68.6,13.7,0.578,2.6,17.7,0.333,0.7,0.505,9.804,9.8,0.505,0.54,1.0,0.975,20.4,102.0,85.0,102.0,0.577,W,1
0022300643,1610612752,New York,Knicks,NYK,knicks,240:00,664.9,133.0,579.8,116.0,85.1,17.0,0.556,3.57,19.1,0.289,0.78,0.547,7.447,7.4,0.615,0.635,1.0,0.991,18.8,94.0,78.33,94.0,0.555,W,1
0022300643,1610612748,Miami,Heat,MIA,heat,240:00,579.8,116.0,664.9,133.0,-85.1,-17.0,0.634,3.25,19.8,0.22,0.711,0.453,8.511,8.5,0.545,0.573,1.0,0.981,18.8,94.0,78.33,94.0,0.445,L,0
0022300647,1610612766,Charlotte,Hornets,CHA,hornets,240:00,604.0,120.8,670.0,134.0,-66.0,-13.2,0.745,3.5,23.6,0.277,0.651,0.456,9.901,9.9,0.582,0.603,1.0,0.982,20.1,100.5,83.75,101.0,0.44,L,0
0022300647,1610612762,Utah,Jazz,UTA,jazz,240:00,670.0,134.0,604.0,120.8,66.0,13.2,0.731,2.71,24.8,0.349,0.723,0.544,14.0,14.0,0.651,0.667,1.0,0.983,20.1,100.5,83.75,100.0,0.56,W,1
0022300646,1610612738,Boston,Celtics,BOS,celtics,240:00,494.8,99.0,575.0,115.0,-80.2,-16.0,0.583,1.91,15.2,0.313,0.638,0.467,11.34,11.3,0.41,0.448,1.0,1.0,19.7,98.5,82.08,97.0,0.394,L,0
0022300646,1610612746,LA,Clippers,LAC,clippers,240:00,575.0,115.0,494.8,99.0,80.2,16.0,0.622,3.5,18.8,0.362,0.688,0.533,8.0,8.0,0.49,0.523,1.0,0.95,19.7,98.5,82.08,100.0,0.606,W,1
0022300648,1610612749,Milwaukee,Bucks,MIL,bucks,240:00,652.8,130.6,551.9,110.4,100.9,20.2,0.588,3.33,20.5,0.186,0.8,0.516,8.333,8.3,0.67,0.691,1.0,0.966,21.4,107.0,89.17,108.0,0.599,W,1
0022300648,1610612740,New Orleans,Pelicans,NOP,pelicans,240:00,551.9,110.4,652.8,130.6,-100.9,-20.2,0.5,1.33,14.7,0.2,0.814,0.484,14.151,14.2,0.524,0.58,1.0,0.991,21.4,107.0,89.17,106.0,0.401,L,0
0022300651,1610612742,Dallas,Mavericks,DAL,mavericks,240:00,575.0,115.0,600.0,120.0,-25.0,-5.0,0.814,3.5,22.9,0.321,0.775,0.51,10.0,10.0,0.52,0.543,1.0,0.983,20.0,100.0,83.33,100.0,0.469,L,0
0022300651,1610612758,Sacramento,Kings,SAC,kings,240:00,600.0,120.0,575.0,115.0,25.0,5.0,0.628,1.93,20.0,0.225,0.679,0.49,14.0,14.0,0.606,0.644,1.0,0.981,20.0,100.0,83.33,100.0,0.531,W,1
0022300644,1610612743,Denver,Nuggets,DEN,nuggets,240:00,590.4,118.1,564.5,112.9,25.9,5.2,0.676,3.13,18.2,0.34,0.829,0.553,8.511,8.5,0.53,0.562,1.0,0.964,18.7,93.5,77.92,94.0,0.513,W,1
0022300644,1610612755,Philadelphia,76ers,PHI,sixers,240:00,564.5,112.9,590.4,118.1,-25.9,-5.2,0.581,2.27,20.0,0.171,0.66,0.447,11.828,11.8,0.568,0.596,1.0,0.99,18.7,93.5,77.92,93.0,0.487,L,0
0022300649,1610612759,San Antonio,Spurs,SAS,spurs,240:00,614.1,122.8,608.7,121.7,5.4,1.1,0.761,2.33,24.5,0.381,0.763,0.563,16.304,16.3,0.625,0.624,1.0,0.981,18.4,92.0,76.67,92.0,0.502,W,1
0022300649,1610612750,Minnesota,Timberwolves,MIN,timberwolves,240:00,608.7,121.7,614.1,122.8,-5.4,-1.1,0.667,2.31,23.1,0.237,0.619,0.438,14.13,14.1,0.658,0.654,1.0,0.99,18.4,92.0,76.67,92.0,0.498,L,0
0022300640,1610612740,New Orleans,Pelicans,NOP,pelicans,240:00,419.2,83.8,540.4,108.1,-121.2,-24.2,0.75,1.2,17.9,0.212,0.783,0.48,20.202,20.2,0.445,0.471,1.0,0.982,19.8,99.0,82.5,99.0,0.366,L,0
0022300640,1610612760,Oklahoma City,Thunder,OKC,thunder,240:00,540.4,108.1,419.2,83.8,121.2,24.2,0.524,1.69,16.9,0.217,0.788,0.52,13.131,13.1,0.534,0.568,1.0,0.972,19.8,99.0,82.5,99.0,0.634,W,1
0022300637,1610612761,Toronto,Raptors,TOR,raptors,240:00,529.7,105.9,628.7,125.7,-99.0,-19.8,0.591,2.36,17.9,0.31,0.66,0.467,10.891,10.9,0.49,0.506,1.0,0.983,20.2,101.0,84.17,101.0,0.399,L,0
0022300637,1610612746,LA,Clippers,LAC,clippers,240:00,628.7,125.7,529.7,105.9,99.0,19.8,0.604,2.64,20.0,0.34,0.69,0.533,10.891,10.9,0.553,0.602,1.0,0.983,20.2,101.0,84.17,101.0,0.601,W,1
0022300635,1610612766,Charlotte,Hornets,CHA,hornets,240:00,509.8,102.0,683.2,136.6,-173.4,-34.7,0.571,1.54,15.0,0.214,0.69,0.418,12.745,12.7,0.465,0.525,1.0,0.991,20.3,101.5,84.58,102.0,0.308,L,0
0022300635,1610612745,Houston,Rockets,HOU,rockets,240:00,683.2,136.6,509.8,102.0,173.4,34.7,0.68,2.43,23.0,0.31,0.786,0.582,13.861,13.9,0.635,0.672,1.0,0.982,20.3,101.5,84.58,101.0,0.692,W,1
0022300634,1610612737,Atlanta,Hawks,ATL,hawks,240:00,668.2,133.6,698.1,139.6,-29.9,-6.0,0.627,4.57,20.9,0.298,0.794,0.506,6.542,6.5,0.603,0.649,1.0,0.975,21.3,106.5,88.75,107.0,0.488,L,0
0022300634,1610612742,Dallas,Mavericks,DAL,mavericks,240:00,698.1,139.6,668.2,133.6,29.9,6.0,0.549,2.15,19.9,0.206,0.702,0.494,12.264,12.3,0.712,0.747,1.0,0.991,21.3,106.5,88.75,106.0,0.512,W,1
0022300638,1610612763,Memphis,Grizzlies,MEM,grizzlies,240:00,569.1,113.8,563.8,112.8,5.3,1.1,0.714,2.14,21.6,0.34,0.723,0.526,14.894,14.9,0.55,0.559,1.0,0.991,18.8,94.0,78.33,94.0,0.509,W,1
0022300638,1610612753,Orlando,Magic,ORL,magic,240:00,563.8,112.8,569.1,113.8,-5.3,-1.1,0.553,1.91,16.4,0.277,0.66,0.474,11.702,11.7,0.525,0.565,1.0,0.981,18.8,94.0,78.33,94.0,0.491,L,0
0022300639,1610612749,Milwaukee,Bucks,MIL,bucks,240:00,490.2,98.0,543.7,108.7,-53.5,-10.7,0.6,1.17,15.2,0.273,0.684,0.482,17.647,17.6,0.477,0.513,1.0,0.991,20.5,102.5,85.42,102.0,0.452,L,0
0022300639,1610612739,Cleveland,Cavaliers,CLE,cavaliers,240:00,543.7,108.7,490.2,98.0,53.5,10.7,0.526,1.54,14.2,0.316,0.727,0.518,12.621,12.6,0.489,0.53,1.0,0.975,20.5,102.5,85.42,103.0,0.548,W,1
0022300636,1610612754,Indiana,Pacers,IND,pacers,240:00,633.3,126.7,623.8,124.8,9.5,1.9,0.586,2.62,20.9,0.436,0.718,0.553,12.381,12.4,0.569,0.575,1.0,0.977,21.0,105.0,87.5,105.0,0.508,W,1
0022300636,1610612756,Phoenix,Suns,PHX,suns,240:00,623.8,124.8,633.3,126.7,-9.5,-1.9,0.471,1.2,17.1,0.282,0.564,0.447,19.048,19.0,0.646,0.676,1.0,0.991,21.0,105.0,87.5,105.0,0.492,L,0
0022300641,1610612759,San Antonio,Spurs,SAS,spurs,240:00,557.7,111.5,480.8,96.2,76.9,15.4,0.714,1.67,19.9,0.365,0.796,0.585,17.308,17.3,0.511,0.561,1.0,0.983,20.8,104.0,86.67,104.0,0.626,W,1
0022300641,1610612757,Portland,Trail Blazers,POR,blazers,240:00,480.8,96.2,557.7,111.5,-76.9,-15.4,0.605,1.53,16.7,0.204,0.635,0.415,14.423,14.4,0.478,0.508,1.0,0.965,20.8,104.0,86.67,104.0,0.374,L,0
0022300632,1610612744,Golden State,Warriors,GSW,warriors,240:00,685.6,137.1,683.7,136.7,1.9,0.4,0.625,2.31,21.7,0.275,0.659,0.476,13.402,13.4,0.669,0.692,1.0,0.991,19.5,97.5,81.25,97.0,0.492,L,0
0022300632,1610612758,Sacramento,Kings,SAC,kings,240:00,683.7,136.7,685.6,137.1,-1.9,-0.4,0.688,3.3,22.6,0.341,0.725,0.524,10.204,10.2,0.648,0.674,1.0,0.973,19.5,97.5,81.25,98.0,0.508,W,1
0022300627,1610612754,Indiana,Pacers,IND,pacers,240:00,620.4,124.1,570.1,114.0,50.3,10.1,0.66,1.67,22.2,0.372,0.849,0.635,19.444,19.4,0.634,0.655,1.0,0.984,21.5,107.5,89.58,108.0,0.561,W,1
0022300627,1610612755,Philadelphia,76ers,PHI,sixers,240:00,570.1,114.0,620.4,124.1,-50.3,-10.1,0.571,2.0,17.3,0.151,0.628,0.365,11.215,11.2,0.523,0.576,1.0,0.991,21.5,107.5,89.58,107.0,0.439,L,0
0022300630,1610612748,Miami,Heat,MIA,heat,240:00,578.9,115.8,744.8,149.0,-165.8,-33.2,0.595,5.0,19.1,0.208,0.724,0.39,5.263,5.3,0.532,0.552,1.0,0.981,19.1,95.5,79.58,95.0,0.35,L,0
0022300630,1610612738,Boston,Celtics,BOS,celtics,240:00,744.8,149.0,578.9,115.8,165.8,33.2,0.706,3.27,25.7,0.276,0.792,0.61,11.458,11.5,0.775,0.805,1.0,0.971,19.1,95.5,79.58,96.0,0.65,W,1
0022300633,1610612747,Los Angeles,Lakers,LAL,lakers,240:00,684.5,136.9,640.8,128.2,43.7,8.7,0.66,2.5,24.1,0.194,0.628,0.43,13.592,13.6,0.724,0.736,1.0,0.964,20.6,103.0,85.83,103.0,0.535,W,1
0022300633,1610612741,Chicago,Bulls,CHI,bulls,240:00,640.8,128.2,684.5,136.9,-43.7,-8.7,0.574,1.59,18.5,0.372,0.806,0.57,16.505,16.5,0.602,0.655,1.0,0.975,20.6,103.0,85.83,103.0,0.465,L,0
0022300628,1610612764,Washington,Wizards,WAS,wizards,240:00,524.3,104.9,597.1,119.4,-72.8,-14.6,0.767,3.0,23.1,0.149,0.653,0.406,10.68,10.7,0.528,0.558,1.0,0.982,20.6,103.0,85.83,103.0,0.474,L,0
0022300628,1610612762,Utah,Jazz,UTA,jazz,240:00,597.1,119.4,524.3,104.9,72.8,14.6,0.68,2.13,22.1,0.347,0.851,0.594,15.534,15.5,0.582,0.601,1.0,0.975,20.6,103.0,85.83,103.0,0.526,W,1
0022300629,1610612751,Brooklyn,Nets,BKN,nets,240:00,510.9,102.2,521.7,104.3,-10.9,-2.2,0.629,1.47,18.0,0.186,0.756,0.464,16.304,16.3,0.519,0.559,1.0,0.96,18.4,92.0,76.67,92.0,0.478,L,0
0022300629,1610612750,Minnesota,Timberwolves,MIN,timberwolves,240:00,521.7,104.3,510.9,102.2,10.9,2.2,0.649,1.41,19.0,0.244,0.814,0.536,18.478,18.5,0.56,0.585,1.0,0.951,18.4,92.0,76.67,92.0,0.522,W,1
0022300631,1610612752,New York,Knicks,NYK,knicks,240:00,663.0,132.6,456.5,91.3,206.5,41.3,0.578,2.6,20.0,0.279,0.64,0.473,10.87,10.9,0.618,0.65,1.0,0.962,18.4,92.0,76.67,92.0,0.728,W,1
0022300631,1610612743,Denver,Nuggets,DEN,nuggets,240:00,456.5,91.3,663.0,132.6,-206.5,-41.3,0.588,1.05,15.4,0.36,0.721,0.527,20.652,20.7,0.435,0.468,1.0,0.982,18.4,92.0,76.67,92.0,0.272,L,0
0022300622,1610612759,San Antonio,Spurs,SAS,spurs,240:00,558.8,111.8,679.6,135.9,-120.8,-24.2,0.698,1.58,20.5,0.311,0.614,0.461,18.627,18.6,0.552,0.588,1.0,0.991,20.5,102.5,85.42,102.0,0.415,L,0
0022300622,1610612760,Oklahoma City,Thunder,OKC,thunder,240:00,679.6,135.9,558.8,111.8,120.8,24.2,0.667,2.25,23.1,0.386,0.689,0.539,15.534,15.5,0.656,0.679,1.0,0.975,20.5,102.5,85.42,103.0,0.585,W,1
0022300619,1610612765,Detroit,Pistons,DET,pistons,240:00,570.7,114.1,540.8,108.2,29.9,6.0,0.605,2.36,19.4,0.18,0.824,0.505,11.111,11.1,0.587,0.596,1.0,0.972,19.7,98.5,82.08,99.0,0.518,W,1
0022300619,1610612766,Charlotte,Hornets,CHA,hornets,240:00,540.8,108.2,570.7,114.1,-29.9,-6.0,0.711,2.45,20.1,0.176,0.82,0.495,11.224,11.2,0.523,0.556,1.0,0.991,19.7,98.5,82.08,98.0,0.482,L,0
0022300624,1610612749,Milwaukee,Bucks,MIL,bucks,240:00,611.7,122.3,557.7,111.5,54.0,10.8,0.533,2.0,17.3,0.261,0.83,0.548,11.65,11.7,0.561,0.616,1.0,0.983,20.7,103.5,86.25,103.0,0.547,W,1
0022300624,1610612739,Cleveland,Cavaliers,CLE,cavaliers,240:00,557.7,111.5,611.7,122.3,-54.0,-10.8,0.565,2.0,18.8,0.17,0.739,0.452,12.5,12.5,0.577,0.594,1.0,0.973,20.7,103.5,86.25,104.0,0.453,L,0
0022300620,1610612764,Washington,Wizards,WAS,wizards,240:00,509.5,101.9,561.9,112.4,-52.4,-10.5,0.838,1.48,21.5,0.195,0.738,0.52,20.0,20.0,0.545,0.596,1.0,0.982,21.0,105.0,87.5,105.0,0.483,L,0
0022300620,1610612750,Minnesota,Timberwolves,MIN,timberwolves,240:00,561.9,112.4,509.5,101.9,52.4,10.5,0.619,3.71,17.7,0.262,0.805,0.48,6.667,6.7,0.465,0.523,1.0,0.983,21.0,105.0,87.5,105.0,0.517,W,1
0022300626,1610612744,Golden State,Warriors,GSW,warriors,240:00,663.4,132.7,560.0,112.0,103.4,20.7,0.51,2.6,18.7,0.273,0.707,0.52,9.901,9.9,0.648,0.665,1.0,0.973,20.1,100.5,83.75,101.0,0.582,W,1
0022300626,1610612737,Atlanta,Hawks,ATL,hawks,240:00,560.0,112.0,663.4,132.7,-103.4,-20.7,0.769,2.73,20.4,0.293,0.727,0.48,11.0,11.0,0.489,0.531,1.0,0.983,20.1,100.5,83.75,100.0,0.418,L,0
0022300625,1610612742,Dallas,Mavericks,DAL,mavericks,240:00,545.0,109.0,666.7,133.3,-121.7,-24.3,0.61,1.79,18.4,0.212,0.676,0.404,14.0,14.0,0.556,0.562,1.0,0.973,19.9,99.5,82.92,100.0,0.365,L,0
0022300625,1610612756,Phoenix,Suns,PHX,suns,240:00,666.7,133.3,545.0,109.0,121.7,24.3,0.588,1.88,21.3,0.324,0.788,0.596,16.162,16.2,0.682,0.697,1.0,0.973,19.9,99.5,82.92,99.0,0.635,W,1
0022300623,1610612745,Houston,Rockets,HOU,rockets,265:00,629.8,126.0,652.4,130.5,-22.6,-4.5,0.58,3.63,20.3,0.217,0.612,0.421,7.692,7.7,0.596,0.632,1.0,0.982,18.93,94.64,78.87,104.0,0.486,L,0
0022300623,1610612757,Portland,Trail Blazers,POR,blazers,265:00,652.4,130.5,629.8,126.0,22.6,4.5,0.62,2.58,20.3,0.388,0.783,0.579,11.429,11.4,0.587,0.631,1.0,0.992,18.93,94.64,78.87,105.0,0.514,W,1
0022300621,1610612748,Miami,Heat,MIA,heat,240:00,480.0,96.0,530.3,106.1,-50.3,-10.1,0.636,1.24,15.7,0.264,0.8,0.51,17.0,17.0,0.47,0.516,1.0,0.982,19.9,99.5,82.92,100.0,0.438,L,0
0022300621,1610612763,Memphis,Grizzlies,MEM,grizzlies,240:00,530.3,106.1,480.0,96.0,50.3,10.1,0.833,1.67,21.7,0.2,0.736,0.49,18.182,18.2,0.556,0.594,1.0,0.991,19.9,99.5,82.92,99.0,0.562,W,1
0022300616,1610612740,New Orleans,Pelicans,NOP,pelicans,240:00,728.6,145.7,584.9,117.0,143.7,28.7,0.683,4.56,25.8,0.292,0.833,0.578,8.571,8.6,0.688,0.692,1.0,1.0,21.1,105.5,87.92,105.0,0.594,W,1
0022300616,1610612762,Utah,Jazz,UTA,jazz,240:00,584.9,117.0,728.6,145.7,-143.7,-28.7,0.628,3.38,19.1,0.167,0.708,0.422,7.547,7.5,0.533,0.584,1.0,0.982,21.1,105.5,87.92,106.0,0.406,L,0
0022300617,1610612760,Oklahoma City,Thunder,OKC,thunder,240:00,544.1,108.8,539.6,107.9,4.5,0.9,0.535,1.92,16.7,0.255,0.7,0.475,11.765,11.8,0.522,0.548,1.0,0.974,20.3,101.5,84.58,102.0,0.515,W,1
0022300617,1610612757,Portland,Trail Blazers,POR,blazers,240:00,539.6,107.9,544.1,108.8,-4.5,-0.9,0.73,1.42,18.9,0.3,0.745,0.525,18.812,18.8,0.535,0.572,1.0,0.991,20.3,101.5,84.58,101.0,0.485,L,0
0022300618,1610612746,LA,Clippers,LAC,clippers,240:00,628.7,125.7,574.3,114.9,54.5,10.9,0.635,2.2,23.2,0.211,0.64,0.455,14.851,14.9,0.67,0.681,1.0,0.972,20.2,101.0,84.17,101.0,0.554,W,1
0022300618,1610612747,Los Angeles,Lakers,LAL,lakers,240:00,574.3,114.9,628.7,125.7,-54.5,-10.9,0.6,1.8,18.5,0.36,0.789,0.545,14.851,14.9,0.549,0.57,1.0,0.983,20.2,101.0,84.17,101.0,0.446,L,0
0022300614,1610612754,Indiana,Pacers,IND,pacers,240:00,567.7,113.5,606.4,121.3,-38.7,-7.7,0.558,2.4,17.9,0.304,0.689,0.495,10.417,10.4,0.523,0.566,1.0,0.964,19.0,95.0,79.17,96.0,0.481,L,0
0022300614,1610612743,Denver,Nuggets,DEN,nuggets,240:00,606.4,121.3,567.7,113.5,38.7,7.7,0.5,1.83,16.9,0.311,0.696,0.505,12.766,12.8,0.563,0.597,1.0,0.972,19.0,95.0,79.17,94.0,0.519,W,1
0022300615,1610612751,Brooklyn,Nets,BKN,nets,240:00,559.8,112.0,580.6,116.1,-20.9,-4.2,0.69,2.23,20.9,0.34,0.617,0.47,14.13,14.1,0.521,0.53,1.0,0.991,18.5,92.5,77.08,92.0,0.462,L,0
0022300615,1610612752,New York,Knicks,NYK,knicks,240:00,580.6,116.1,559.8,112.0,20.9,4.2,0.525,1.5,16.3,0.383,0.66,0.53,15.054,15.1,0.523,0.572,1.0,0.991,18.5,92.5,77.08,93.0,0.538,W,1
0022300609,1610612761,Toronto,Raptors,TOR,raptors,240:00,526.3,105.3,568.4,113.7,-42.1,-8.4,0.886,1.82,22.1,0.318,0.625,0.49,17.895,17.9,0.494,0.561,1.0,0.982,19.0,95.0,79.17,95.0,0.508,L,0
0022300609,1610612763,Memphis,Grizzlies,MEM,grizzlies,240:00,568.4,113.7,526.3,105.3,42.1,8.4,0.682,1.88,20.5,0.375,0.682,0.51,16.842,16.8,0.532,0.538,1.0,0.974,19.0,95.0,79.17,95.0,0.492,W,1
0022300607,1610612753,Orlando,Magic,ORL,magic,240:00,532.3,106.5,677.4,135.5,-145.2,-29.0,0.735,1.67,19.5,0.244,0.763,0.482,16.129,16.1,0.534,0.568,1.0,1.0,18.6,93.0,77.5,93.0,0.381,L,0
0022300607,1610612739,Cleveland,Cavaliers,CLE,cavaliers,240:00,677.4,135.5,532.3,106.5,145.2,29.0,0.644,2.42,22.1,0.237,0.756,0.518,12.903,12.9,0.688,0.702,1.0,0.951,18.6,93.0,77.5,93.0,0.619,W,1
0022300612,1610612756,Phoenix,Suns,PHX,suns,240:00,605.3,121.1,588.5,117.7,16.7,3.3,0.727,4.57,24.2,0.119,0.68,0.424,7.368,7.4,0.6,0.622,1.0,0.99,19.1,95.5,79.58,95.0,0.545,W,1
0022300612,1610612741,Chicago,Bulls,CHI,bulls,240:00,588.5,117.7,605.3,121.1,-16.7,-3.3,0.556,2.5,18.5,0.32,0.881,0.576,10.417,10.4,0.559,0.57,1.0,0.991,19.1,95.5,79.58,96.0,0.455,L,0
0022300610,1610612750,Minnesota,Timberwolves,MIN,timberwolves,240:00,625.0,125.0,640.0,128.0,-15.0,-3.0,0.773,2.62,23.4,0.268,0.8,0.531,13.0,13.0,0.631,0.658,1.0,0.982,20.0,100.0,83.33,100.0,0.49,L,0
0022300610,1610612766,Charlotte,Hornets,CHA,hornets,240:00,640.0,128.0,625.0,125.0,15.0,3.0,0.6,3.0,21.7,0.2,0.732,0.469,10.0,10.0,0.648,0.667,1.0,0.981,20.0,100.0,83.33,100.0,0.51,W,1
0022300606,1610612765,Detroit,Pistons,DET,pistons,240:00,548.5,109.7,586.5,117.3,-38.0,-7.6,0.625,2.5,18.2,0.18,0.702,0.458,9.709,9.7,0.506,0.555,1.0,0.991,20.7,103.5,86.25,103.0,0.456,L,0
0022300606,1610612749,Milwaukee,Bucks,MIL,bucks,240:00,586.5,117.3,548.5,109.7,38.0,7.6,0.619,2.89,17.7,0.298,0.82,0.542,8.654,8.7,0.5,0.56,1.0,0.975,20.7,103.5,86.25,104.0,0.544,W,1
0022300613,1610612758,Sacramento,Kings,SAC,kings,240:00,592.2,118.4,519.4,103.9,72.8,14.6,0.512,2.44,16.1,0.235,0.742,0.513,8.738,8.7,0.527,0.582,1.0,0.974,20.6,103.0,85.83,103.0,0.589,W,1
0022300613,1610612737,Atlanta,Hawks,ATL,hawks,240:00,519.4,103.9,592.2,118.4,-72.8,-14.6,0.528,1.58,13.8,0.258,0.765,0.487,11.65,11.7,0.462,0.51,1.0,0.983,20.6,103.0,85.83,103.0,0.411,L,0
0022300608,1610612755,Philadelphia,76ers,PHI,sixers,240:00,678.6,135.7,621.2,124.2,57.4,11.5,0.583,7.0,19.0,0.404,0.68,0.539,4.082,4.1,0.521,0.58,1.0,0.992,19.7,98.5,82.08,98.0,0.532,W,1
0022300608,1610612759,San Antonio,Spurs,SAS,spurs,240:00,621.2,124.2,678.6,135.7,-57.4,-11.5,0.674,3.63,20.1,0.32,0.596,0.461,8.081,8.1,0.532,0.586,1.0,0.974,19.7,98.5,82.08,99.0,0.468,L,0
0022300611,1610612742,Dallas,Mavericks,DAL,mavericks,240:00,550.0,110.0,595.0,119.0,-45.0,-9.0,0.558,2.4,17.4,0.246,0.816,0.509,10.0,10.0,0.515,0.533,1.0,0.982,20.0,100.0,83.33,100.0,0.449,L,0
0022300611,1610612738,Boston,Celtics,BOS,celtics,240:00,595.0,119.0,550.0,110.0,45.0,9.0,0.634,4.33,19.3,0.184,0.754,0.491,6.0,6.0,0.551,0.588,1.0,0.982,20.0,100.0,83.33,100.0,0.551,W,1
0022300602,1610612764,Washington,Wizards,WAS,wizards,240:00,530.6,106.1,565.0,113.0,-34.4,-6.9,0.795,2.38,21.4,0.291,0.66,0.467,13.265,13.3,0.473,0.516,1.0,0.991,19.8,99.0,82.5,98.0,0.43,L,0
0022300602,1610612743,Denver,Nuggets,DEN,nuggets,240:00,565.0,113.0,530.6,106.1,34.4,6.9,0.674,2.07,19.9,0.34,0.709,0.533,14.0,14.0,0.534,0.563,1.0,0.957,19.8,99.0,82.5,100.0,0.57,W,1
0022300600,1610612746,LA,Clippers,LAC,clippers,240:00,618.8,123.8,564.4,112.9,54.5,10.9,0.619,2.36,18.7,0.273,0.792,0.543,10.891,10.9,0.584,0.641,1.0,0.956,20.2,101.0,84.17,101.0,0.555,W,1
0022300600,1610612751,Brooklyn,Nets,BKN,nets,240:00,564.4,112.9,618.8,123.8,-54.5,-10.9,0.659,2.23,20.7,0.208,0.727,0.457,12.871,12.9,0.567,0.587,1.0,0.973,20.2,101.0,84.17,101.0,0.445,L,0
0022300603,1610612745,Houston,Rockets,HOU,rockets,240:00,509.5,101.9,552.4,110.5,-42.9,-8.6,0.634,1.73,17.9,0.268,0.667,0.469,14.286,14.3,0.489,0.516,1.0,0.992,21.0,105.0,87.5,105.0,0.448,L,0
0022300603,1610612738,Boston,Celtics,BOS,celtics,240:00,552.4,110.5,509.5,101.9,42.9,8.6,0.721,1.94,20.0,0.333,0.732,0.531,15.238,15.2,0.526,0.548,1.0,0.984,21.0,105.0,87.5,105.0,0.552,W,1
0022300605,1610612747,Los Angeles,Lakers,LAL,lakers,240:00,656.9,131.4,544.6,108.9,112.3,22.5,0.596,2.0,19.4,0.35,0.735,0.562,13.725,13.7,0.622,0.678,1.0,0.957,20.3,101.5,84.58,102.0,0.617,W,1
0022300605,1610612757,Portland,Trail Blazers,POR,blazers,240:00,544.6,108.9,656.9,131.4,-112.3,-22.5,0.571,1.71,17.4,0.265,0.65,0.438,13.861,13.9,0.517,0.557,1.0,0.974,20.3,101.5,84.58,101.0,0.383,L,0
0022300604,1610612756,Phoenix,Suns,PHX,suns,240:00,585.0,117.0,555.6,111.1,29.4,5.9,0.532,1.47,18.5,0.27,0.69,0.526,17.0,17.0,0.622,0.651,1.0,0.964,19.9,99.5,82.92,100.0,0.56,W,1
0022300604,1610612754,Indiana,Pacers,IND,pacers,240:00,555.6,111.1,585.0,117.0,-29.4,-5.9,0.683,2.55,19.3,0.31,0.73,0.474,11.111,11.1,0.511,0.528,1.0,0.991,19.9,99.5,82.92,99.0,0.44,L,0
0022300601,1610612753,Orlando,Magic,ORL,magic,240:00,576.9,115.4,478.0,95.6,98.9,19.8,0.568,1.5,16.5,0.381,0.686,0.548,15.385,15.4,0.532,0.581,1.0,0.991,18.2,91.0,75.83,91.0,0.63,W,1
0022300601,1610612748,Miami,Heat,MIA,heat,240:00,478.0,95.6,576.9,115.4,-98.9,-19.8,0.733,1.22,17.1,0.314,0.619,0.452,19.78,19.8,0.45,0.495,1.0,0.944,18.2,91.0,75.83,91.0,0.37,L,0
0022300593,1610612766,Charlotte,Hornets,CHA,hornets,240:00,454.1,90.8,494.9,99.0,-40.8,-8.2,0.657,1.35,17.4,0.216,0.824,0.52,17.347,17.3,0.465,0.488,1.0,0.972,19.6,98.0,81.67,98.0,0.422,L,0
0022300593,1610612755,Philadelphia,76ers,PHI,sixers,240:00,494.9,99.0,454.1,90.8,40.8,8.2,0.583,2.1,16.4,0.176,0.784,0.48,10.204,10.2,0.453,0.508,1.0,0.981,19.6,98.0,81.67,98.0,0.578,W,1
0022300595,1610612737,Atlanta,Hawks,ATL,hawks,240:00,470.3,94.1,574.3,114.9,-104.0,-20.8,0.676,2.27,18.1,0.203,0.837,0.471,10.891,10.9,0.457,0.477,1.0,0.982,20.2,101.0,84.17,101.0,0.378,L,0
0022300595,1610612739,Cleveland,Cavaliers,CLE,cavaliers,240:00,574.3,114.9,470.3,94.1,104.0,20.8,0.744,2.29,22.9,0.163,0.797,0.529,13.861,13.9,0.6,0.63,1.0,0.972,20.2,101.0,84.17,101.0,0.622,W,1
0022300596,1610612752,New York,Knicks,NYK,knicks,240:00,617.6,123.5,490.2,98.0,127.5,25.5,0.563,1.23,18.5,0.45,0.8,0.66,21.569,21.6,0.625,0.651,1.0,0.983,20.4,102.0,85.0,102.0,0.631,W,1
0022300596,1610612761,Toronto,Raptors,TOR,raptors,240:00,490.2,98.0,617.6,123.5,-127.5,-25.5,0.763,2.9,20.4,0.2,0.55,0.34,9.804,9.8,0.473,0.49,1.0,0.991,20.4,102.0,85.0,102.0,0.369,L,0
0022300592,1610612765,Detroit,Pistons,DET,pistons,240:00,619.3,123.9,646.8,129.4,-27.5,-5.5,0.682,3.33,20.0,0.204,0.773,0.459,8.257,8.3,0.58,0.625,1.0,0.975,21.8,109.0,90.83,109.0,0.437,L,0
0022300592,1610612749,Milwaukee,Bucks,MIL,bucks,240:00,646.8,129.4,619.3,123.9,27.5,5.5,0.638,3.0,20.3,0.227,0.796,0.541,9.174,9.2,0.624,0.662,1.0,0.992,21.8,109.0,90.83,109.0,0.563,W,1
0022300594,1610612764,Washington,Wizards,WAS,wizards,240:00,588.0,117.6,606.5,121.3,-18.5,-3.7,0.571,2.33,18.1,0.345,0.68,0.505,11.111,11.1,0.519,0.561,1.0,0.976,21.6,108.0,90.0,108.0,0.462,L,0
0022300594,1610612759,San Antonio,Spurs,SAS,spurs,240:00,606.5,121.3,588.0,117.6,18.5,3.7,0.745,2.24,23.5,0.32,0.655,0.495,15.741,15.7,0.594,0.617,1.0,0.984,21.6,108.0,90.0,108.0,0.538,W,1
0022300597,1610612741,Chicago,Bulls,CHI,bulls,240:00,637.8,127.6,484.8,97.0,152.9,30.6,0.681,2.67,21.9,0.348,0.909,0.622,12.245,12.2,0.593,0.624,1.0,0.982,19.7,98.5,82.08,98.0,0.615,W,1
0022300597,1610612763,Memphis,Grizzlies,MEM,grizzlies,240:00,484.8,97.0,637.8,127.6,-152.9,-30.6,0.875,1.75,21.4,0.091,0.652,0.378,16.162,16.2,0.513,0.564,1.0,0.961,19.7,98.5,82.08,99.0,0.385,L,0
0022300599,1610612750,Minnesota,Timberwolves,MIN,timberwolves,240:00,494.9,99.0,531.3,106.3,-36.4,-7.3,0.71,1.05,16.7,0.298,0.808,0.566,21.429,21.4,0.507,0.553,1.0,0.982,19.4,97.0,80.83,98.0,0.455,L,0
0022300599,1610612760,Oklahoma City,Thunder,OKC,thunder,240:00,531.3,106.3,494.9,99.0,36.4,7.3,0.656,2.63,16.5,0.192,0.702,0.434,8.333,8.3,0.444,0.529,1.0,1.0,19.4,97.0,80.83,96.0,0.545,W,1
0022300598,1610612745,Houston,Rockets,HOU,rockets,265:00,588.0,117.6,572.7,114.5,15.2,3.0,0.54,3.86,16.8,0.361,0.607,0.474,6.481,6.5,0.483,0.501,1.0,0.993,19.74,98.72,82.26,108.0,0.501,W,1
0022300598,1610612762,Utah,Jazz,UTA,jazz,265:00,572.7,114.5,588.0,117.6,-15.2,-3.0,0.583,1.65,17.6,0.393,0.639,0.526,15.455,15.5,0.519,0.549,1.0,0.992,19.74,98.72,82.26,110.0,0.499,L,0
0022300590,1610612757,Portland,Trail Blazers,POR,blazers,240:00,590.0,118.0,558.3,111.7,31.7,6.3,0.429,1.64,13.8,0.279,0.732,0.535,11.0,11.0,0.524,0.594,1.0,0.982,20.3,101.5,84.58,100.0,0.548,W,1
0022300590,1610612754,Indiana,Pacers,IND,pacers,240:00,558.3,111.7,590.0,118.0,-31.7,-6.3,0.872,2.43,22.4,0.268,0.721,0.465,13.592,13.6,0.538,0.564,1.0,0.958,20.3,101.5,84.58,103.0,0.452,L,0
0022300586,1610612738,Boston,Celtics,BOS,celtics,240:00,581.4,116.3,593.0,118.6,-11.6,-2.3,0.553,7.0,17.4,0.264,0.683,0.447,3.488,3.5,0.506,0.525,1.0,0.97,17.2,86.0,71.67,86.0,0.458,L,0
0022300586,1610612743,Denver,Nuggets,DEN,nuggets,240:00,593.0,118.6,581.4,116.3,11.6,2.3,0.476,1.82,16.8,0.317,0.736,0.553,12.791,12.8,0.568,0.588,1.0,0.96,17.2,86.0,71.67,86.0,0.542,W,1
0022300588,1610612740,New Orleans,Pelicans,NOP,pelicans,240:00,539.6,107.9,602.9,120.6,-63.3,-12.7,0.659,2.45,19.1,0.232,0.75,0.471,10.891,10.9,0.495,0.529,1.0,0.991,20.3,101.5,84.58,101.0,0.424,L,0
0022300588,1610612756,Phoenix,Suns,PHX,suns,240:00,602.9,120.6,539.6,107.9,63.3,12.7,0.696,3.2,22.1,0.25,0.768,0.529,9.804,9.8,0.575,0.602,1.0,0.965,20.3,101.5,84.58,102.0,0.576,W,1
0022300591,1610612747,Los Angeles,Lakers,LAL,lakers,240:00,554.5,110.9,650.0,130.0,-95.5,-19.1,0.775,2.21,21.1,0.294,0.739,0.505,13.861,13.9,0.511,0.557,1.0,0.974,20.1,100.5,83.75,101.0,0.454,L,0
0022300591,1610612751,Brooklyn,Nets,BKN,nets,240:00,650.0,130.0,554.5,110.9,95.5,19.1,0.62,2.82,21.7,0.261,0.706,0.495,11.0,11.0,0.626,0.643,1.0,0.964,20.1,100.5,83.75,100.0,0.546,W,1
0022300584,1610612766,Charlotte,Hornets,CHA,hornets,240:00,639.2,127.8,618.6,123.7,20.6,4.1,0.532,1.39,18.8,0.289,0.78,0.544,18.557,18.6,0.655,0.681,1.0,0.991,19.4,97.0,80.83,97.0,0.496,W,1
0022300584,1610612759,San Antonio,Spurs,SAS,spurs,240:00,618.6,123.7,639.2,127.8,-20.6,-4.1,0.766,2.77,25.4,0.22,0.711,0.456,13.402,13.4,0.649,0.656,1.0,0.981,19.4,97.0,80.83,97.0,0.504,L,0
0022300587,1610612748,Miami,Heat,MIA,heat,240:00,562.5,112.5,567.7,113.5,-5.2,-1.0,0.553,1.17,15.9,0.341,0.688,0.522,18.75,18.8,0.537,0.589,1.0,0.964,19.2,96.0,80.0,96.0,0.517,L,0
0022300587,1610612737,Atlanta,Hawks,ATL,hawks,240:00,567.7,113.5,562.5,112.5,5.2,1.0,0.575,1.53,17.2,0.313,0.659,0.478,15.625,15.6,0.546,0.577,1.0,0.964,19.2,96.0,80.0,96.0,0.483,W,1
0022300585,1610612753,Orlando,Magic,ORL,magic,240:00,586.0,117.2,659.6,131.9,-73.6,-14.7,0.649,1.5,18.3,0.333,0.622,0.483,17.204,17.2,0.538,0.606,1.0,0.991,18.7,93.5,77.92,93.0,0.428,L,0
0022300585,1610612755,Philadelphia,76ers,PHI,sixers,240:00,659.6,131.9,586.0,117.2,73.6,14.7,0.548,2.88,17.2,0.378,0.667,0.517,8.511,8.5,0.557,0.621,1.0,0.964,18.7,93.5,77.92,94.0,0.572,W,1
0022300583,1610612758,Sacramento,Kings,SAC,kings,240:00,605.0,121.0,630.0,126.0,-25.0,-5.0,0.614,2.45,19.6,0.265,0.75,0.495,11.0,11.0,0.606,0.611,1.0,1.0,20.0,100.0,83.33,100.0,0.463,L,0
0022300583,1610612754,Indiana,Pacers,IND,pacers,240:00,630.0,126.0,605.0,121.0,25.0,5.0,0.673,2.75,23.4,0.25,0.735,0.505,12.0,12.0,0.624,0.647,1.0,1.0,20.0,100.0,83.33,100.0,0.537,W,1
0022300579,1610612752,New York,Knicks,NYK,knicks,240:00,548.5,109.7,524.0,104.8,24.5,4.9,0.564,1.29,16.2,0.22,0.808,0.52,16.505,16.5,0.529,0.58,1.0,0.991,20.7,103.5,86.25,103.0,0.496,W,1
0022300579,1610612764,Washington,Wizards,WAS,wizards,240:00,524.0,104.8,548.5,109.7,-24.5,-4.9,0.756,2.58,21.4,0.192,0.78,0.48,11.538,11.5,0.511,0.547,1.0,0.974,20.7,103.5,86.25,104.0,0.504,L,0
0022300581,1610612762,Utah,Jazz,UTA,jazz,240:00,614.3,122.9,638.1,127.6,-23.8,-4.8,0.767,2.2,21.4,0.327,0.744,0.511,14.286,14.3,0.556,0.615,1.0,0.983,21.0,105.0,87.5,105.0,0.47,L,0
0022300581,1610612760,Oklahoma City,Thunder,OKC,thunder,240:00,638.1,127.6,614.3,122.9,23.8,4.8,0.75,2.25,23.8,0.256,0.673,0.489,15.238,15.2,0.64,0.681,1.0,0.983,21.0,105.0,87.5,105.0,0.53,W,1
0022300582,1610612750,Minnesota,Timberwolves,MIN,timberwolves,240:00,614.6,122.9,536.5,107.3,78.1,15.6,0.667,2.0,21.7,0.316,0.735,0.552,15.625,15.6,0.622,0.647,1.0,0.972,19.2,96.0,80.0,96.0,0.625,W,1
0022300582,1610612763,Memphis,Grizzlies,MEM,grizzlies,240:00,536.5,107.3,614.6,122.9,-78.1,-15.6,0.564,1.47,16.8,0.265,0.684,0.448,15.625,15.6,0.541,0.557,1.0,0.972,19.2,96.0,80.0,96.0,0.375,L,0
0022300580,1610612761,Toronto,Raptors,TOR,raptors,240:00,567.0,113.4,591.8,118.4,-24.8,-5.0,0.738,2.21,22.5,0.222,0.674,0.451,14.433,14.4,0.566,0.599,1.0,0.991,19.5,97.5,81.25,97.0,0.489,L,0
0022300580,1610612741,Chicago,Bulls,CHI,bulls,240:00,591.8,118.4,567.0,113.4,24.8,5.0,0.625,2.5,21.0,0.326,0.778,0.549,12.245,12.2,0.56,0.589,1.0,0.956,19.5,97.5,81.25,98.0,0.511,W,1
0022300574,1610612761,Toronto,Raptors,TOR,raptors,240:00,650.5,130.1,516.0,103.2,134.6,26.9,0.756,2.83,23.8,0.364,0.654,0.521,12.903,12.9,0.625,0.631,1.0,0.972,18.7,93.5,77.92,93.0,0.618,W,1
0022300574,1610612748,Miami,Heat,MIA,heat,240:00,516.0,103.2,650.5,130.1,-134.6,-26.9,0.585,1.71,17.6,0.346,0.636,0.479,14.894,14.9,0.489,0.509,1.0,0.973,18.7,93.5,77.92,94.0,0.382,L,0
0022300569,1610612765,Detroit,Pistons,DET,pistons,240:00,585.0,117.0,607.8,121.6,-22.8,-4.6,0.652,2.5,21.6,0.196,0.681,0.441,12.0,12.0,0.584,0.601,1.0,1.0,20.2,101.0,84.17,100.0,0.469,L,0
0022300569,1610612750,Minnesota,Timberwolves,MIN,timberwolves,240:00,607.8,121.6,585.0,117.0,22.8,4.6,0.681,2.91,21.5,0.319,0.804,0.559,10.784,10.8,0.586,0.606,1.0,0.949,20.2,101.0,84.17,102.0,0.531,W,1
0022300570,1610612737,Atlanta,Hawks,ATL,hawks,240:00,552.1,110.4,536.1,107.2,16.0,3.2,0.538,0.91,16.3,0.333,0.673,0.532,23.958,24.0,0.566,0.619,1.0,1.0,19.3,96.5,80.42,96.0,0.525,W,1
0022300570,1610612753,Orlando,Magic,ORL,magic,240:00,536.1,107.2,552.1,110.4,-16.0,-3.2,0.462,1.38,13.5,0.327,0.667,0.468,13.402,13.4,0.5,0.532,1.0,0.965,19.3,96.5,80.42,97.0,0.475,L,0
0022300572,1610612739,Cleveland,Cavaliers,CLE,cavaliers,240:00,681.8,136.4,475.0,95.0,206.8,41.4,0.655,3.27,24.3,0.302,0.789,0.58,11.111,11.1,0.656,0.666,1.0,0.982,19.9,99.5,82.92,99.0,0.71,W,1
0022300572,1610612749,Milwaukee,Bucks,MIL,bucks,240:00,475.0,95.0,681.8,136.4,-206.8,-41.4,0.5,1.9,14.7,0.211,0.698,0.42,10.0,10.0,0.463,0.478,1.0,0.991,19.9,99.5,82.92,100.0,0.29,L,0
0022300575,1610612740,New Orleans,Pelicans,NOP,pelicans,240:00,687.5,137.5,583.3,116.7,104.2,20.8,0.727,2.46,22.1,0.4,0.654,0.536,13.542,13.5,0.642,0.673,1.0,0.982,19.2,96.0,80.0,96.0,0.593,W,1
0022300575,1610612766,Charlotte,Hornets,CHA,hornets,240:00,583.3,116.7,687.5,137.5,-104.2,-20.8,0.744,2.07,20.3,0.346,0.6,0.464,14.583,14.6,0.539,0.572,1.0,0.974,19.2,96.0,80.0,96.0,0.407,L,0
0022300578,1610612757,Portland,Trail Blazers,POR,blazers,240:00,589.9,118.0,572.2,114.4,17.7,3.5,0.5,1.62,16.7,0.364,0.762,0.558,14.607,14.6,0.541,0.57,1.0,0.962,17.9,89.5,74.58,89.0,0.475,W,1
0022300578,1610612751,Brooklyn,Nets,BKN,nets,240:00,572.2,114.4,589.9,118.0,-17.7,-3.5,0.8,2.55,22.0,0.238,0.636,0.442,12.222,12.2,0.582,0.607,1.0,0.97,17.9,89.5,74.58,90.0,0.525,L,0
0022300573,1610612752,New York,Knicks,NYK,knicks,240:00,573.7,114.7,494.7,98.9,78.9,15.8,0.615,1.6,17.6,0.34,0.82,0.58,15.789,15.8,0.523,0.564,1.0,0.955,19.0,95.0,79.17,95.0,0.547,W,1
0022300573,1610612745,Houston,Rockets,HOU,rockets,240:00,494.7,98.9,573.7,114.7,-78.9,-15.8,0.657,2.3,18.1,0.18,0.66,0.42,10.526,10.5,0.464,0.509,1.0,0.981,19.0,95.0,79.17,95.0,0.453,L,0
0022300577,1610612747,Los Angeles,Lakers,LAL,lakers,240:00,628.7,125.7,539.2,107.8,89.5,17.9,0.673,3.0,22.4,0.289,0.72,0.516,10.891,10.9,0.604,0.625,1.0,0.974,20.3,101.5,84.58,101.0,0.588,W,1
0022300577,1610612742,Dallas,Mavericks,DAL,mavericks,240:00,539.2,107.8,628.7,125.7,-89.5,-17.9,0.619,1.73,18.3,0.28,0.711,0.484,14.706,14.7,0.522,0.556,1.0,0.974,20.3,101.5,84.58,102.0,0.412,L,0
0022300571,1610612738,Boston,Celtics,BOS,celtics,240:00,596.9,119.4,500.0,100.0,96.9,19.4,0.524,1.57,16.2,0.34,0.754,0.561,14.286,14.3,0.567,0.595,1.0,0.974,19.6,98.0,81.67,98.0,0.576,W,1
0022300571,1610612759,San Antonio,Spurs,SAS,spurs,240:00,500.0,100.0,596.9,119.4,-96.9,-19.4,0.667,2.6,19.1,0.246,0.66,0.439,10.204,10.2,0.457,0.49,1.0,1.0,19.6,98.0,81.67,98.0,0.424,L,0
0022300567,1610612756,Phoenix,Suns,PHX,suns,240:00,577.7,115.5,568.0,113.6,9.7,1.9,0.762,1.6,21.9,0.302,0.82,0.581,19.417,19.4,0.594,0.634,1.0,0.965,20.6,103.0,85.83,103.0,0.543,W,1
0022300567,1610612758,Sacramento,Kings,SAC,kings,240:00,568.0,113.6,577.7,115.5,-9.7,-1.9,0.739,2.43,23.3,0.18,0.698,0.419,13.592,13.6,0.598,0.601,1.0,0.982,20.6,103.0,85.83,103.0,0.457,L,0
0022300566,1610612755,Philadelphia,76ers,PHI,sixers,240:00,670.2,134.0,657.6,131.5,12.6,2.5,0.628,3.38,20.9,0.205,0.609,0.424,8.511,8.5,0.664,0.693,1.0,0.961,18.6,93.0,77.5,94.0,0.53,W,1
0022300566,1610612743,Denver,Nuggets,DEN,nuggets,240:00,657.6,131.5,670.2,134.0,-12.6,-2.5,0.511,2.09,17.3,0.391,0.795,0.576,11.957,12.0,0.573,0.605,1.0,0.991,18.6,93.0,77.5,92.0,0.47,L,0
0022300568,1610612746,LA,Clippers,LAC,clippers,240:00,688.2,137.6,622.3,124.5,65.8,13.2,0.638,3.0,21.7,0.349,0.707,0.524,10.753,10.8,0.655,0.659,1.0,0.981,18.7,93.5,77.92,93.0,0.53,W,1
0022300568,1610612760,Oklahoma City,Thunder,OKC,thunder,240:00,622.3,124.5,688.2,137.6,-65.8,-13.2,0.714,2.5,22.1,0.293,0.651,0.476,12.766,12.8,0.602,0.637,1.0,0.972,18.7,93.5,77.92,94.0,0.47,L,0
0022300560,1610612763,Memphis,Grizzlies,MEM,grizzlies,240:00,574.3,114.9,529.7,105.9,44.6,8.9,0.75,1.85,17.0,0.305,0.696,0.476,12.871,12.9,0.488,0.56,1.0,0.983,20.2,101.0,84.17,101.0,0.538,W,1
0022300560,1610612744,Golden State,Warriors,GSW,warriors,240:00,529.7,105.9,574.3,114.9,-44.6,-8.9,0.636,1.47,19.7,0.304,0.695,0.524,18.812,18.8,0.544,0.567,1.0,0.991,20.2,101.0,84.17,101.0,0.463,L,0
0022300556,1610612742,Dallas,Mavericks,DAL,mavericks,240:00,637.8,127.6,600.0,120.0,37.8,7.6,0.615,2.0,17.4,0.333,0.698,0.505,12.245,12.2,0.565,0.623,1.0,0.982,19.8,99.0,82.5,98.0,0.506,W,1
0022300556,1610612740,New Orleans,Pelicans,NOP,pelicans,240:00,600.0,120.0,637.8,127.6,-37.8,-7.6,0.512,2.1,15.8,0.302,0.667,0.495,10.0,10.0,0.549,0.606,1.0,0.964,19.8,99.0,82.5,100.0,0.494,L,0
0022300561,1610612739,Cleveland,Cavaliers,CLE,cavaliers,240:00,550.5,110.1,459.6,91.9,90.9,18.2,0.718,2.0,19.6,0.286,0.784,0.523,14.141,14.1,0.516,0.546,1.0,0.957,19.8,99.0,82.5,99.0,0.583,W,1
0022300561,1610612741,Chicago,Bulls,CHI,bulls,240:00,459.6,91.9,550.5,110.1,-90.9,-18.2,0.6,1.11,16.0,0.216,0.714,0.477,19.192,19.2,0.476,0.505,1.0,0.973,19.8,99.0,82.5,99.0,0.417,L,0
0022300559,1610612737,Atlanta,Hawks,ATL,hawks,240:00,500.0,100.0,450.0,90.0,50.0,10.0,0.6,1.2,16.3,0.255,0.776,0.522,18.349,18.3,0.5,0.533,1.0,0.959,21.9,109.5,91.25,109.0,0.545,W,1
0022300559,1610612759,San Antonio,Spurs,SAS,spurs,240:00,450.0,90.0,500.0,100.0,-50.0,-10.0,0.711,1.5,18.0,0.224,0.745,0.478,16.364,16.4,0.458,0.483,1.0,0.967,21.9,109.5,91.25,110.0,0.455,L,0
0022300555,1610612755,Philadelphia,76ers,PHI,sixers,240:00,639.2,127.8,599.0,119.8,40.2,8.0,0.625,2.27,18.5,0.295,0.642,0.485,11.34,11.3,0.572,0.633,1.0,0.964,19.3,96.5,80.42,97.0,0.55,W,1
0022300555,1610612745,Houston,Rockets,HOU,rockets,240:00,599.0,119.8,639.2,127.8,-40.2,-8.0,0.477,1.62,15.4,0.358,0.705,0.515,13.542,13.5,0.545,0.563,1.0,0.991,19.3,96.5,80.42,96.0,0.45,L,0
0022300557,1610612752,New York,Knicks,NYK,knicks,240:00,534.1,106.8,569.8,114.0,-35.7,-7.1,0.606,2.0,15.9,0.34,0.68,0.505,11.364,11.4,0.476,0.507,1.0,0.953,17.4,87.0,72.5,88.0,0.437,L,0
0022300557,1610612753,Orlando,Magic,ORL,magic,240:00,569.8,114.0,534.1,106.8,35.7,7.1,0.684,3.25,20.3,0.32,0.66,0.495,9.302,9.3,0.494,0.52,1.0,0.99,17.4,87.0,72.5,86.0,0.563,W,1
0022300563,1610612761,Toronto,Raptors,TOR,raptors,240:00,470.6,94.1,525.0,105.0,-54.4,-10.9,0.658,3.57,17.9,0.213,0.902,0.527,6.863,6.9,0.421,0.46,1.0,0.965,20.2,101.0,84.17,102.0,0.456,L,0
0022300563,1610612738,Boston,Celtics,BOS,celtics,240:00,525.0,105.0,470.6,94.1,54.4,10.9,0.606,1.54,16.0,0.098,0.787,0.473,13.0,13.0,0.5,0.565,1.0,0.99,20.2,101.0,84.17,100.0,0.544,W,1
0022300562,1610612751,Brooklyn,Nets,BKN,nets,265:00,465.7,93.1,470.6,94.1,-4.9,-1.0,0.765,3.25,18.4,0.197,0.764,0.455,7.843,7.8,0.404,0.448,1.0,0.983,18.48,92.38,76.98,102.0,0.494,L,0
0022300562,1610612748,Miami,Heat,MIA,heat,265:00,470.6,94.1,465.7,93.1,4.9,1.0,0.667,1.69,16.2,0.236,0.803,0.545,12.745,12.7,0.425,0.49,1.0,0.974,18.48,92.38,76.98,102.0,0.506,W,1
0022300722,1610612752,New York,Knicks,NYK,knicks,240:00,640.6,128.1,594.7,118.9,45.9,9.2,0.583,2.8,20.9,0.256,0.714,0.494,10.417,10.4,0.622,0.649,1.0,0.972,19.1,95.5,79.58,96.0,0.56,W,1
0022300722,1610612763,Memphis,Grizzlies,MEM,grizzlies,240:00,594.7,118.9,640.6,128.1,-45.9,-9.2,0.805,1.83,23.6,0.286,0.744,0.506,18.947,18.9,0.644,0.649,1.0,0.991,19.1,95.5,79.58,95.0,0.44,L,0
0022300565,1610612747,Los Angeles,Lakers,LAL,lakers,240:00,571.4,114.3,525.0,105.0,46.4,9.3,0.682,1.76,21.4,0.293,0.714,0.536,17.347,17.3,0.571,0.609,1.0,0.991,19.8,99.0,82.5,98.0,0.578,W,1
0022300565,1610612760,Oklahoma City,Thunder,OKC,thunder,240:00,525.0,105.0,571.4,114.3,-46.4,-9.3,0.575,2.09,16.5,0.286,0.707,0.464,11.0,11.0,0.495,0.521,1.0,0.966,19.8,99.0,82.5,100.0,0.422,L,0
0022300558,1610612764,Washington,Wizards,WAS,wizards,240:00,603.1,120.6,658.2,131.6,-55.1,-11.0,0.682,3.75,21.7,0.212,0.6,0.392,8.247,8.2,0.563,0.586,1.0,0.991,19.5,97.5,81.25,97.0,0.438,L,0
0022300558,1610612765,Detroit,Pistons,DET,pistons,240:00,658.2,131.6,603.1,120.6,55.1,11.0,0.6,1.88,20.5,0.4,0.788,0.608,16.327,16.3,0.622,0.644,1.0,0.966,19.5,97.5,81.25,98.0,0.562,W,1
0022300564,1610612762,Utah,Jazz,UTA,jazz,240:00,653.5,130.7,514.7,102.9,138.8,27.8,0.644,1.93,20.4,0.316,0.65,0.52,14.851,14.9,0.623,0.685,1.0,0.982,20.3,101.5,84.58,101.0,0.665,W,1
0022300564,1610612754,Indiana,Pacers,IND,pacers,240:00,514.7,102.9,653.5,130.7,-138.8,-27.8,0.711,1.93,18.1,0.35,0.684,0.48,13.725,13.7,0.447,0.495,1.0,0.975,20.3,101.5,84.58,102.0,0.335,L,0
0022300553,1610612750,Minnesota,Timberwolves,MIN,timberwolves,240:00,586.0,117.2,564.5,112.9,21.5,4.3,0.658,1.32,19.7,0.243,0.776,0.547,20.43,20.4,0.664,0.676,1.0,0.961,18.6,93.0,77.5,93.0,0.526,W,1
0022300553,1610612746,LA,Clippers,LAC,clippers,240:00,564.5,112.9,586.0,117.2,-21.5,-4.3,0.778,2.55,21.2,0.224,0.757,0.453,11.828,11.8,0.536,0.577,1.0,0.981,18.6,93.0,77.5,93.0,0.474,L,0
0022300551,1610612748,Miami,Heat,MIA,heat,240:00,536.1,107.2,457.9,91.6,78.2,15.6,0.675,1.93,20.5,0.195,0.667,0.481,14.433,14.4,0.562,0.591,1.0,0.962,19.2,96.0,80.0,97.0,0.669,W,1
0022300551,1610612766,Charlotte,Hornets,CHA,hornets,240:00,457.9,91.6,536.1,107.2,-78.2,-15.6,0.515,1.13,12.8,0.333,0.805,0.519,15.789,15.8,0.4,0.428,1.0,0.983,19.2,96.0,80.0,95.0,0.331,L,0
0022300554,1610612757,Portland,Trail Blazers,POR,blazers,240:00,597.9,119.6,668.4,133.7,-70.5,-14.1,0.575,1.64,16.8,0.34,0.788,0.512,14.433,14.4,0.562,0.588,1.0,0.974,19.2,96.0,80.0,97.0,0.399,L,0
0022300554,1610612756,Phoenix,Suns,PHX,suns,240:00,668.4,133.7,597.9,119.6,70.5,14.1,0.587,1.93,20.9,0.212,0.66,0.488,14.737,14.7,0.691,0.723,1.0,0.98,19.2,96.0,80.0,95.0,0.601,W,1
0022300550,1610612743,Denver,Nuggets,DEN,nuggets,240:00,585.0,117.0,545.0,109.0,40.0,8.0,0.674,1.41,22.8,0.179,0.717,0.531,22.0,22.0,0.718,0.721,1.0,0.971,20.0,100.0,83.33,100.0,0.581,W,1
0022300550,1610612754,Indiana,Pacers,IND,pacers,240:00,545.0,109.0,585.0,117.0,-40.0,-8.0,0.651,2.15,19.6,0.283,0.821,0.469,13.0,13.0,0.511,0.536,1.0,0.983,20.0,100.0,83.33,100.0,0.419,L,0
0022300552,1610612749,Milwaukee,Bucks,MIL,bucks,265:00,632.7,126.5,622.8,124.6,9.9,2.0,0.646,2.21,20.5,0.167,0.784,0.485,12.389,12.4,0.63,0.674,1.0,0.983,20.56,102.79,85.66,113.0,0.484,W,1
0022300552,1610612758,Sacramento,Kings,SAC,kings,265:00,622.8,124.6,632.7,126.5,-9.9,-2.0,0.618,3.78,21.4,0.216,0.833,0.515,7.895,7.9,0.605,0.624,1.0,0.976,20.56,102.79,85.66,114.0,0.516,L,0
0022300545,1610612749,Milwaukee,Bucks,MIL,bucks,240:00,658.2,131.6,596.0,119.2,62.2,12.4,0.647,2.75,22.8,0.304,0.717,0.525,12.245,12.2,0.612,0.636,1.0,0.991,19.7,98.5,82.08,98.0,0.577,W,1
0022300545,1610612744,Golden State,Warriors,GSW,warriors,240:00,596.0,119.2,658.2,131.6,-62.2,-12.4,0.489,2.88,16.9,0.283,0.696,0.475,8.081,8.1,0.556,0.566,1.0,0.973,19.7,98.5,82.08,99.0,0.423,L,0
0022300546,1610612760,Oklahoma City,Thunder,OKC,thunder,240:00,571.4,114.3,505.1,101.0,66.4,13.3,0.535,2.56,17.3,0.226,0.714,0.461,9.184,9.2,0.5,0.542,1.0,0.982,19.7,98.5,82.08,98.0,0.558,W,1
0022300546,1610612753,Orlando,Magic,ORL,magic,240:00,505.1,101.0,571.4,114.3,-66.4,-13.3,0.538,1.31,15.7,0.286,0.774,0.539,16.162,16.2,0.506,0.529,1.0,0.965,19.7,98.5,82.08,99.0,0.442,L,0
0022300543,1610612737,Atlanta,Hawks,ATL,hawks,240:00,476.0,95.2,610.6,122.1,-134.6,-26.9,0.656,1.31,14.3,0.324,0.679,0.479,15.385,15.4,0.403,0.46,1.0,0.968,20.8,104.0,86.67,104.0,0.341,L,0
0022300543,1610612764,Washington,Wizards,WAS,wizards,240:00,610.6,122.1,476.0,95.2,134.6,26.9,0.681,2.67,20.9,0.321,0.676,0.521,11.538,11.5,0.546,0.586,1.0,0.983,20.8,104.0,86.67,104.0,0.659,W,1
0022300542,1610612738,Boston,Celtics,BOS,celtics,240:00,677.6,135.5,523.1,104.6,154.4,30.9,0.51,2.17,18.1,0.234,0.705,0.5,11.215,11.2,0.663,0.684,1.0,0.983,21.5,107.5,89.58,107.0,0.608,W,1
0022300542,1610612745,Houston,Rockets,HOU,rockets,240:00,523.1,104.6,677.6,135.5,-154.4,-30.9,0.5,1.54,13.7,0.295,0.766,0.5,12.037,12.0,0.439,0.504,1.0,0.968,21.5,107.5,89.58,108.0,0.392,L,0
0022300549,1610612762,Utah,Jazz,UTA,jazz,240:00,616.8,123.4,595.2,119.0,21.6,4.3,0.667,2.8,18.5,0.34,0.816,0.569,9.346,9.3,0.516,0.599,1.0,0.984,21.2,106.0,88.33,107.0,0.529,W,1
0022300549,1610612747,Los Angeles,Lakers,LAL,lakers,240:00,595.2,119.0,616.8,123.4,-21.6,-4.3,0.652,2.5,20.8,0.184,0.66,0.431,11.429,11.4,0.571,0.609,1.0,1.0,21.2,106.0,88.33,105.0,0.471,L,0
0022300547,1610612742,Dallas,Mavericks,DAL,mavericks,240:00,587.0,117.4,641.3,128.3,-54.3,-10.9,0.622,1.92,18.1,0.261,0.6,0.429,13.043,13.0,0.543,0.595,1.0,0.981,18.4,92.0,76.67,92.0,0.426,L,0
0022300547,1610612740,New Orleans,Pelicans,NOP,pelicans,240:00,641.3,128.3,587.0,117.4,54.3,10.9,0.744,2.64,20.9,0.4,0.739,0.571,11.957,12.0,0.57,0.619,1.0,0.973,18.4,92.0,76.67,92.0,0.574,W,1
0022300548,1610612759,San Antonio,Spurs,SAS,spurs,240:00,585.9,117.2,610.0,122.0,-24.1,-4.8,0.667,2.89,18.4,0.271,0.766,0.491,9.091,9.1,0.505,0.552,1.0,0.983,19.9,99.5,82.92,99.0,0.448,L,0
0022300548,1610612741,Chicago,Bulls,CHI,bulls,240:00,610.0,122.0,585.9,117.2,24.1,4.8,0.674,3.44,21.8,0.234,0.729,0.509,9.0,9.0,0.594,0.617,1.0,0.973,19.9,99.5,82.92,100.0,0.552,W,1
0022300544,1610612763,Memphis,Grizzlies,MEM,grizzlies,240:00,474.7,94.9,540.8,108.2,-66.1,-13.2,0.75,2.25,19.9,0.196,0.609,0.392,12.121,12.1,0.466,0.502,1.0,0.972,19.7,98.5,82.08,99.0,0.445,L,0
0022300544,1610612752,New York,Knicks,NYK,knicks,240:00,540.8,108.2,474.7,94.9,66.1,13.2,0.625,1.09,17.9,0.391,0.804,0.608,23.469,23.5,0.56,0.58,1.0,0.991,19.7,98.5,82.08,98.0,0.555,W,1
0022300535,1610612748,Miami,Heat,MIA,heat,240:00,544.0,108.8,521.7,104.3,22.2,4.4,0.622,1.35,17.6,0.354,0.673,0.515,18.681,18.7,0.494,0.539,1.0,0.981,18.3,91.5,76.25,91.0,0.495,W,1
0022300535,1610612753,Orlando,Magic,ORL,magic,240:00,521.7,104.3,544.0,108.8,-22.2,-4.4,0.722,2.0,19.4,0.327,0.646,0.485,14.13,14.1,0.512,0.529,1.0,0.944,18.3,91.5,76.25,92.0,0.505,L,0
0022300540,1610612762,Utah,Jazz,UTA,jazz,240:00,703.9,140.8,559.4,111.9,144.5,28.9,0.654,2.43,21.8,0.455,0.833,0.663,13.592,13.6,0.672,0.694,1.0,0.967,20.4,102.0,85.0,103.0,0.651,W,1
0022300540,1610612761,Toronto,Raptors,TOR,raptors,240:00,559.4,111.9,703.9,140.8,-144.5,-28.9,0.714,1.92,18.5,0.167,0.545,0.337,12.871,12.9,0.537,0.581,1.0,1.0,20.4,102.0,85.0,101.0,0.349,L,0
0022300539,1610612743,Denver,Nuggets,DEN,nuggets,240:00,618.8,123.8,559.4,111.9,59.4,11.9,0.6,1.76,20.7,0.333,0.816,0.593,16.832,16.8,0.633,0.647,1.0,0.965,20.2,101.0,84.17,101.0,0.528,W,1
0022300539,1610612740,New Orleans,Pelicans,NOP,pelicans,240:00,559.4,111.9,618.8,123.8,-59.4,-11.9,0.714,3.33,21.4,0.184,0.667,0.407,8.911,8.9,0.545,0.573,1.0,0.973,20.2,101.0,84.17,101.0,0.472,L,0
0022300537,1610612763,Memphis,Grizzlies,MEM,grizzlies,240:00,619.8,124.0,666.7,133.3,-46.9,-9.4,0.732,3.33,20.5,0.382,0.674,0.51,9.375,9.4,0.526,0.557,1.0,0.991,19.2,96.0,80.0,96.0,0.444,L,0
0022300537,1610612746,LA,Clippers,LAC,clippers,240:00,666.7,133.3,619.8,124.0,46.9,9.4,0.449,1.83,16.8,0.326,0.618,0.49,12.5,12.5,0.635,0.654,1.0,0.991,19.2,96.0,80.0,96.0,0.556,W,1
0022300538,1610612750,Minnesota,Timberwolves,MIN,timberwolves,240:00,585.9,117.2,469.7,93.9,116.2,23.2,0.795,2.19,24.3,0.256,0.741,0.538,16.162,16.2,0.619,0.64,1.0,0.972,19.8,99.0,82.5,99.0,0.688,W,1
0022300538,1610612757,Portland,Trail Blazers,POR,blazers,240:00,469.7,93.9,585.9,117.2,-116.2,-23.2,0.6,0.9,13.7,0.259,0.744,0.462,20.202,20.2,0.455,0.506,1.0,0.973,19.8,99.0,82.5,99.0,0.313,L,0
0022300541,1610612759,San Antonio,Spurs,SAS,spurs,240:00,642.9,128.6,476.0,95.2,166.9,33.4,0.689,2.07,20.9,0.289,0.695,0.519,14.286,14.3,0.621,0.662,1.0,0.974,20.9,104.5,87.08,105.0,0.675,W,1
0022300541,1610612766,Charlotte,Hornets,CHA,hornets,240:00,476.0,95.2,642.9,128.6,-166.9,-33.4,0.688,1.1,15.4,0.305,0.711,0.481,19.231,19.2,0.416,0.489,1.0,0.992,20.9,104.5,87.08,104.0,0.325,L,0
0022300534,1610612765,Detroit,Pistons,DET,pistons,240:00,555.6,111.1,565.7,113.1,-10.1,-2.0,0.727,2.13,22.2,0.283,0.745,0.526,15.152,15.2,0.568,0.579,1.0,0.973,19.8,99.0,82.5,99.0,0.511,L,0
0022300534,1610612745,Houston,Rockets,HOU,rockets,240:00,565.7,113.1,555.6,111.1,10.1,2.0,0.512,2.33,15.8,0.255,0.717,0.474,9.091,9.1,0.5,0.554,1.0,0.982,19.8,99.0,82.5,99.0,0.489,W,1
0022300533,1610612737,Atlanta,Hawks,ATL,hawks,240:00,540.0,108.0,630.0,126.0,-90.0,-18.0,0.625,1.67,17.9,0.288,0.571,0.388,15.0,15.0,0.511,0.545,1.0,0.974,20.0,100.0,83.33,100.0,0.373,L,0
0022300533,1610612754,Indiana,Pacers,IND,pacers,240:00,630.0,126.0,540.0,108.0,90.0,18.0,0.774,1.52,26.8,0.429,0.712,0.613,27.0,27.0,0.741,0.748,1.0,0.964,20.0,100.0,83.33,100.0,0.627,W,1
0022300532,1610612755,Philadelphia,76ers,PHI,sixers,240:00,583.3,116.7,484.4,96.9,99.0,19.8,0.575,1.64,16.4,0.396,0.547,0.479,14.583,14.6,0.511,0.555,1.0,0.974,19.2,96.0,80.0,96.0,0.629,W,1
0022300532,1610612758,Sacramento,Kings,SAC,kings,240:00,484.4,96.9,583.3,116.7,-99.0,-19.8,0.625,1.18,13.8,0.453,0.604,0.521,17.708,17.7,0.379,0.437,1.0,0.976,19.2,96.0,80.0,96.0,0.371,L,0
0022300536,1610612741,Chicago,Bulls,CHI,bulls,240:00,675.3,135.1,714.3,142.9,-39.0,-7.8,0.62,2.58,23.0,0.184,0.66,0.455,12.371,12.4,0.686,0.704,1.0,0.99,19.5,97.5,81.25,97.0,0.453,L,0
0022300536,1610612744,Golden State,Warriors,GSW,warriors,240:00,714.3,142.9,675.3,135.1,39.0,7.8,0.796,7.8,25.5,0.34,0.816,0.545,5.102,5.1,0.628,0.653,1.0,0.965,19.5,97.5,81.25,98.0,0.547,W,1
0022300527,1610612739,Cleveland,Cavaliers,CLE,cavaliers,240:00,549.5,109.9,510.0,102.0,39.5,7.9,0.5,1.45,12.1,0.315,0.755,0.524,10.891,10.9,0.47,0.55,1.0,0.983,20.1,100.5,83.75,101.0,0.577,W,1
0022300527,1610612751,Brooklyn,Nets,BKN,nets,240:00,510.0,102.0,549.5,109.9,-39.5,-7.9,0.486,1.06,14.0,0.245,0.685,0.476,17.0,17.0,0.5,0.541,1.0,0.991,20.1,100.5,83.75,100.0,0.423,L,0
0022300530,1610612742,Dallas,Mavericks,DAL,mavericks,240:00,640.0,128.0,626.3,125.3,13.7,2.7,0.614,2.7,19.3,0.277,0.625,0.453,10.0,10.0,0.597,0.632,1.0,0.982,19.9,99.5,82.92,100.0,0.52,W,1
0022300530,1610612752,New York,Knicks,NYK,knicks,240:00,626.3,125.3,640.0,128.0,-13.7,-2.7,0.614,1.69,18.9,0.375,0.723,0.547,16.162,16.2,0.573,0.612,1.0,0.983,19.9,99.5,82.92,99.0,0.48,L,0
0022300529,1610612760,Oklahoma City,Thunder,OKC,thunder,240:00,688.1,137.6,377.5,75.5,310.7,62.1,0.774,3.15,26.5,0.31,0.743,0.586,12.871,12.9,0.645,0.677,1.0,0.982,20.3,101.5,84.58,101.0,0.846,W,1
0022300529,1610612757,Portland,Trail Blazers,POR,blazers,240:00,377.5,75.5,688.1,137.6,-310.7,-62.1,0.571,1.6,11.8,0.257,0.69,0.414,9.804,9.8,0.332,0.356,1.0,0.975,20.3,101.5,84.58,102.0,0.154,L,0
0022300528,1610612749,Milwaukee,Bucks,MIL,bucks,240:00,688.8,137.8,515.2,103.0,173.6,34.7,0.654,3.09,23.4,0.325,0.763,0.586,11.224,11.2,0.663,0.682,1.0,0.973,19.7,98.5,82.08,98.0,0.652,W,1
0022300528,1610612738,Boston,Celtics,BOS,celtics,240:00,515.2,103.0,688.8,137.8,-173.6,-34.7,0.647,3.67,16.4,0.237,0.675,0.414,6.061,6.1,0.423,0.489,1.0,0.982,19.7,98.5,82.08,99.0,0.348,L,0
0022300531,1610612747,Los Angeles,Lakers,LAL,lakers,240:00,539.6,107.9,628.7,125.7,-89.1,-17.8,0.825,1.83,23.1,0.205,0.688,0.457,17.822,17.8,0.581,0.599,1.0,0.982,20.2,101.0,84.17,101.0,0.443,L,0
0022300531,1610612756,Phoenix,Suns,PHX,suns,240:00,628.7,125.7,539.6,107.9,89.1,17.8,0.5,1.77,16.5,0.313,0.795,0.543,12.871,12.9,0.57,0.616,1.0,0.974,20.2,101.0,84.17,101.0,0.557,W,1
0022300518,1610612766,Charlotte,Hornets,CHA,hornets,240:00,515.8,103.2,647.4,129.5,-131.6,-26.3,0.486,1.7,13.9,0.212,0.63,0.408,10.526,10.5,0.494,0.521,1.0,0.971,19.0,95.0,79.17,95.0,0.352,L,0
0022300518,1610612758,Sacramento,Kings,SAC,kings,240:00,647.4,129.5,515.8,103.2,131.6,26.3,0.522,2.4,17.8,0.37,0.788,0.592,10.526,10.5,0.59,0.62,1.0,0.982,19.0,95.0,79.17,95.0,0.648,W,1
0022300525,1610612744,Golden State,Warriors,GSW,warriors,240:00,525.0,105.0,712.1,142.4,-187.1,-37.4,0.615,1.41,17.0,0.327,0.659,0.479,17.0,17.0,0.506,0.542,1.0,0.974,19.9,99.5,82.92,100.0,0.342,L,0
0022300525,1610612740,New Orleans,Pelicans,NOP,pelicans,240:00,712.1,142.4,525.0,105.0,187.1,37.4,0.685,3.36,24.5,0.341,0.673,0.521,11.111,11.1,0.676,0.689,1.0,0.991,19.9,99.5,82.92,99.0,0.658,W,1
0022300520,1610612754,Indiana,Pacers,IND,pacers,240:00,549.0,109.8,514.9,103.0,34.2,6.8,0.756,2.21,20.5,0.34,0.732,0.541,13.725,13.7,0.489,0.546,1.0,0.967,20.3,101.5,84.58,102.0,0.571,W,1
0022300520,1610612764,Washington,Wizards,WAS,wizards,240:00,514.9,103.0,549.0,109.8,-34.2,-6.8,0.632,1.71,17.1,0.268,0.66,0.459,13.861,13.9,0.472,0.514,1.0,0.983,20.3,101.5,84.58,101.0,0.429,L,0
0022300522,1610612748,Miami,Heat,MIA,heat,240:00,594.1,118.8,640.0,128.0,-45.9,-9.2,0.61,2.5,18.0,0.255,0.833,0.494,9.901,9.9,0.545,0.592,1.0,0.974,20.1,100.5,83.75,101.0,0.447,L,0
0022300522,1610612760,Oklahoma City,Thunder,OKC,thunder,240:00,640.0,128.0,594.1,118.8,45.9,9.2,0.706,2.77,25.4,0.167,0.745,0.506,13.0,13.0,0.674,0.688,1.0,0.981,20.1,100.5,83.75,100.0,0.553,W,1
0022300519,1610612765,Detroit,Pistons,DET,pistons,240:00,545.5,109.1,663.3,132.7,-117.8,-23.6,0.75,3.3,22.4,0.302,0.708,0.495,10.101,10.1,0.51,0.531,1.0,0.974,19.7,98.5,82.08,99.0,0.407,L,0
0022300519,1610612759,San Antonio,Spurs,SAS,spurs,240:00,663.3,132.7,545.5,109.1,117.8,23.6,0.735,7.2,24.3,0.292,0.698,0.505,5.102,5.1,0.569,0.614,1.0,0.982,19.7,98.5,82.08,98.0,0.593,W,1
0022300521,1610612737,Atlanta,Hawks,ATL,hawks,265:00,620.5,124.1,589.3,117.9,31.3,6.3,0.667,2.46,19.4,0.344,0.69,0.513,11.607,11.6,0.529,0.577,1.0,0.977,20.29,101.43,84.53,112.0,0.529,W,1
0022300521,1610612755,Philadelphia,76ers,PHI,sixers,265:00,589.3,117.9,620.5,124.1,-31.3,-6.3,0.565,2.36,16.7,0.31,0.656,0.487,9.821,9.8,0.51,0.566,1.0,0.969,20.29,101.43,84.53,112.0,0.471,L,0
0022300526,1610612746,LA,Clippers,LAC,clippers,240:00,656.3,131.3,625.0,125.0,31.3,6.3,0.694,4.86,23.9,0.273,0.692,0.47,7.292,7.3,0.608,0.638,1.0,0.981,19.2,96.0,80.0,96.0,0.527,W,1
0022300526,1610612761,Toronto,Raptors,TOR,raptors,240:00,625.0,125.0,656.3,131.3,-31.3,-6.3,0.674,2.07,22.3,0.308,0.727,0.53,15.625,15.6,0.619,0.653,1.0,0.972,19.2,96.0,80.0,96.0,0.473,L,0
0022300524,1610612762,Utah,Jazz,UTA,jazz,240:00,613.9,122.8,555.0,111.0,58.9,11.8,0.739,2.0,23.3,0.308,0.739,0.541,16.832,16.8,0.633,0.666,1.0,0.973,20.1,100.5,83.75,101.0,0.589,W,1
0022300524,1610612743,Denver,Nuggets,DEN,nuggets,240:00,555.0,111.0,613.9,122.8,-58.9,-11.8,0.703,1.63,19.0,0.261,0.692,0.459,16.0,16.0,0.537,0.595,1.0,1.0,20.1,100.5,83.75,100.0,0.411,L,0
0022300517,1610612738,Boston,Celtics,BOS,celtics,265:00,610.6,122.1,576.9,115.4,33.7,6.7,0.538,2.63,15.4,0.212,0.808,0.51,7.692,7.7,0.539,0.613,1.0,0.974,18.84,94.19,78.49,104.0,0.535,W,1
0022300517,1610612750,Minnesota,Timberwolves,MIN,timberwolves,265:00,576.9,115.4,610.6,122.1,-33.7,-6.7,0.5,2.44,16.2,0.192,0.788,0.49,8.654,8.7,0.537,0.578,1.0,0.982,18.84,94.19,78.49,104.0,0.465,L,0
0022300523,1610612741,Chicago,Bulls,CHI,bulls,265:00,558.6,111.7,536.0,107.2,22.5,4.5,0.738,2.21,20.3,0.222,0.754,0.495,12.613,12.6,0.542,0.585,1.0,0.984,20.11,100.53,83.77,111.0,0.514,W,1
0022300523,1610612745,Houston,Rockets,HOU,rockets,265:00,536.0,107.2,558.6,111.7,-22.5,-4.5,0.604,2.07,19.1,0.246,0.778,0.505,12.613,12.6,0.53,0.542,1.0,1.0,20.11,100.53,83.77,111.0,0.486,L,0
0022300515,1610612742,Dallas,Mavericks,DAL,mavericks,240:00,525.5,105.1,606.1,121.2,-80.6,-16.1,0.556,1.54,15.7,0.191,0.571,0.385,13.265,13.3,0.494,0.549,1.0,0.981,19.7,98.5,82.08,98.0,0.415,L,0
0022300515,1610612763,Memphis,Grizzlies,MEM,grizzlies,240:00,606.1,121.2,525.5,105.1,80.6,16.1,0.614,1.59,18.5,0.429,0.809,0.615,17.172,17.2,0.56,0.599,1.0,0.975,19.7,98.5,82.08,99.0,0.585,W,1
0022300514,1610612752,New York,Knicks,NYK,knicks,240:00,583.3,116.7,442.1,88.4,141.2,28.2,0.703,1.73,18.3,0.377,0.75,0.569,15.625,15.6,0.517,0.565,1.0,0.966,19.1,95.5,79.58,96.0,0.65,W,1
0022300514,1610612757,Portland,Trail Blazers,POR,blazers,240:00,442.1,88.4,583.3,116.7,-141.2,-28.2,0.576,1.27,14.8,0.25,0.623,0.431,15.789,15.8,0.419,0.447,1.0,0.991,19.1,95.5,79.58,95.0,0.35,L,0
0022300513,1610612753,Orlando,Magic,ORL,magic,240:00,464.6,92.9,570.7,114.1,-106.1,-21.2,0.588,1.54,14.6,0.29,0.795,0.485,13.131,13.1,0.431,0.451,1.0,0.974,19.8,99.0,82.5,99.0,0.336,L,0
0022300513,1610612750,Minnesota,Timberwolves,MIN,timberwolves,240:00,570.7,114.1,464.6,92.9,106.1,21.2,0.791,1.89,24.3,0.205,0.71,0.515,18.182,18.2,0.613,0.639,1.0,0.991,19.8,99.0,82.5,99.0,0.664,W,1
0022300512,1610612765,Detroit,Pistons,DET,pistons,240:00,534.0,106.8,635.9,127.2,-101.9,-20.4,0.675,1.29,18.8,0.286,0.667,0.462,20.388,20.4,0.553,0.584,1.0,0.983,20.6,103.0,85.83,103.0,0.406,L,0
0022300512,1610612758,Sacramento,Kings,SAC,kings,240:00,635.9,127.2,534.0,106.8,101.9,20.4,0.722,2.17,25.2,0.333,0.714,0.538,17.476,17.5,0.644,0.654,1.0,0.991,20.6,103.0,85.83,103.0,0.594,W,1
0022300516,1610612747,Los Angeles,Lakers,LAL,lakers,240:00,628.6,125.7,623.8,124.8,4.8,1.0,0.773,2.27,23.1,0.195,0.837,0.524,14.286,14.3,0.642,0.682,1.0,0.982,21.0,105.0,87.5,105.0,0.517,W,1
0022300516,1610612761,Toronto,Raptors,TOR,raptors,240:00,623.8,124.8,628.6,125.7,-4.8,-1.0,0.642,2.83,23.3,0.163,0.805,0.476,11.429,11.4,0.654,0.657,1.0,0.991,21.0,105.0,87.5,105.0,0.483,L,0
0022300506,1610612766,Charlotte,Hornets,CHA,hornets,265:00,549.0,109.8,577.7,115.5,-28.7,-5.7,0.65,1.73,18.2,0.291,0.653,0.462,14.706,14.7,0.516,0.552,1.0,0.966,18.57,92.83,77.36,102.0,0.428,L,0
0022300506,1610612741,Chicago,Bulls,CHI,bulls,265:00,577.7,115.5,549.0,109.8,28.7,5.7,0.6,1.93,18.5,0.347,0.709,0.538,13.592,13.6,0.538,0.58,1.0,0.975,18.57,92.83,77.36,103.0,0.572,W,1
0022300509,1610612748,Miami,Heat,MIA,heat,240:00,612.2,122.4,582.5,116.5,29.8,6.0,0.732,2.73,21.6,0.256,0.692,0.495,11.224,11.2,0.591,0.624,1.0,0.972,19.5,97.5,81.25,98.0,0.587,W,1
0022300509,1610612745,Houston,Rockets,HOU,rockets,240:00,582.5,116.5,612.2,122.4,-29.8,-6.0,0.541,1.67,15.0,0.308,0.744,0.505,12.371,12.4,0.5,0.563,1.0,0.991,19.5,97.5,81.25,97.0,0.413,L,0
0022300511,1610612746,LA,Clippers,LAC,clippers,240:00,704.1,140.8,572.2,114.4,131.9,26.4,0.604,2.29,22.2,0.389,0.805,0.61,14.286,14.3,0.712,0.725,1.0,0.955,19.5,97.5,81.25,98.0,0.645,W,1
0022300511,1610612756,Phoenix,Suns,PHX,suns,240:00,572.2,114.4,704.1,140.8,-131.9,-26.4,0.447,1.21,13.9,0.195,0.611,0.39,14.433,14.4,0.558,0.618,1.0,0.99,19.5,97.5,81.25,97.0,0.355,L,0
0022300507,1610612754,Indiana,Pacers,IND,pacers,240:00,645.6,129.1,642.2,128.4,3.5,0.7,0.604,2.23,19.9,0.304,0.667,0.489,12.621,12.6,0.632,0.661,1.0,0.966,20.5,102.5,85.42,103.0,0.522,W,1
0022300507,1610612738,Boston,Celtics,BOS,celtics,240:00,642.2,128.4,645.6,129.1,-3.5,-0.7,0.553,1.73,18.1,0.333,0.696,0.511,14.706,14.7,0.617,0.637,1.0,0.983,20.5,102.5,85.42,102.0,0.478,L,0
0022300510,1610612749,Milwaukee,Bucks,MIL,bucks,240:00,580.0,116.0,673.5,134.7,-93.5,-18.7,0.738,3.44,21.2,0.278,0.698,0.464,9.0,9.0,0.537,0.567,1.0,0.965,19.8,99.0,82.5,100.0,0.418,L,0
0022300510,1610612762,Utah,Jazz,UTA,jazz,240:00,673.5,134.7,580.0,116.0,93.5,18.7,0.702,3.0,22.9,0.302,0.722,0.536,11.224,11.2,0.633,0.662,1.0,0.991,19.8,99.0,82.5,98.0,0.582,W,1
0022300508,1610612764,Washington,Wizards,WAS,wizards,240:00,627.5,125.5,660.2,132.0,-32.7,-6.5,0.727,2.13,21.3,0.348,0.675,0.5,14.706,14.7,0.579,0.629,1.0,0.983,20.5,102.5,85.42,102.0,0.442,L,0
0022300508,1610612760,Oklahoma City,Thunder,OKC,thunder,240:00,660.2,132.0,627.5,125.5,32.7,6.5,0.712,2.47,24.2,0.325,0.652,0.5,14.563,14.6,0.67,0.69,1.0,0.966,20.5,102.5,85.42,103.0,0.558,W,1
0022300497,1610612739,Cleveland,Cavaliers,CLE,cavaliers,240:00,596.9,119.4,586.7,117.3,10.2,2.0,0.628,1.69,19.3,0.313,0.783,0.543,16.327,16.3,0.58,0.602,1.0,1.0,19.6,98.0,81.67,98.0,0.494,W,1
0022300497,1610612759,San Antonio,Spurs,SAS,spurs,240:00,586.7,117.3,596.9,119.4,-10.2,-2.0,0.537,2.0,17.1,0.217,0.688,0.457,11.224,11.2,0.558,0.601,1.0,1.0,19.6,98.0,81.67,98.0,0.506,L,0
0022300499,1610612753,Orlando,Magic,ORL,magic,265:00,546.7,109.3,518.9,103.8,27.9,5.6,0.581,1.92,16.9,0.271,0.836,0.544,12.15,12.1,0.526,0.543,1.0,0.967,19.29,96.45,80.38,107.0,0.52,W,1
0022300499,1610612737,Atlanta,Hawks,ATL,hawks,265:00,518.9,103.8,546.7,109.3,-27.9,-5.6,0.5,1.62,15.4,0.164,0.729,0.456,12.264,12.3,0.511,0.53,1.0,0.983,19.29,96.45,80.38,106.0,0.48,L,0
0022300500,1610612758,Sacramento,Kings,SAC,kings,240:00,526.3,105.3,692.7,138.5,-166.4,-33.3,0.737,3.11,20.9,0.196,0.594,0.341,9.474,9.5,0.5,0.519,1.0,0.991,19.1,95.5,79.58,95.0,0.343,L,0
0022300500,1610612740,New Orleans,Pelicans,NOP,pelicans,240:00,692.7,138.5,526.3,105.3,166.4,33.3,0.7,2.19,24.6,0.406,0.804,0.659,16.667,16.7,0.726,0.747,1.0,0.991,19.1,95.5,79.58,96.0,0.657,W,1
0022300504,1610612744,Golden State,Warriors,GSW,warriors,240:00,602.0,120.4,671.7,134.3,-69.7,-13.9,0.667,2.73,20.3,0.357,0.738,0.52,11.224,11.2,0.52,0.553,1.0,0.983,19.7,98.5,82.08,98.0,0.42,L,0
0022300504,1610612761,Toronto,Raptors,TOR,raptors,240:00,671.7,134.3,602.0,120.4,69.7,13.9,0.691,5.43,25.7,0.262,0.643,0.48,7.071,7.1,0.665,0.664,1.0,0.973,19.7,98.5,82.08,99.0,0.58,W,1
0022300502,1610612743,Denver,Nuggets,DEN,nuggets,240:00,668.4,133.7,581.6,116.3,86.7,17.3,0.745,2.5,24.5,0.286,0.648,0.506,14.286,14.3,0.65,0.699,1.0,0.954,19.6,98.0,81.67,98.0,0.604,W,1
0022300502,1610612765,Detroit,Pistons,DET,pistons,240:00,581.6,116.3,668.4,133.7,-86.7,-17.3,0.667,2.33,19.3,0.352,0.714,0.494,12.245,12.2,0.522,0.558,1.0,0.966,19.6,98.0,81.67,98.0,0.396,L,0
0022300501,1610612742,Dallas,Mavericks,DAL,mavericks,240:00,605.3,121.1,568.4,113.7,36.8,7.4,0.465,1.82,14.6,0.4,0.607,0.505,11.579,11.6,0.532,0.554,1.0,0.983,19.0,95.0,79.17,95.0,0.529,W,1
0022300501,1610612750,Minnesota,Timberwolves,MIN,timberwolves,240:00,568.4,113.7,605.3,121.1,-36.8,-7.4,0.537,1.69,15.8,0.393,0.6,0.495,13.684,13.7,0.505,0.523,1.0,0.991,19.0,95.0,79.17,95.0,0.471,L,0
0022300503,1610612756,Phoenix,Suns,PHX,suns,240:00,542.5,108.5,570.8,114.2,-28.3,-5.7,0.63,2.42,19.0,0.3,0.632,0.462,11.321,11.3,0.49,0.515,1.0,0.992,21.2,106.0,88.33,106.0,0.466,L,0
0022300503,1610612763,Memphis,Grizzlies,MEM,grizzlies,240:00,570.8,114.2,542.5,108.5,28.3,5.7,0.674,1.61,18.7,0.368,0.7,0.538,16.981,17.0,0.531,0.562,1.0,0.976,21.2,106.0,88.33,106.0,0.534,W,1
0022300505,1610612747,Los Angeles,Lakers,LAL,lakers,240:00,546.4,109.3,515.0,103.0,31.4,6.3,0.548,1.21,17.7,0.238,0.679,0.49,19.588,19.6,0.579,0.595,1.0,1.0,19.7,98.5,82.08,97.0,0.56,W,1
0022300505,1610612746,LA,Clippers,LAC,clippers,240:00,515.0,103.0,546.4,109.3,-31.4,-6.3,0.583,1.31,15.1,0.321,0.762,0.51,16.0,16.0,0.473,0.518,1.0,0.941,19.7,98.5,82.08,100.0,0.44,L,0
0022300498,1610612751,Brooklyn,Nets,BKN,nets,265:00,593.5,118.7,626.2,125.2,-32.7,-6.5,0.63,1.81,19.7,0.283,0.706,0.505,14.953,15.0,0.582,0.623,1.0,0.992,19.38,96.91,80.75,107.0,0.513,L,0
0022300498,1610612757,Portland,Trail Blazers,POR,blazers,265:00,626.2,125.2,593.5,118.7,32.7,6.5,0.467,2.1,14.7,0.294,0.717,0.495,9.346,9.3,0.579,0.619,1.0,0.967,19.38,96.91,80.75,107.0,0.487,W,1
0022300496,1610612745,Houston,Rockets,HOU,rockets,240:00,560.0,112.0,534.7,106.9,25.3,5.1,0.611,2.2,16.8,0.191,0.837,0.521,10.0,10.0,0.512,0.577,1.0,0.982,20.1,100.5,83.75,100.0,0.531,W,1
0022300496,1610612749,Milwaukee,Bucks,MIL,bucks,240:00,534.7,106.9,560.0,112.0,-25.3,-5.1,0.571,1.82,15.5,0.163,0.809,0.479,10.891,10.9,0.52,0.572,1.0,0.972,20.1,100.5,83.75,101.0,0.469,L,0
0022300494,1610612764,Washington,Wizards,WAS,wizards,240:00,525.0,105.0,593.1,118.6,-68.1,-13.6,0.825,1.65,22.6,0.265,0.739,0.495,20.0,20.0,0.547,0.56,1.0,1.0,20.2,101.0,84.17,100.0,0.429,L,0
0022300494,1610612752,New York,Knicks,NYK,knicks,240:00,593.1,118.6,525.0,105.0,68.1,13.6,0.628,1.93,19.1,0.261,0.735,0.505,13.725,13.7,0.575,0.62,1.0,0.974,20.2,101.0,84.17,102.0,0.571,W,1
0022300493,1610612754,Indiana,Pacers,IND,pacers,240:00,500.0,100.0,584.2,116.8,-84.2,-16.8,0.605,2.56,17.0,0.19,0.638,0.39,8.911,8.9,0.457,0.497,1.0,0.982,20.2,101.0,84.17,101.0,0.43,L,0
0022300493,1610612738,Boston,Celtics,BOS,celtics,240:00,584.2,116.8,500.0,100.0,84.2,16.8,0.565,1.44,18.1,0.362,0.81,0.61,17.822,17.8,0.6,0.6,1.0,0.975,20.2,101.0,84.17,101.0,0.57,W,1
0022300495,1610612755,Philadelphia,76ers,PHI,sixers,240:00,534.3,106.9,588.2,117.6,-53.9,-10.8,0.714,5.0,19.6,0.318,0.6,0.416,5.882,5.9,0.438,0.478,1.0,0.984,20.4,102.0,85.0,102.0,0.423,L,0
0022300495,1610612762,Utah,Jazz,UTA,jazz,240:00,588.2,117.6,534.3,106.9,53.9,10.8,0.652,1.25,20.5,0.4,0.682,0.584,23.529,23.5,0.625,0.663,1.0,0.974,20.4,102.0,85.0,102.0,0.577,W,1
0022300488,1610612743,Denver,Nuggets,DEN,nuggets,240:00,582.5,116.5,598.0,119.6,-15.5,-3.1,0.583,2.15,19.0,0.34,0.727,0.527,12.621,12.6,0.553,0.58,1.0,0.975,20.5,102.5,85.42,103.0,0.495,L,0
0022300488,1610612753,Orlando,Magic,ORL,magic,240:00,598.0,119.6,582.5,116.5,15.5,3.1,0.61,1.67,18.1,0.273,0.66,0.473,14.706,14.7,0.604,0.629,1.0,0.991,20.5,102.5,85.42,102.0,0.505,W,1
0022300489,1610612756,Phoenix,Suns,PHX,suns,240:00,594.7,118.9,516.0,103.2,78.8,15.8,0.682,2.73,22.1,0.277,0.706,0.5,11.579,11.6,0.586,0.598,1.0,0.972,18.9,94.5,78.75,95.0,0.605,W,1
0022300489,1610612748,Miami,Heat,MIA,heat,240:00,516.0,103.2,594.7,118.9,-78.8,-15.8,0.765,1.63,19.3,0.294,0.723,0.5,17.021,17.0,0.47,0.523,1.0,0.982,18.9,94.5,78.75,94.0,0.395,L,0
0022300490,1610612744,Golden State,Warriors,GSW,warriors,240:00,570.7,114.1,545.0,109.0,25.7,5.1,0.632,1.26,17.6,0.289,0.714,0.525,19.192,19.2,0.561,0.608,1.0,0.964,19.9,99.5,82.92,99.0,0.52,W,1
0022300490,1610612765,Detroit,Pistons,DET,pistons,240:00,545.0,109.0,570.7,114.1,-25.7,-5.1,0.568,2.27,17.7,0.286,0.711,0.475,11.0,11.0,0.515,0.532,1.0,0.974,19.9,99.5,82.92,100.0,0.48,L,0
0022300482,1610612739,Cleveland,Cavaliers,CLE,cavaliers,240:00,587.6,117.5,459.2,91.8,128.4,25.7,0.756,1.29,21.5,0.381,0.804,0.613,24.742,24.7,0.636,0.654,1.0,0.982,19.5,97.5,81.25,97.0,0.643,W,1
0022300482,1610612764,Washington,Wizards,WAS,wizards,240:00,459.2,91.8,587.6,117.5,-128.4,-25.7,0.543,1.12,15.0,0.196,0.619,0.387,17.347,17.3,0.47,0.497,1.0,0.981,19.5,97.5,81.25,98.0,0.357,L,0
0022300486,1610612740,New Orleans,Pelicans,NOP,pelicans,240:00,505.3,101.1,590.4,118.1,-85.1,-17.0,0.667,2.44,16.3,0.328,0.682,0.476,9.574,9.6,0.424,0.465,1.0,0.991,18.8,94.0,78.33,94.0,0.391,L,0
0022300486,1610612746,LA,Clippers,LAC,clippers,240:00,590.4,118.1,505.3,101.1,85.1,17.0,0.7,1.87,20.7,0.318,0.672,0.524,15.957,16.0,0.579,0.611,1.0,0.981,18.8,94.0,78.33,94.0,0.609,W,1
0022300483,1610612755,Philadelphia,76ers,PHI,sixers,240:00,460.0,92.0,640.0,128.0,-180.0,-36.0,0.667,1.57,16.7,0.196,0.674,0.423,14.0,14.0,0.444,0.495,1.0,0.991,20.0,100.0,83.33,100.0,0.366,L,0
0022300483,1610612752,New York,Knicks,NYK,knicks,240:00,640.0,128.0,460.0,92.0,180.0,36.0,0.628,2.08,19.0,0.326,0.804,0.577,13.0,13.0,0.584,0.64,1.0,0.965,20.0,100.0,83.33,100.0,0.634,W,1
0022300487,1610612742,Dallas,Mavericks,DAL,mavericks,240:00,637.6,127.5,472.5,94.5,165.1,33.0,0.625,2.06,22.6,0.25,0.763,0.544,15.596,15.6,0.672,0.677,1.0,0.983,21.8,109.0,90.83,109.0,0.65,W,1
0022300487,1610612757,Portland,Trail Blazers,POR,blazers,240:00,472.5,94.5,637.6,127.5,-165.1,-33.0,0.692,1.42,18.0,0.237,0.75,0.456,17.431,17.4,0.479,0.503,1.0,0.976,21.8,109.0,90.83,109.0,0.35,L,0
0022300481,1610612751,Brooklyn,Nets,BKN,nets,240:00,620.0,124.0,569.3,113.9,50.7,10.1,0.61,1.67,17.0,0.415,0.78,0.574,15.0,15.0,0.527,0.588,1.0,0.992,20.1,100.5,83.75,100.0,0.513,W,1
0022300481,1610612760,Oklahoma City,Thunder,OKC,thunder,240:00,569.3,113.9,620.0,124.0,-50.7,-10.1,0.644,2.23,20.9,0.22,0.585,0.426,12.871,12.9,0.589,0.608,1.0,0.973,20.1,100.5,83.75,101.0,0.487,L,0
0022300491,1610612747,Los Angeles,Lakers,LAL,lakers,240:00,548.5,109.7,622.5,124.5,-74.0,-14.8,0.619,1.86,18.7,0.208,0.775,0.466,13.592,13.6,0.553,0.583,1.0,0.965,20.5,102.5,85.42,103.0,0.448,L,0
0022300491,1610612763,Memphis,Grizzlies,MEM,grizzlies,240:00,622.5,124.5,548.5,109.7,74.0,14.8,0.75,1.74,22.9,0.225,0.792,0.534,18.627,18.6,0.677,0.699,1.0,0.964,20.5,102.5,85.42,102.0,0.552,W,1
0022300485,1610612745,Houston,Rockets,HOU,rockets,240:00,475.0,95.0,598.0,119.6,-123.0,-24.6,0.5,1.2,14.1,0.179,0.727,0.42,15.0,15.0,0.467,0.492,1.0,1.0,20.2,101.0,84.17,100.0,0.328,L,0
0022300485,1610612750,Minnesota,Timberwolves,MIN,timberwolves,240:00,598.0,119.6,475.0,95.0,123.0,24.6,0.674,2.21,21.7,0.273,0.821,0.58,13.725,13.7,0.602,0.63,1.0,0.982,20.2,101.0,84.17,102.0,0.672,W,1
0022300484,1610612741,Chicago,Bulls,CHI,bulls,240:00,559.1,111.8,489.2,97.8,69.9,14.0,0.725,1.93,22.8,0.135,0.727,0.489,16.129,16.1,0.608,0.638,1.0,0.969,18.6,93.0,77.5,93.0,0.633,W,1
0022300484,1610612766,Charlotte,Hornets,CHA,hornets,240:00,489.2,97.8,559.1,111.8,-69.9,-14.0,0.556,1.54,15.6,0.273,0.865,0.511,13.978,14.0,0.461,0.483,1.0,0.963,18.6,93.0,77.5,93.0,0.367,L,0
0022300492,1610612758,Sacramento,Kings,SAC,kings,240:00,649.0,129.8,625.0,125.0,24.0,4.8,0.673,2.33,22.3,0.392,0.738,0.548,14.423,14.4,0.625,0.633,1.0,0.984,20.8,104.0,86.67,104.0,0.488,W,1
0022300492,1610612761,Toronto,Raptors,TOR,raptors,240:00,625.0,125.0,649.0,129.8,-24.0,-4.8,0.66,2.21,21.2,0.262,0.608,0.452,13.462,13.5,0.615,0.657,1.0,0.974,20.8,104.0,86.67,104.0,0.512,L,0
0022300479,1610612738,Boston,Celtics,BOS,celtics,240:00,578.0,115.6,436.9,87.4,141.0,28.2,0.615,1.71,16.6,0.222,0.721,0.5,12.844,12.8,0.528,0.595,1.0,0.983,22.0,110.0,91.67,109.0,0.641,W,1
0022300479,1610612762,Utah,Jazz,UTA,jazz,240:00,436.9,87.4,578.0,115.6,-141.0,-28.2,0.676,1.28,15.1,0.279,0.778,0.5,16.216,16.2,0.394,0.445,1.0,0.977,22.0,110.0,91.67,111.0,0.359,L,0
0022300480,1610612754,Indiana,Pacers,IND,pacers,240:00,707.5,141.5,542.1,108.4,165.5,33.1,0.833,3.13,30.1,0.286,0.709,0.544,15.094,15.1,0.739,0.752,1.0,0.983,21.3,106.5,88.75,106.0,0.646,W,1
0022300480,1610612737,Atlanta,Hawks,ATL,hawks,240:00,542.1,108.4,707.5,141.5,-165.5,-33.1,0.525,1.5,14.6,0.291,0.714,0.456,13.084,13.1,0.484,0.546,1.0,0.976,21.3,106.5,88.75,107.0,0.354,L,0
0022300477,1610612759,San Antonio,Spurs,SAS,spurs,240:00,581.7,116.3,601.0,120.2,-19.2,-3.8,0.674,2.58,21.2,0.245,0.756,0.489,11.538,11.5,0.558,0.59,1.0,0.983,20.8,104.0,86.67,104.0,0.507,L,0
0022300477,1610612749,Milwaukee,Bucks,MIL,bucks,240:00,601.0,120.2,581.7,116.3,19.2,3.8,0.551,1.93,19.0,0.244,0.755,0.511,13.462,13.5,0.598,0.623,1.0,0.983,20.8,104.0,86.67,104.0,0.493,W,1
0022300478,1610612744,Golden State,Warriors,GSW,warriors,240:00,661.5,132.3,691.5,138.3,-30.0,-6.0,0.714,3.5,24.3,0.31,0.684,0.488,10.417,10.4,0.628,0.654,1.0,0.945,19.0,95.0,79.17,96.0,0.481,L,0
0022300478,1610612743,Denver,Nuggets,DEN,nuggets,240:00,691.5,138.3,661.5,132.3,30.0,6.0,0.583,3.11,20.9,0.316,0.69,0.513,9.574,9.6,0.618,0.665,1.0,0.981,19.0,95.0,79.17,94.0,0.519,W,1
0022300471,1610612750,Minnesota,Timberwolves,MIN,timberwolves,240:00,569.9,114.0,629.0,125.8,-59.1,-11.8,0.703,2.0,19.7,0.265,0.667,0.435,13.978,14.0,0.512,0.565,1.0,0.962,18.6,93.0,77.5,93.0,0.435,L,0
0022300471,1610612740,New Orleans,Pelicans,NOP,pelicans,240:00,629.0,125.8,569.9,114.0,59.1,11.8,0.667,2.14,22.2,0.333,0.735,0.565,15.054,15.1,0.63,0.661,1.0,0.962,18.6,93.0,77.5,93.0,0.565,W,1
0022300469,1610612745,Houston,Rockets,HOU,rockets,240:00,565.7,113.1,505.0,101.0,60.7,12.1,0.73,1.69,20.5,0.14,0.73,0.491,16.162,16.2,0.612,0.637,1.0,0.99,19.9,99.5,82.92,99.0,0.559,W,1
0022300469,1610612751,Brooklyn,Nets,BKN,nets,240:00,505.0,101.0,565.7,113.1,-60.7,-12.1,0.694,2.5,17.6,0.27,0.86,0.509,10.0,10.0,0.457,0.484,1.0,0.966,19.9,99.5,82.92,100.0,0.441,L,0
0022300468,1610612752,New York,Knicks,NYK,knicks,240:00,604.2,120.8,526.3,105.3,77.9,15.6,0.63,1.81,20.6,0.356,0.759,0.576,16.667,16.7,0.601,0.618,1.0,0.964,19.1,95.5,79.58,96.0,0.584,W,1
0022300468,1610612741,Chicago,Bulls,CHI,bulls,240:00,526.3,105.3,604.2,120.8,-77.9,-15.6,0.649,2.18,18.2,0.241,0.644,0.424,11.579,11.6,0.489,0.521,1.0,0.991,19.1,95.5,79.58,95.0,0.416,L,0
0022300473,1610612756,Phoenix,Suns,PHX,suns,240:00,648.9,129.8,696.8,139.4,-47.9,-9.6,0.548,1.35,17.8,0.308,0.629,0.459,18.085,18.1,0.627,0.674,1.0,0.972,18.8,94.0,78.33,94.0,0.441,L,0
0022300473,1610612746,LA,Clippers,LAC,clippers,240:00,696.8,139.4,648.9,129.8,47.9,9.6,0.595,1.79,18.9,0.371,0.692,0.541,14.894,14.9,0.671,0.727,1.0,0.953,18.8,94.0,78.33,94.0,0.559,W,1
0022300475,1610612747,Los Angeles,Lakers,LAL,lakers,240:00,466.0,93.2,539.2,107.8,-73.2,-14.6,0.829,1.32,19.7,0.306,0.818,0.577,21.359,21.4,0.446,0.513,1.0,0.966,20.5,102.5,85.42,103.0,0.473,L,0
0022300475,1610612748,Miami,Heat,MIA,heat,240:00,539.2,107.8,466.0,93.2,73.2,14.6,0.732,3.0,21.1,0.182,0.694,0.423,9.804,9.8,0.527,0.547,1.0,0.973,20.5,102.5,85.42,102.0,0.527,W,1
0022300467,1610612737,Atlanta,Hawks,ATL,hawks,240:00,658.9,131.8,644.9,129.0,14.0,2.8,0.625,2.31,19.4,0.375,0.778,0.57,12.15,12.1,0.579,0.644,1.0,0.968,21.4,107.0,89.17,107.0,0.522,W,1
0022300467,1610612760,Oklahoma City,Thunder,OKC,thunder,240:00,644.9,129.0,658.9,131.8,-14.0,-2.8,0.6,2.31,20.4,0.222,0.625,0.43,12.15,12.1,0.648,0.674,1.0,0.983,21.4,107.0,89.17,107.0,0.478,L,0
0022300476,1610612758,Sacramento,Kings,SAC,kings,290:00,584.7,116.9,581.9,116.4,2.8,0.6,0.706,1.71,20.2,0.407,0.833,0.598,17.797,17.8,0.557,0.582,1.0,0.937,19.37,96.83,80.69,118.0,0.526,W,1
0022300476,1610612753,Orlando,Magic,ORL,magic,290:00,581.9,116.4,584.7,116.9,-2.8,-0.6,0.75,1.57,21.0,0.167,0.593,0.402,18.103,18.1,0.628,0.663,1.0,0.984,19.37,96.83,80.69,116.0,0.474,L,0
0022300466,1610612754,Indiana,Pacers,IND,pacers,240:00,663.6,132.7,613.2,122.6,50.3,10.1,0.68,3.09,22.4,0.256,0.76,0.527,10.28,10.3,0.633,0.676,1.0,0.966,21.3,106.5,88.75,107.0,0.557,W,1
0022300466,1610612749,Milwaukee,Bucks,MIL,bucks,240:00,613.2,122.6,663.6,132.7,-50.3,-10.1,0.652,2.31,20.3,0.24,0.744,0.473,12.264,12.3,0.576,0.613,1.0,0.983,21.3,106.5,88.75,106.0,0.443,L,0
0022300470,1610612763,Memphis,Grizzlies,MEM,grizzlies,240:00,533.7,106.7,568.6,113.7,-35.0,-7.0,0.625,2.5,17.9,0.259,0.826,0.52,9.615,9.6,0.505,0.542,1.0,0.983,20.6,103.0,85.83,104.0,0.47,L,0
0022300470,1610612761,Toronto,Raptors,TOR,raptors,240:00,568.6,113.7,533.7,106.7,35.0,7.0,0.61,2.08,18.5,0.174,0.741,0.48,11.765,11.8,0.553,0.599,1.0,0.991,20.6,103.0,85.83,102.0,0.53,W,1
0022300474,1610612762,Utah,Jazz,UTA,jazz,265:00,687.5,137.5,654.9,131.0,32.6,6.5,0.528,2.33,17.7,0.385,0.596,0.49,10.714,10.7,0.592,0.65,1.0,0.992,20.38,101.89,84.91,112.0,0.529,W,1
0022300474,1610612765,Detroit,Pistons,DET,pistons,265:00,654.9,131.0,687.5,137.5,-32.6,-6.5,0.589,1.94,19.8,0.404,0.615,0.51,15.044,15.0,0.624,0.645,1.0,0.97,20.38,101.89,84.91,113.0,0.471,L,0
0022300465,1610612739,Cleveland,Cavaliers,CLE,cavaliers,240:00,721.6,144.3,526.0,105.2,195.6,39.1,0.685,3.36,23.4,0.5,0.714,0.619,11.34,11.3,0.64,0.654,1.0,0.95,19.3,96.5,80.42,97.0,0.68,W,1
0022300465,1610612764,Washington,Wizards,WAS,wizards,240:00,526.0,105.2,721.6,144.3,-195.6,-39.1,0.548,2.88,16.8,0.286,0.5,0.381,8.333,8.3,0.475,0.477,1.0,0.991,19.3,96.5,80.42,96.0,0.32,L,0
0022300472,1610612742,Dallas,Mavericks,DAL,mavericks,240:00,605.8,121.2,466.3,93.3,139.4,27.9,0.595,2.08,17.9,0.22,0.714,0.481,11.538,11.5,0.577,0.617,1.0,0.974,20.8,104.0,86.67,104.0,0.703,W,1
0022300472,1610612757,Portland,Trail Blazers,POR,blazers,240:00,466.3,93.3,605.8,121.2,-139.4,-27.9,0.676,1.05,16.2,0.286,0.78,0.519,21.154,21.2,0.466,0.502,1.0,0.992,20.8,104.0,86.67,104.0,0.297,L,0
0022300464,1610612758,Sacramento,Kings,SAC,kings,240:00,514.9,103.0,549.5,109.9,-34.7,-6.9,0.575,1.1,15.9,0.375,0.881,0.592,20.792,20.8,0.511,0.523,1.0,0.975,20.2,101.0,84.17,101.0,0.409,L,0
0022300464,1610612766,Charlotte,Hornets,CHA,hornets,240:00,549.5,109.9,514.9,103.0,34.7,6.9,0.548,1.53,17.8,0.119,0.625,0.408,14.851,14.9,0.585,0.614,1.0,0.972,20.2,101.0,84.17,101.0,0.591,W,1
0022300462,1610612760,Oklahoma City,Thunder,OKC,thunder,240:00,635.0,127.0,621.2,124.2,13.8,2.8,0.708,2.83,23.1,0.295,0.577,0.448,12.0,12.0,0.626,0.645,1.0,0.956,19.9,99.5,82.92,100.0,0.505,W,1
0022300462,1610612738,Boston,Celtics,BOS,celtics,240:00,621.2,124.2,635.0,127.0,-13.8,-2.8,0.786,2.36,21.4,0.423,0.705,0.552,14.141,14.1,0.538,0.587,1.0,0.992,19.9,99.5,82.92,99.0,0.495,L,0
0022300460,1610612763,Memphis,Grizzlies,MEM,grizzlies,240:00,540.8,108.2,500.0,100.0,40.8,8.2,0.649,1.6,18.2,0.217,0.736,0.495,15.306,15.3,0.538,0.582,1.0,0.981,19.6,98.0,81.67,98.0,0.576,W,1
0022300460,1610612759,San Antonio,Spurs,SAS,spurs,240:00,500.0,100.0,540.8,108.2,-40.8,-8.2,0.583,1.31,15.9,0.264,0.783,0.505,16.327,16.3,0.482,0.515,1.0,0.973,19.6,98.0,81.67,98.0,0.424,L,0
0022300461,1610612740,New Orleans,Pelicans,NOP,pelicans,240:00,595.7,119.1,457.0,91.4,138.8,27.8,0.561,1.35,16.9,0.417,0.615,0.531,18.085,18.1,0.557,0.584,1.0,0.973,18.7,93.5,77.92,94.0,0.659,W,1
0022300461,1610612751,Brooklyn,Nets,BKN,nets,240:00,457.0,91.4,595.7,119.1,-138.8,-27.8,0.743,1.73,18.3,0.385,0.583,0.469,16.129,16.1,0.413,0.419,1.0,0.974,18.7,93.5,77.92,93.0,0.341,L,0
0022300463,1610612744,Golden State,Warriors,GSW,warriors,240:00,611.1,122.2,586.7,117.3,24.4,4.9,0.548,1.92,17.3,0.282,0.577,0.451,12.121,12.1,0.622,0.642,1.0,0.973,19.7,98.5,82.08,99.0,0.573,W,1
0022300463,1610612753,Orlando,Magic,ORL,magic,240:00,586.7,117.3,611.1,122.2,-24.4,-4.9,0.463,1.06,13.7,0.423,0.718,0.549,18.367,18.4,0.522,0.563,1.0,0.983,19.7,98.5,82.08,98.0,0.427,L,0
0022300459,1610612755,Philadelphia,76ers,PHI,sixers,240:00,539.2,107.8,470.9,94.2,68.3,13.7,0.737,1.47,19.9,0.25,0.613,0.462,18.627,18.6,0.55,0.59,1.0,0.973,20.5,102.5,85.42,102.0,0.611,W,1
0022300459,1610612741,Chicago,Bulls,CHI,bulls,240:00,470.9,94.2,539.2,107.8,-68.3,-13.7,0.459,0.94,11.8,0.387,0.75,0.538,17.476,17.5,0.422,0.457,1.0,0.976,20.5,102.5,85.42,103.0,0.389,L,0
0022300457,1610612762,Utah,Jazz,UTA,jazz,240:00,616.5,123.3,436.9,87.4,179.6,35.9,0.755,2.85,24.2,0.298,0.8,0.579,12.621,12.6,0.573,0.611,1.0,0.983,20.6,103.0,85.83,103.0,0.676,W,1
0022300457,1610612742,Dallas,Mavericks,DAL,mavericks,240:00,436.9,87.4,616.5,123.3,-179.6,-35.9,0.757,1.75,19.9,0.2,0.702,0.421,15.534,15.5,0.457,0.462,1.0,1.0,20.6,103.0,85.83,103.0,0.324,L,0
0022300456,1610612756,Phoenix,Suns,PHX,suns,240:00,539.6,107.9,435.6,87.1,104.0,20.8,0.632,1.5,17.4,0.277,0.8,0.546,15.842,15.8,0.544,0.577,1.0,0.982,20.2,101.0,84.17,101.0,0.611,W,1
0022300456,1610612757,Portland,Trail Blazers,POR,blazers,240:00,435.6,87.1,539.6,107.9,-104.0,-20.8,0.636,1.11,15.9,0.2,0.723,0.454,18.812,18.8,0.463,0.498,1.0,0.964,20.2,101.0,84.17,101.0,0.389,L,0
0022300451,1610612752,New York,Knicks,NYK,knicks,240:00,577.3,115.5,552.1,110.4,25.2,5.0,0.59,1.53,16.3,0.396,0.81,0.579,15.464,15.5,0.506,0.553,1.0,0.958,19.3,96.5,80.42,97.0,0.52,W,1
0022300451,1610612750,Minnesota,Timberwolves,MIN,timberwolves,240:00,552.1,110.4,577.3,115.5,-25.2,-5.0,0.528,1.36,15.4,0.19,0.604,0.421,14.583,14.6,0.546,0.597,1.0,0.981,19.3,96.5,80.42,96.0,0.48,L,0
0022300455,1610612743,Denver,Nuggets,DEN,nuggets,240:00,584.2,116.8,489.5,97.9,94.7,18.9,0.659,2.45,20.9,0.156,0.755,0.48,11.579,11.6,0.584,0.61,1.0,0.971,19.0,95.0,79.17,95.0,0.601,W,1
0022300455,1610612766,Charlotte,Hornets,CHA,hornets,240:00,489.5,97.9,584.2,116.8,-94.7,-18.9,0.667,1.71,18.2,0.245,0.844,0.52,14.737,14.7,0.477,0.5,1.0,0.963,19.0,95.0,79.17,95.0,0.399,L,0
0022300452,1610612761,Toronto,Raptors,TOR,raptors,240:00,607.8,121.6,593.1,118.6,14.7,2.9,0.595,2.27,17.9,0.25,0.792,0.51,10.784,10.8,0.546,0.593,1.0,0.983,20.4,102.0,85.0,102.0,0.5,W,1
0022300452,1610612739,Cleveland,Cavaliers,CLE,cavaliers,240:00,593.1,118.6,607.8,121.6,-14.7,-2.9,0.581,2.78,18.2,0.208,0.75,0.49,8.824,8.8,0.551,0.602,1.0,0.991,20.4,102.0,85.0,102.0,0.5,L,0
0022300454,1610612749,Milwaukee,Bucks,MIL,bucks,240:00,543.3,108.7,586.5,117.3,-43.3,-8.7,0.659,2.45,18.8,0.241,0.684,0.468,10.577,10.6,0.495,0.541,1.0,0.983,20.8,104.0,86.67,104.0,0.472,L,0
0022300454,1610612754,Indiana,Pacers,IND,pacers,240:00,586.5,117.3,543.3,108.7,43.3,8.7,0.535,3.29,15.9,0.316,0.759,0.532,6.731,6.7,0.469,0.536,1.0,0.984,20.8,104.0,86.67,104.0,0.528,W,1
0022300453,1610612745,Houston,Rockets,HOU,rockets,240:00,647.6,129.5,543.3,108.7,104.3,20.9,0.667,3.4,23.0,0.214,0.761,0.5,9.524,9.5,0.643,0.67,1.0,0.965,20.9,104.5,87.08,105.0,0.62,W,1
0022300453,1610612765,Detroit,Pistons,DET,pistons,240:00,543.3,108.7,647.6,129.5,-104.3,-20.9,0.675,1.5,19.0,0.239,0.786,0.5,17.308,17.3,0.56,0.595,1.0,0.983,20.9,104.5,87.08,104.0,0.38,L,0
0022300458,1610612746,LA,Clippers,LAC,clippers,240:00,630.2,126.0,541.7,108.3,88.5,17.7,0.532,1.47,19.2,0.273,0.673,0.512,17.708,17.7,0.675,0.702,1.0,0.962,19.2,96.0,80.0,96.0,0.6,W,1
0022300458,1610612748,Miami,Heat,MIA,heat,240:00,541.7,108.3,630.2,126.0,-88.5,-17.7,0.686,1.71,17.6,0.327,0.727,0.488,14.583,14.6,0.488,0.543,1.0,0.973,19.2,96.0,80.0,96.0,0.4,L,0
0022300449,1610612763,Memphis,Grizzlies,MEM,grizzlies,240:00,460.0,92.0,615.0,123.0,-155.0,-31.0,0.667,2.5,16.0,0.089,0.729,0.385,8.0,8.0,0.439,0.488,1.0,0.981,20.0,100.0,83.33,100.0,0.351,L,0
0022300449,1610612758,Sacramento,Kings,SAC,kings,240:00,615.0,123.0,460.0,92.0,155.0,31.0,0.596,2.15,19.9,0.271,0.911,0.615,13.0,13.0,0.598,0.618,1.0,0.973,20.0,100.0,83.33,100.0,0.649,W,1
0022300447,1610612760,Oklahoma City,Thunder,OKC,thunder,240:00,613.9,122.8,524.3,104.9,89.6,17.9,0.689,2.07,22.5,0.146,0.672,0.472,14.851,14.9,0.651,0.675,1.0,0.981,20.4,102.0,85.0,101.0,0.599,W,1
0022300447,1610612751,Brooklyn,Nets,BKN,nets,240:00,524.3,104.9,613.9,122.8,-89.6,-17.9,0.684,3.71,17.2,0.328,0.854,0.528,6.796,6.8,0.44,0.475,1.0,0.96,20.4,102.0,85.0,103.0,0.401,L,0
0022300445,1610612764,Washington,Wizards,WAS,wizards,240:00,578.0,115.6,601.9,120.4,-23.9,-4.8,0.761,3.89,22.7,0.179,0.712,0.435,8.257,8.3,0.556,0.587,1.0,0.975,21.7,108.5,90.42,109.0,0.498,L,0
0022300445,1610612737,Atlanta,Hawks,ATL,hawks,240:00,601.9,120.4,578.0,115.6,23.9,4.8,0.574,2.25,18.0,0.288,0.821,0.565,11.111,11.1,0.558,0.584,1.0,0.992,21.7,108.5,90.42,108.0,0.502,W,1
0022300446,1610612740,New Orleans,Pelicans,NOP,pelicans,240:00,645.0,129.0,539.6,107.9,105.4,21.1,0.733,2.54,22.6,0.289,0.826,0.56,13.0,13.0,0.615,0.652,1.0,0.973,20.1,100.5,83.75,100.0,0.556,W,1
0022300446,1610612747,Los Angeles,Lakers,LAL,lakers,240:00,539.6,107.9,645.0,129.0,-105.4,-21.1,0.667,2.0,19.3,0.174,0.711,0.44,12.871,12.9,0.537,0.586,1.0,0.972,20.1,100.5,83.75,101.0,0.444,L,0
0022300450,1610612756,Phoenix,Suns,PHX,suns,240:00,577.3,115.5,551.5,110.3,25.8,5.2,0.477,3.5,16.9,0.152,0.708,0.436,6.186,6.2,0.545,0.581,1.0,0.99,19.4,97.0,80.83,97.0,0.54,W,1
0022300450,1610612753,Orlando,Magic,ORL,magic,240:00,551.5,110.3,577.3,115.5,-25.8,-5.2,0.524,1.47,16.7,0.292,0.848,0.564,15.464,15.5,0.533,0.562,1.0,0.991,19.4,97.0,80.83,97.0,0.46,L,0
0022300448,1610612759,San Antonio,Spurs,SAS,spurs,240:00,485.6,97.1,638.1,127.6,-152.5,-30.5,0.7,1.75,19.6,0.196,0.702,0.427,15.385,15.4,0.489,0.509,1.0,0.957,20.9,104.5,87.08,104.0,0.346,L,0
0022300448,1610612738,Boston,Celtics,BOS,celtics,240:00,638.1,127.6,485.6,97.1,152.5,30.5,0.569,2.64,19.7,0.298,0.804,0.573,10.476,10.5,0.616,0.64,1.0,0.975,20.9,104.5,87.08,105.0,0.654,W,1
0022300440,1610612765,Detroit,Pistons,DET,pistons,240:00,620.2,124.0,616.5,123.3,3.7,0.7,0.707,2.42,20.0,0.273,0.783,0.533,11.538,11.5,0.573,0.648,1.0,0.957,20.7,103.5,86.25,104.0,0.527,W,1
0022300440,1610612761,Toronto,Raptors,TOR,raptors,240:00,616.5,123.3,620.2,124.0,-3.7,-0.7,0.565,3.25,18.8,0.217,0.727,0.467,7.767,7.8,0.571,0.615,1.0,0.991,20.7,103.5,86.25,103.0,0.473,L,0
0022300439,1610612762,Utah,Jazz,UTA,jazz,240:00,562.5,112.5,529.1,105.8,33.4,6.7,0.674,2.9,20.0,0.245,0.766,0.49,9.615,9.6,0.522,0.555,1.0,0.983,20.7,103.5,86.25,104.0,0.53,W,1
0022300439,1610612748,Miami,Heat,MIA,heat,240:00,529.1,105.8,562.5,112.5,-33.4,-6.7,0.588,1.25,15.0,0.234,0.755,0.51,15.534,15.5,0.494,0.57,1.0,1.0,20.7,103.5,86.25,103.0,0.47,L,0
0022300443,1610612750,Minnesota,Timberwolves,MIN,timberwolves,240:00,545.5,109.1,524.8,105.0,20.7,4.1,0.632,1.26,18.3,0.205,0.759,0.527,19.192,19.2,0.579,0.624,1.0,0.981,20.0,100.0,83.33,99.0,0.509,W,1
0022300443,1610612747,Los Angeles,Lakers,LAL,lakers,240:00,524.8,105.0,545.5,109.1,-20.7,-4.1,0.622,2.3,16.8,0.241,0.795,0.473,9.901,9.9,0.46,0.519,1.0,0.956,20.0,100.0,83.33,101.0,0.491,L,0
0022300441,1610612754,Indiana,Pacers,IND,pacers,240:00,686.3,137.3,623.8,124.8,62.5,12.5,0.8,2.5,26.5,0.237,0.6,0.443,15.686,15.7,0.724,0.743,1.0,0.973,20.3,101.5,84.58,102.0,0.58,W,1
0022300441,1610612752,New York,Knicks,NYK,knicks,240:00,623.8,124.8,686.3,137.3,-62.5,-12.5,0.533,1.71,16.7,0.4,0.763,0.557,13.861,13.9,0.563,0.589,1.0,0.992,20.3,101.5,84.58,101.0,0.42,L,0
0022300444,1610612744,Golden State,Warriors,GSW,warriors,240:00,610.0,122.0,653.5,130.7,-43.5,-8.7,0.681,2.91,21.1,0.345,0.8,0.531,11.0,11.0,0.549,0.561,1.0,0.983,20.1,100.5,83.75,100.0,0.446,L,0
0022300444,1610612742,Dallas,Mavericks,DAL,mavericks,240:00,653.5,130.7,610.0,122.0,43.5,8.7,0.51,2.78,18.7,0.2,0.655,0.469,8.911,8.9,0.648,0.676,1.0,0.972,20.1,100.5,83.75,101.0,0.554,W,1
0022300442,1610612741,Chicago,Bulls,CHI,bulls,240:00,570.7,114.1,500.0,100.0,70.7,14.1,0.525,1.24,15.9,0.432,0.724,0.598,18.478,18.5,0.551,0.569,1.0,0.973,18.4,92.0,76.67,92.0,0.58,W,1
0022300442,1610612755,Philadelphia,76ers,PHI,sixers,240:00,500.0,100.0,570.7,114.1,-70.7,-14.1,0.667,3.0,18.2,0.276,0.568,0.402,8.696,8.7,0.44,0.467,1.0,0.972,18.4,92.0,76.67,92.0,0.42,L,0
0022300436,1610612756,Phoenix,Suns,PHX,suns,240:00,715.1,143.0,626.3,125.3,88.7,17.7,0.739,2.27,25.0,0.31,0.771,0.597,16.129,16.1,0.743,0.786,1.0,0.98,18.8,94.0,78.33,93.0,0.586,W,1
0022300436,1610612766,Charlotte,Hornets,CHA,hornets,240:00,626.3,125.3,715.1,143.0,-88.7,-17.7,0.727,5.33,23.2,0.229,0.69,0.403,6.316,6.3,0.603,0.623,1.0,0.962,18.8,94.0,78.33,95.0,0.414,L,0
0022300438,1610612746,LA,Clippers,LAC,clippers,240:00,579.2,115.8,519.6,103.9,59.6,11.9,0.651,1.56,19.4,0.326,0.843,0.598,17.822,17.8,0.557,0.597,1.0,0.991,20.3,101.5,84.58,101.0,0.551,W,1
0022300438,1610612763,Memphis,Grizzlies,MEM,grizzlies,240:00,519.6,103.9,579.2,115.8,-59.6,-11.9,0.763,2.42,20.9,0.157,0.674,0.402,11.765,11.8,0.511,0.553,1.0,0.973,20.3,101.5,84.58,102.0,0.449,L,0
0022300430,1610612764,Washington,Wizards,WAS,wizards,240:00,585.1,117.0,559.1,111.8,26.0,5.2,0.609,4.0,21.4,0.191,0.638,0.438,7.447,7.4,0.588,0.585,1.0,0.971,18.7,93.5,77.92,94.0,0.535,W,1
0022300430,1610612751,Brooklyn,Nets,BKN,nets,240:00,559.1,111.8,585.1,117.0,-26.0,-5.2,0.615,2.4,17.4,0.362,0.809,0.562,10.753,10.8,0.478,0.505,1.0,0.991,18.7,93.5,77.92,93.0,0.465,L,0
0022300437,1610612757,Portland,Trail Blazers,POR,blazers,240:00,650.5,130.1,615.4,123.1,35.1,7.0,0.583,2.0,18.8,0.388,0.625,0.505,13.592,13.6,0.589,0.627,1.0,1.0,20.7,103.5,86.25,103.0,0.508,W,1
0022300437,1610612759,San Antonio,Spurs,SAS,spurs,240:00,615.4,123.1,650.5,130.1,-35.1,-7.0,0.646,2.21,20.4,0.375,0.612,0.495,13.462,13.5,0.585,0.61,1.0,0.983,20.7,103.5,86.25,104.0,0.492,L,0
0022300433,1610612739,Cleveland,Cavaliers,CLE,cavaliers,240:00,544.1,108.8,583.3,116.7,-39.2,-7.8,0.571,3.5,19.6,0.273,0.775,0.484,7.843,7.8,0.505,0.519,1.0,1.0,20.4,102.0,85.0,102.0,0.465,L,0
0022300433,1610612749,Milwaukee,Bucks,MIL,bucks,240:00,583.3,116.7,544.1,108.8,39.2,7.8,0.634,1.53,19.0,0.225,0.727,0.516,16.667,16.7,0.588,0.644,1.0,0.991,20.4,102.0,85.0,102.0,0.535,W,1
0022300432,1610612738,Boston,Celtics,BOS,celtics,240:00,612.2,122.4,602.0,120.4,10.2,2.0,0.674,1.81,20.4,0.34,0.778,0.574,16.327,16.3,0.585,0.62,1.0,0.991,19.6,98.0,81.67,98.0,0.509,W,1
0022300432,1610612761,Toronto,Raptors,TOR,raptors,240:00,602.0,120.4,612.2,122.4,-10.2,-2.0,0.659,5.8,20.9,0.222,0.66,0.426,5.102,5.1,0.553,0.568,1.0,0.973,19.6,98.0,81.67,98.0,0.491,L,0
0022300434,1610612745,Houston,Rockets,HOU,rockets,240:00,648.0,129.6,675.3,135.1,-27.3,-5.5,0.612,1.76,20.1,0.5,0.698,0.598,17.347,17.3,0.615,0.633,1.0,0.975,19.5,97.5,81.25,98.0,0.5,L,0
0022300434,1610612755,Philadelphia,76ers,PHI,sixers,240:00,675.3,135.1,648.0,129.6,27.3,5.5,0.489,2.2,16.7,0.302,0.5,0.402,10.309,10.3,0.593,0.652,1.0,0.991,19.5,97.5,81.25,97.0,0.5,W,1
0022300429,1610612753,Orlando,Magic,ORL,magic,240:00,557.1,111.4,519.2,103.8,37.9,7.6,0.6,1.6,16.2,0.352,0.776,0.553,14.286,14.3,0.489,0.549,1.0,0.976,20.9,104.5,87.08,105.0,0.56,W,1
0022300429,1610612752,New York,Knicks,NYK,knicks,240:00,519.2,103.8,557.1,111.4,-37.9,-7.6,0.579,1.38,16.1,0.224,0.648,0.447,15.385,15.4,0.477,0.547,1.0,0.991,20.9,104.5,87.08,104.0,0.44,L,0
0022300431,1610612737,Atlanta,Hawks,ATL,hawks,240:00,550.0,110.0,585.0,117.0,-35.0,-7.0,0.784,1.93,19.5,0.362,0.809,0.562,15.0,15.0,0.473,0.524,1.0,0.992,20.0,100.0,83.33,100.0,0.463,L,0
0022300431,1610612758,Sacramento,Kings,SAC,kings,240:00,585.0,117.0,550.0,110.0,35.0,7.0,0.761,2.92,24.5,0.191,0.638,0.438,12.0,12.0,0.612,0.612,1.0,0.991,20.0,100.0,83.33,100.0,0.537,W,1
0022300435,1610612743,Denver,Nuggets,DEN,nuggets,240:00,465.0,93.0,595.0,119.0,-130.0,-26.0,0.833,1.76,21.4,0.192,0.717,0.439,17.0,17.0,0.482,0.508,1.0,0.973,20.0,100.0,83.33,100.0,0.375,L,0
0022300435,1610612760,Oklahoma City,Thunder,OKC,thunder,240:00,595.0,119.0,465.0,93.0,130.0,26.0,0.63,2.42,20.4,0.283,0.808,0.561,12.0,12.0,0.571,0.607,1.0,0.973,20.0,100.0,83.33,100.0,0.625,W,1
0022300425,1610612743,Denver,Nuggets,DEN,nuggets,240:00,703.0,140.6,519.8,104.0,183.2,36.6,0.782,3.58,27.0,0.357,0.786,0.602,11.881,11.9,0.677,0.695,1.0,0.974,20.2,101.0,84.17,101.0,0.661,W,1
0022300425,1610612763,Memphis,Grizzlies,MEM,grizzlies,240:00,519.8,104.0,703.0,140.6,-183.2,-36.6,0.622,2.09,16.9,0.214,0.643,0.398,10.891,10.9,0.489,0.525,1.0,0.982,20.2,101.0,84.17,101.0,0.339,L,0
0022300426,1610612744,Golden State,Warriors,GSW,warriors,240:00,531.3,106.3,587.6,117.5,-56.4,-11.3,0.73,2.08,19.6,0.278,0.66,0.462,13.542,13.5,0.466,0.515,1.0,1.0,19.3,96.5,80.42,96.0,0.452,L,0
0022300426,1610612748,Miami,Heat,MIA,heat,240:00,587.6,117.5,531.3,106.3,56.4,11.3,0.591,2.6,18.6,0.34,0.722,0.538,10.309,10.3,0.538,0.566,1.0,0.947,19.3,96.5,80.42,97.0,0.548,W,1
0022300428,1610612747,Los Angeles,Lakers,LAL,lakers,240:00,627.4,125.5,533.3,106.7,94.0,18.8,0.788,3.73,26.3,0.2,0.784,0.51,10.377,10.4,0.613,0.645,1.0,0.974,21.1,105.5,87.92,106.0,0.605,W,1
0022300428,1610612766,Charlotte,Hornets,CHA,hornets,240:00,533.3,106.7,627.4,125.5,-94.0,-18.8,0.725,1.53,20.0,0.216,0.8,0.49,18.095,18.1,0.559,0.575,1.0,0.991,21.1,105.5,87.92,105.0,0.395,L,0
0022300422,1610612741,Chicago,Bulls,CHI,bulls,240:00,520.0,104.0,606.1,121.2,-86.1,-17.2,0.475,2.38,14.1,0.295,0.783,0.505,8.0,8.0,0.448,0.487,1.0,0.983,19.9,99.5,82.92,100.0,0.406,L,0
0022300422,1610612754,Indiana,Pacers,IND,pacers,240:00,606.1,121.2,520.0,104.0,86.1,17.2,0.698,2.14,21.6,0.217,0.705,0.495,14.141,14.1,0.618,0.634,1.0,0.982,19.9,99.5,82.92,99.0,0.594,W,1
0022300423,1610612750,Minnesota,Timberwolves,MIN,timberwolves,240:00,584.2,116.8,544.6,108.9,39.6,7.9,0.605,1.05,16.9,0.293,0.667,0.5,21.782,21.8,0.628,0.663,1.0,0.982,20.2,101.0,84.17,101.0,0.548,W,1
0022300423,1610612742,Dallas,Mavericks,DAL,mavericks,240:00,544.6,108.9,584.2,116.8,-39.6,-7.9,0.725,1.61,19.7,0.333,0.707,0.5,17.822,17.8,0.522,0.559,1.0,0.966,20.2,101.0,84.17,101.0,0.452,L,0
0022300427,1610612757,Portland,Trail Blazers,POR,blazers,240:00,519.8,104.0,590.0,118.0,-70.2,-14.0,0.457,1.23,10.9,0.429,0.783,0.569,12.871,12.9,0.401,0.456,1.0,0.977,20.1,100.5,83.75,101.0,0.343,L,0
0022300427,1610612759,San Antonio,Spurs,SAS,spurs,240:00,590.0,118.0,519.8,104.0,70.2,14.0,0.805,3.0,23.1,0.217,0.571,0.431,11.0,11.0,0.541,0.606,1.0,0.991,20.1,100.5,83.75,100.0,0.657,W,1
0022300424,1610612740,New Orleans,Pelicans,NOP,pelicans,240:00,595.7,119.1,546.9,109.4,48.9,9.8,0.6,1.8,20.8,0.231,0.569,0.422,15.957,16.0,0.61,0.632,1.0,0.99,19.0,95.0,79.17,94.0,0.565,W,1
0022300424,1610612762,Utah,Jazz,UTA,jazz,240:00,546.9,109.4,595.7,119.1,-48.9,-9.8,0.75,1.42,18.6,0.431,0.769,0.578,19.792,19.8,0.494,0.547,1.0,0.966,19.0,95.0,79.17,96.0,0.435,L,0
0022300421,1610612738,Boston,Celtics,BOS,celtics,265:00,592.6,118.5,559.6,111.9,33.0,6.6,0.521,2.08,17.0,0.259,0.571,0.418,11.111,11.1,0.54,0.582,1.0,0.992,19.65,98.26,81.89,108.0,0.533,W,1
0022300421,1610612765,Detroit,Pistons,DET,pistons,265:00,559.6,111.9,592.6,118.5,-33.0,-6.6,0.563,1.42,16.9,0.429,0.741,0.582,17.431,17.4,0.545,0.558,1.0,0.962,19.65,98.26,81.89,109.0,0.467,L,0
0022300418,1610612745,Houston,Rockets,HOU,rockets,240:00,565.0,113.0,638.6,127.7,-73.6,-14.7,0.5,2.0,14.7,0.304,0.658,0.447,10.0,10.0,0.505,0.535,1.0,0.991,20.1,100.5,83.75,100.0,0.383,L,0
0022300418,1610612756,Phoenix,Suns,PHX,suns,240:00,638.6,127.7,565.0,113.0,73.6,14.7,0.596,1.47,19.9,0.342,0.696,0.553,18.812,18.8,0.659,0.69,1.0,0.982,20.1,100.5,83.75,101.0,0.617,W,1
0022300419,1610612760,Oklahoma City,Thunder,OKC,thunder,240:00,638.6,127.7,600.0,120.0,38.6,7.7,0.408,5.0,16.0,0.143,0.659,0.407,3.96,4.0,0.622,0.647,1.0,0.99,20.1,100.5,83.75,101.0,0.543,W,1
0022300419,1610612752,New York,Knicks,NYK,knicks,240:00,600.0,120.0,638.6,127.7,-38.6,-7.7,0.585,1.33,17.4,0.341,0.857,0.593,18.0,18.0,0.585,0.63,1.0,1.0,20.1,100.5,83.75,100.0,0.457,L,0
0022300417,1610612751,Brooklyn,Nets,BKN,nets,240:00,604.0,120.8,712.9,142.6,-108.9,-21.8,0.644,3.22,19.2,0.379,0.775,0.541,8.911,8.9,0.48,0.536,1.0,0.992,20.2,101.0,84.17,101.0,0.409,L,0
0022300417,1610612749,Milwaukee,Bucks,MIL,bucks,240:00,712.9,142.6,604.0,120.8,108.9,21.8,0.788,4.1,27.2,0.225,0.621,0.459,9.901,9.9,0.713,0.726,1.0,0.982,20.2,101.0,84.17,101.0,0.591,W,1
0022300416,1610612764,Washington,Wizards,WAS,wizards,240:00,495.1,99.0,634.6,126.9,-139.5,-27.9,0.595,1.47,17.9,0.235,0.614,0.411,16.505,16.5,0.511,0.528,1.0,0.983,20.7,103.5,86.25,103.0,0.348,L,0
0022300416,1610612761,Toronto,Raptors,TOR,raptors,240:00,634.6,126.9,495.1,99.0,139.5,27.9,0.827,2.15,26.2,0.386,0.765,0.589,19.231,19.2,0.654,0.664,1.0,0.95,20.7,103.5,86.25,104.0,0.652,W,1
0022300415,1610612753,Orlando,Magic,ORL,magic,240:00,474.2,94.8,577.3,115.5,-103.1,-20.6,0.548,1.06,13.7,0.224,0.691,0.471,16.495,16.5,0.449,0.514,1.0,0.981,19.4,97.0,80.83,97.0,0.429,L,0
0022300415,1610612755,Philadelphia,76ers,PHI,sixers,240:00,577.3,115.5,474.2,94.8,103.1,20.6,0.311,1.4,11.0,0.309,0.776,0.529,10.309,10.3,0.521,0.541,1.0,0.982,19.4,97.0,80.83,97.0,0.571,W,1
0022300420,1610612742,Dallas,Mavericks,DAL,mavericks,240:00,555.6,111.1,565.0,113.0,-9.4,-1.9,0.538,2.1,16.3,0.196,0.6,0.406,10.101,10.1,0.5,0.553,1.0,1.0,19.9,99.5,82.92,99.0,0.473,L,0
0022300420,1610612739,Cleveland,Cavaliers,CLE,cavaliers,240:00,565.0,113.0,555.6,111.1,9.4,1.9,0.825,2.06,21.4,0.4,0.804,0.594,16.0,16.0,0.527,0.553,1.0,0.983,19.9,99.5,82.92,100.0,0.527,W,1
0022300407,1610612764,Washington,Wizards,WAS,wizards,240:00,556.1,111.2,593.5,118.7,-37.4,-7.5,0.628,1.35,18.6,0.239,0.725,0.495,18.692,18.7,0.586,0.618,1.0,0.983,21.4,107.0,89.17,107.0,0.479,L,0
0022300407,1610612753,Orlando,Magic,ORL,magic,240:00,593.5,118.7,556.1,111.2,37.4,7.5,0.612,1.88,19.9,0.275,0.761,0.505,14.953,15.0,0.591,0.611,1.0,0.983,21.4,107.0,89.17,107.0,0.521,W,1
0022300408,1610612741,Chicago,Bulls,CHI,bulls,240:00,596.0,119.2,576.5,115.3,19.4,3.9,0.548,2.3,16.1,0.412,0.66,0.535,10.101,10.1,0.495,0.559,1.0,0.958,19.7,98.5,82.08,99.0,0.549,W,1
0022300408,1610612737,Atlanta,Hawks,ATL,hawks,240:00,576.5,115.3,596.0,119.2,-19.4,-3.9,0.585,1.5,17.4,0.34,0.588,0.465,16.327,16.3,0.534,0.575,1.0,0.991,19.7,98.5,82.08,98.0,0.451,L,0
0022300413,1610612757,Portland,Trail Blazers,POR,blazers,240:00,670.1,134.0,588.5,117.7,81.6,16.3,0.571,2.8,19.2,0.423,0.667,0.54,10.309,10.3,0.582,0.609,1.0,0.958,19.3,96.5,80.42,97.0,0.548,W,1
0022300413,1610612758,Sacramento,Kings,SAC,kings,240:00,588.5,117.7,670.1,134.0,-81.6,-16.3,0.556,2.08,18.2,0.333,0.577,0.46,12.5,12.5,0.538,0.565,1.0,0.973,19.3,96.5,80.42,96.0,0.452,L,0
0022300412,1610612759,San Antonio,Spurs,SAS,spurs,240:00,567.3,113.5,631.1,126.2,-63.8,-12.8,0.818,4.0,23.5,0.25,0.653,0.438,8.654,8.7,0.531,0.55,1.0,0.991,20.7,103.5,86.25,104.0,0.463,L,0
0022300412,1610612762,Utah,Jazz,UTA,jazz,240:00,631.1,126.2,567.3,113.5,63.8,12.8,0.723,2.43,22.1,0.347,0.75,0.562,13.592,13.6,0.579,0.621,1.0,0.992,20.7,103.5,86.25,103.0,0.537,W,1
0022300410,1610612740,New Orleans,Pelicans,NOP,pelicans,265:00,513.4,102.7,513.3,102.7,0.1,0.0,0.429,1.2,12.3,0.274,0.759,0.5,13.393,13.4,0.485,0.516,1.0,0.992,20.38,101.89,84.91,112.0,0.432,L,0
0022300410,1610612763,Memphis,Grizzlies,MEM,grizzlies,265:00,513.3,102.7,513.4,102.7,-0.1,0.0,0.615,1.33,16.0,0.241,0.726,0.5,15.929,15.9,0.494,0.557,1.0,0.96,20.38,101.89,84.91,113.0,0.568,W,1
0022300409,1610612745,Houston,Rockets,HOU,rockets,240:00,573.5,114.7,602.9,120.6,-29.4,-5.9,0.404,1.73,13.8,0.327,0.75,0.511,10.784,10.8,0.51,0.548,1.0,0.975,20.4,102.0,85.0,102.0,0.482,L,0
0022300409,1610612754,Indiana,Pacers,IND,pacers,240:00,602.9,120.6,573.5,114.7,29.4,5.9,0.651,1.4,20.0,0.25,0.673,0.489,19.608,19.6,0.64,0.674,1.0,0.982,20.4,102.0,85.0,102.0,0.518,W,1
0022300411,1610612760,Oklahoma City,Thunder,OKC,thunder,240:00,638.6,127.7,530.0,106.0,108.6,21.7,0.714,2.33,25.0,0.121,0.725,0.452,14.851,14.9,0.716,0.733,1.0,0.933,20.1,100.5,83.75,101.0,0.615,W,1
0022300411,1610612750,Minnesota,Timberwolves,MIN,timberwolves,240:00,530.0,106.0,638.6,127.7,-108.6,-21.7,0.647,0.92,16.5,0.275,0.879,0.548,24.0,24.0,0.548,0.609,1.0,0.973,20.1,100.5,83.75,100.0,0.385,L,0
0022300406,1610612765,Detroit,Pistons,DET,pistons,240:00,549.0,109.8,578.4,115.7,-29.4,-5.9,0.5,1.43,14.3,0.333,0.78,0.548,13.725,13.7,0.494,0.538,1.0,0.975,20.4,102.0,85.0,102.0,0.457,L,0
0022300406,1610612751,Brooklyn,Nets,BKN,nets,240:00,578.4,115.7,549.0,109.8,29.4,5.9,0.537,2.44,16.3,0.22,0.667,0.452,8.824,8.8,0.555,0.585,1.0,0.982,20.4,102.0,85.0,102.0,0.543,W,1
0022300414,1610612746,LA,Clippers,LAC,clippers,240:00,570.7,114.1,525.3,105.1,45.5,9.1,0.6,1.85,17.8,0.25,0.725,0.495,13.131,13.1,0.553,0.589,1.0,0.982,19.8,99.0,82.5,99.0,0.527,W,1
0022300414,1610612766,Charlotte,Hornets,CHA,hornets,240:00,525.3,105.1,570.7,114.1,-45.5,-9.1,0.721,2.82,21.5,0.275,0.75,0.505,11.111,11.1,0.495,0.52,1.0,0.982,19.8,99.0,82.5,99.0,0.473,L,0
0022300402,1610612743,Denver,Nuggets,DEN,nuggets,240:00,594.1,118.8,570.0,114.0,24.1,4.8,0.625,1.79,18.0,0.289,0.75,0.527,13.861,13.9,0.573,0.624,1.0,0.974,20.1,100.5,83.75,101.0,0.544,W,1
0022300402,1610612744,Golden State,Warriors,GSW,warriors,240:00,570.0,114.0,594.1,118.8,-24.1,-4.8,0.575,1.77,17.0,0.25,0.711,0.473,13.0,13.0,0.54,0.587,1.0,0.991,20.1,100.5,83.75,100.0,0.456,L,0
0022300403,1610612747,Los Angeles,Lakers,LAL,lakers,240:00,586.7,117.3,642.9,128.6,-56.1,-11.2,0.558,2.0,17.5,0.306,0.72,0.515,12.245,12.2,0.55,0.579,1.0,0.982,19.6,98.0,81.67,98.0,0.427,L,0
0022300403,1610612738,Boston,Celtics,BOS,celtics,240:00,642.9,128.6,586.7,117.3,56.1,11.2,0.674,3.88,21.7,0.28,0.694,0.485,8.163,8.2,0.577,0.61,1.0,0.982,19.6,98.0,81.67,98.0,0.573,W,1
0022300405,1610612756,Phoenix,Suns,PHX,suns,240:00,558.8,111.8,633.7,126.7,-74.8,-15.0,0.7,1.75,18.9,0.373,0.791,0.564,15.686,15.7,0.522,0.564,1.0,0.975,20.3,101.5,84.58,102.0,0.44,L,0
0022300405,1610612742,Dallas,Mavericks,DAL,mavericks,240:00,633.7,126.7,558.8,111.8,74.8,15.0,0.622,2.55,20.3,0.209,0.627,0.436,10.891,10.9,0.631,0.658,1.0,0.991,20.3,101.5,84.58,101.0,0.56,W,1
0022300404,1610612748,Miami,Heat,MIA,heat,240:00,589.1,117.8,559.4,111.9,29.7,5.9,0.675,1.93,18.9,0.326,0.754,0.563,13.861,13.9,0.548,0.599,1.0,0.983,20.2,101.0,84.17,101.0,0.575,W,1
0022300404,1610612755,Philadelphia,76ers,PHI,sixers,240:00,559.4,111.9,589.1,117.8,-29.7,-5.9,0.575,2.88,16.7,0.246,0.674,0.437,7.921,7.9,0.516,0.538,1.0,0.974,20.2,101.0,84.17,101.0,0.425,L,0
0022300401,1610612752,New York,Knicks,NYK,knicks,240:00,645.0,129.0,610.0,122.0,35.0,7.0,0.54,2.25,19.0,0.348,0.642,0.505,12.0,12.0,0.587,0.624,1.0,0.983,20.0,100.0,83.33,100.0,0.548,W,1
0022300401,1610612749,Milwaukee,Bucks,MIL,bucks,240:00,610.0,122.0,645.0,129.0,-35.0,-7.0,0.578,2.36,17.9,0.358,0.652,0.495,11.0,11.0,0.542,0.578,1.0,0.983,20.0,100.0,83.33,100.0,0.452,L,0
0022300392,1610612740,New Orleans,Pelicans,NOP,pelicans,240:00,553.2,110.6,552.1,110.4,1.1,0.2,0.553,1.31,15.9,0.347,0.667,0.51,17.021,17.0,0.512,0.549,1.0,1.0,19.0,95.0,79.17,94.0,0.496,L,0
0022300392,1610612745,Houston,Rockets,HOU,rockets,240:00,552.1,110.4,553.2,110.6,-1.1,-0.2,0.6,1.75,15.8,0.333,0.653,0.49,12.5,12.5,0.482,0.544,1.0,0.964,19.0,95.0,79.17,96.0,0.504,W,1
0022300389,1610612746,LA,Clippers,LAC,clippers,240:00,556.7,111.3,732.3,146.5,-175.6,-35.1,0.61,2.27,18.8,0.229,0.596,0.411,11.34,11.3,0.522,0.565,1.0,0.972,19.6,98.0,81.67,97.0,0.366,L,0
0022300389,1610612738,Boston,Celtics,BOS,celtics,240:00,732.3,146.5,556.7,111.3,175.6,35.1,0.673,3.3,21.9,0.404,0.771,0.589,10.101,10.1,0.654,0.682,1.0,0.966,19.6,98.0,81.67,99.0,0.634,W,1
0022300394,1610612751,Brooklyn,Nets,BKN,nets,240:00,630.0,126.0,575.0,115.0,55.0,11.0,0.711,2.67,22.2,0.302,0.814,0.558,12.0,12.0,0.581,0.629,1.0,0.973,20.0,100.0,83.33,100.0,0.566,W,1
0022300394,1610612765,Detroit,Pistons,DET,pistons,240:00,575.0,115.0,630.0,126.0,-55.0,-11.0,0.667,1.86,19.4,0.186,0.698,0.442,14.0,14.0,0.589,0.627,1.0,0.963,20.0,100.0,83.33,100.0,0.434,L,0
0022300399,1610612744,Golden State,Warriors,GSW,warriors,240:00,636.4,127.3,540.8,108.2,95.5,19.1,0.792,2.11,25.2,0.368,0.796,0.609,18.182,18.2,0.639,0.673,1.0,0.956,19.7,98.5,82.08,99.0,0.626,W,1
0022300399,1610612757,Portland,Trail Blazers,POR,blazers,240:00,540.8,108.2,636.4,127.3,-95.5,-19.1,0.684,2.17,19.4,0.204,0.632,0.391,12.245,12.2,0.53,0.558,1.0,0.981,19.7,98.5,82.08,98.0,0.374,L,0
0022300397,1610612760,Oklahoma City,Thunder,OKC,thunder,240:00,612.2,122.4,645.0,129.0,-32.8,-6.6,0.522,2.67,17.6,0.275,0.711,0.479,9.184,9.2,0.553,0.58,1.0,1.0,19.8,99.0,82.5,98.0,0.429,L,0
0022300397,1610612747,Los Angeles,Lakers,LAL,lakers,240:00,645.0,129.0,612.2,122.4,32.8,6.6,0.787,4.11,24.7,0.289,0.725,0.521,9.0,9.0,0.611,0.644,1.0,0.965,19.8,99.0,82.5,100.0,0.571,W,1
0022300391,1610612754,Indiana,Pacers,IND,pacers,240:00,572.9,114.6,622.3,124.5,-49.4,-9.9,0.628,1.8,20.5,0.22,0.718,0.463,15.625,15.6,0.616,0.627,1.0,0.962,19.0,95.0,79.17,96.0,0.447,L,0
0022300391,1610612753,Orlando,Magic,ORL,magic,240:00,622.3,124.5,572.9,114.6,49.4,9.9,0.564,1.47,17.3,0.282,0.78,0.538,15.957,16.0,0.575,0.643,1.0,0.981,19.0,95.0,79.17,94.0,0.553,W,1
0022300396,1610612741,Chicago,Bulls,CHI,bulls,240:00,505.3,101.1,592.4,118.5,-87.1,-17.4,0.657,1.92,18.4,0.178,0.604,0.408,12.766,12.8,0.488,0.538,1.0,0.971,18.6,93.0,77.5,94.0,0.441,L,0
0022300396,1610612739,Cleveland,Cavaliers,CLE,cavaliers,240:00,592.4,118.5,505.3,101.1,87.1,17.4,0.718,2.15,19.9,0.396,0.822,0.592,14.13,14.1,0.511,0.548,1.0,0.982,18.6,93.0,77.5,92.0,0.559,W,1
0022300390,1610612766,Charlotte,Hornets,CHA,hornets,240:00,489.7,97.9,520.4,104.1,-30.7,-6.1,0.676,1.28,16.4,0.351,0.654,0.495,18.557,18.6,0.432,0.484,1.0,0.983,19.5,97.5,81.25,97.0,0.459,L,0
0022300390,1610612743,Denver,Nuggets,DEN,nuggets,240:00,520.4,104.1,489.7,97.9,30.7,6.1,0.641,1.47,17.9,0.346,0.649,0.505,17.347,17.3,0.5,0.53,1.0,0.957,19.5,97.5,81.25,98.0,0.541,W,1
0022300400,1610612758,Sacramento,Kings,SAC,kings,240:00,510.4,102.1,567.0,113.4,-56.6,-11.3,0.622,2.09,18.0,0.176,0.8,0.469,11.458,11.5,0.482,0.52,1.0,0.99,19.3,96.5,80.42,96.0,0.418,L,0
0022300400,1610612750,Minnesota,Timberwolves,MIN,timberwolves,240:00,567.0,113.4,510.4,102.1,56.6,11.3,0.705,2.58,22.6,0.2,0.824,0.531,12.371,12.4,0.563,0.59,1.0,0.972,19.3,96.5,80.42,97.0,0.582,W,1
0022300395,1610612761,Toronto,Raptors,TOR,raptors,240:00,607.1,121.4,636.4,127.3,-29.2,-5.8,0.778,3.18,23.5,0.314,0.698,0.489,11.224,11.2,0.548,0.581,1.0,0.991,19.7,98.5,82.08,98.0,0.464,L,0
0022300395,1610612762,Utah,Jazz,UTA,jazz,240:00,636.4,127.3,607.1,121.4,29.2,5.8,0.729,2.92,23.8,0.302,0.686,0.511,12.121,12.1,0.621,0.648,1.0,0.964,19.7,98.5,82.08,99.0,0.536,W,1
0022300388,1610612752,New York,Knicks,NYK,knicks,240:00,538.8,107.8,631.1,126.2,-92.2,-18.4,0.415,1.55,13.0,0.212,0.711,0.443,10.68,10.7,0.489,0.543,1.0,0.991,20.6,103.0,85.83,103.0,0.404,L,0
0022300388,1610612749,Milwaukee,Bucks,MIL,bucks,240:00,631.1,126.2,538.8,107.8,92.2,18.4,0.521,1.79,17.7,0.289,0.788,0.557,13.592,13.6,0.615,0.643,1.0,0.983,20.6,103.0,85.83,103.0,0.596,W,1
0022300398,1610612742,Dallas,Mavericks,DAL,mavericks,240:00,660.6,132.1,540.9,108.2,119.6,23.9,0.5,2.0,17.6,0.28,0.789,0.551,11.927,11.9,0.635,0.659,1.0,0.992,21.9,109.5,91.25,109.0,0.561,W,1
0022300398,1610612759,San Antonio,Spurs,SAS,spurs,240:00,540.9,108.2,660.6,132.1,-119.6,-23.9,0.727,3.2,20.9,0.211,0.72,0.449,9.091,9.1,0.52,0.548,1.0,0.983,21.9,109.5,91.25,110.0,0.439,L,0
0022300393,1610612737,Atlanta,Hawks,ATL,hawks,240:00,595.0,119.0,625.0,125.0,-30.0,-6.0,0.622,2.55,19.3,0.315,0.612,0.456,11.0,11.0,0.536,0.568,1.0,0.974,20.0,100.0,83.33,100.0,0.456,L,0
0022300393,1610612763,Memphis,Grizzlies,MEM,grizzlies,240:00,625.0,125.0,595.0,119.0,30.0,6.0,0.58,2.42,19.6,0.388,0.685,0.544,12.0,12.0,0.572,0.586,1.0,0.975,20.0,100.0,83.33,100.0,0.544,W,1
0022300383,1610612751,Brooklyn,Nets,BKN,nets,240:00,629.0,125.8,642.1,128.4,-13.1,-2.6,0.744,2.91,22.5,0.346,0.717,0.52,11.828,11.8,0.556,0.582,1.0,0.991,18.8,94.0,78.33,93.0,0.459,L,0
0022300383,1610612743,Denver,Nuggets,DEN,nuggets,240:00,642.1,128.4,629.0,125.8,13.1,2.6,0.644,4.83,21.3,0.283,0.654,0.48,6.316,6.3,0.58,0.622,1.0,0.963,18.8,94.0,78.33,95.0,0.541,W,1
0022300387,1610612758,Sacramento,Kings,SAC,kings,240:00,612.2,122.4,530.3,106.1,81.9,16.4,0.727,2.29,23.0,0.238,0.623,0.453,14.286,14.3,0.602,0.635,1.0,0.981,19.7,98.5,82.08,98.0,0.578,W,1
0022300387,1610612756,Phoenix,Suns,PHX,suns,240:00,530.3,106.1,612.2,122.4,-81.9,-16.4,0.487,1.27,13.8,0.377,0.762,0.547,15.152,15.2,0.472,0.523,1.0,0.975,19.7,98.5,82.08,99.0,0.422,L,0
0022300384,1610612748,Miami,Heat,MIA,heat,240:00,610.0,122.0,559.4,111.9,50.6,10.1,0.525,1.24,15.3,0.327,0.696,0.524,17.0,17.0,0.564,0.615,1.0,0.991,20.1,100.5,83.75,100.0,0.532,W,1
0022300384,1610612737,Atlanta,Hawks,ATL,hawks,240:00,559.4,111.9,610.0,122.0,-50.6,-10.1,0.69,2.07,19.7,0.304,0.673,0.476,13.861,13.9,0.536,0.553,1.0,0.975,20.1,100.5,83.75,101.0,0.468,L,0
0022300385,1610612745,Houston,Rockets,HOU,rockets,240:00,564.8,113.0,440.4,88.1,124.4,24.9,0.457,1.24,14.7,0.288,0.743,0.549,15.741,15.7,0.542,0.58,1.0,0.992,21.7,108.5,90.42,108.0,0.651,W,1
0022300385,1610612742,Dallas,Mavericks,DAL,mavericks,240:00,440.4,88.1,564.8,113.0,-124.4,-24.9,0.514,1.5,12.4,0.257,0.712,0.451,11.009,11.0,0.381,0.427,1.0,0.969,21.7,108.5,90.42,109.0,0.349,L,0
0022300386,1610612744,Golden State,Warriors,GSW,warriors,240:00,620.2,124.0,578.4,115.7,41.8,8.4,0.702,2.75,21.4,0.333,0.789,0.574,11.538,11.5,0.577,0.61,1.0,0.967,20.6,103.0,85.83,104.0,0.568,W,1
0022300386,1610612764,Washington,Wizards,WAS,wizards,240:00,578.4,115.7,620.2,124.0,-41.8,-8.4,0.568,2.78,18.0,0.211,0.667,0.426,8.824,8.8,0.51,0.549,1.0,1.0,20.6,103.0,85.83,102.0,0.432,L,0
0022300382,1610612755,Philadelphia,76ers,PHI,sixers,240:00,605.0,121.0,549.5,109.9,55.5,11.1,0.773,2.43,24.3,0.146,0.714,0.456,14.0,14.0,0.614,0.656,1.0,0.981,20.1,100.5,83.75,100.0,0.523,W,1
0022300382,1610612761,Toronto,Raptors,TOR,raptors,240:00,549.5,109.9,605.0,121.0,-55.5,-11.1,0.769,2.5,20.8,0.286,0.854,0.544,11.881,11.9,0.5,0.559,1.0,0.982,20.1,100.5,83.75,101.0,0.477,L,0
0022300381,1610612757,Portland,Trail Blazers,POR,blazers,240:00,585.0,117.0,596.0,119.2,-11.0,-2.2,0.558,1.5,16.6,0.418,0.75,0.573,16.0,16.0,0.526,0.557,1.0,0.983,19.9,99.5,82.92,100.0,0.456,L,0
0022300381,1610612764,Washington,Wizards,WAS,wizards,240:00,596.0,119.2,585.0,117.0,11.0,2.2,0.619,2.17,19.1,0.25,0.582,0.427,12.121,12.1,0.571,0.602,1.0,0.991,19.9,99.5,82.92,99.0,0.544,W,1
0022300378,1610612749,Milwaukee,Bucks,MIL,bucks,240:00,567.3,113.5,553.4,110.7,13.9,2.8,0.684,2.0,17.9,0.321,0.75,0.541,12.5,12.5,0.483,0.56,1.0,0.992,20.7,103.5,86.25,104.0,0.517,W,1
0022300378,1610612753,Orlando,Magic,ORL,magic,240:00,553.4,110.7,567.3,113.5,-13.9,-2.8,0.578,3.71,18.2,0.25,0.679,0.459,6.796,6.8,0.495,0.522,1.0,0.991,20.7,103.5,86.25,103.0,0.483,L,0
0022300375,1610612739,Cleveland,Cavaliers,CLE,cavaliers,240:00,565.2,113.0,654.3,130.9,-89.0,-17.8,0.829,2.83,25.0,0.213,0.732,0.455,13.043,13.0,0.569,0.574,1.0,0.99,18.6,93.0,77.5,92.0,0.428,L,0
0022300375,1610612740,New Orleans,Pelicans,NOP,pelicans,240:00,654.3,130.9,565.2,113.0,89.0,17.8,0.681,3.56,23.9,0.268,0.787,0.545,9.574,9.6,0.634,0.661,1.0,0.99,18.6,93.0,77.5,94.0,0.572,W,1
0022300376,1610612741,Chicago,Bulls,CHI,bulls,240:00,581.6,116.3,479.8,96.0,101.8,20.4,0.49,2.0,18.3,0.238,0.783,0.523,12.245,12.2,0.583,0.601,1.0,0.991,19.7,98.5,82.08,98.0,0.566,W,1
0022300376,1610612759,San Antonio,Spurs,SAS,spurs,240:00,479.8,96.0,581.6,116.3,-101.8,-20.4,0.649,1.26,18.0,0.217,0.762,0.477,19.192,19.2,0.519,0.54,1.0,0.972,19.7,98.5,82.08,99.0,0.434,L,0
0022300379,1610612760,Oklahoma City,Thunder,OKC,thunder,240:00,670.0,134.0,563.7,112.7,106.3,21.3,0.686,2.92,24.6,0.184,0.694,0.471,12.0,12.0,0.678,0.706,1.0,0.991,20.2,101.0,84.17,100.0,0.611,W,1
0022300379,1610612746,LA,Clippers,LAC,clippers,240:00,563.7,112.7,670.0,134.0,-106.3,-21.3,0.523,1.44,16.4,0.306,0.816,0.529,15.686,15.7,0.565,0.585,1.0,0.957,20.2,101.0,84.17,102.0,0.389,L,0
0022300380,1610612750,Minnesota,Timberwolves,MIN,timberwolves,240:00,578.4,115.7,544.1,108.8,34.3,6.9,0.762,2.29,21.8,0.277,0.767,0.511,13.725,13.7,0.563,0.602,1.0,0.974,20.4,102.0,85.0,102.0,0.563,W,1
0022300380,1610612747,Los Angeles,Lakers,LAL,lakers,240:00,544.1,108.8,578.4,115.7,-34.3,-6.9,0.512,1.17,15.8,0.233,0.723,0.489,17.647,17.6,0.554,0.593,1.0,0.973,20.4,102.0,85.0,102.0,0.437,L,0
0022300377,1610612763,Memphis,Grizzlies,MEM,grizzlies,240:00,591.8,118.4,520.2,104.0,71.6,14.3,0.628,1.35,19.3,0.341,0.692,0.531,20.408,20.4,0.607,0.622,1.0,0.973,19.7,98.5,82.08,98.0,0.553,W,1
0022300377,1610612754,Indiana,Pacers,IND,pacers,240:00,520.2,104.0,591.8,118.4,-71.6,-14.3,0.737,1.65,19.7,0.308,0.659,0.469,17.172,17.2,0.522,0.543,1.0,0.974,19.7,98.5,82.08,99.0,0.447,L,0
0022300374,1610612765,Detroit,Pistons,DET,pistons,240:00,549.5,109.9,583.3,116.7,-33.8,-6.8,0.558,1.14,17.3,0.311,0.654,0.495,20.792,20.8,0.552,0.588,1.0,0.983,20.3,101.5,84.58,101.0,0.449,L,0
0022300374,1610612762,Utah,Jazz,UTA,jazz,240:00,583.3,116.7,549.5,109.9,33.8,6.8,0.605,2.0,17.8,0.346,0.689,0.505,12.745,12.7,0.516,0.569,1.0,0.967,20.3,101.5,84.58,102.0,0.551,W,1
0022300366,1610612753,Orlando,Magic,ORL,magic,240:00,552.1,110.4,611.7,122.3,-59.6,-11.9,0.707,2.42,20.4,0.36,0.756,0.547,12.5,12.5,0.511,0.544,1.0,0.965,19.0,95.0,79.17,96.0,0.483,L,0
0022300366,1610612748,Miami,Heat,MIA,heat,240:00,611.7,122.3,552.1,110.4,59.6,11.9,0.625,2.27,19.2,0.244,0.64,0.453,11.702,11.7,0.572,0.615,1.0,1.0,19.0,95.0,79.17,94.0,0.517,W,1
0022300372,1610612742,Dallas,Mavericks,DAL,mavericks,240:00,590.4,118.1,631.6,126.3,-41.2,-8.2,0.59,2.88,17.2,0.315,0.743,0.483,8.511,8.5,0.505,0.539,1.0,0.973,18.9,94.5,78.75,94.0,0.411,L,0
0022300372,1610612746,LA,Clippers,LAC,clippers,240:00,631.6,126.3,590.4,118.1,41.2,8.2,0.628,1.93,20.6,0.257,0.685,0.517,14.737,14.7,0.63,0.682,1.0,0.952,18.9,94.5,78.75,95.0,0.589,W,1
0022300364,1610612739,Cleveland,Cavaliers,CLE,cavaliers,240:00,632.7,126.5,585.9,117.2,46.8,9.4,0.756,2.83,22.7,0.346,0.75,0.522,12.245,12.2,0.589,0.602,1.0,0.991,19.7,98.5,82.08,98.0,0.527,W,1
0022300364,1610612762,Utah,Jazz,UTA,jazz,240:00,585.9,117.2,632.7,126.5,-46.8,-9.4,0.6,1.5,18.2,0.25,0.654,0.478,16.162,16.2,0.596,0.642,1.0,0.981,19.7,98.5,82.08,99.0,0.473,L,0
0022300371,1610612745,Houston,Rockets,HOU,rockets,240:00,641.4,128.3,676.8,135.4,-35.4,-7.1,0.568,2.78,18.7,0.244,0.638,0.446,9.091,9.1,0.584,0.641,1.0,0.982,19.8,99.0,82.5,99.0,0.47,L,0
0022300371,1610612737,Atlanta,Hawks,ATL,hawks,240:00,676.8,135.4,641.4,128.3,35.4,7.1,0.66,2.58,21.2,0.362,0.756,0.554,12.121,12.1,0.61,0.648,1.0,0.965,19.8,99.0,82.5,99.0,0.53,W,1
0022300369,1610612761,Toronto,Raptors,TOR,raptors,240:00,553.2,110.6,588.5,117.7,-35.4,-7.1,0.605,2.36,19.7,0.245,0.64,0.444,11.702,11.7,0.528,0.543,1.0,1.0,19.0,95.0,79.17,94.0,0.45,L,0
0022300369,1610612743,Denver,Nuggets,DEN,nuggets,240:00,588.5,117.7,553.2,110.6,35.4,7.1,0.592,3.22,20.4,0.36,0.755,0.556,9.375,9.4,0.561,0.559,1.0,0.965,19.0,95.0,79.17,96.0,0.55,W,1
0022300373,1610612758,Sacramento,Kings,SAC,kings,240:00,619.8,124.0,757.9,151.6,-138.1,-27.6,0.674,4.14,20.7,0.302,0.651,0.458,7.292,7.3,0.588,0.588,1.0,0.982,19.1,95.5,79.58,96.0,0.396,L,0
0022300373,1610612738,Boston,Celtics,BOS,celtics,240:00,757.9,151.6,619.8,124.0,138.1,27.6,0.686,3.89,24.1,0.349,0.698,0.542,9.474,9.5,0.674,0.702,1.0,1.0,19.1,95.5,79.58,95.0,0.604,W,1
0022300370,1610612741,Chicago,Bulls,CHI,bulls,240:00,601.9,120.4,524.3,104.9,77.7,15.5,0.521,1.56,18.4,0.2,0.788,0.533,15.534,15.5,0.648,0.668,1.0,0.973,20.6,103.0,85.83,103.0,0.564,W,1
0022300370,1610612747,Los Angeles,Lakers,LAL,lakers,240:00,524.3,104.9,601.9,120.4,-77.7,-15.5,0.643,1.93,19.3,0.212,0.8,0.467,13.592,13.6,0.511,0.537,1.0,0.982,20.6,103.0,85.83,103.0,0.436,L,0
0022300367,1610612755,Philadelphia,76ers,PHI,sixers,240:00,628.7,125.7,565.0,113.0,63.7,12.7,0.444,1.67,15.2,0.268,0.762,0.518,11.881,11.9,0.583,0.647,1.0,0.964,20.1,100.5,83.75,101.0,0.554,W,1
0022300367,1610612750,Minnesota,Timberwolves,MIN,timberwolves,240:00,565.0,113.0,628.7,125.7,-63.7,-12.7,0.524,1.16,16.7,0.238,0.732,0.482,19.0,19.0,0.567,0.61,1.0,0.982,20.1,100.5,83.75,100.0,0.446,L,0
0022300368,1610612751,Brooklyn,Nets,BKN,nets,240:00,510.0,102.0,605.0,121.0,-95.0,-19.0,0.676,2.27,17.1,0.313,0.648,0.463,11.0,11.0,0.441,0.47,1.0,0.983,20.0,100.0,83.33,100.0,0.392,L,0
0022300368,1610612752,New York,Knicks,NYK,knicks,240:00,605.0,121.0,510.0,102.0,95.0,19.0,0.545,2.18,16.8,0.352,0.687,0.537,11.0,11.0,0.532,0.571,1.0,0.983,20.0,100.0,83.33,100.0,0.608,W,1
0022300365,1610612754,Indiana,Pacers,IND,pacers,240:00,727.3,145.5,576.5,115.3,150.7,30.1,0.755,2.85,25.3,0.303,0.635,0.506,13.131,13.1,0.725,0.773,1.0,0.963,19.7,98.5,82.08,99.0,0.646,W,1
0022300365,1610612766,Charlotte,Hornets,CHA,hornets,240:00,576.5,115.3,727.3,145.5,-150.7,-30.1,0.511,1.92,16.4,0.365,0.697,0.494,12.245,12.2,0.516,0.547,1.0,0.966,19.7,98.5,82.08,98.0,0.354,L,0
0022300361,1610612749,Milwaukee,Bucks,MIL,bucks,240:00,600.0,120.0,540.9,108.2,59.1,11.8,0.68,4.86,21.8,0.203,0.75,0.459,6.364,6.4,0.557,0.579,1.0,0.975,22.0,110.0,91.67,110.0,0.551,W,1
0022300361,1610612759,San Antonio,Spurs,SAS,spurs,240:00,540.9,108.2,600.0,120.0,-59.1,-11.8,0.587,1.69,18.0,0.25,0.797,0.541,14.545,14.5,0.526,0.565,1.0,0.984,22.0,110.0,91.67,110.0,0.449,L,0
0022300363,1610612757,Portland,Trail Blazers,POR,blazers,240:00,534.3,106.9,514.9,103.0,19.5,3.9,0.59,1.35,16.7,0.271,0.667,0.48,16.667,16.7,0.529,0.572,1.0,0.957,20.3,101.5,84.58,102.0,0.505,W,1
0022300363,1610612756,Phoenix,Suns,PHX,suns,240:00,514.9,103.0,534.3,106.9,-19.5,-3.9,0.548,1.53,16.2,0.333,0.729,0.52,14.851,14.9,0.473,0.504,1.0,0.975,20.3,101.5,84.58,101.0,0.495,L,0
0022300360,1610612740,New Orleans,Pelicans,NOP,pelicans,240:00,588.5,117.7,592.8,118.6,-4.2,-0.8,0.575,2.09,17.6,0.261,0.622,0.44,11.458,11.5,0.535,0.591,1.0,0.991,19.3,96.5,80.42,96.0,0.5,L,0
0022300360,1610612763,Memphis,Grizzlies,MEM,grizzlies,240:00,592.8,118.6,588.5,117.7,4.2,0.8,0.463,1.06,14.3,0.378,0.739,0.56,18.557,18.6,0.561,0.607,1.0,0.982,19.3,96.5,80.42,97.0,0.5,W,1
0022300362,1610612744,Golden State,Warriors,GSW,warriors,265:00,611.1,122.2,588.8,117.8,22.3,4.5,0.58,2.9,18.5,0.333,0.662,0.508,9.259,9.3,0.55,0.573,1.0,0.977,19.47,97.36,81.13,108.0,0.526,W,1
0022300362,1610612738,Boston,Celtics,BOS,celtics,265:00,588.8,117.8,611.1,122.2,-22.3,-4.5,0.596,3.5,17.7,0.338,0.667,0.492,7.477,7.5,0.487,0.519,1.0,0.985,19.47,97.36,81.13,107.0,0.474,L,0
0022300353,1610612748,Miami,Heat,MIA,heat,240:00,551.0,110.2,577.3,115.5,-26.3,-5.3,0.659,1.8,19.4,0.292,0.727,0.5,15.306,15.3,0.534,0.569,1.0,0.973,19.5,97.5,81.25,98.0,0.467,L,0
0022300353,1610612750,Minnesota,Timberwolves,MIN,timberwolves,240:00,577.3,115.5,551.0,110.2,26.3,5.3,0.643,1.93,19.9,0.273,0.708,0.5,14.433,14.4,0.559,0.6,1.0,0.982,19.5,97.5,81.25,97.0,0.533,W,1
0022300354,1610612761,Toronto,Raptors,TOR,raptors,240:00,593.8,118.8,505.1,101.0,88.6,17.7,0.682,1.58,21.0,0.386,0.72,0.564,19.792,19.8,0.558,0.596,1.0,0.982,19.4,97.0,80.83,96.0,0.594,W,1
0022300354,1610612766,Charlotte,Hornets,CHA,hornets,240:00,505.1,101.0,593.8,118.8,-88.6,-17.7,0.462,1.38,13.8,0.28,0.614,0.436,13.265,13.3,0.483,0.523,1.0,0.955,19.4,97.0,80.83,98.0,0.406,L,0
0022300356,1610612743,Denver,Nuggets,DEN,nuggets,240:00,677.1,135.4,530.6,106.1,146.5,29.3,0.592,3.22,21.5,0.25,0.69,0.51,9.375,9.4,0.644,0.672,1.0,0.991,19.4,97.0,80.83,96.0,0.671,W,1
0022300356,1610612742,Dallas,Mavericks,DAL,mavericks,240:00,530.6,106.1,677.1,135.4,-146.5,-29.3,0.463,1.73,14.1,0.31,0.75,0.49,11.224,11.2,0.516,0.518,1.0,0.966,19.4,97.0,80.83,98.0,0.329,L,0
0022300352,1610612737,Atlanta,Hawks,ATL,hawks,240:00,631.1,126.2,601.9,120.4,29.1,5.8,0.543,1.39,17.7,0.317,0.66,0.505,17.476,17.5,0.635,0.671,1.0,0.974,20.6,103.0,85.83,103.0,0.553,W,1
0022300352,1610612765,Detroit,Pistons,DET,pistons,240:00,601.9,120.4,631.1,126.2,-29.1,-5.8,0.479,1.77,16.1,0.34,0.683,0.495,12.621,12.6,0.559,0.586,1.0,0.975,20.6,103.0,85.83,103.0,0.447,L,0
0022300351,1610612755,Philadelphia,76ers,PHI,sixers,240:00,541.7,108.3,568.4,113.7,-26.8,-5.4,0.605,1.92,17.0,0.314,0.75,0.525,12.5,12.5,0.494,0.54,1.0,0.973,19.1,95.5,79.58,96.0,0.474,L,0
0022300351,1610612741,Chicago,Bulls,CHI,bulls,240:00,568.4,113.7,541.7,108.3,26.8,5.4,0.571,2.4,18.3,0.25,0.686,0.475,10.526,10.5,0.539,0.565,1.0,0.991,19.1,95.5,79.58,95.0,0.526,W,1
0022300358,1610612758,Sacramento,Kings,SAC,kings,240:00,674.5,134.9,623.8,124.8,50.7,10.1,0.66,5.0,22.7,0.286,0.857,0.549,6.604,6.6,0.615,0.642,1.0,0.983,21.1,105.5,87.92,106.0,0.541,W,1
0022300358,1610612764,Washington,Wizards,WAS,wizards,240:00,623.8,124.8,674.5,134.9,-50.7,-10.1,0.591,2.17,19.0,0.143,0.714,0.451,11.429,11.4,0.624,0.667,1.0,0.982,21.1,105.5,87.92,105.0,0.459,L,0
0022300359,1610612747,Los Angeles,Lakers,LAL,lakers,240:00,534.3,106.9,558.8,111.8,-24.5,-4.9,0.69,2.9,20.3,0.211,0.75,0.457,9.804,9.8,0.49,0.52,1.0,0.991,20.4,102.0,85.0,102.0,0.48,L,0
0022300359,1610612752,New York,Knicks,NYK,knicks,240:00,558.8,111.8,534.3,106.9,24.5,4.9,0.5,1.31,15.6,0.25,0.789,0.543,15.686,15.7,0.534,0.581,1.0,0.982,20.4,102.0,85.0,102.0,0.52,W,1
0022300355,1610612760,Oklahoma City,Thunder,OKC,thunder,240:00,547.2,109.4,457.5,91.5,89.6,17.9,0.738,2.58,20.9,0.212,0.786,0.509,11.321,11.3,0.516,0.568,1.0,0.983,21.2,106.0,88.33,106.0,0.642,W,1
0022300355,1610612763,Memphis,Grizzlies,MEM,grizzlies,240:00,457.5,91.5,547.2,109.4,-89.6,-17.9,0.833,1.14,17.6,0.214,0.788,0.491,20.755,20.8,0.465,0.515,1.0,0.991,21.2,106.0,88.33,106.0,0.358,L,0
0022300357,1610612762,Utah,Jazz,UTA,jazz,240:00,625.0,125.0,545.5,109.1,79.5,15.9,0.667,2.14,20.1,0.396,0.732,0.577,14.0,14.0,0.571,0.615,1.0,0.975,19.9,99.5,82.92,100.0,0.602,W,1
0022300357,1610612751,Brooklyn,Nets,BKN,nets,240:00,545.5,109.1,625.0,125.0,-79.5,-15.9,0.641,1.79,18.0,0.268,0.604,0.423,14.141,14.1,0.522,0.547,1.0,0.974,19.9,99.5,82.92,99.0,0.398,L,0
0022300350,1610612754,Indiana,Pacers,IND,pacers,240:00,616.5,123.3,726.0,145.2,-109.5,-21.9,0.776,3.45,24.7,0.277,0.581,0.422,10.68,10.7,0.579,0.609,1.0,0.991,20.7,103.5,86.25,103.0,0.447,L,0
0022300350,1610612746,LA,Clippers,LAC,clippers,240:00,726.0,145.2,616.5,123.3,109.5,21.9,0.464,2.36,17.6,0.419,0.723,0.578,10.577,10.6,0.668,0.698,1.0,0.975,20.7,103.5,86.25,104.0,0.553,W,1
0022300349,1610612739,Cleveland,Cavaliers,CLE,cavaliers,265:00,655.3,131.1,631.1,126.2,24.3,4.9,0.617,2.42,19.0,0.393,0.518,0.455,11.65,11.7,0.582,0.603,1.0,0.976,18.66,93.28,77.74,103.0,0.491,W,1
0022300349,1610612745,Houston,Rockets,HOU,rockets,265:00,631.1,126.2,655.3,131.1,-24.3,-4.9,0.723,2.43,21.0,0.482,0.607,0.545,13.592,13.6,0.52,0.571,1.0,0.984,18.66,93.28,77.74,103.0,0.509,L,0
0022300344,1610612738,Boston,Celtics,BOS,celtics,240:00,575.8,115.2,494.9,99.0,80.9,16.2,0.4,1.29,13.7,0.294,0.793,0.56,14.141,14.1,0.563,0.579,1.0,0.982,19.7,98.5,82.08,99.0,0.585,W,1
0022300344,1610612753,Orlando,Magic,ORL,magic,240:00,494.9,99.0,575.8,115.2,-80.9,-16.2,0.529,2.0,14.1,0.207,0.706,0.44,9.184,9.2,0.444,0.487,1.0,0.982,19.7,98.5,82.08,98.0,0.415,L,0
0022300346,1610612749,Milwaukee,Bucks,MIL,bucks,240:00,646.5,129.3,607.1,121.4,39.3,7.9,0.556,1.47,17.2,0.429,0.8,0.596,17.172,17.2,0.572,0.615,1.0,0.958,19.7,98.5,82.08,99.0,0.487,W,1
0022300346,1610612745,Houston,Rockets,HOU,rockets,240:00,607.1,121.4,646.5,129.3,-39.3,-7.9,0.578,2.6,19.7,0.2,0.571,0.404,10.204,10.2,0.594,0.631,1.0,0.981,19.7,98.5,82.08,98.0,0.513,L,0
0022300348,1610612757,Portland,Trail Blazers,POR,blazers,240:00,593.8,118.8,608.2,121.6,-14.5,-2.9,0.575,1.64,17.6,0.261,0.644,0.451,14.583,14.6,0.547,0.599,1.0,0.981,19.3,96.5,80.42,96.0,0.461,L,0
0022300348,1610612744,Golden State,Warriors,GSW,warriors,240:00,608.2,121.6,593.8,118.8,14.5,2.9,0.674,2.21,21.8,0.356,0.739,0.549,14.433,14.4,0.603,0.619,1.0,0.991,19.3,96.5,80.42,97.0,0.539,W,1
0022300347,1610612756,Phoenix,Suns,PHX,suns,240:00,543.7,108.7,524.3,104.9,19.4,3.9,0.707,1.71,19.2,0.345,0.776,0.566,16.505,16.5,0.494,0.543,1.0,0.984,20.6,103.0,85.83,103.0,0.559,W,1
0022300347,1610612764,Washington,Wizards,WAS,wizards,240:00,524.3,104.9,543.7,108.7,-19.4,-3.9,0.615,2.4,17.3,0.224,0.655,0.434,9.709,9.7,0.484,0.52,1.0,0.991,20.6,103.0,85.83,103.0,0.441,L,0
0022300345,1610612759,San Antonio,Spurs,SAS,spurs,240:00,504.6,100.9,675.9,135.2,-171.3,-34.3,0.725,2.23,19.6,0.204,0.681,0.426,11.927,11.9,0.505,0.533,1.0,0.983,21.7,108.5,90.42,109.0,0.376,L,0
0022300345,1610612740,New Orleans,Pelicans,NOP,pelicans,240:00,675.9,135.2,504.6,100.9,171.3,34.3,0.691,2.53,23.6,0.319,0.796,0.574,13.889,13.9,0.673,0.678,1.0,0.976,21.7,108.5,90.42,108.0,0.624,W,1
0022300341,1610612757,Portland,Trail Blazers,POR,blazers,240:00,576.9,115.4,629.8,126.0,-52.9,-10.6,0.362,1.55,12.9,0.229,0.725,0.485,10.577,10.6,0.537,0.579,1.0,0.983,20.8,104.0,86.67,104.0,0.449,L,0
0022300341,1610612742,Dallas,Mavericks,DAL,mavericks,240:00,629.8,126.0,576.9,115.4,52.9,10.6,0.563,2.08,18.8,0.275,0.771,0.515,12.5,12.5,0.577,0.617,1.0,0.983,20.8,104.0,86.67,104.0,0.551,W,1
0022300337,1610612748,Miami,Heat,MIA,heat,240:00,648.4,129.7,637.4,127.5,11.0,2.2,0.605,2.6,20.0,0.302,0.61,0.452,10.989,11.0,0.596,0.628,1.0,0.99,18.2,91.0,75.83,91.0,0.489,W,1
0022300337,1610612741,Chicago,Bulls,CHI,bulls,240:00,637.4,127.5,648.4,129.7,-11.0,-2.2,0.676,1.67,18.9,0.39,0.698,0.548,16.484,16.5,0.584,0.646,1.0,0.972,18.2,91.0,75.83,91.0,0.511,L,0
0022300336,1610612739,Cleveland,Cavaliers,CLE,cavaliers,240:00,654.6,130.9,613.4,122.7,41.2,8.2,0.653,2.91,20.9,0.453,0.739,0.586,11.34,11.3,0.564,0.59,1.0,0.975,19.4,97.0,80.83,97.0,0.551,W,1
0022300336,1610612737,Atlanta,Hawks,ATL,hawks,240:00,613.4,122.7,654.6,130.9,-41.2,-8.2,0.512,1.91,16.2,0.261,0.547,0.414,11.34,11.3,0.571,0.62,1.0,0.982,19.4,97.0,80.83,97.0,0.449,L,0
0022300334,1610612749,Milwaukee,Bucks,MIL,bucks,240:00,701.9,140.4,542.9,108.6,159.1,31.8,0.48,1.6,17.0,0.325,0.786,0.594,14.423,14.4,0.676,0.715,1.0,0.983,20.9,104.5,87.08,104.0,0.602,W,1
0022300334,1610612765,Detroit,Pistons,DET,pistons,240:00,542.9,108.6,701.9,140.4,-159.1,-31.8,0.581,3.13,17.6,0.214,0.675,0.406,7.619,7.6,0.479,0.531,1.0,0.974,20.9,104.5,87.08,105.0,0.398,L,0
0022300340,1610612743,Denver,Nuggets,DEN,nuggets,240:00,590.9,118.2,602.0,120.4,-11.1,-2.2,0.714,3.33,20.5,0.327,0.727,0.51,9.091,9.1,0.516,0.565,1.0,0.974,19.7,98.5,82.08,99.0,0.493,L,0
0022300340,1610612760,Oklahoma City,Thunder,OKC,thunder,240:00,602.0,120.4,590.9,118.2,11.1,2.2,0.512,2.0,16.7,0.273,0.673,0.49,11.224,11.2,0.554,0.607,1.0,0.982,19.7,98.5,82.08,98.0,0.507,W,1
0022300339,1610612744,Golden State,Warriors,GSW,warriors,240:00,626.3,125.3,600.0,120.0,26.3,5.3,0.659,2.07,20.1,0.34,0.653,0.5,14.141,14.1,0.577,0.621,1.0,0.991,19.9,99.5,82.92,99.0,0.526,W,1
0022300339,1610612751,Brooklyn,Nets,BKN,nets,240:00,600.0,120.0,626.3,125.3,-26.3,-5.3,0.689,1.94,20.9,0.347,0.66,0.5,16.0,16.0,0.575,0.602,1.0,0.974,19.9,99.5,82.92,100.0,0.474,L,0
0022300342,1610612758,Sacramento,Kings,SAC,kings,240:00,637.8,127.6,525.3,105.1,112.5,22.5,0.783,2.0,24.7,0.293,0.78,0.56,18.367,18.4,0.671,0.682,1.0,0.955,19.7,98.5,82.08,98.0,0.577,W,1
0022300342,1610612762,Utah,Jazz,UTA,jazz,240:00,525.3,105.1,637.8,127.6,-112.5,-22.5,0.737,2.15,20.3,0.22,0.707,0.44,13.131,13.1,0.512,0.546,1.0,0.964,19.7,98.5,82.08,99.0,0.423,L,0
0022300338,1610612750,Minnesota,Timberwolves,MIN,timberwolves,240:00,641.4,128.3,545.0,109.0,96.4,19.3,0.688,2.2,23.2,0.25,0.667,0.471,15.152,15.2,0.663,0.683,1.0,0.991,19.9,99.5,82.92,99.0,0.563,W,1
0022300338,1610612754,Indiana,Pacers,IND,pacers,240:00,545.0,109.0,641.4,128.3,-96.4,-19.3,0.556,1.67,17.9,0.333,0.75,0.529,15.0,15.0,0.533,0.562,1.0,0.957,19.9,99.5,82.92,100.0,0.437,L,0
0022300335,1610612766,Charlotte,Hornets,CHA,hornets,240:00,410.0,82.0,688.8,137.8,-278.8,-55.8,0.455,1.15,12.0,0.224,0.806,0.447,13.0,13.0,0.401,0.428,1.0,0.973,19.8,99.0,82.5,100.0,0.231,L,0
0022300335,1610612755,Philadelphia,76ers,PHI,sixers,240:00,688.8,137.8,410.0,82.0,278.8,55.8,0.566,3.0,22.2,0.194,0.776,0.553,10.204,10.2,0.682,0.707,1.0,1.0,19.8,99.0,82.5,98.0,0.769,W,1
0022300343,1610612746,LA,Clippers,LAC,clippers,240:00,705.9,141.2,604.0,120.8,101.9,20.4,0.72,4.0,24.2,0.282,0.712,0.527,8.824,8.8,0.659,0.699,1.0,0.965,20.3,101.5,84.58,102.0,0.61,W,1
0022300343,1610612752,New York,Knicks,NYK,knicks,240:00,604.0,120.8,705.9,141.2,-101.9,-20.4,0.455,2.0,14.7,0.288,0.718,0.473,9.901,9.9,0.527,0.579,1.0,0.991,20.3,101.5,84.58,101.0,0.39,L,0
0022300332,1610612763,Memphis,Grizzlies,MEM,grizzlies,240:00,494.8,99.0,525.5,105.1,-30.7,-6.1,0.514,1.06,14.1,0.339,0.684,0.513,18.557,18.6,0.462,0.487,1.0,0.974,19.5,97.5,81.25,97.0,0.415,L,0
0022300332,1610612745,Houston,Rockets,HOU,rockets,240:00,525.5,105.1,494.8,99.0,30.7,6.1,0.563,1.64,13.4,0.316,0.661,0.487,11.224,11.2,0.426,0.505,1.0,0.974,19.5,97.5,81.25,98.0,0.585,W,1
0022300327,1610612755,Philadelphia,76ers,PHI,sixers,240:00,601.9,120.4,442.3,88.5,159.6,31.9,0.585,2.0,16.0,0.383,0.796,0.569,11.65,11.7,0.49,0.555,1.0,0.984,20.7,103.5,86.25,103.0,0.67,W,1
0022300327,1610612765,Detroit,Pistons,DET,pistons,240:00,442.3,88.5,601.9,120.4,-159.6,-31.9,0.543,0.9,14.3,0.204,0.617,0.431,20.192,20.2,0.457,0.505,1.0,0.974,20.7,103.5,86.25,104.0,0.33,L,0
0022300331,1610612759,San Antonio,Spurs,SAS,spurs,240:00,651.5,130.3,575.0,115.0,76.5,15.3,0.745,3.89,24.0,0.271,0.776,0.526,9.091,9.1,0.589,0.624,1.0,0.991,19.9,99.5,82.92,99.0,0.536,W,1
0022300331,1610612747,Los Angeles,Lakers,LAL,lakers,240:00,575.0,115.0,651.5,130.3,-76.5,-15.3,0.744,5.33,22.7,0.224,0.729,0.474,6.0,6.0,0.545,0.568,1.0,0.991,19.9,99.5,82.92,100.0,0.464,L,0
0022300330,1610612761,Toronto,Raptors,TOR,raptors,240:00,520.0,104.0,618.8,123.8,-98.8,-19.8,0.75,2.14,22.6,0.068,0.62,0.362,14.0,14.0,0.584,0.591,1.0,0.99,20.1,100.5,83.75,100.0,0.423,L,0
0022300330,1610612737,Atlanta,Hawks,ATL,hawks,240:00,618.8,123.8,520.0,104.0,98.8,19.8,0.654,2.43,22.1,0.38,0.932,0.638,13.861,13.9,0.594,0.603,1.0,0.958,20.1,100.5,83.75,101.0,0.577,W,1
0022300326,1610612766,Charlotte,Hornets,CHA,hornets,240:00,540.4,108.1,560.0,112.0,-19.6,-3.9,0.439,2.25,14.1,0.208,0.696,0.434,8.081,8.1,0.495,0.528,1.0,0.991,19.9,99.5,82.92,99.0,0.433,L,0
0022300326,1610612740,New Orleans,Pelicans,NOP,pelicans,240:00,560.0,112.0,540.4,108.1,19.6,3.9,0.632,1.5,17.5,0.304,0.792,0.566,16.0,16.0,0.531,0.595,1.0,0.973,19.9,99.5,82.92,100.0,0.567,W,1
0022300333,1610612756,Phoenix,Suns,PHX,suns,240:00,622.4,124.5,716.5,143.3,-94.0,-18.8,0.638,2.5,21.4,0.302,0.75,0.506,12.245,12.2,0.583,0.615,1.0,0.982,19.5,97.5,81.25,98.0,0.432,L,0
0022300333,1610612752,New York,Knicks,NYK,knicks,240:00,716.5,143.3,622.4,124.5,94.0,18.8,0.571,2.55,20.9,0.25,0.698,0.494,11.34,11.3,0.701,0.737,1.0,0.981,19.5,97.5,81.25,97.0,0.568,W,1
0022300329,1610612738,Boston,Celtics,BOS,celtics,240:00,646.5,129.3,566.3,113.3,80.1,16.0,0.646,2.82,21.7,0.292,0.583,0.438,11.111,11.1,0.62,0.635,1.0,0.982,19.7,98.5,82.08,99.0,0.584,W,1
0022300329,1610612753,Orlando,Magic,ORL,magic,240:00,566.3,113.3,646.5,129.3,-80.1,-16.0,0.595,1.19,17.5,0.417,0.708,0.563,21.429,21.4,0.563,0.585,1.0,0.992,19.7,98.5,82.08,98.0,0.416,L,0
0022300328,1610612764,Washington,Wizards,WAS,wizards,240:00,611.6,122.3,549.1,109.8,62.5,12.5,0.692,1.89,22.4,0.31,0.7,0.539,16.964,17.0,0.636,0.662,1.0,0.968,22.4,112.0,93.33,112.0,0.589,W,1
0022300328,1610612754,Indiana,Pacers,IND,pacers,240:00,549.1,109.8,611.6,122.3,-62.5,-12.5,0.729,2.33,21.2,0.3,0.69,0.461,13.393,13.4,0.519,0.539,1.0,0.985,22.4,112.0,93.33,112.0,0.411,L,0
0022300320,1610612748,Miami,Heat,MIA,heat,240:00,585.9,117.2,632.7,126.5,-46.8,-9.4,0.703,2.36,19.0,0.261,0.712,0.5,11.111,11.1,0.556,0.608,1.0,0.964,19.7,98.5,82.08,99.0,0.463,L,0
0022300320,1610612741,Chicago,Bulls,CHI,bulls,240:00,632.7,126.5,585.9,117.2,46.8,9.4,0.711,6.4,22.1,0.288,0.739,0.5,5.102,5.1,0.559,0.584,1.0,0.991,19.7,98.5,82.08,98.0,0.537,W,1
0022300321,1610612742,Dallas,Mavericks,DAL,mavericks,240:00,500.0,100.0,589.1,117.8,-89.1,-17.8,0.538,1.31,16.3,0.159,0.667,0.424,15.842,15.8,0.512,0.555,1.0,0.972,20.2,101.0,84.17,101.0,0.419,L,0
0022300321,1610612750,Minnesota,Timberwolves,MIN,timberwolves,240:00,589.1,117.8,500.0,100.0,89.1,17.8,0.682,1.76,20.4,0.333,0.841,0.576,16.832,16.8,0.58,0.601,1.0,0.966,20.2,101.0,84.17,101.0,0.581,W,1
0022300319,1610612738,Boston,Celtics,BOS,celtics,240:00,597.9,119.6,557.3,111.5,40.6,8.1,0.512,1.69,16.7,0.295,0.727,0.511,13.402,13.4,0.582,0.618,1.0,0.973,19.3,96.5,80.42,97.0,0.552,W,1
0022300319,1610612739,Cleveland,Cavaliers,CLE,cavaliers,240:00,557.3,111.5,597.9,119.6,-40.6,-8.1,0.525,1.31,16.3,0.273,0.705,0.489,16.667,16.7,0.548,0.591,1.0,0.991,19.3,96.5,80.42,96.0,0.448,L,0
0022300324,1610612758,Sacramento,Kings,SAC,kings,240:00,592.6,118.5,564.2,112.8,28.4,5.7,0.681,1.88,20.8,0.306,0.644,0.491,15.741,15.7,0.589,0.614,1.0,1.0,21.7,108.5,90.42,108.0,0.549,W,1
0022300324,1610612760,Oklahoma City,Thunder,OKC,thunder,240:00,564.2,112.8,592.6,118.5,-28.4,-5.7,0.591,1.86,16.8,0.356,0.694,0.509,12.844,12.8,0.485,0.54,1.0,0.977,21.7,108.5,90.42,109.0,0.451,L,0
0022300322,1610612743,Denver,Nuggets,DEN,nuggets,240:00,601.9,120.4,495.1,99.0,106.8,21.4,0.66,3.44,20.5,0.315,0.672,0.5,8.738,8.7,0.535,0.573,1.0,0.958,20.5,102.5,85.42,103.0,0.626,W,1
0022300322,1610612751,Brooklyn,Nets,BKN,nets,240:00,495.1,99.0,601.9,120.4,-106.8,-21.4,0.718,1.75,18.8,0.328,0.685,0.5,15.686,15.7,0.453,0.487,1.0,0.992,20.5,102.5,85.42,102.0,0.374,L,0
0022300325,1610612746,LA,Clippers,LAC,clippers,240:00,636.8,127.4,588.5,117.7,48.3,9.7,0.659,1.93,20.1,0.293,0.654,0.495,14.737,14.7,0.586,0.642,1.0,0.981,19.1,95.5,79.58,95.0,0.568,W,1
0022300325,1610612744,Golden State,Warriors,GSW,warriors,240:00,588.5,117.7,636.8,127.4,-48.3,-9.7,0.55,1.69,16.2,0.346,0.707,0.505,13.542,13.5,0.522,0.563,1.0,0.965,19.1,95.5,79.58,96.0,0.432,L,0
0022300323,1610612757,Portland,Trail Blazers,POR,blazers,240:00,600.0,120.0,642.1,128.4,-42.1,-8.4,0.698,2.73,19.5,0.453,0.659,0.537,11.579,11.6,0.495,0.514,1.0,0.984,19.0,95.0,79.17,95.0,0.442,L,0
0022300323,1610612762,Utah,Jazz,UTA,jazz,240:00,642.1,128.4,600.0,120.0,42.1,8.4,0.551,2.45,19.7,0.341,0.547,0.463,11.579,11.6,0.592,0.621,1.0,0.982,19.0,95.0,79.17,95.0,0.558,W,1
0022300318,1610612762,Utah,Jazz,UTA,jazz,240:00,568.0,113.6,548.5,109.7,19.4,3.9,0.721,1.94,20.0,0.379,0.7,0.542,15.534,15.5,0.52,0.546,1.0,0.984,20.6,103.0,85.83,103.0,0.517,W,1
0022300318,1610612752,New York,Knicks,NYK,knicks,240:00,548.5,109.7,568.0,113.6,-19.4,-3.9,0.512,1.91,14.8,0.3,0.621,0.458,10.68,10.7,0.484,0.523,1.0,0.959,20.6,103.0,85.83,103.0,0.483,L,0
0022300317,1610612756,Phoenix,Suns,PHX,suns,240:00,589.5,117.9,623.7,124.7,-34.2,-6.8,0.7,2.33,20.3,0.364,0.745,0.568,12.632,12.6,0.53,0.584,1.0,0.973,18.8,94.0,78.33,95.0,0.509,L,0
0022300317,1610612751,Brooklyn,Nets,BKN,nets,240:00,623.7,124.7,589.5,117.9,34.2,6.8,0.585,3.43,18.5,0.255,0.636,0.432,7.527,7.5,0.545,0.583,1.0,1.0,18.8,94.0,78.33,93.0,0.491,W,1
0022300310,1610612765,Detroit,Pistons,DET,pistons,240:00,538.8,107.8,626.2,125.2,-87.4,-17.5,0.615,2.4,17.5,0.204,0.75,0.449,9.709,9.7,0.5,0.548,1.0,0.982,20.6,103.0,85.83,103.0,0.392,L,0
0022300310,1610612755,Philadelphia,76ers,PHI,sixers,240:00,626.2,125.2,538.8,107.8,87.4,17.5,0.622,2.55,19.7,0.25,0.796,0.551,10.68,10.7,0.58,0.633,1.0,0.974,20.6,103.0,85.83,103.0,0.608,W,1
0022300312,1610612748,Miami,Heat,MIA,heat,240:00,586.7,117.3,520.0,104.0,66.7,13.3,0.707,1.26,20.0,0.4,0.838,0.598,23.469,23.5,0.564,0.609,1.0,0.991,19.8,99.0,82.5,98.0,0.537,W,1
0022300312,1610612766,Charlotte,Hornets,CHA,hornets,240:00,520.0,104.0,586.7,117.3,-66.7,-13.3,0.659,1.29,20.3,0.162,0.6,0.402,21.0,21.0,0.61,0.635,1.0,0.962,19.8,99.0,82.5,100.0,0.463,L,0
0022300314,1610612745,Houston,Rockets,HOU,rockets,240:00,562.5,112.5,504.9,101.0,57.6,11.5,0.59,1.21,16.0,0.321,0.88,0.585,18.269,18.3,0.523,0.572,1.0,0.983,20.7,103.5,86.25,104.0,0.551,W,1
0022300314,1610612763,Memphis,Grizzlies,MEM,grizzlies,240:00,504.9,101.0,562.5,112.5,-57.6,-11.5,0.714,2.27,18.7,0.12,0.679,0.415,10.68,10.7,0.488,0.536,1.0,0.991,20.7,103.5,86.25,103.0,0.449,L,0
0022300316,1610612759,San Antonio,Spurs,SAS,spurs,240:00,540.9,108.2,554.5,110.9,-13.6,-2.7,0.622,1.65,18.7,0.226,0.848,0.515,15.455,15.5,0.552,0.573,1.0,0.992,22.0,110.0,91.67,110.0,0.455,L,0
0022300316,1610612747,Los Angeles,Lakers,LAL,lakers,240:00,554.5,110.9,540.9,108.2,13.6,2.7,0.633,1.94,21.1,0.152,0.774,0.485,14.545,14.5,0.615,0.619,1.0,0.991,22.0,110.0,91.67,110.0,0.545,W,1
0022300315,1610612749,Milwaukee,Bucks,MIL,bucks,240:00,630.6,126.1,567.6,113.5,63.1,12.6,0.563,1.69,17.4,0.354,0.586,0.481,14.414,14.4,0.579,0.636,1.0,0.969,22.2,111.0,92.5,111.0,0.577,W,1
0022300315,1610612754,Indiana,Pacers,IND,pacers,240:00,567.6,113.5,630.6,126.1,-63.1,-12.6,0.667,1.67,18.2,0.414,0.646,0.519,16.216,16.2,0.505,0.552,1.0,0.97,22.2,111.0,92.5,111.0,0.423,L,0
0022300313,1610612761,Toronto,Raptors,TOR,raptors,240:00,668.3,133.7,627.5,125.5,40.9,8.2,0.78,2.6,25.7,0.279,0.727,0.531,14.851,14.9,0.678,0.692,1.0,0.982,20.3,101.5,84.58,101.0,0.537,W,1
0022300313,1610612737,Atlanta,Hawks,ATL,hawks,240:00,627.5,125.5,668.3,133.7,-40.9,-8.2,0.667,4.57,21.5,0.273,0.721,0.469,6.863,6.9,0.57,0.591,1.0,0.983,20.3,101.5,84.58,102.0,0.463,L,0
0022300311,1610612764,Washington,Wizards,WAS,wizards,240:00,581.0,116.2,669.8,134.0,-88.9,-17.8,0.667,1.87,20.4,0.095,0.667,0.4,14.286,14.3,0.628,0.659,1.0,0.991,21.1,105.5,87.92,105.0,0.438,L,0
0022300311,1610612740,New Orleans,Pelicans,NOP,pelicans,240:00,669.8,134.0,581.0,116.2,88.9,17.8,0.6,3.0,19.7,0.333,0.905,0.6,9.434,9.4,0.604,0.65,1.0,0.967,21.1,105.5,87.92,106.0,0.563,W,1
0022300309,1610612746,LA,Clippers,LAC,clippers,240:00,577.7,115.5,485.3,97.1,92.4,18.5,0.477,1.24,15.8,0.22,0.811,0.553,16.505,16.5,0.589,0.638,1.0,0.955,20.5,102.5,85.42,103.0,0.599,W,1
0022300309,1610612758,Sacramento,Kings,SAC,kings,240:00,485.3,97.1,577.7,115.5,-92.4,-18.5,0.75,1.93,19.4,0.189,0.78,0.447,13.725,13.7,0.477,0.513,1.0,0.991,20.5,102.5,85.42,102.0,0.401,L,0
0022300307,1610612741,Chicago,Bulls,CHI,bulls,240:00,563.8,112.8,612.9,122.6,-49.1,-9.8,0.722,1.86,18.8,0.373,0.653,0.51,14.894,14.9,0.494,0.551,1.0,0.964,18.7,93.5,77.92,94.0,0.47,L,0
0022300307,1610612743,Denver,Nuggets,DEN,nuggets,240:00,612.9,122.6,563.8,112.8,49.1,9.8,0.718,2.55,20.3,0.347,0.627,0.49,11.828,11.8,0.554,0.587,1.0,0.982,18.7,93.5,77.92,93.0,0.53,W,1
0022300308,1610612756,Phoenix,Suns,PHX,suns,240:00,572.1,114.4,563.1,112.6,9.0,1.8,0.711,1.8,19.0,0.224,0.696,0.476,14.423,14.4,0.536,0.601,1.0,0.965,20.7,103.5,86.25,104.0,0.535,W,1
0022300308,1610612744,Golden State,Warriors,GSW,warriors,240:00,563.1,112.6,572.1,114.4,-9.0,-1.8,0.634,1.73,17.8,0.304,0.776,0.524,14.563,14.6,0.533,0.558,1.0,0.983,20.7,103.5,86.25,103.0,0.465,L,0
0022300306,1610612742,Dallas,Mavericks,DAL,mavericks,240:00,654.6,130.9,651.0,130.2,3.6,0.7,0.636,2.8,20.1,0.304,0.614,0.456,10.309,10.3,0.612,0.646,1.0,0.973,19.3,96.5,80.42,97.0,0.505,W,1
0022300306,1610612747,Los Angeles,Lakers,LAL,lakers,240:00,651.0,130.2,654.6,130.9,-3.6,-0.7,0.694,2.27,23.1,0.386,0.696,0.544,15.625,15.6,0.621,0.632,1.0,0.991,19.3,96.5,80.42,96.0,0.495,L,0
0022300305,1610612738,Boston,Celtics,BOS,celtics,240:00,618.6,123.7,582.5,116.5,36.1,7.2,0.605,1.53,17.0,0.348,0.725,0.546,15.464,15.5,0.56,0.629,1.0,0.973,19.4,97.0,80.83,97.0,0.554,W,1
0022300305,1610612739,Cleveland,Cavaliers,CLE,cavaliers,240:00,582.5,116.5,618.6,123.7,-36.1,-7.2,0.614,2.08,19.6,0.275,0.652,0.454,13.402,13.4,0.582,0.589,1.0,0.973,19.4,97.0,80.83,97.0,0.446,L,0
0022300297,1610612752,New York,Knicks,NYK,knicks,240:00,680.0,136.0,656.6,131.3,23.4,4.7,0.692,2.4,23.8,0.385,0.604,0.511,15.0,15.0,0.703,0.707,1.0,0.974,19.9,99.5,82.92,100.0,0.538,W,1
0022300297,1610612761,Toronto,Raptors,TOR,raptors,240:00,656.6,131.3,680.0,136.0,-23.4,-4.7,0.681,3.2,21.1,0.396,0.615,0.489,10.101,10.1,0.563,0.595,1.0,0.992,19.9,99.5,82.92,99.0,0.462,L,0
0022300295,1610612755,Philadelphia,76ers,PHI,sixers,240:00,669.7,133.9,459.1,91.8,210.6,42.1,0.712,2.64,23.4,0.261,0.722,0.51,12.844,12.8,0.653,0.689,1.0,0.983,21.9,109.5,91.25,109.0,0.707,W,1
0022300295,1610612764,Washington,Wizards,WAS,wizards,240:00,459.1,91.8,669.7,133.9,-210.6,-42.1,0.583,0.95,14.4,0.278,0.739,0.49,20.0,20.0,0.476,0.512,1.0,0.976,21.9,109.5,91.25,110.0,0.293,L,0
0022300303,1610612758,Sacramento,Kings,SAC,kings,240:00,655.0,131.0,590.0,118.0,65.0,13.0,0.792,2.92,24.8,0.313,0.761,0.532,13.0,13.0,0.644,0.654,1.0,0.983,20.0,100.0,83.33,100.0,0.528,W,1
0022300303,1610612751,Brooklyn,Nets,BKN,nets,240:00,590.0,118.0,655.0,131.0,-65.0,-13.0,0.571,1.85,17.8,0.239,0.688,0.468,13.0,13.0,0.557,0.607,1.0,0.982,20.0,100.0,83.33,100.0,0.472,L,0
0022300301,1610612740,New Orleans,Pelicans,NOP,pelicans,240:00,599.0,119.8,524.5,104.9,74.5,14.9,0.675,1.93,19.3,0.245,0.755,0.51,13.861,13.9,0.549,0.607,1.0,0.982,20.3,101.5,84.58,101.0,0.582,W,1
0022300301,1610612750,Minnesota,Timberwolves,MIN,timberwolves,240:00,524.5,104.9,599.0,119.8,-74.5,-14.9,0.65,1.86,18.4,0.245,0.755,0.49,13.725,13.7,0.511,0.538,1.0,0.948,20.3,101.5,84.58,102.0,0.418,L,0
0022300293,1610612765,Detroit,Pistons,DET,pistons,240:00,591.3,118.3,617.9,123.6,-26.6,-5.3,0.578,1.73,19.1,0.154,0.628,0.402,14.423,14.4,0.617,0.653,1.0,0.991,21.0,105.0,87.5,104.0,0.467,L,0
0022300293,1610612754,Indiana,Pacers,IND,pacers,240:00,617.9,123.6,591.3,118.3,26.6,5.3,0.635,1.83,21.6,0.372,0.846,0.598,16.981,17.0,0.636,0.653,1.0,0.983,21.0,105.0,87.5,106.0,0.533,W,1
0022300300,1610612749,Milwaukee,Bucks,MIL,bucks,265:00,610.1,122.0,597.2,119.4,12.9,2.6,0.773,3.09,22.5,0.205,0.652,0.478,10.092,10.1,0.599,0.65,1.0,0.974,19.65,98.26,81.89,109.0,0.59,W,1
0022300300,1610612741,Chicago,Bulls,CHI,bulls,265:00,597.2,119.4,610.1,122.0,-12.9,-2.6,0.532,4.17,15.9,0.348,0.795,0.522,5.556,5.6,0.478,0.516,1.0,0.992,19.65,98.26,81.89,108.0,0.41,L,0
0022300292,1610612766,Charlotte,Hornets,CHA,hornets,240:00,600.0,120.0,623.7,124.7,-23.7,-4.7,0.775,2.82,23.1,0.229,0.756,0.472,11.579,11.6,0.577,0.608,1.0,0.99,18.8,94.0,78.33,95.0,0.453,L,0
0022300292,1610612748,Miami,Heat,MIA,heat,240:00,623.7,124.7,600.0,120.0,23.7,4.7,0.838,2.82,23.1,0.244,0.771,0.528,11.828,11.8,0.578,0.631,1.0,0.99,18.8,94.0,78.33,93.0,0.547,W,1
0022300304,1610612746,LA,Clippers,LAC,clippers,240:00,680.4,136.1,654.6,130.9,25.8,5.2,0.673,3.67,23.1,0.325,0.66,0.511,9.278,9.3,0.624,0.669,1.0,0.982,19.4,97.0,80.83,97.0,0.565,W,1
0022300304,1610612757,Portland,Trail Blazers,POR,blazers,240:00,654.6,130.9,680.4,136.1,-25.8,-5.2,0.581,2.08,18.0,0.34,0.675,0.489,12.371,12.4,0.583,0.626,1.0,0.991,19.4,97.0,80.83,97.0,0.435,L,0
0022300298,1610612745,Houston,Rockets,HOU,rockets,240:00,460.4,92.1,402.0,80.4,58.4,11.7,0.625,1.25,14.4,0.29,0.78,0.529,15.842,15.8,0.409,0.457,1.0,0.992,20.3,101.5,84.58,101.0,0.534,W,1
0022300298,1610612759,San Antonio,Spurs,SAS,spurs,240:00,402.0,80.4,460.4,92.1,-58.4,-11.7,0.645,1.18,15.0,0.22,0.71,0.471,16.667,16.7,0.385,0.424,1.0,0.991,20.3,101.5,84.58,102.0,0.466,L,0
0022300302,1610612760,Oklahoma City,Thunder,OKC,thunder,240:00,638.1,127.6,566.0,113.2,72.1,14.4,0.7,2.92,23.2,0.234,0.729,0.484,11.429,11.4,0.615,0.647,1.0,0.991,21.1,105.5,87.92,105.0,0.551,W,1
0022300302,1610612762,Utah,Jazz,UTA,jazz,240:00,566.0,113.2,638.1,127.6,-72.1,-14.4,0.727,1.88,21.5,0.271,0.766,0.516,16.038,16.0,0.543,0.593,1.0,0.974,21.1,105.5,87.92,106.0,0.449,L,0
0022300299,1610612763,Memphis,Grizzlies,MEM,grizzlies,240:00,570.7,114.1,600.0,120.0,-29.3,-5.9,0.634,1.44,18.7,0.28,0.682,0.468,18.182,18.2,0.562,0.588,1.0,0.982,19.9,99.5,82.92,99.0,0.446,L,0
0022300299,1610612742,Dallas,Mavericks,DAL,mavericks,240:00,600.0,120.0,570.7,114.1,29.3,5.9,0.628,1.59,19.1,0.318,0.72,0.532,17.0,17.0,0.599,0.636,1.0,0.974,19.9,99.5,82.92,100.0,0.554,W,1
0022300296,1610612737,Atlanta,Hawks,ATL,hawks,240:00,616.2,123.2,651.5,130.3,-35.4,-7.1,0.568,2.5,17.7,0.321,0.585,0.436,10.101,10.1,0.547,0.587,1.0,0.983,19.8,99.0,82.5,99.0,0.437,L,0
0022300296,1610612743,Denver,Nuggets,DEN,nuggets,240:00,651.5,130.3,616.2,123.2,35.4,7.1,0.617,1.81,20.0,0.415,0.679,0.564,16.162,16.2,0.602,0.64,1.0,0.983,19.8,99.0,82.5,99.0,0.563,W,1
0022300294,1610612753,Orlando,Magic,ORL,magic,240:00,565.2,113.0,510.9,102.2,54.3,10.9,0.564,1.57,16.7,0.375,0.61,0.505,15.217,15.2,0.506,0.547,1.0,0.964,18.4,92.0,76.67,92.0,0.594,W,1
0022300294,1610612739,Cleveland,Cavaliers,CLE,cavaliers,240:00,510.9,102.2,565.2,113.0,-54.3,-10.9,0.5,1.07,11.6,0.39,0.625,0.495,15.217,15.2,0.406,0.472,1.0,0.991,18.4,92.0,76.67,92.0,0.406,L,0
0022301217,1610612753,Orlando,Magic,ORL,magic,240:00,615.0,123.0,455.0,91.0,160.0,32.0,0.531,2.6,19.5,0.2,0.82,0.544,10.0,10.0,0.607,0.632,1.0,0.981,20.0,100.0,83.33,100.0,0.678,W,1
0022301217,1610612765,Detroit,Pistons,DET,pistons,240:00,455.0,91.0,615.0,123.0,-160.0,-32.0,0.5,1.06,13.6,0.18,0.8,0.456,16.0,16.0,0.457,0.497,1.0,0.981,20.0,100.0,83.33,100.0,0.322,L,0
0022301216,1610612766,Charlotte,Hornets,CHA,hornets,240:00,607.1,121.4,585.9,117.2,21.3,4.3,0.682,1.88,22.2,0.194,0.617,0.434,16.327,16.3,0.639,0.678,1.0,0.981,19.7,98.5,82.08,98.0,0.528,W,1
0022301216,1610612761,Toronto,Raptors,TOR,raptors,240:00,585.9,117.2,607.1,121.4,-21.3,-4.3,0.681,2.29,21.8,0.383,0.806,0.566,14.141,14.1,0.538,0.567,1.0,0.991,19.7,98.5,82.08,99.0,0.472,L,0
0022301227,1610612738,Boston,Celtics,BOS,celtics,240:00,671.7,134.3,627.6,125.5,44.2,8.8,0.5,3.0,18.0,0.227,0.622,0.427,8.081,8.1,0.632,0.663,1.0,0.972,19.7,98.5,82.08,99.0,0.532,W,1
0022301227,1610612752,New York,Knicks,NYK,knicks,240:00,627.6,125.5,671.7,134.3,-44.2,-8.8,0.636,2.0,19.6,0.378,0.773,0.573,14.286,14.3,0.585,0.616,1.0,0.983,19.7,98.5,82.08,98.0,0.468,L,0
0022301228,1610612756,Phoenix,Suns,PHX,suns,240:00,546.4,109.3,581.6,116.3,-35.2,-7.0,0.65,2.36,19.5,0.217,0.686,0.464,11.34,11.3,0.548,0.569,1.0,0.981,19.5,97.5,81.25,97.0,0.495,L,0
0022301228,1610612758,Sacramento,Kings,SAC,kings,240:00,581.6,116.3,546.4,109.3,35.2,7.0,0.595,1.92,18.0,0.314,0.783,0.536,13.265,13.3,0.533,0.565,1.0,0.965,19.5,97.5,81.25,98.0,0.505,W,1
0022301223,1610612759,San Antonio,Spurs,SAS,spurs,240:00,589.5,117.9,636.8,127.4,-47.4,-9.5,0.897,2.69,24.6,0.273,0.581,0.453,13.684,13.7,0.572,0.61,1.0,0.972,19.0,95.0,79.17,95.0,0.51,L,0
0022301223,1610612741,Chicago,Bulls,CHI,bulls,240:00,636.8,127.4,589.5,117.9,47.4,9.5,0.574,3.38,18.2,0.419,0.727,0.547,8.421,8.4,0.525,0.537,1.0,0.975,19.0,95.0,79.17,95.0,0.49,W,1
0022301226,1610612757,Portland,Trail Blazers,POR,blazers,240:00,538.5,107.7,606.8,121.4,-68.3,-13.7,0.513,1.33,13.5,0.394,0.739,0.536,14.423,14.4,0.457,0.496,1.0,0.992,20.7,103.5,86.25,104.0,0.392,L,0
0022301226,1610612742,Dallas,Mavericks,DAL,mavericks,240:00,606.8,121.4,538.5,107.7,68.3,13.7,0.553,1.73,18.6,0.261,0.606,0.464,14.563,14.6,0.582,0.621,1.0,1.0,20.7,103.5,86.25,103.0,0.608,W,1
0022301224,1610612743,Denver,Nuggets,DEN,nuggets,240:00,557.9,111.6,587.6,117.5,-29.7,-5.9,0.579,2.2,16.5,0.286,0.7,0.481,10.526,10.5,0.478,0.52,1.0,1.0,19.2,96.0,80.0,95.0,0.47,L,0
0022301224,1610612745,Houston,Rockets,HOU,rockets,240:00,587.6,117.5,557.9,111.6,29.7,5.9,0.6,2.1,15.8,0.3,0.714,0.519,10.309,10.3,0.506,0.567,1.0,0.964,19.2,96.0,80.0,97.0,0.53,W,1
0022301225,1610612762,Utah,Jazz,UTA,jazz,240:00,520.2,104.0,596.9,119.4,-76.7,-15.3,0.605,1.44,16.9,0.292,0.745,0.516,16.162,16.2,0.506,0.545,1.0,0.947,19.7,98.5,82.08,99.0,0.467,L,0
0022301225,1610612746,LA,Clippers,LAC,clippers,240:00,596.9,119.4,520.2,104.0,76.7,15.3,0.535,1.64,17.3,0.255,0.708,0.484,14.286,14.3,0.574,0.602,1.0,0.973,19.7,98.5,82.08,98.0,0.533,W,1
0022301221,1610612763,Memphis,Grizzlies,MEM,grizzlies,240:00,547.9,109.6,661.5,132.3,-113.6,-22.7,0.649,2.4,18.8,0.2,0.523,0.351,10.638,10.6,0.517,0.546,1.0,0.99,19.0,95.0,79.17,94.0,0.35,L,0
0022301221,1610612750,Minnesota,Timberwolves,MIN,timberwolves,240:00,661.5,132.3,547.9,109.6,113.6,22.7,0.682,2.31,20.7,0.477,0.8,0.649,13.542,13.5,0.585,0.639,1.0,0.983,19.0,95.0,79.17,96.0,0.65,W,1
0022301219,1610612751,Brooklyn,Nets,BKN,nets,240:00,620.0,124.0,475.5,95.1,144.5,28.9,0.54,2.45,18.1,0.393,0.696,0.545,11.0,11.0,0.529,0.554,1.0,0.992,20.2,101.0,84.17,100.0,0.654,W,1
0022301219,1610612764,Washington,Wizards,WAS,wizards,240:00,475.5,95.1,620.0,124.0,-144.5,-28.9,0.5,1.19,14.0,0.304,0.607,0.455,15.686,15.7,0.451,0.484,1.0,0.991,20.2,101.0,84.17,102.0,0.346,L,0
0022301222,1610612760,Oklahoma City,Thunder,OKC,thunder,265:00,600.0,120.0,596.5,119.3,3.5,0.7,0.294,1.36,10.6,0.24,0.5,0.38,9.565,9.6,0.546,0.606,1.0,0.961,20.74,103.7,86.42,115.0,0.547,W,1
0022301222,1610612744,Golden State,Warriors,GSW,warriors,265:00,596.5,119.3,600.0,120.0,-3.5,-0.7,0.592,1.0,17.0,0.5,0.76,0.62,25.439,25.4,0.563,0.596,1.0,0.993,20.74,103.7,86.42,114.0,0.453,L,0
0022301218,1610612755,Philadelphia,76ers,PHI,sixers,240:00,631.3,126.3,570.0,114.0,61.3,12.3,0.571,2.18,17.3,0.333,0.554,0.46,11.111,11.1,0.546,0.605,1.0,0.983,19.9,99.5,82.92,99.0,0.604,W,1
0022301218,1610612737,Atlanta,Hawks,ATL,hawks,240:00,570.0,114.0,631.3,126.3,-61.3,-12.3,0.488,1.43,13.4,0.446,0.667,0.54,14.0,14.0,0.457,0.503,1.0,0.969,19.9,99.5,82.92,100.0,0.396,L,0
0022301220,1610612748,Miami,Heat,MIA,heat,240:00,495.0,99.0,555.0,111.0,-60.0,-12.0,0.622,1.28,17.2,0.212,0.74,0.471,18.0,18.0,0.517,0.535,1.0,0.991,20.0,100.0,83.33,100.0,0.393,L,0
0022301220,1610612739,Cleveland,Cavaliers,CLE,cavaliers,240:00,555.0,111.0,495.0,99.0,60.0,12.0,0.525,1.62,15.7,0.26,0.788,0.529,13.0,13.0,0.54,0.564,1.0,0.982,20.0,100.0,83.33,100.0,0.607,W,1
0022301229,1610612749,Milwaukee,Bucks,MIL,bucks,240:00,561.3,112.3,609.5,121.9,-48.2,-9.6,0.442,1.58,13.3,0.316,0.661,0.487,11.321,11.3,0.51,0.549,1.0,0.976,21.1,105.5,87.92,106.0,0.431,L,0
0022301229,1610612754,Indiana,Pacers,IND,pacers,240:00,609.5,121.9,561.3,112.3,48.2,9.6,0.6,3.0,19.5,0.339,0.684,0.513,9.524,9.5,0.525,0.566,1.0,0.984,21.1,105.5,87.92,105.0,0.569,W,1
0022301230,1610612747,Los Angeles,Lakers,LAL,lakers,240:00,639.4,127.9,432.0,86.4,207.4,41.5,0.66,2.07,21.1,0.295,0.766,0.574,14.423,14.4,0.645,0.673,1.0,0.974,20.7,103.5,86.25,104.0,0.724,W,1
0022301230,1610612740,New Orleans,Pelicans,NOP,pelicans,240:00,432.0,86.4,639.4,127.9,-207.4,-41.5,0.647,1.83,15.7,0.234,0.705,0.426,11.65,11.7,0.395,0.429,1.0,0.992,20.7,103.5,86.25,103.0,0.276,L,0
0022301206,1610612765,Detroit,Pistons,DET,pistons,240:00,500.0,100.0,568.6,113.7,-68.6,-13.7,0.732,1.76,21.0,0.22,0.761,0.479,16.667,16.7,0.511,0.537,1.0,0.973,20.4,102.0,85.0,102.0,0.435,L,0
0022301206,1610612763,Memphis,Grizzlies,MEM,grizzlies,240:00,568.6,113.7,500.0,100.0,68.6,13.7,0.553,1.86,18.7,0.239,0.78,0.521,13.725,13.7,0.577,0.597,1.0,0.982,20.4,102.0,85.0,102.0,0.565,W,1
0022301212,1610612745,Houston,Rockets,HOU,rockets,240:00,555.6,111.1,515.3,103.1,40.2,8.0,0.7,1.33,19.9,0.356,0.846,0.619,21.212,21.2,0.572,0.593,1.0,0.982,19.7,98.5,82.08,99.0,0.558,W,1
0022301212,1610612760,Oklahoma City,Thunder,OKC,thunder,240:00,515.3,103.1,555.6,111.1,-40.2,-8.0,0.595,2.44,17.2,0.154,0.644,0.381,9.184,9.2,0.471,0.518,1.0,0.981,19.7,98.5,82.08,98.0,0.442,L,0
0022301213,1610612742,Dallas,Mavericks,DAL,mavericks,240:00,706.7,141.3,466.3,93.3,240.4,48.1,0.661,4.63,23.7,0.306,0.759,0.544,7.692,7.7,0.663,0.672,1.0,0.975,20.8,104.0,86.67,104.0,0.703,W,1
0022301213,1610612762,Utah,Jazz,UTA,jazz,240:00,466.3,93.3,706.7,141.3,-240.4,-48.1,0.629,1.16,15.8,0.241,0.694,0.456,18.269,18.3,0.471,0.511,1.0,0.983,20.8,104.0,86.67,104.0,0.297,L,0
0022301208,1610612764,Washington,Wizards,WAS,wizards,240:00,600.0,120.0,629.8,126.0,-29.8,-6.0,0.75,3.55,26.5,0.1,0.696,0.419,10.476,10.5,0.641,0.66,1.0,0.981,20.9,104.5,87.08,105.0,0.507,L,0
0022301208,1610612755,Philadelphia,76ers,PHI,sixers,240:00,629.8,126.0,600.0,120.0,29.8,6.0,0.617,2.64,19.9,0.304,0.9,0.581,10.577,10.6,0.554,0.612,1.0,1.0,20.9,104.5,87.08,104.0,0.493,W,1
0022301209,1610612737,Atlanta,Hawks,ATL,hawks,240:00,548.5,109.7,548.1,109.6,0.5,0.1,0.595,1.92,17.7,0.25,0.75,0.509,12.621,12.6,0.511,0.554,1.0,0.983,20.7,103.5,86.25,103.0,0.504,L,0
0022301209,1610612751,Brooklyn,Nets,BKN,nets,240:00,548.1,109.6,548.5,109.7,-0.5,-0.1,0.558,2.0,16.9,0.25,0.75,0.491,11.538,11.5,0.516,0.545,1.0,0.983,20.7,103.5,86.25,104.0,0.496,W,1
0022301214,1610612744,Golden State,Warriors,GSW,warriors,240:00,555.6,111.1,530.0,106.0,25.6,5.1,0.556,1.18,14.5,0.365,0.719,0.55,17.172,17.2,0.477,0.547,1.0,0.992,19.9,99.5,82.92,99.0,0.547,W,1
0022301214,1610612757,Portland,Trail Blazers,POR,blazers,240:00,530.0,106.0,555.6,111.1,-25.6,-5.1,0.564,2.2,15.9,0.281,0.635,0.45,10.0,10.0,0.495,0.519,1.0,0.966,19.9,99.5,82.92,100.0,0.453,L,0
0022301210,1610612750,Minnesota,Timberwolves,MIN,timberwolves,240:00,505.0,101.0,470.0,94.0,35.0,7.0,0.556,1.43,14.9,0.25,0.677,0.487,13.861,13.9,0.483,0.53,1.0,0.974,20.1,100.5,83.75,101.0,0.574,W,1
0022301210,1610612759,San Antonio,Spurs,SAS,spurs,240:00,470.0,94.0,505.0,101.0,-35.0,-7.0,0.605,1.92,16.0,0.323,0.75,0.513,12.0,12.0,0.416,0.437,1.0,0.983,20.1,100.5,83.75,100.0,0.426,L,0
0022301211,1610612741,Chicago,Bulls,CHI,bulls,240:00,560.6,112.1,510.2,102.0,50.4,10.1,0.605,1.44,16.0,0.411,0.745,0.57,16.162,16.2,0.489,0.54,1.0,0.992,19.7,98.5,82.08,99.0,0.547,W,1
0022301211,1610612766,Charlotte,Hornets,CHA,hornets,240:00,510.2,102.0,560.6,112.1,-50.4,-10.1,0.641,1.47,18.4,0.255,0.589,0.43,17.347,17.3,0.489,0.525,1.0,0.982,19.7,98.5,82.08,98.0,0.453,L,0
0022301207,1610612761,Toronto,Raptors,TOR,raptors,240:00,525.5,105.1,571.4,114.3,-45.9,-9.2,0.784,2.07,20.9,0.24,0.833,0.531,14.286,14.3,0.512,0.551,1.0,0.982,19.6,98.0,81.67,98.0,0.458,L,0
0022301207,1610612748,Miami,Heat,MIA,heat,240:00,571.4,114.3,525.5,105.1,45.9,9.2,0.805,4.71,23.7,0.167,0.76,0.469,7.143,7.1,0.539,0.575,1.0,0.981,19.6,98.0,81.67,98.0,0.542,W,1
0022301215,1610612746,LA,Clippers,LAC,clippers,240:00,572.2,114.4,531.3,106.3,40.9,8.2,0.525,1.91,15.7,0.327,0.684,0.519,11.34,11.3,0.529,0.566,1.0,0.973,19.3,96.5,80.42,97.0,0.549,W,1
0022301215,1610612743,Denver,Nuggets,DEN,nuggets,240:00,531.3,106.3,572.2,114.4,-40.9,-8.2,0.707,2.64,20.3,0.316,0.673,0.481,11.458,11.5,0.48,0.5,1.0,0.991,19.3,96.5,80.42,96.0,0.451,L,0
0022301205,1610612739,Cleveland,Cavaliers,CLE,cavaliers,240:00,599.0,119.8,538.8,107.8,60.2,12.0,0.63,1.71,20.6,0.256,0.771,0.527,16.832,16.8,0.616,0.638,1.0,0.982,20.4,102.0,85.0,101.0,0.534,W,1
0022301205,1610612753,Orlando,Magic,ORL,magic,240:00,538.8,107.8,599.0,119.8,-60.2,-12.0,0.537,2.0,16.3,0.229,0.744,0.473,10.68,10.7,0.5,0.553,1.0,0.973,20.4,102.0,85.0,103.0,0.466,L,0
0022301201,1610612749,Milwaukee,Bucks,MIL,bucks,240:00,715.7,143.1,598.0,119.6,117.6,23.5,0.582,2.67,21.9,0.316,0.617,0.482,11.765,11.8,0.731,0.735,1.0,0.982,20.4,102.0,85.0,102.0,0.579,W,1
0022301201,1610612752,New York,Knicks,NYK,knicks,240:00,598.0,119.6,715.7,143.1,-117.6,-23.5,0.628,1.59,18.4,0.383,0.684,0.518,16.667,16.7,0.534,0.601,1.0,0.975,20.4,102.0,85.0,102.0,0.421,L,0
0022301203,1610612747,Los Angeles,Lakers,LAL,lakers,240:00,546.4,109.3,525.5,105.1,20.9,4.2,0.632,2.4,16.3,0.394,0.692,0.505,10.309,10.3,0.417,0.469,1.0,0.984,19.5,97.5,81.25,97.0,0.46,W,1
0022301203,1610612756,Phoenix,Suns,PHX,suns,240:00,525.5,105.1,546.4,109.3,-20.9,-4.2,0.676,1.14,18.5,0.308,0.606,0.495,22.449,22.4,0.573,0.611,1.0,0.955,19.5,97.5,81.25,98.0,0.54,L,0
0022301202,1610612754,Indiana,Pacers,IND,pacers,240:00,598.0,119.6,543.7,108.7,54.3,10.9,0.651,4.67,20.3,0.151,0.63,0.393,5.882,5.9,0.559,0.591,1.0,0.991,20.5,102.5,85.42,102.0,0.534,W,1
0022301202,1610612738,Boston,Celtics,BOS,celtics,240:00,543.7,108.7,598.0,119.6,-54.3,-10.9,0.587,1.5,18.0,0.37,0.849,0.607,17.476,17.5,0.536,0.548,1.0,0.967,20.5,102.5,85.42,103.0,0.466,L,0
0022301204,1610612758,Sacramento,Kings,SAC,kings,240:00,596.9,119.4,635.0,127.0,-38.1,-7.6,0.763,2.07,20.1,0.354,0.667,0.5,14.286,14.3,0.529,0.588,1.0,0.991,19.8,99.0,82.5,98.0,0.447,L,0
0022301204,1610612740,New Orleans,Pelicans,NOP,pelicans,240:00,635.0,127.0,596.9,119.4,38.1,7.6,0.617,2.07,20.3,0.333,0.646,0.5,14.0,14.0,0.621,0.654,1.0,0.956,19.8,99.0,82.5,100.0,0.553,W,1
0022300283,1610612765,Detroit,Pistons,DET,pistons,240:00,510.1,102.0,550.0,110.0,-39.9,-8.0,0.615,1.5,17.8,0.24,0.796,0.515,16.162,16.2,0.518,0.542,1.0,0.991,19.9,99.5,82.92,99.0,0.464,L,0
0022300283,1610612739,Cleveland,Cavaliers,CLE,cavaliers,240:00,550.0,110.0,510.1,102.0,39.9,8.0,0.568,2.27,18.5,0.204,0.76,0.485,11.0,11.0,0.551,0.567,1.0,0.973,19.9,99.5,82.92,100.0,0.536,W,1
0022300288,1610612756,Phoenix,Suns,PHX,suns,240:00,568.6,113.7,529.1,105.8,39.5,7.9,0.667,1.41,16.8,0.353,0.708,0.525,16.667,16.7,0.488,0.569,1.0,0.992,20.5,102.5,85.42,102.0,0.565,W,1
0022300288,1610612763,Memphis,Grizzlies,MEM,grizzlies,240:00,529.1,105.8,568.6,113.7,-39.5,-7.9,0.359,0.82,10.8,0.292,0.647,0.475,16.505,16.5,0.506,0.564,1.0,0.966,20.5,102.5,85.42,103.0,0.435,L,0
0022300280,1610612746,LA,Clippers,LAC,clippers,240:00,565.0,113.0,554.5,110.9,10.5,2.1,0.705,2.82,22.3,0.17,0.72,0.454,11.0,11.0,0.561,0.588,1.0,0.981,20.1,100.5,83.75,100.0,0.508,W,1
0022300280,1610612744,Golden State,Warriors,GSW,warriors,240:00,554.5,110.9,565.0,113.0,-10.5,-2.1,0.816,2.07,21.4,0.28,0.83,0.546,14.851,14.9,0.541,0.58,1.0,0.965,20.1,100.5,83.75,101.0,0.492,L,0
0022300291,1610612747,Los Angeles,Lakers,LAL,lakers,240:00,524.5,104.9,475.5,95.1,49.0,9.8,0.6,2.0,17.5,0.2,0.741,0.468,11.765,11.8,0.494,0.53,1.0,0.965,20.4,102.0,85.0,102.0,0.56,W,1
0022300291,1610612745,Houston,Rockets,HOU,rockets,240:00,475.5,95.1,524.5,104.9,-49.0,-9.8,0.667,1.41,17.1,0.259,0.8,0.532,16.667,16.7,0.466,0.5,1.0,0.974,20.4,102.0,85.0,102.0,0.44,L,0
0022300286,1610612749,Milwaukee,Bucks,MIL,bucks,240:00,634.6,126.9,581.7,116.3,52.9,10.6,0.623,2.06,22.6,0.237,0.672,0.5,15.385,15.4,0.674,0.69,1.0,0.973,20.8,104.0,86.67,104.0,0.573,W,1
0022300286,1610612737,Atlanta,Hawks,ATL,hawks,240:00,581.7,116.3,634.6,126.9,-52.9,-10.6,0.511,2.09,15.8,0.328,0.763,0.5,10.577,10.6,0.52,0.549,1.0,0.984,20.8,104.0,86.67,104.0,0.427,L,0
0022300289,1610612762,Utah,Jazz,UTA,jazz,265:00,561.9,112.4,538.1,107.6,23.8,4.8,0.587,1.5,17.9,0.392,0.724,0.569,17.143,17.1,0.527,0.564,1.0,0.984,19.02,95.09,79.25,105.0,0.562,W,1
0022300289,1610612757,Portland,Trail Blazers,POR,blazers,265:00,538.1,107.6,561.9,112.4,-23.8,-4.8,0.447,1.55,12.3,0.276,0.608,0.431,10.476,10.5,0.468,0.529,1.0,0.959,19.02,95.09,79.25,105.0,0.438,L,0
0022300290,1610612758,Sacramento,Kings,SAC,kings,240:00,574.8,115.0,546.7,109.3,28.0,5.6,0.688,3.0,22.0,0.208,0.759,0.486,10.28,10.3,0.566,0.582,1.0,0.991,21.4,107.0,89.17,107.0,0.507,W,1
0022300290,1610612743,Denver,Nuggets,DEN,nuggets,240:00,546.7,109.3,574.8,115.0,-28.0,-5.6,0.714,3.18,22.9,0.241,0.792,0.514,10.28,10.3,0.525,0.543,1.0,0.992,21.4,107.0,89.17,107.0,0.493,L,0
0022300285,1610612741,Chicago,Bulls,CHI,bulls,240:00,639.2,127.8,614.6,122.9,24.6,4.9,0.667,2.46,22.7,0.31,0.674,0.5,13.402,13.4,0.642,0.655,1.0,0.982,19.3,96.5,80.42,97.0,0.542,W,1
0022300285,1610612740,New Orleans,Pelicans,NOP,pelicans,240:00,614.6,122.9,639.2,127.8,-24.6,-4.9,0.488,1.67,15.3,0.326,0.69,0.5,12.5,12.5,0.549,0.606,1.0,0.991,19.3,96.5,80.42,96.0,0.458,L,0
0022300282,1610612751,Brooklyn,Nets,BKN,nets,240:00,645.0,129.0,505.0,101.0,140.0,28.0,0.674,2.82,21.1,0.333,0.772,0.571,11.0,11.0,0.582,0.616,1.0,0.983,20.0,100.0,83.33,100.0,0.663,W,1
0022300282,1610612753,Orlando,Magic,ORL,magic,240:00,505.0,101.0,645.0,129.0,-140.0,-28.0,0.686,2.18,17.5,0.228,0.667,0.429,11.0,11.0,0.449,0.506,1.0,0.982,20.0,100.0,83.33,100.0,0.337,L,0
0022300284,1610612748,Miami,Heat,MIA,heat,240:00,658.2,131.6,734.7,146.9,-76.5,-15.3,0.563,2.25,19.4,0.326,0.806,0.527,12.245,12.2,0.607,0.648,1.0,0.964,19.6,98.0,81.67,98.0,0.414,L,0
0022300284,1610612754,Indiana,Pacers,IND,pacers,240:00,734.7,146.9,658.2,131.6,76.5,15.3,0.625,3.5,25.4,0.194,0.674,0.473,10.204,10.2,0.753,0.768,1.0,0.99,19.6,98.0,81.67,98.0,0.586,W,1
0022300281,1610612766,Charlotte,Hornets,CHA,hornets,240:00,609.4,121.9,647.4,129.5,-38.0,-7.6,0.659,3.63,20.9,0.313,0.674,0.484,8.333,8.3,0.549,0.589,1.0,0.982,19.1,95.5,79.58,96.0,0.47,L,0
0022300281,1610612750,Minnesota,Timberwolves,MIN,timberwolves,240:00,647.4,129.5,609.4,121.9,38.0,7.6,0.605,2.36,19.4,0.326,0.688,0.516,11.579,11.6,0.577,0.633,1.0,1.0,19.1,95.5,79.58,95.0,0.53,W,1
0022300287,1610612742,Dallas,Mavericks,DAL,mavericks,240:00,576.9,115.4,611.7,122.3,-34.7,-6.9,0.667,1.63,17.6,0.327,0.638,0.487,15.385,15.4,0.557,0.586,1.0,0.967,20.7,103.5,86.25,104.0,0.485,L,0
0022300287,1610612760,Oklahoma City,Thunder,OKC,thunder,240:00,611.7,122.3,576.9,115.4,34.7,6.9,0.545,1.85,16.2,0.362,0.673,0.513,12.621,12.6,0.54,0.574,1.0,0.984,20.7,103.5,86.25,103.0,0.515,W,1
0022300277,1610612742,Dallas,Mavericks,DAL,mavericks,240:00,500.0,100.0,562.5,112.5,-62.5,-12.5,0.794,2.25,19.3,0.302,0.667,0.459,12.766,12.8,0.435,0.464,1.0,0.991,19.0,95.0,79.17,94.0,0.418,L,0
0022300277,1610612763,Memphis,Grizzlies,MEM,grizzlies,240:00,562.5,112.5,500.0,100.0,62.5,12.5,0.614,1.8,19.4,0.333,0.698,0.541,15.625,15.6,0.55,0.569,1.0,0.955,19.0,95.0,79.17,96.0,0.582,W,1
0022300278,1610612740,New Orleans,Pelicans,NOP,pelicans,240:00,605.0,121.0,530.0,106.0,75.0,15.0,0.619,2.17,19.0,0.273,0.717,0.5,12.0,12.0,0.553,0.619,1.0,0.982,20.0,100.0,83.33,100.0,0.584,W,1
0022300278,1610612759,San Antonio,Spurs,SAS,spurs,240:00,530.0,106.0,605.0,121.0,-75.0,-15.0,0.737,1.4,19.9,0.283,0.727,0.5,20.0,20.0,0.554,0.586,1.0,0.973,20.0,100.0,83.33,100.0,0.416,L,0
0022300274,1610612753,Orlando,Magic,ORL,magic,240:00,619.0,123.8,595.2,119.0,23.8,4.8,0.761,2.33,22.7,0.298,0.765,0.541,14.286,14.3,0.584,0.628,1.0,0.975,21.0,105.0,87.5,105.0,0.556,W,1
0022300274,1610612764,Washington,Wizards,WAS,wizards,240:00,595.2,119.0,619.0,123.8,-23.8,-4.8,0.556,1.79,17.6,0.235,0.702,0.459,13.333,13.3,0.579,0.609,1.0,0.991,21.0,105.0,87.5,105.0,0.444,L,0
0022300279,1610612756,Phoenix,Suns,PHX,suns,240:00,572.2,114.4,619.8,124.0,-47.6,-9.5,0.564,1.83,16.9,0.311,0.854,0.57,12.371,12.4,0.518,0.582,1.0,1.0,19.3,96.5,80.42,97.0,0.457,L,0
0022300279,1610612743,Denver,Nuggets,DEN,nuggets,240:00,619.8,124.0,572.2,114.4,47.6,9.5,0.76,4.22,27.1,0.146,0.689,0.43,9.375,9.4,0.636,0.638,1.0,0.99,19.3,96.5,80.42,96.0,0.543,W,1
0022300276,1610612761,Toronto,Raptors,TOR,raptors,240:00,546.4,109.3,613.4,122.7,-67.0,-13.4,0.727,2.67,20.8,0.417,0.696,0.538,12.371,12.4,0.47,0.493,1.0,0.975,19.4,97.0,80.83,97.0,0.445,L,0
0022300276,1610612752,New York,Knicks,NYK,knicks,240:00,613.4,122.7,546.4,109.3,67.0,13.4,0.667,2.31,21.3,0.304,0.583,0.462,13.402,13.4,0.589,0.613,1.0,0.973,19.4,97.0,80.83,97.0,0.555,W,1
0022300275,1610612738,Boston,Celtics,BOS,celtics,240:00,606.8,121.4,577.7,115.5,29.1,5.8,0.641,1.25,18.0,0.275,0.691,0.516,19.417,19.4,0.61,0.673,1.0,0.982,20.6,103.0,85.83,103.0,0.577,W,1
0022300275,1610612755,Philadelphia,76ers,PHI,sixers,240:00,577.7,115.5,606.8,121.4,-29.1,-5.8,0.372,1.0,11.9,0.309,0.725,0.484,15.534,15.5,0.543,0.571,1.0,0.992,20.6,103.0,85.83,103.0,0.423,L,0
0022300268,1610612752,New York,Knicks,NYK,knicks,240:00,596.0,119.2,565.7,113.1,30.3,6.1,0.61,2.27,18.1,0.294,0.756,0.5,11.111,11.1,0.557,0.588,1.0,0.991,19.8,99.0,82.5,99.0,0.541,W,1
0022300268,1610612765,Detroit,Pistons,DET,pistons,240:00,565.7,113.1,596.0,119.2,-30.3,-6.1,0.512,1.1,16.8,0.244,0.706,0.5,20.202,20.2,0.623,0.633,1.0,0.982,19.8,99.0,82.5,99.0,0.459,L,0
0022300269,1610612741,Chicago,Bulls,CHI,bulls,265:00,535.7,107.1,509.0,101.8,26.7,5.3,0.711,1.52,19.6,0.351,0.722,0.532,18.75,18.8,0.526,0.557,1.0,0.992,20.2,100.98,84.15,112.0,0.549,W,1
0022300269,1610612749,Milwaukee,Bucks,MIL,bucks,265:00,509.0,101.8,535.7,107.1,-26.7,-5.3,0.636,1.33,18.3,0.278,0.649,0.468,18.919,18.9,0.531,0.545,1.0,0.984,20.2,100.98,84.15,111.0,0.451,L,0
0022300267,1610612748,Miami,Heat,MIA,heat,240:00,669.8,134.0,616.8,123.4,53.0,10.6,0.521,1.79,17.1,0.366,0.722,0.568,13.208,13.2,0.605,0.671,1.0,0.992,21.3,106.5,88.75,106.0,0.55,W,1
0022300267,1610612754,Indiana,Pacers,IND,pacers,240:00,616.8,123.4,669.8,134.0,-53.0,-10.6,0.6,3.0,19.7,0.278,0.634,0.432,9.346,9.3,0.566,0.589,1.0,0.967,21.3,106.5,88.75,107.0,0.45,L,0
0022300271,1610612760,Oklahoma City,Thunder,OKC,thunder,240:00,639.4,127.9,523.8,104.8,115.6,23.1,0.58,3.22,20.4,0.2,0.851,0.533,8.654,8.7,0.606,0.641,1.0,0.973,20.9,104.5,87.08,104.0,0.594,W,1
0022300271,1610612747,Los Angeles,Lakers,LAL,lakers,240:00,523.8,104.8,639.4,127.9,-115.6,-23.1,0.667,1.71,17.6,0.149,0.8,0.467,13.333,13.3,0.512,0.578,1.0,0.964,20.9,104.5,87.08,105.0,0.406,L,0
0022300272,1610612759,San Antonio,Spurs,SAS,spurs,240:00,619.3,123.9,622.7,124.5,-3.5,-0.7,0.708,1.62,22.1,0.262,0.76,0.533,19.266,19.3,0.64,0.681,1.0,0.992,21.9,109.5,91.25,109.0,0.518,L,0
0022300272,1610612737,Atlanta,Hawks,ATL,hawks,240:00,622.7,124.5,619.3,123.9,3.5,0.7,0.49,2.4,16.4,0.24,0.738,0.467,9.091,9.1,0.583,0.63,1.0,0.975,21.9,109.5,91.25,110.0,0.482,W,1
0022300273,1610612744,Golden State,Warriors,GSW,warriors,240:00,631.6,126.3,606.4,121.3,25.2,5.0,0.732,3.33,21.7,0.31,0.69,0.53,9.474,9.5,0.591,0.627,1.0,0.954,18.9,94.5,78.75,95.0,0.56,W,1
0022300273,1610612746,LA,Clippers,LAC,clippers,240:00,606.4,121.3,631.6,126.3,-25.2,-5.0,0.619,4.33,18.8,0.31,0.69,0.47,6.383,6.4,0.505,0.54,1.0,0.991,18.9,94.5,78.75,94.0,0.44,L,0
0022300265,1610612739,Cleveland,Cavaliers,CLE,cavaliers,240:00,500.0,100.0,542.1,108.4,-42.1,-8.4,0.658,1.32,18.0,0.392,0.684,0.517,20.0,20.0,0.466,0.504,1.0,0.974,19.0,95.0,79.17,95.0,0.428,L,0
0022300265,1610612757,Portland,Trail Blazers,POR,blazers,240:00,542.1,108.4,500.0,100.0,42.1,8.4,0.744,1.26,21.3,0.316,0.608,0.483,24.211,24.2,0.597,0.629,1.0,0.972,19.0,95.0,79.17,95.0,0.572,W,1
0022300270,1610612750,Minnesota,Timberwolves,MIN,timberwolves,240:00,520.6,104.1,463.9,92.8,56.7,11.3,0.744,2.42,21.0,0.235,0.648,0.448,12.371,12.4,0.511,0.533,1.0,0.972,19.4,97.0,80.83,97.0,0.596,W,1
0022300270,1610612762,Utah,Jazz,UTA,jazz,240:00,463.9,92.8,520.6,104.1,-56.7,-11.3,0.667,1.05,16.1,0.352,0.765,0.552,21.649,21.6,0.443,0.483,1.0,0.974,19.4,97.0,80.83,97.0,0.404,L,0
0022300266,1610612751,Brooklyn,Nets,BKN,nets,240:00,680.9,136.2,671.9,134.4,9.0,1.8,0.404,2.33,14.9,0.464,0.667,0.554,9.574,9.6,0.562,0.573,1.0,1.0,19.0,95.0,79.17,94.0,0.474,L,0
0022300266,1610612766,Charlotte,Hornets,CHA,hornets,240:00,671.9,134.4,680.9,136.2,-9.0,-1.8,0.652,3.33,21.3,0.333,0.536,0.446,9.375,9.4,0.621,0.658,1.0,0.964,19.0,95.0,79.17,96.0,0.526,W,1
0022300259,1610612753,Orlando,Magic,ORL,magic,240:00,668.3,133.7,588.2,117.6,80.0,16.0,0.667,1.79,22.8,0.353,0.78,0.607,18.269,18.3,0.708,0.735,1.0,0.965,20.6,103.0,85.83,104.0,0.576,W,1
0022300259,1610612764,Washington,Wizards,WAS,wizards,240:00,588.2,117.6,668.3,133.7,-80.0,-16.0,0.683,2.8,19.9,0.22,0.647,0.393,9.804,9.8,0.534,0.586,1.0,0.991,20.6,103.0,85.83,102.0,0.424,L,0
0022300262,1610612740,New Orleans,Pelicans,NOP,pelicans,240:00,613.9,122.8,581.6,116.3,32.2,6.4,0.786,1.57,22.1,0.385,0.732,0.563,20.792,20.8,0.603,0.667,1.0,0.948,19.9,99.5,82.92,101.0,0.568,W,1
0022300262,1610612755,Philadelphia,76ers,PHI,sixers,240:00,581.6,116.3,613.9,122.8,-32.2,-6.4,0.667,1.33,20.4,0.268,0.615,0.438,21.429,21.4,0.605,0.641,1.0,0.991,19.9,99.5,82.92,98.0,0.432,L,0
0022300261,1610612763,Memphis,Grizzlies,MEM,grizzlies,240:00,552.6,110.5,484.0,96.8,68.6,13.7,0.605,1.53,19.0,0.356,0.672,0.534,17.895,17.9,0.569,0.58,1.0,0.955,18.9,94.5,78.75,95.0,0.619,W,1
0022300261,1610612762,Utah,Jazz,UTA,jazz,240:00,484.0,96.8,552.6,110.5,-68.6,-13.7,0.765,1.44,18.8,0.328,0.644,0.466,19.149,19.1,0.467,0.478,1.0,0.991,18.9,94.5,78.75,94.0,0.381,L,0
0022300264,1610612758,Sacramento,Kings,SAC,kings,240:00,585.0,117.0,668.4,133.7,-83.4,-16.7,0.55,1.57,16.1,0.34,0.761,0.548,14.0,14.0,0.541,0.595,1.0,0.974,19.8,99.0,82.5,100.0,0.432,L,0
0022300264,1610612746,LA,Clippers,LAC,clippers,240:00,668.4,133.7,585.0,117.0,83.4,16.7,0.56,4.0,20.4,0.239,0.66,0.452,7.143,7.1,0.613,0.638,1.0,0.972,19.8,99.0,82.5,98.0,0.568,W,1
0022300263,1610612743,Denver,Nuggets,DEN,nuggets,240:00,736.3,147.3,681.3,136.3,54.9,11.0,0.771,9.25,24.7,0.44,0.674,0.548,4.396,4.4,0.605,0.629,1.0,0.973,18.2,91.0,75.83,91.0,0.54,W,1
0022300263,1610612745,Houston,Rockets,HOU,rockets,240:00,681.3,136.3,736.3,147.3,-54.9,-11.0,0.574,3.0,20.5,0.326,0.56,0.452,9.89,9.9,0.64,0.657,1.0,0.971,18.2,91.0,75.83,91.0,0.46,L,0
0022300260,1610612761,Toronto,Raptors,TOR,raptors,240:00,577.3,115.5,546.9,109.4,30.4,6.1,0.595,2.5,18.1,0.302,0.649,0.482,10.309,10.3,0.505,0.548,1.0,0.965,19.3,96.5,80.42,97.0,0.519,W,1
0022300260,1610612756,Phoenix,Suns,PHX,suns,240:00,546.9,109.4,577.3,115.5,-30.4,-6.1,0.658,2.5,17.7,0.351,0.698,0.518,10.417,10.4,0.441,0.504,1.0,0.983,19.3,96.5,80.42,96.0,0.481,L,0
0022300258,1610612765,Detroit,Pistons,DET,pistons,240:00,504.7,100.9,627.4,125.5,-122.6,-24.5,0.7,2.0,19.2,0.207,0.717,0.433,13.208,13.2,0.49,0.519,1.0,0.983,21.2,106.0,88.33,106.0,0.341,L,0
0022300258,1610612747,Los Angeles,Lakers,LAL,lakers,240:00,627.4,125.5,504.7,100.9,122.6,24.5,0.622,2.33,19.2,0.283,0.793,0.567,11.321,11.3,0.58,0.635,1.0,0.992,21.2,106.0,88.33,106.0,0.659,W,1
0022300056,1610612748,Miami,Heat,MIA,heat,240:00,620.0,124.0,648.5,129.7,-28.5,-5.7,0.667,5.33,22.5,0.196,0.762,0.452,6.0,6.0,0.585,0.601,1.0,0.991,20.1,100.5,83.75,100.0,0.464,L,0
0022300056,1610612749,Milwaukee,Bucks,MIL,bucks,240:00,648.5,129.7,620.0,124.0,28.5,5.7,0.553,2.89,19.0,0.238,0.804,0.548,8.911,8.9,0.608,0.656,1.0,0.973,20.1,100.5,83.75,101.0,0.536,W,1
0022300057,1610612752,New York,Knicks,NYK,knicks,240:00,599.0,119.8,478.9,95.8,120.0,24.0,0.512,1.31,15.4,0.388,0.722,0.563,16.667,16.7,0.551,0.594,1.0,0.974,19.1,95.5,79.58,96.0,0.631,W,1
0022300057,1610612766,Charlotte,Hornets,CHA,hornets,240:00,478.9,95.8,599.0,119.8,-120.0,-24.0,0.568,1.24,16.0,0.278,0.612,0.437,17.895,17.9,0.489,0.494,1.0,0.991,19.1,95.5,79.58,95.0,0.369,L,0
0022300060,1610612758,Sacramento,Kings,SAC,kings,240:00,590.5,118.1,580.2,116.0,10.3,2.1,0.61,2.5,17.4,0.237,0.783,0.476,9.524,9.5,0.533,0.566,1.0,1.0,21.1,105.5,87.92,105.0,0.49,W,1
0022300060,1610612744,Golden State,Warriors,GSW,warriors,240:00,580.2,116.0,590.5,118.1,-10.3,-2.1,0.625,1.25,17.7,0.217,0.763,0.524,18.868,18.9,0.584,0.639,1.0,0.966,21.1,105.5,87.92,106.0,0.51,L,0
0022300059,1610612742,Dallas,Mavericks,DAL,mavericks,240:00,630.2,126.0,592.8,118.6,37.4,7.5,0.595,3.57,18.5,0.286,0.667,0.468,7.292,7.3,0.539,0.595,1.0,0.991,19.3,96.5,80.42,96.0,0.509,W,1
0022300059,1610612745,Houston,Rockets,HOU,rockets,240:00,592.8,118.6,630.2,126.0,-37.4,-7.5,0.786,2.75,22.8,0.333,0.714,0.532,12.371,12.4,0.541,0.588,1.0,0.973,19.3,96.5,80.42,97.0,0.491,L,0
0022300055,1610612739,Cleveland,Cavaliers,CLE,cavaliers,240:00,621.4,124.3,509.7,101.9,111.7,22.3,0.54,1.59,18.8,0.318,0.687,0.541,16.505,16.5,0.608,0.637,1.0,0.974,20.6,103.0,85.83,103.0,0.634,W,1
0022300055,1610612737,Atlanta,Hawks,ATL,hawks,240:00,509.7,101.9,621.4,124.3,-111.7,-22.3,0.6,1.91,14.6,0.313,0.682,0.459,10.68,10.7,0.411,0.471,1.0,0.984,20.6,103.0,85.83,103.0,0.366,L,0
0022300058,1610612750,Minnesota,Timberwolves,MIN,timberwolves,240:00,530.0,106.0,515.0,103.0,15.0,3.0,0.545,0.9,13.4,0.333,0.782,0.573,20.0,20.0,0.513,0.576,1.0,0.974,20.0,100.0,83.33,100.0,0.542,W,1
0022300058,1610612760,Oklahoma City,Thunder,OKC,thunder,240:00,515.0,103.0,530.0,106.0,-15.0,-3.0,0.595,2.2,16.4,0.218,0.667,0.427,10.0,10.0,0.472,0.514,1.0,0.964,20.0,100.0,83.33,100.0,0.458,L,0
0022300053,1610612738,Boston,Celtics,BOS,celtics,240:00,645.8,129.2,500.0,100.0,145.8,29.2,0.766,2.25,24.5,0.356,0.786,0.594,16.667,16.7,0.639,0.651,1.0,1.0,19.3,96.5,80.42,96.0,0.606,W,1
0022300053,1610612741,Chicago,Bulls,CHI,bulls,240:00,500.0,100.0,645.8,129.2,-145.8,-29.2,0.641,3.13,18.7,0.214,0.644,0.406,8.247,8.2,0.483,0.495,1.0,0.972,19.3,96.5,80.42,97.0,0.394,L,0
0022300054,1610612751,Brooklyn,Nets,BKN,nets,240:00,575.0,115.0,520.2,104.0,54.8,11.0,0.65,1.73,18.2,0.353,0.73,0.561,15.0,15.0,0.522,0.572,1.0,0.983,19.9,99.5,82.92,100.0,0.587,W,1
0022300054,1610612761,Toronto,Raptors,TOR,raptors,240:00,520.2,104.0,575.0,115.0,-54.8,-11.0,0.692,3.86,18.9,0.27,0.647,0.439,7.071,7.1,0.45,0.471,1.0,1.0,19.9,99.5,82.92,99.0,0.413,L,0
0022300255,1610612755,Philadelphia,76ers,PHI,sixers,240:00,711.3,142.3,489.6,97.9,221.8,44.4,0.702,4.71,22.4,0.354,0.783,0.564,7.216,7.2,0.624,0.661,1.0,0.965,19.3,96.5,80.42,97.0,0.687,W,1
0022300255,1610612747,Los Angeles,Lakers,LAL,lakers,240:00,489.6,97.9,711.3,142.3,-221.8,-44.4,0.59,1.35,17.8,0.217,0.646,0.436,17.708,17.7,0.512,0.53,1.0,0.991,19.3,96.5,80.42,96.0,0.313,L,0
0022300253,1610612765,Detroit,Pistons,DET,pistons,240:00,495.4,99.1,588.8,117.8,-93.4,-18.7,0.674,1.71,18.5,0.339,0.804,0.537,15.741,15.7,0.461,0.485,1.0,0.977,21.5,107.5,89.58,108.0,0.398,L,0
0022300253,1610612764,Washington,Wizards,WAS,wizards,240:00,588.8,117.8,495.4,99.1,93.4,18.7,0.644,1.81,20.0,0.196,0.661,0.463,14.953,15.0,0.562,0.622,1.0,0.983,21.5,107.5,89.58,107.0,0.602,W,1
0022300257,1610612746,LA,Clippers,LAC,clippers,240:00,530.6,106.1,576.5,115.3,-45.9,-9.2,0.514,1.38,13.5,0.321,0.643,0.486,13.265,13.3,0.447,0.52,1.0,0.983,19.6,98.0,81.67,98.0,0.447,L,0
0022300257,1610612743,Denver,Nuggets,DEN,nuggets,240:00,576.5,115.3,530.6,106.1,45.9,9.2,0.636,2.55,19.2,0.357,0.679,0.514,11.224,11.2,0.533,0.542,1.0,0.983,19.6,98.0,81.67,98.0,0.553,W,1
0022300256,1610612762,Utah,Jazz,UTA,jazz,240:00,593.8,118.8,595.7,119.1,-2.0,-0.4,0.838,3.1,22.0,0.278,0.735,0.495,10.417,10.4,0.517,0.568,1.0,0.982,19.0,95.0,79.17,96.0,0.501,W,1
0022300256,1610612740,New Orleans,Pelicans,NOP,pelicans,240:00,595.7,119.1,593.8,118.8,2.0,0.4,0.614,3.38,20.1,0.265,0.722,0.505,8.511,8.5,0.54,0.566,1.0,1.0,19.0,95.0,79.17,94.0,0.499,L,0
0022300254,1610612754,Indiana,Pacers,IND,pacers,240:00,528.8,105.8,542.9,108.6,-14.0,-2.8,0.619,1.3,18.1,0.286,0.723,0.5,19.231,19.2,0.523,0.558,1.0,0.992,20.9,104.5,87.08,104.0,0.507,L,0
0022300254,1610612757,Portland,Trail Blazers,POR,blazers,240:00,542.9,108.6,528.8,105.8,14.0,2.8,0.5,1.25,14.5,0.277,0.714,0.5,15.238,15.2,0.524,0.578,1.0,0.983,20.9,104.5,87.08,105.0,0.493,W,1
0022300247,1610612752,New York,Knicks,NYK,knicks,240:00,620.9,124.2,637.4,127.5,-16.5,-3.3,0.462,2.57,14.1,0.385,0.51,0.447,7.692,7.7,0.523,0.565,1.0,0.964,18.2,91.0,75.83,91.0,0.477,L,0
0022300247,1610612756,Phoenix,Suns,PHX,suns,240:00,637.4,127.5,620.9,124.2,16.5,3.3,0.643,2.08,19.1,0.49,0.615,0.553,14.286,14.3,0.549,0.579,1.0,0.974,18.2,91.0,75.83,91.0,0.523,W,1
0022300250,1610612751,Brooklyn,Nets,BKN,nets,240:00,641.3,128.3,592.4,118.5,48.9,9.8,0.707,2.64,22.3,0.227,0.689,0.461,11.957,12.0,0.645,0.658,1.0,0.97,18.4,92.0,76.67,92.0,0.553,W,1
0022300250,1610612741,Chicago,Bulls,CHI,bulls,240:00,592.4,118.5,641.3,128.3,-48.9,-9.8,0.525,1.91,16.5,0.311,0.773,0.539,11.957,12.0,0.554,0.588,1.0,0.981,18.4,92.0,76.67,92.0,0.447,L,0
0022300251,1610612739,Cleveland,Cavaliers,CLE,cavaliers,240:00,530.3,106.1,515.2,103.0,15.2,3.0,0.644,2.07,20.3,0.308,0.696,0.509,14.141,14.1,0.515,0.527,1.0,0.991,19.8,99.0,82.5,99.0,0.526,W,1
0022300251,1610612761,Toronto,Raptors,TOR,raptors,240:00,515.2,103.0,530.3,106.1,-15.2,-3.0,0.459,1.42,12.8,0.304,0.692,0.491,12.121,12.1,0.461,0.501,1.0,0.983,19.8,99.0,82.5,99.0,0.474,L,0
0022300245,1610612749,Milwaukee,Bucks,MIL,bucks,240:00,529.4,105.9,495.1,99.0,34.3,6.9,0.543,1.12,13.5,0.351,0.649,0.5,16.667,16.7,0.472,0.524,1.0,0.992,20.5,102.5,85.42,102.0,0.563,W,1
0022300245,1610612757,Portland,Trail Blazers,POR,blazers,240:00,495.1,99.0,529.4,105.9,-34.3,-6.9,0.568,1.05,14.7,0.351,0.649,0.5,19.417,19.4,0.478,0.511,1.0,0.959,20.5,102.5,85.42,103.0,0.437,L,0
0022300248,1610612753,Orlando,Magic,ORL,magic,240:00,619.0,123.8,551.9,110.4,67.2,13.4,0.702,2.2,22.3,0.25,0.822,0.539,14.286,14.3,0.598,0.64,1.0,0.991,21.1,105.5,87.92,105.0,0.572,W,1
0022300248,1610612766,Charlotte,Hornets,CHA,hornets,240:00,551.9,110.4,619.0,123.8,-67.2,-13.4,0.614,1.5,19.1,0.178,0.75,0.461,16.981,17.0,0.608,0.622,1.0,0.974,21.1,105.5,87.92,106.0,0.428,L,0
0022300249,1610612763,Memphis,Grizzlies,MEM,grizzlies,240:00,500.0,100.0,601.0,120.2,-101.0,-20.2,0.706,1.71,17.3,0.321,0.725,0.49,14.433,14.4,0.443,0.486,1.0,0.991,19.6,98.0,81.67,97.0,0.361,L,0
0022300249,1610612750,Minnesota,Timberwolves,MIN,timberwolves,240:00,601.0,120.2,500.0,100.0,101.0,20.2,0.698,1.88,21.4,0.275,0.679,0.51,16.162,16.2,0.623,0.653,1.0,0.945,19.6,98.0,81.67,99.0,0.639,W,1
0022300246,1610612738,Boston,Celtics,BOS,celtics,240:00,570.7,114.1,520.2,104.0,50.5,10.1,0.571,1.85,16.8,0.377,0.75,0.569,13.131,13.1,0.511,0.544,1.0,0.966,19.8,99.0,82.5,99.0,0.604,W,1
0022300246,1610612737,Atlanta,Hawks,ATL,hawks,240:00,520.2,104.0,570.7,114.1,-50.5,-10.1,0.417,0.94,11.7,0.25,0.623,0.431,16.162,16.2,0.517,0.534,1.0,0.973,19.8,99.0,82.5,99.0,0.396,L,0
0022300252,1610612743,Denver,Nuggets,DEN,nuggets,240:00,628.6,125.7,571.4,114.3,57.1,11.4,0.76,1.9,24.1,0.349,0.731,0.558,19.048,19.0,0.629,0.66,1.0,0.975,21.0,105.0,87.5,105.0,0.553,W,1
0022300252,1610612759,San Antonio,Spurs,SAS,spurs,240:00,571.4,114.3,628.6,125.7,-57.1,-11.4,0.81,2.27,22.4,0.269,0.651,0.442,14.286,14.3,0.527,0.574,1.0,0.992,21.0,105.0,87.5,105.0,0.447,L,0
0022300239,1610612760,Oklahoma City,Thunder,OKC,thunder,240:00,634.0,126.8,648.0,129.6,-13.9,-2.8,0.674,7.25,20.1,0.321,0.542,0.423,4.124,4.1,0.52,0.562,1.0,0.991,19.5,97.5,81.25,97.0,0.464,L,0
0022300239,1610612755,Philadelphia,76ers,PHI,sixers,240:00,648.0,129.6,634.0,126.8,13.9,2.8,0.789,2.31,20.0,0.458,0.679,0.577,13.265,13.3,0.542,0.618,1.0,0.967,19.5,97.5,81.25,98.0,0.536,W,1
0022300241,1610612764,Washington,Wizards,WAS,wizards,240:00,524.3,104.9,660.2,132.0,-135.9,-27.2,0.767,1.65,22.4,0.244,0.642,0.459,19.417,19.4,0.545,0.579,1.0,0.982,20.6,103.0,85.83,103.0,0.429,L,0
0022300241,1610612737,Atlanta,Hawks,ATL,hawks,240:00,660.2,132.0,524.3,104.9,135.9,27.2,0.558,2.9,19.2,0.358,0.756,0.541,9.709,9.7,0.598,0.614,1.0,0.975,20.6,103.0,85.83,103.0,0.571,W,1
0022300244,1610612746,LA,Clippers,LAC,clippers,240:00,575.3,115.1,478.3,95.7,97.0,19.4,0.658,1.92,17.5,0.463,0.746,0.611,13.978,14.0,0.477,0.526,1.0,0.966,18.5,92.5,77.08,93.0,0.652,W,1
0022300244,1610612742,Dallas,Mavericks,DAL,mavericks,240:00,478.3,95.7,575.3,115.1,-97.0,-19.4,0.5,1.89,13.7,0.254,0.537,0.389,9.783,9.8,0.423,0.453,1.0,0.991,18.5,92.5,77.08,92.0,0.348,L,0
0022300240,1610612751,Brooklyn,Nets,BKN,nets,240:00,589.5,117.9,505.2,101.0,84.3,16.9,0.692,2.08,20.8,0.2,0.667,0.462,13.684,13.7,0.59,0.635,1.0,0.971,19.1,95.5,79.58,95.0,0.605,W,1
0022300240,1610612748,Miami,Heat,MIA,heat,240:00,505.2,101.0,589.5,117.9,-84.3,-16.9,0.632,1.33,17.5,0.333,0.8,0.538,18.75,18.8,0.5,0.523,1.0,0.965,19.1,95.5,79.58,96.0,0.395,L,0
0022300243,1610612762,Utah,Jazz,UTA,jazz,240:00,525.0,105.0,500.0,100.0,25.0,5.0,0.605,0.96,16.3,0.367,0.737,0.566,24.0,24.0,0.523,0.556,1.0,0.983,20.0,100.0,83.33,100.0,0.507,W,1
0022300243,1610612740,New Orleans,Pelicans,NOP,pelicans,240:00,500.0,100.0,525.0,105.0,-25.0,-5.0,0.795,2.38,21.2,0.263,0.633,0.434,13.0,13.0,0.478,0.495,1.0,0.983,20.0,100.0,83.33,100.0,0.493,L,0
0022300242,1610612739,Cleveland,Cavaliers,CLE,cavaliers,240:00,537.4,107.5,570.8,114.2,-33.4,-6.7,0.698,2.14,20.5,0.2,0.733,0.453,13.084,13.1,0.522,0.569,1.0,0.991,21.3,106.5,88.75,107.0,0.467,L,0
0022300242,1610612747,Los Angeles,Lakers,LAL,lakers,240:00,570.8,114.2,537.4,107.5,33.4,6.7,0.723,1.89,22.5,0.267,0.8,0.547,16.981,17.0,0.572,0.61,1.0,1.0,21.3,106.5,88.75,106.0,0.533,W,1
0022300052,1610612746,LA,Clippers,LAC,clippers,240:00,524.8,105.0,580.0,116.0,-55.2,-11.0,0.643,2.45,19.3,0.231,0.688,0.45,10.891,10.9,0.516,0.533,1.0,0.973,20.1,100.5,83.75,101.0,0.459,L,0
0022300052,1610612740,New Orleans,Pelicans,NOP,pelicans,240:00,580.0,116.0,524.8,105.0,55.2,11.0,0.605,1.73,18.4,0.313,0.769,0.55,15.0,15.0,0.545,0.581,1.0,1.0,20.1,100.5,83.75,100.0,0.541,W,1
0022300045,1610612752,New York,Knicks,NYK,knicks,240:00,510.2,102.0,494.9,99.0,15.3,3.1,0.538,1.11,16.4,0.2,0.792,0.52,19.388,19.4,0.543,0.562,1.0,0.981,19.7,98.5,82.08,98.0,0.529,W,1
0022300045,1610612748,Miami,Heat,MIA,heat,240:00,494.9,99.0,510.2,102.0,-15.3,-3.1,0.588,1.82,15.4,0.208,0.8,0.48,11.111,11.1,0.448,0.509,1.0,0.973,19.7,98.5,82.08,99.0,0.471,L,0
0022300044,1610612763,Memphis,Grizzlies,MEM,grizzlies,240:00,478.5,95.7,591.4,118.3,-112.9,-22.6,0.595,1.47,18.0,0.178,0.756,0.453,16.129,16.1,0.519,0.527,1.0,0.97,18.6,93.0,77.5,93.0,0.368,L,0
0022300044,1610612756,Phoenix,Suns,PHX,suns,240:00,591.4,118.3,478.5,95.7,112.9,22.6,0.564,1.69,17.7,0.244,0.822,0.547,13.978,14.0,0.586,0.623,1.0,0.98,18.6,93.0,77.5,93.0,0.632,W,1
0022300043,1610612753,Orlando,Magic,ORL,magic,240:00,559.4,111.9,480.0,96.0,79.4,15.9,0.535,1.28,16.7,0.311,0.833,0.581,17.822,17.8,0.571,0.597,1.0,0.974,20.1,100.5,83.75,101.0,0.577,W,1
0022300043,1610612738,Boston,Celtics,BOS,celtics,240:00,480.0,96.0,559.4,111.9,-79.4,-15.9,0.548,1.13,13.7,0.167,0.689,0.419,15.0,15.0,0.454,0.52,1.0,0.991,20.1,100.5,83.75,100.0,0.423,L,0
0022300047,1610612754,Indiana,Pacers,IND,pacers,240:00,686.9,137.4,570.7,114.1,116.2,23.2,0.49,2.67,16.4,0.436,0.625,0.524,9.091,9.1,0.559,0.604,1.0,0.984,19.8,99.0,82.5,99.0,0.544,W,1
0022300047,1610612765,Detroit,Pistons,DET,pistons,240:00,570.7,114.1,686.9,137.4,-116.2,-23.2,0.512,1.57,15.9,0.375,0.564,0.476,14.141,14.1,0.517,0.562,1.0,0.991,19.8,99.0,82.5,99.0,0.456,L,0
0022300050,1610612750,Minnesota,Timberwolves,MIN,timberwolves,240:00,549.5,109.9,613.9,122.8,-64.4,-12.9,0.694,1.39,18.0,0.283,0.66,0.485,17.822,17.8,0.512,0.586,1.0,0.982,20.2,101.0,84.17,101.0,0.475,L,0
0022300050,1610612758,Sacramento,Kings,SAC,kings,240:00,613.9,122.8,549.5,109.9,64.4,12.9,0.51,1.92,17.4,0.34,0.717,0.515,12.871,12.9,0.575,0.591,1.0,0.983,20.2,101.0,84.17,101.0,0.525,W,1
0022300049,1610612749,Milwaukee,Bucks,MIL,bucks,240:00,623.8,124.8,615.4,123.1,8.4,1.7,0.583,3.11,19.3,0.245,0.759,0.515,8.571,8.6,0.571,0.615,1.0,0.983,20.9,104.5,87.08,105.0,0.537,W,1
0022300049,1610612764,Washington,Wizards,WAS,wizards,240:00,615.4,123.1,623.8,124.8,-8.4,-1.7,0.604,3.22,19.9,0.241,0.755,0.485,8.654,8.7,0.555,0.586,1.0,0.983,20.9,104.5,87.08,104.0,0.463,L,0
0022300046,1610612761,Toronto,Raptors,TOR,raptors,240:00,650.5,130.1,580.6,116.1,69.9,14.0,0.727,2.29,23.0,0.318,0.69,0.5,15.054,15.1,0.608,0.638,1.0,0.991,18.6,93.0,77.5,93.0,0.588,W,1
0022300046,1610612741,Chicago,Bulls,CHI,bulls,240:00,580.6,116.1,650.5,130.1,-69.9,-14.0,0.476,1.54,15.9,0.31,0.682,0.5,13.978,14.0,0.585,0.598,1.0,0.972,18.6,93.0,77.5,93.0,0.412,L,0
0022300048,1610612745,Houston,Rockets,HOU,rockets,240:00,530.3,106.1,443.3,88.7,87.0,17.4,0.625,1.79,19.1,0.19,0.697,0.5,14.141,14.1,0.561,0.593,1.0,0.972,19.6,98.0,81.67,99.0,0.672,W,1
0022300048,1610612743,Denver,Nuggets,DEN,nuggets,240:00,443.3,88.7,530.3,106.1,-87.0,-17.4,0.531,1.13,12.7,0.303,0.81,0.5,15.464,15.5,0.378,0.417,1.0,1.0,19.6,98.0,81.67,97.0,0.328,L,0
0022300051,1610612744,Golden State,Warriors,GSW,warriors,240:00,551.4,110.3,523.4,104.7,28.0,5.6,0.875,1.46,22.9,0.256,0.636,0.469,22.43,22.4,0.611,0.644,1.0,0.983,21.4,107.0,89.17,107.0,0.531,W,1
0022300051,1610612759,San Antonio,Spurs,SAS,spurs,240:00,523.4,104.7,551.4,110.3,-28.0,-5.6,0.622,1.4,18.1,0.364,0.744,0.531,18.692,18.7,0.51,0.532,1.0,0.976,21.4,107.0,89.17,107.0,0.469,L,0
0022300232,1610612750,Minnesota,Timberwolves,MIN,timberwolves,240:00,577.3,115.5,510.3,102.1,67.0,13.4,0.651,2.15,19.9,0.308,0.655,0.491,13.402,13.4,0.539,0.562,1.0,0.973,19.4,97.0,80.83,97.0,0.583,W,1
0022300232,1610612755,Philadelphia,76ers,PHI,sixers,240:00,510.3,102.1,577.3,115.5,-67.0,-13.4,0.618,1.4,15.2,0.345,0.692,0.509,15.464,15.5,0.431,0.494,1.0,0.974,19.4,97.0,80.83,97.0,0.417,L,0
0022300237,1610612757,Portland,Trail Blazers,POR,blazers,240:00,611.1,122.2,535.7,107.1,75.4,15.1,0.66,2.21,21.4,0.327,0.591,0.452,14.141,14.1,0.603,0.614,1.0,0.974,19.7,98.5,82.08,99.0,0.544,W,1
0022300237,1610612762,Utah,Jazz,UTA,jazz,240:00,535.7,107.1,611.1,122.2,-75.4,-15.1,0.676,1.04,17.7,0.409,0.673,0.548,24.49,24.5,0.532,0.58,1.0,0.966,19.7,98.5,82.08,98.0,0.456,L,0
0022300230,1610612754,Indiana,Pacers,IND,pacers,240:00,617.9,123.6,616.8,123.4,1.1,0.2,0.66,2.2,22.4,0.19,0.614,0.407,14.151,14.2,0.648,0.668,1.0,0.982,21.3,106.5,88.75,106.0,0.495,L,0
0022300230,1610612761,Toronto,Raptors,TOR,raptors,240:00,616.8,123.4,617.9,123.6,-1.1,-0.2,0.542,1.37,17.3,0.386,0.81,0.593,17.757,17.8,0.594,0.64,1.0,0.96,21.3,106.5,88.75,107.0,0.505,W,1
0022300231,1610612745,Houston,Rockets,HOU,rockets,240:00,572.2,114.4,464.3,92.9,107.9,21.6,0.55,3.14,17.1,0.204,0.782,0.495,7.216,7.2,0.511,0.551,1.0,0.991,19.5,97.5,81.25,97.0,0.605,W,1
0022300231,1610612763,Memphis,Grizzlies,MEM,grizzlies,240:00,464.3,92.9,572.2,114.4,-107.9,-21.6,0.63,1.89,13.5,0.218,0.796,0.505,9.184,9.2,0.372,0.467,1.0,0.982,19.5,97.5,81.25,98.0,0.395,L,0
0022300234,1610612760,Oklahoma City,Thunder,OKC,thunder,240:00,617.0,123.4,536.8,107.4,80.2,16.0,0.649,1.71,18.3,0.317,0.722,0.547,14.894,14.9,0.567,0.632,1.0,0.972,18.9,94.5,78.75,94.0,0.61,W,1
0022300234,1610612741,Chicago,Bulls,CHI,bulls,240:00,536.8,107.4,617.0,123.4,-80.2,-16.0,0.647,1.83,16.8,0.278,0.683,0.453,12.632,12.6,0.483,0.534,1.0,0.963,18.9,94.5,78.75,95.0,0.39,L,0
0022300236,1610612756,Phoenix,Suns,PHX,suns,240:00,615.0,123.0,569.3,113.9,45.7,9.1,0.647,1.47,16.3,0.271,0.642,0.465,15.0,15.0,0.52,0.622,1.0,1.0,20.1,100.5,83.75,100.0,0.558,W,1
0022300236,1610612744,Golden State,Warriors,GSW,warriors,240:00,569.3,113.9,615.0,123.0,-45.7,-9.1,0.674,1.81,19.6,0.358,0.729,0.535,15.842,15.8,0.533,0.56,1.0,0.975,20.1,100.5,83.75,101.0,0.442,L,0
0022300227,1610612737,Atlanta,Hawks,ATL,hawks,265:00,633.6,126.7,625.0,125.0,8.6,1.7,0.471,1.71,14.3,0.431,0.607,0.516,12.069,12.1,0.517,0.571,1.0,0.979,21.01,105.06,87.55,116.0,0.506,W,1
0022300227,1610612751,Brooklyn,Nets,BKN,nets,265:00,625.0,125.0,633.6,126.7,-8.6,-1.7,0.509,1.75,16.7,0.393,0.569,0.484,13.793,13.8,0.553,0.587,1.0,0.986,21.01,105.06,87.55,116.0,0.494,L,0
0022300238,1610612747,Los Angeles,Lakers,LAL,lakers,240:00,520.6,104.1,547.4,109.5,-26.7,-5.3,0.667,2.0,19.3,0.24,0.783,0.536,13.402,13.4,0.53,0.547,1.0,0.945,19.2,96.0,80.0,97.0,0.508,L,0
0022300238,1610612742,Dallas,Mavericks,DAL,mavericks,240:00,547.4,109.5,520.6,104.1,26.7,5.3,0.553,5.25,16.3,0.217,0.76,0.464,4.211,4.2,0.479,0.505,1.0,1.0,19.2,96.0,80.0,95.0,0.492,W,1
0022300228,1610612738,Boston,Celtics,BOS,celtics,240:00,589.1,117.8,568.6,113.7,20.5,4.1,0.614,1.8,20.1,0.143,0.702,0.465,14.851,14.9,0.625,0.65,1.0,0.991,20.3,101.5,84.58,101.0,0.541,W,1
0022300228,1610612749,Milwaukee,Bucks,MIL,bucks,240:00,568.6,113.7,589.1,117.8,-20.5,-4.1,0.511,2.56,16.2,0.298,0.857,0.535,8.824,8.8,0.51,0.535,1.0,0.983,20.3,101.5,84.58,102.0,0.459,L,0
0022300225,1610612766,Charlotte,Hornets,CHA,hornets,240:00,585.0,117.0,564.4,112.9,20.6,4.1,0.628,2.08,19.1,0.264,0.741,0.505,13.0,13.0,0.56,0.584,1.0,0.982,20.1,100.5,83.75,100.0,0.517,W,1
0022300225,1610612764,Washington,Wizards,WAS,wizards,240:00,564.4,112.9,585.0,117.0,-20.6,-4.1,0.591,2.6,18.6,0.259,0.736,0.495,9.901,9.9,0.51,0.543,1.0,1.0,20.1,100.5,83.75,101.0,0.483,L,0
0022300226,1610612753,Orlando,Magic,ORL,magic,240:00,652.6,130.5,619.8,124.0,32.8,6.6,0.614,2.25,20.0,0.342,0.577,0.478,12.632,12.6,0.605,0.658,1.0,0.981,19.1,95.5,79.58,95.0,0.562,W,1
0022300226,1610612743,Denver,Nuggets,DEN,nuggets,240:00,619.8,124.0,652.6,130.5,-32.8,-6.6,0.659,2.42,20.1,0.423,0.658,0.522,12.5,12.5,0.554,0.582,1.0,0.974,19.1,95.5,79.58,96.0,0.438,L,0
0022300229,1610612739,Cleveland,Cavaliers,CLE,cavaliers,240:00,500.0,100.0,686.2,137.2,-186.2,-37.2,0.694,1.32,19.1,0.227,0.644,0.438,19.792,19.8,0.558,0.577,1.0,0.962,19.0,95.0,79.17,96.0,0.372,L,0
0022300229,1610612748,Miami,Heat,MIA,heat,240:00,686.2,137.2,500.0,100.0,186.2,37.2,0.652,2.5,21.4,0.356,0.773,0.562,12.766,12.8,0.636,0.663,1.0,0.973,19.0,95.0,79.17,94.0,0.628,W,1
0022300235,1610612759,San Antonio,Spurs,SAS,spurs,240:00,495.1,99.0,534.3,106.9,-39.2,-7.8,0.743,1.86,18.3,0.25,0.708,0.462,13.592,13.6,0.445,0.504,1.0,0.983,20.5,102.5,85.42,103.0,0.446,L,0
0022300235,1610612746,LA,Clippers,LAC,clippers,240:00,534.3,106.9,495.1,99.0,39.2,7.8,0.744,1.81,20.1,0.292,0.75,0.538,15.686,15.7,0.512,0.557,1.0,1.0,20.5,102.5,85.42,102.0,0.554,W,1
0022300233,1610612740,New Orleans,Pelicans,NOP,pelicans,240:00,590.9,118.2,560.0,112.0,30.9,6.2,0.561,2.3,16.8,0.306,0.804,0.547,10.101,10.1,0.511,0.566,1.0,0.991,19.9,99.5,82.92,99.0,0.541,W,1
0022300233,1610612758,Sacramento,Kings,SAC,kings,240:00,560.0,112.0,590.9,118.2,-30.9,-6.2,0.647,1.38,16.9,0.196,0.694,0.453,16.0,16.0,0.546,0.613,1.0,0.972,19.9,99.5,82.92,100.0,0.459,L,0
0022300040,1610612755,Philadelphia,76ers,PHI,sixers,265:00,550.9,110.2,559.6,111.9,-8.7,-1.7,0.475,1.36,13.2,0.283,0.68,0.464,12.963,13.0,0.474,0.536,1.0,0.984,19.65,98.26,81.89,108.0,0.417,L,0
0022300040,1610612739,Cleveland,Cavaliers,CLE,cavaliers,265:00,559.6,111.9,550.9,110.2,8.7,1.7,0.717,2.06,20.9,0.32,0.717,0.536,14.679,14.7,0.537,0.581,1.0,0.968,19.65,98.26,81.89,109.0,0.583,W,1
0022300041,1610612756,Phoenix,Suns,PHX,suns,240:00,659.3,131.9,581.5,116.3,77.8,15.6,0.605,1.73,19.8,0.424,0.62,0.542,16.484,16.5,0.612,0.679,1.0,0.971,18.3,91.5,76.25,91.0,0.621,W,1
0022300041,1610612757,Portland,Trail Blazers,POR,blazers,240:00,581.5,116.3,659.3,131.9,-77.8,-15.6,0.526,1.54,15.3,0.38,0.576,0.458,14.13,14.1,0.517,0.558,1.0,0.973,18.3,91.5,76.25,92.0,0.379,L,0
0022300038,1610612753,Orlando,Magic,ORL,magic,240:00,623.8,124.8,524.5,104.9,99.3,19.9,0.62,2.38,20.5,0.364,0.737,0.516,12.871,12.9,0.56,0.579,1.0,0.992,20.3,101.5,84.58,101.0,0.554,W,1
0022300038,1610612761,Toronto,Raptors,TOR,raptors,240:00,524.5,104.9,623.8,124.8,-99.3,-19.9,0.763,1.21,20.9,0.263,0.636,0.484,23.529,23.5,0.6,0.632,1.0,0.991,20.3,101.5,84.58,102.0,0.446,L,0
0022300042,1610612747,Los Angeles,Lakers,LAL,lakers,240:00,629.8,126.0,476.0,95.2,153.8,30.8,0.714,2.33,23.5,0.256,0.742,0.554,14.423,14.4,0.634,0.669,1.0,0.965,20.8,104.0,86.67,104.0,0.691,W,1
0022300042,1610612762,Utah,Jazz,UTA,jazz,240:00,476.0,95.2,629.8,126.0,-153.8,-30.8,0.658,1.79,17.2,0.258,0.744,0.446,13.462,13.5,0.444,0.471,1.0,0.992,20.8,104.0,86.67,104.0,0.309,L,0
0022300039,1610612737,Atlanta,Hawks,ATL,hawks,240:00,703.7,140.7,720.2,144.0,-16.5,-3.3,0.491,1.87,18.7,0.35,0.7,0.525,13.889,13.9,0.679,0.708,1.0,0.992,21.7,108.5,90.42,108.0,0.491,L,0
0022300039,1610612754,Indiana,Pacers,IND,pacers,240:00,720.2,144.0,703.7,140.7,16.5,3.3,0.614,2.5,22.4,0.3,0.65,0.475,12.844,12.8,0.723,0.738,1.0,0.975,21.7,108.5,90.42,109.0,0.509,W,1
0022300220,1610612741,Chicago,Bulls,CHI,bulls,240:00,543.5,108.7,641.3,128.3,-97.8,-19.6,0.568,1.91,17.4,0.182,0.721,0.448,11.957,12.0,0.525,0.568,1.0,0.98,18.4,92.0,76.67,92.0,0.418,L,0
0022300220,1610612748,Miami,Heat,MIA,heat,240:00,641.3,128.3,543.5,108.7,97.8,19.6,0.738,3.1,23.0,0.279,0.818,0.552,10.87,10.9,0.601,0.636,1.0,0.962,18.4,92.0,76.67,92.0,0.582,W,1
0022300222,1610612740,New Orleans,Pelicans,NOP,pelicans,240:00,645.0,129.0,465.0,93.0,180.0,36.0,0.76,3.17,24.7,0.364,0.783,0.606,12.0,12.0,0.609,0.637,1.0,0.966,20.0,100.0,83.33,100.0,0.709,W,1
0022300222,1610612758,Sacramento,Kings,SAC,kings,240:00,465.0,93.0,645.0,129.0,-180.0,-36.0,0.818,2.08,19.3,0.217,0.636,0.394,13.0,13.0,0.443,0.477,1.0,0.982,20.0,100.0,83.33,100.0,0.291,L,0
0022300223,1610612759,San Antonio,Spurs,SAS,spurs,240:00,500.0,100.0,613.9,122.8,-113.9,-22.8,0.59,1.44,17.0,0.241,0.706,0.467,16.162,16.2,0.489,0.515,1.0,1.0,20.0,100.0,83.33,99.0,0.367,L,0
0022300223,1610612746,LA,Clippers,LAC,clippers,240:00,613.9,122.8,500.0,100.0,113.9,22.8,0.667,4.29,20.7,0.294,0.759,0.533,6.931,6.9,0.537,0.585,1.0,0.974,20.0,100.0,83.33,101.0,0.633,W,1
0022300224,1610612744,Golden State,Warriors,GSW,warriors,240:00,643.6,128.7,610.5,122.1,33.1,6.6,0.722,3.25,20.3,0.182,0.685,0.459,8.511,8.5,0.604,0.661,1.0,0.98,18.9,94.5,78.75,94.0,0.522,W,1
0022300224,1610612745,Houston,Rockets,HOU,rockets,240:00,610.5,122.1,643.6,128.7,-33.1,-6.6,0.636,3.5,20.0,0.315,0.818,0.541,8.421,8.4,0.532,0.561,1.0,0.973,18.9,94.5,78.75,95.0,0.478,L,0
0022300218,1610612765,Detroit,Pistons,DET,pistons,240:00,530.9,106.2,540.4,108.1,-9.5,-1.9,0.583,1.17,16.2,0.267,0.74,0.516,18.557,18.6,0.488,0.557,1.0,1.0,19.6,98.0,81.67,97.0,0.444,L,0
0022300218,1610612743,Denver,Nuggets,DEN,nuggets,240:00,540.4,108.1,530.9,106.2,9.5,1.9,0.75,2.14,21.3,0.26,0.733,0.484,14.141,14.1,0.523,0.556,1.0,0.982,19.6,98.0,81.67,99.0,0.556,W,1
0022300217,1610612766,Charlotte,Hornets,CHA,hornets,265:00,565.4,113.1,541.3,108.3,24.1,4.8,0.63,2.23,18.6,0.345,0.712,0.53,12.15,12.1,0.505,0.543,1.0,0.984,19.56,97.81,81.51,107.0,0.561,W,1
0022300217,1610612738,Boston,Celtics,BOS,celtics,265:00,541.3,108.3,565.4,113.1,-24.1,-4.8,0.452,1.27,13.2,0.288,0.655,0.47,13.761,13.8,0.515,0.54,1.0,0.968,19.56,97.81,81.51,109.0,0.439,L,0
0022300221,1610612750,Minnesota,Timberwolves,MIN,timberwolves,240:00,590.9,118.2,500.0,100.0,90.9,18.2,0.732,2.14,21.7,0.205,0.672,0.476,14.141,14.1,0.581,0.622,1.0,0.981,19.9,99.5,82.92,99.0,0.624,W,1
0022300221,1610612752,New York,Knicks,NYK,knicks,240:00,500.0,100.0,590.9,118.2,-90.9,-18.2,0.5,1.6,11.8,0.328,0.795,0.524,10.0,10.0,0.397,0.467,1.0,0.975,19.9,99.5,82.92,100.0,0.376,L,0
0022300219,1610612764,Washington,Wizards,WAS,wizards,240:00,626.2,125.2,689.3,137.9,-63.1,-12.6,0.527,7.25,21.2,0.111,0.524,0.31,3.883,3.9,0.606,0.621,1.0,0.981,20.6,103.0,85.83,103.0,0.439,L,0
0022300219,1610612749,Milwaukee,Bucks,MIL,bucks,240:00,689.3,137.9,626.2,125.2,63.1,12.6,0.6,2.2,21.2,0.476,0.889,0.69,14.563,14.6,0.644,0.668,1.0,0.967,20.6,103.0,85.83,103.0,0.561,W,1
0022300210,1610612739,Cleveland,Cavaliers,CLE,cavaliers,240:00,623.7,124.7,561.9,112.4,61.9,12.4,0.667,2.14,21.6,0.3,0.766,0.552,14.433,14.4,0.616,0.647,1.0,0.972,19.4,97.0,80.83,97.0,0.592,W,1
0022300210,1610612743,Denver,Nuggets,DEN,nuggets,240:00,561.9,112.4,623.7,124.7,-61.9,-12.4,0.59,1.77,17.6,0.234,0.7,0.448,13.402,13.4,0.561,0.592,1.0,0.963,19.4,97.0,80.83,97.0,0.408,L,0
0022300212,1610612742,Dallas,Mavericks,DAL,mavericks,240:00,570.7,114.1,671.9,134.4,-101.2,-20.2,0.561,2.3,16.8,0.294,0.667,0.469,10.101,10.1,0.534,0.568,1.0,0.956,19.5,97.5,81.25,99.0,0.428,L,0
0022300212,1610612758,Sacramento,Kings,SAC,kings,240:00,671.9,134.4,570.7,114.1,101.2,20.2,0.708,2.62,23.4,0.333,0.706,0.531,13.542,13.5,0.628,0.65,1.0,0.991,19.5,97.5,81.25,96.0,0.572,W,1
0022300211,1610612761,Toronto,Raptors,TOR,raptors,240:00,669.8,134.0,538.1,107.6,131.7,26.3,0.8,5.5,26.2,0.34,0.776,0.549,7.547,7.5,0.608,0.619,1.0,0.968,21.1,105.5,87.92,106.0,0.634,W,1
0022300211,1610612765,Detroit,Pistons,DET,pistons,240:00,538.1,107.6,669.8,134.0,-131.7,-26.3,0.641,1.47,17.7,0.224,0.66,0.451,16.19,16.2,0.524,0.574,1.0,0.983,21.1,105.5,87.92,105.0,0.366,L,0
0022300209,1610612754,Indiana,Pacers,IND,pacers,240:00,537.0,107.4,587.2,117.4,-50.1,-10.0,0.571,1.5,16.2,0.304,0.696,0.48,14.815,14.8,0.484,0.534,1.0,1.0,21.7,108.5,90.42,108.0,0.415,L,0
0022300209,1610612753,Orlando,Magic,ORL,magic,240:00,587.2,117.4,537.0,107.4,50.1,10.0,0.488,1.4,14.6,0.304,0.696,0.52,13.761,13.8,0.534,0.607,1.0,0.976,21.7,108.5,90.42,109.0,0.585,W,1
0022300216,1610612747,Los Angeles,Lakers,LAL,lakers,240:00,535.7,107.1,530.6,106.1,5.1,1.0,0.667,1.44,18.6,0.348,0.791,0.562,18.367,18.4,0.506,0.548,1.0,0.974,19.6,98.0,81.67,98.0,0.521,W,1
0022300216,1610612745,Houston,Rockets,HOU,rockets,240:00,530.6,106.1,535.7,107.1,-5.1,-1.0,0.854,1.94,24.6,0.209,0.652,0.438,18.367,18.4,0.571,0.588,1.0,0.981,19.6,98.0,81.67,98.0,0.479,L,0
0022300213,1610612763,Memphis,Grizzlies,MEM,grizzlies,240:00,531.9,106.4,542.6,108.5,-10.6,-2.1,0.757,2.55,20.1,0.31,0.696,0.481,11.702,11.7,0.479,0.503,1.0,0.973,18.8,94.0,78.33,94.0,0.474,L,0
0022300213,1610612738,Boston,Celtics,BOS,celtics,240:00,542.6,108.5,531.9,106.4,10.6,2.1,0.571,1.18,15.7,0.304,0.69,0.519,18.085,18.1,0.532,0.58,1.0,0.991,18.8,94.0,78.33,94.0,0.526,W,1
0022300208,1610612751,Brooklyn,Nets,BKN,nets,240:00,515.6,103.1,636.8,127.4,-121.2,-24.2,0.632,1.6,18.5,0.217,0.784,0.515,15.625,15.6,0.537,0.562,1.0,0.972,19.1,95.5,79.58,96.0,0.422,L,0
0022300208,1610612755,Philadelphia,76ers,PHI,sixers,240:00,636.8,127.4,515.6,103.1,121.2,24.2,0.727,6.4,23.2,0.216,0.783,0.485,5.263,5.3,0.553,0.594,1.0,0.981,19.1,95.5,79.58,95.0,0.578,W,1
0022300214,1610612762,Utah,Jazz,UTA,jazz,290:00,590.5,118.1,603.4,120.7,-12.9,-2.6,0.563,1.42,15.3,0.486,0.691,0.576,16.379,16.4,0.483,0.531,1.0,0.98,19.2,96.0,80.0,116.0,0.444,L,0
0022300214,1610612756,Phoenix,Suns,PHX,suns,290:00,603.4,120.7,590.5,118.1,12.9,2.6,0.72,2.0,21.3,0.309,0.514,0.424,15.517,15.5,0.578,0.617,1.0,0.97,19.2,96.0,80.0,116.0,0.556,W,1
0022300215,1610612757,Portland,Trail Blazers,POR,blazers,240:00,478.9,95.8,705.3,141.1,-226.3,-45.3,0.618,1.11,15.7,0.352,0.625,0.453,20.0,20.0,0.453,0.483,1.0,0.973,19.0,95.0,79.17,95.0,0.282,L,0
0022300215,1610612760,Oklahoma City,Thunder,OKC,thunder,240:00,705.3,141.1,478.9,95.8,226.3,45.3,0.571,1.56,20.9,0.375,0.648,0.547,18.947,18.9,0.741,0.769,1.0,0.981,19.0,95.0,79.17,95.0,0.718,W,1
0022300203,1610612740,New Orleans,Pelicans,NOP,pelicans,240:00,606.1,121.2,605.0,121.0,1.1,0.2,0.614,1.59,19.3,0.318,0.769,0.53,17.172,17.2,0.581,0.624,1.0,0.991,19.9,99.5,82.92,99.0,0.479,L,0
0022300203,1610612750,Minnesota,Timberwolves,MIN,timberwolves,240:00,605.0,121.0,606.1,121.2,-1.1,-0.2,0.674,2.07,21.0,0.231,0.682,0.47,14.0,14.0,0.619,0.658,1.0,0.972,19.9,99.5,82.92,100.0,0.521,W,1
0022300202,1610612766,Charlotte,Hornets,CHA,hornets,240:00,562.5,112.5,635.4,127.1,-72.9,-14.6,0.725,2.23,22.1,0.163,0.694,0.446,13.542,13.5,0.591,0.616,1.0,0.99,19.2,96.0,80.0,96.0,0.446,L,0
0022300202,1610612752,New York,Knicks,NYK,knicks,240:00,635.4,127.1,562.5,112.5,72.9,14.6,0.587,2.25,19.6,0.306,0.837,0.554,12.5,12.5,0.593,0.614,1.0,0.982,19.2,96.0,80.0,96.0,0.554,W,1
0022300206,1610612759,San Antonio,Spurs,SAS,spurs,240:00,556.7,111.3,612.2,122.4,-55.5,-11.1,0.722,1.73,19.1,0.265,0.592,0.429,15.464,15.5,0.524,0.572,1.0,0.991,19.5,97.5,81.25,97.0,0.456,L,0
0022300206,1610612763,Memphis,Grizzlies,MEM,grizzlies,240:00,612.2,122.4,556.7,111.3,55.5,11.1,0.575,1.64,16.3,0.408,0.735,0.571,14.286,14.3,0.529,0.589,1.0,0.958,19.5,97.5,81.25,98.0,0.544,W,1
0022300207,1610612744,Golden State,Warriors,GSW,warriors,265:00,549.1,109.8,585.6,117.1,-36.5,-7.3,0.75,2.06,20.6,0.278,0.755,0.505,14.286,14.3,0.546,0.579,1.0,0.969,20.2,100.98,84.15,112.0,0.466,L,0
0022300207,1610612760,Oklahoma City,Thunder,OKC,thunder,265:00,585.6,117.1,549.1,109.8,36.5,7.3,0.5,2.17,17.4,0.245,0.722,0.495,10.811,10.8,0.56,0.597,1.0,0.967,20.2,100.98,84.15,111.0,0.534,W,1
0022300204,1610612741,Chicago,Bulls,CHI,bulls,240:00,542.6,108.5,521.5,104.3,21.0,4.2,0.667,1.85,18.6,0.267,0.761,0.516,13.83,13.8,0.543,0.571,1.0,0.971,18.7,93.5,77.92,94.0,0.536,W,1
0022300204,1610612748,Miami,Heat,MIA,heat,240:00,521.5,104.3,542.6,108.5,-21.0,-4.2,0.697,1.53,18.1,0.239,0.733,0.484,16.129,16.1,0.506,0.557,1.0,0.99,18.7,93.5,77.92,93.0,0.464,L,0
0022300205,1610612749,Milwaukee,Bucks,MIL,bucks,240:00,634.6,126.9,601.0,120.2,33.7,6.7,0.592,4.14,20.7,0.152,0.741,0.47,6.731,6.7,0.612,0.642,1.0,0.973,20.8,104.0,86.67,104.0,0.547,W,1
0022300205,1610612742,Dallas,Mavericks,DAL,mavericks,240:00,601.0,120.2,634.6,126.9,-33.7,-6.7,0.529,2.25,18.6,0.259,0.848,0.53,11.538,11.5,0.573,0.582,1.0,0.983,20.8,104.0,86.67,104.0,0.453,L,0
0022300028,1610612764,Washington,Wizards,WAS,wizards,240:00,532.3,106.5,638.3,127.7,-106.0,-21.2,0.676,1.79,19.4,0.239,0.625,0.436,15.054,15.1,0.512,0.556,1.0,0.99,18.7,93.5,77.92,93.0,0.42,L,0
0022300028,1610612752,New York,Knicks,NYK,knicks,240:00,638.3,127.7,532.3,106.5,106.0,21.2,0.578,2.36,18.8,0.375,0.761,0.564,11.702,11.7,0.582,0.601,1.0,0.964,18.7,93.5,77.92,94.0,0.58,W,1
0022300030,1610612739,Cleveland,Cavaliers,CLE,cavaliers,240:00,556.7,111.3,510.2,102.0,46.5,9.3,0.5,1.75,16.7,0.19,0.642,0.442,12.371,12.4,0.567,0.592,1.0,0.99,19.5,97.5,81.25,97.0,0.569,W,1
0022300030,1610612765,Detroit,Pistons,DET,pistons,240:00,510.2,102.0,556.7,111.3,-46.5,-9.3,0.513,1.18,14.7,0.358,0.81,0.558,17.347,17.3,0.478,0.512,1.0,0.991,19.5,97.5,81.25,98.0,0.431,L,0
0022300032,1610612759,San Antonio,Spurs,SAS,spurs,240:00,560.7,112.1,608.5,121.7,-47.7,-9.5,0.767,2.2,22.0,0.196,0.909,0.526,14.019,14.0,0.549,0.588,1.0,0.983,21.3,106.5,88.75,107.0,0.46,L,0
0022300032,1610612758,Sacramento,Kings,SAC,kings,240:00,608.5,121.7,560.7,112.1,47.7,9.5,0.674,2.21,22.0,0.091,0.804,0.474,13.208,13.2,0.647,0.675,1.0,0.991,21.3,106.5,88.75,106.0,0.54,W,1
0022300027,1610612766,Charlotte,Hornets,CHA,hornets,240:00,480.6,96.1,631.1,126.2,-150.5,-30.1,0.486,1.5,13.6,0.193,0.857,0.475,11.65,11.7,0.44,0.492,1.0,0.982,20.6,103.0,85.83,103.0,0.36,L,0
0022300027,1610612749,Milwaukee,Bucks,MIL,bucks,240:00,631.1,126.2,480.6,96.1,150.5,30.1,0.653,2.46,22.9,0.143,0.807,0.525,12.621,12.6,0.674,0.686,1.0,0.991,20.6,103.0,85.83,103.0,0.64,W,1
0022300033,1610612741,Chicago,Bulls,CHI,bulls,240:00,500.0,100.0,542.1,108.4,-42.1,-8.4,0.543,1.19,15.2,0.213,0.717,0.462,16.495,16.5,0.506,0.547,1.0,0.972,19.2,96.0,80.0,97.0,0.449,L,0
0022300033,1610612753,Orlando,Magic,ORL,magic,240:00,542.1,108.4,500.0,100.0,42.1,8.4,0.632,1.26,18.2,0.283,0.787,0.538,20.0,20.0,0.551,0.578,1.0,0.972,19.2,96.0,80.0,95.0,0.551,W,1
0022300037,1610612746,LA,Clippers,LAC,clippers,240:00,530.0,106.0,500.0,100.0,30.0,6.0,0.611,1.57,16.4,0.24,0.745,0.505,14.0,14.0,0.512,0.551,1.0,0.964,20.0,100.0,83.33,100.0,0.568,W,1
0022300037,1610612745,Houston,Rockets,HOU,rockets,240:00,500.0,100.0,530.0,106.0,-30.0,-6.0,0.632,1.41,17.4,0.255,0.76,0.495,17.0,17.0,0.489,0.517,1.0,0.974,20.0,100.0,83.33,100.0,0.432,L,0
0022300036,1610612757,Portland,Trail Blazers,POR,blazers,240:00,494.8,99.0,551.5,110.3,-56.8,-11.4,0.472,0.89,12.8,0.357,0.674,0.495,19.792,19.8,0.461,0.49,1.0,0.983,19.3,96.5,80.42,96.0,0.396,L,0
0022300036,1610612747,Los Angeles,Lakers,LAL,lakers,240:00,551.5,110.3,494.8,99.0,56.8,11.4,0.675,1.5,19.7,0.326,0.643,0.505,18.557,18.6,0.568,0.59,1.0,0.973,19.3,96.5,80.42,97.0,0.604,W,1
0022300035,1610612762,Utah,Jazz,UTA,jazz,240:00,659.8,132.0,668.4,133.7,-8.6,-1.7,0.628,3.38,19.9,0.279,0.721,0.5,8.247,8.2,0.6,0.649,1.0,0.991,19.5,97.5,81.25,97.0,0.475,L,0
0022300035,1610612756,Phoenix,Suns,PHX,suns,240:00,668.4,133.7,659.8,132.0,8.6,1.7,0.778,3.89,24.3,0.279,0.721,0.5,9.184,9.2,0.628,0.672,1.0,0.972,19.5,97.5,81.25,98.0,0.525,W,1
0022300031,1610612761,Toronto,Raptors,TOR,raptors,240:00,530.3,106.1,551.0,110.2,-20.7,-4.1,0.69,2.23,21.3,0.196,0.8,0.51,13.131,13.1,0.552,0.564,1.0,0.981,19.7,98.5,82.08,99.0,0.486,L,0
0022300031,1610612738,Boston,Celtics,BOS,celtics,240:00,551.0,110.2,530.3,106.1,20.7,4.1,0.69,2.64,21.2,0.2,0.804,0.49,11.224,11.2,0.543,0.563,1.0,0.981,19.7,98.5,82.08,98.0,0.514,W,1
0022300029,1610612737,Atlanta,Hawks,ATL,hawks,240:00,585.9,117.2,642.9,128.6,-57.0,-11.4,0.6,1.85,16.9,0.38,0.578,0.474,13.131,13.1,0.517,0.568,1.0,0.975,19.7,98.5,82.08,99.0,0.434,L,0
0022300029,1610612755,Philadelphia,76ers,PHI,sixers,240:00,642.9,128.6,585.9,117.2,57.0,11.4,0.744,1.88,21.5,0.422,0.62,0.526,17.347,17.3,0.563,0.628,1.0,0.974,19.7,98.5,82.08,98.0,0.566,W,1
0022300034,1610612740,New Orleans,Pelicans,NOP,pelicans,240:00,569.3,113.9,555.6,111.1,13.8,2.8,0.717,3.0,23.1,0.176,0.755,0.471,10.891,10.9,0.591,0.591,1.0,0.945,20.0,100.0,83.33,101.0,0.521,W,1
0022300034,1610612743,Denver,Nuggets,DEN,nuggets,240:00,555.6,111.1,569.3,113.9,-13.8,-2.8,0.787,2.85,24.8,0.245,0.824,0.529,13.131,13.1,0.542,0.543,1.0,1.0,20.0,100.0,83.33,99.0,0.479,L,0
0022300201,1610612744,Golden State,Warriors,GSW,warriors,240:00,550.5,110.1,640.0,128.0,-89.5,-17.9,0.675,1.69,18.0,0.393,0.698,0.519,16.162,16.2,0.48,0.512,1.0,0.992,19.9,99.5,82.92,99.0,0.394,L,0
0022300201,1610612760,Oklahoma City,Thunder,OKC,thunder,240:00,640.0,128.0,550.5,110.1,89.5,17.9,0.705,2.38,21.5,0.302,0.607,0.481,13.0,13.0,0.615,0.659,1.0,0.965,19.9,99.5,82.92,100.0,0.606,W,1
0022300200,1610612748,Miami,Heat,MIA,heat,240:00,655.9,131.2,625.0,125.0,30.9,6.2,0.619,2.89,20.3,0.225,0.565,0.407,9.677,9.7,0.611,0.666,1.0,0.971,18.5,92.5,77.08,93.0,0.54,W,1
0022300200,1610612751,Brooklyn,Nets,BKN,nets,240:00,625.0,125.0,655.9,131.2,-30.9,-6.2,0.725,1.93,20.7,0.435,0.775,0.593,16.304,16.3,0.553,0.594,1.0,0.991,18.5,92.5,77.08,92.0,0.46,L,0
0022300194,1610612755,Philadelphia,76ers,PHI,sixers,240:00,575.3,115.1,629.0,125.8,-53.8,-10.8,0.462,2.0,14.5,0.265,0.688,0.474,9.677,9.7,0.524,0.565,1.0,0.981,18.6,93.0,77.5,93.0,0.448,L,0
0022300194,1610612738,Boston,Celtics,BOS,celtics,240:00,629.0,125.8,575.3,115.1,53.8,10.8,0.548,2.3,17.6,0.313,0.735,0.526,10.753,10.8,0.58,0.607,1.0,0.972,18.6,93.0,77.5,93.0,0.552,W,1
0022300193,1610612737,Atlanta,Hawks,ATL,hawks,240:00,600.0,120.0,604.2,120.8,-4.2,-0.8,0.683,1.87,21.5,0.184,0.551,0.391,15.789,15.8,0.627,0.659,1.0,0.99,19.1,95.5,79.58,95.0,0.512,L,0
0022300193,1610612752,New York,Knicks,NYK,knicks,240:00,604.2,120.8,600.0,120.0,4.2,0.8,0.644,1.71,19.7,0.449,0.816,0.609,17.708,17.7,0.564,0.587,1.0,0.966,19.1,95.5,79.58,96.0,0.488,W,1
0022300198,1610612747,Los Angeles,Lakers,LAL,lakers,240:00,504.6,100.9,573.4,114.7,-68.8,-13.8,0.595,1.09,17.7,0.163,0.76,0.484,21.101,21.1,0.572,0.602,1.0,0.983,21.8,109.0,90.83,109.0,0.449,L,0
0022300198,1610612758,Sacramento,Kings,SAC,kings,240:00,573.4,114.7,504.6,100.9,68.8,13.8,0.646,1.94,20.4,0.24,0.837,0.516,14.679,14.7,0.583,0.604,1.0,0.975,21.8,109.0,90.83,109.0,0.551,W,1
0022300197,1610612756,Phoenix,Suns,PHX,suns,240:00,730.8,146.2,625.0,125.0,105.8,21.2,0.608,3.44,23.8,0.235,0.596,0.453,9.89,9.9,0.7,0.726,1.0,0.99,18.3,91.5,76.25,91.0,0.56,W,1
0022300197,1610612750,Minnesota,Timberwolves,MIN,timberwolves,240:00,625.0,125.0,730.8,146.2,-105.8,-21.2,0.429,3.0,13.7,0.404,0.765,0.547,6.522,6.5,0.484,0.551,1.0,0.973,18.3,91.5,76.25,92.0,0.44,L,0
0022300199,1610612757,Portland,Trail Blazers,POR,blazers,240:00,505.3,101.1,573.7,114.7,-68.4,-13.7,0.706,1.71,17.6,0.305,0.676,0.441,14.894,14.9,0.445,0.484,1.0,0.973,18.9,94.5,78.75,94.0,0.352,L,0
0022300199,1610612739,Cleveland,Cavaliers,CLE,cavaliers,240:00,573.7,114.7,505.3,101.1,68.4,13.7,0.548,1.28,18.1,0.324,0.695,0.559,18.947,18.9,0.62,0.647,1.0,0.981,18.9,94.5,78.75,95.0,0.648,W,1
0022300196,1610612741,Chicago,Bulls,CHI,bulls,240:00,479.6,95.9,489.8,98.0,-10.2,-2.0,0.485,0.84,12.3,0.308,0.741,0.528,19.388,19.4,0.452,0.507,1.0,0.982,19.6,98.0,81.67,98.0,0.467,L,0
0022300196,1610612753,Orlando,Magic,ORL,magic,240:00,489.8,98.0,479.6,95.9,10.2,2.0,0.625,1.33,15.2,0.259,0.692,0.472,15.306,15.3,0.439,0.504,1.0,0.973,19.6,98.0,81.67,98.0,0.533,W,1
0022300192,1610612764,Washington,Wizards,WAS,wizards,240:00,562.5,112.5,631.1,126.2,-68.6,-13.7,0.535,1.92,16.8,0.204,0.784,0.5,11.538,11.5,0.551,0.59,1.0,0.974,20.7,103.5,86.25,104.0,0.447,L,0
0022300192,1610612742,Dallas,Mavericks,DAL,mavericks,240:00,631.1,126.2,562.5,112.5,68.6,13.7,0.667,3.2,21.9,0.216,0.796,0.5,9.709,9.7,0.614,0.62,1.0,0.991,20.7,103.5,86.25,103.0,0.553,W,1
0022300195,1610612761,Toronto,Raptors,TOR,raptors,240:00,571.4,114.3,646.5,129.3,-75.0,-15.0,0.737,2.0,18.3,0.45,0.762,0.578,14.286,14.3,0.443,0.511,1.0,0.992,19.7,98.5,82.08,98.0,0.453,L,0
0022300195,1610612749,Milwaukee,Bucks,MIL,bucks,240:00,646.5,129.3,571.4,114.3,75.0,15.0,0.568,1.92,18.7,0.238,0.55,0.422,13.131,13.1,0.635,0.679,1.0,0.982,19.7,98.5,82.08,99.0,0.547,W,1
0022300023,1610612762,Utah,Jazz,UTA,jazz,240:00,569.3,113.9,490.1,98.0,79.2,15.8,0.591,2.0,18.1,0.333,0.698,0.519,12.871,12.9,0.532,0.566,1.0,0.966,20.2,101.0,84.17,101.0,0.599,W,1
0022300023,1610612757,Portland,Trail Blazers,POR,blazers,240:00,490.1,98.0,569.3,113.9,-79.2,-15.8,0.622,1.35,16.7,0.302,0.667,0.481,16.832,16.8,0.483,0.511,1.0,0.991,20.2,101.0,84.17,101.0,0.401,L,0
0022300024,1610612743,Denver,Nuggets,DEN,nuggets,240:00,590.4,118.1,568.4,113.7,22.0,4.4,0.667,1.86,20.2,0.243,0.68,0.494,14.894,14.9,0.589,0.637,1.0,0.99,18.9,94.5,78.75,94.0,0.536,W,1
0022300024,1610612746,LA,Clippers,LAC,clippers,240:00,568.4,113.7,590.4,118.1,-22.0,-4.4,0.568,1.91,15.9,0.32,0.757,0.506,11.579,11.6,0.506,0.559,1.0,0.964,18.9,94.5,78.75,95.0,0.464,L,0
0022300021,1610612760,Oklahoma City,Thunder,OKC,thunder,240:00,580.2,116.0,410.4,82.1,169.8,34.0,0.739,2.13,22.8,0.205,0.678,0.476,15.094,15.1,0.601,0.629,1.0,0.974,21.2,106.0,88.33,106.0,0.697,W,1
0022300021,1610612759,San Antonio,Spurs,SAS,spurs,240:00,410.4,82.1,580.2,116.0,-169.8,-34.0,0.667,0.96,16.3,0.322,0.795,0.524,23.585,23.6,0.435,0.449,1.0,0.984,21.2,106.0,88.33,106.0,0.303,L,0
0022300017,1610612766,Charlotte,Hornets,CHA,hornets,240:00,558.5,111.7,578.1,115.6,-19.6,-3.9,0.583,1.17,16.3,0.304,0.75,0.522,19.149,19.1,0.537,0.579,1.0,1.0,19.0,95.0,79.17,94.0,0.421,L,0
0022300017,1610612748,Miami,Heat,MIA,heat,240:00,578.1,115.6,558.5,111.7,19.6,3.9,0.65,3.25,19.5,0.25,0.696,0.478,8.333,8.3,0.53,0.582,1.0,0.963,19.0,95.0,79.17,96.0,0.579,W,1
0022300022,1610612740,New Orleans,Pelicans,NOP,pelicans,240:00,629.8,126.0,514.0,102.8,115.8,23.2,0.673,2.54,21.9,0.286,0.648,0.476,12.5,12.5,0.596,0.621,1.0,0.992,21.1,105.5,87.92,104.0,0.618,W,1
0022300022,1610612742,Dallas,Mavericks,DAL,mavericks,240:00,514.0,102.8,629.8,126.0,-115.8,-23.2,0.658,1.25,16.7,0.352,0.714,0.524,18.692,18.7,0.5,0.542,1.0,0.968,21.1,105.5,87.92,107.0,0.382,L,0
0022300026,1610612747,Los Angeles,Lakers,LAL,lakers,240:00,690.7,138.1,545.9,109.2,144.8,29.0,0.638,1.58,21.0,0.444,0.676,0.596,19.588,19.6,0.716,0.732,1.0,0.973,19.5,97.5,81.25,97.0,0.652,W,1
0022300026,1610612763,Memphis,Grizzlies,MEM,grizzlies,240:00,545.9,109.2,690.7,138.1,-144.8,-29.0,0.718,3.11,18.9,0.324,0.556,0.404,9.184,9.2,0.462,0.481,1.0,0.975,19.5,97.5,81.25,98.0,0.348,L,0
0022300018,1610612765,Detroit,Pistons,DET,pistons,240:00,582.5,116.5,605.8,121.2,-23.2,-4.6,0.766,2.12,23.4,0.319,0.721,0.511,16.505,16.5,0.578,0.599,1.0,0.992,20.7,103.5,86.25,103.0,0.48,L,0
0022300018,1610612737,Atlanta,Hawks,ATL,hawks,240:00,605.8,121.2,582.5,116.5,23.2,4.6,0.622,2.0,19.4,0.279,0.681,0.489,13.462,13.5,0.586,0.64,1.0,0.974,20.7,103.5,86.25,104.0,0.52,W,1
0022300020,1610612751,Brooklyn,Nets,BKN,nets,240:00,652.6,130.5,547.4,109.5,105.3,21.1,0.478,1.38,16.7,0.356,0.708,0.538,16.842,16.8,0.653,0.661,1.0,0.982,19.0,95.0,79.17,95.0,0.561,W,1
0022300020,1610612753,Orlando,Magic,ORL,magic,240:00,547.4,109.5,652.6,130.5,-105.3,-21.1,0.639,1.44,17.6,0.292,0.644,0.462,16.842,16.8,0.537,0.57,1.0,0.972,19.0,95.0,79.17,95.0,0.439,L,0
0022300019,1610612755,Philadelphia,76ers,PHI,sixers,240:00,572.7,114.5,611.1,122.2,-38.4,-7.7,0.512,1.38,15.5,0.227,0.776,0.516,14.545,14.5,0.535,0.621,1.0,0.975,21.8,109.0,90.83,110.0,0.474,L,0
0022300019,1610612754,Indiana,Pacers,IND,pacers,240:00,611.1,122.2,572.7,114.5,38.4,7.7,0.667,2.91,21.2,0.224,0.773,0.484,10.185,10.2,0.586,0.614,1.0,0.992,21.8,109.0,90.83,108.0,0.526,W,1
0022300025,1610612744,Golden State,Warriors,GSW,warriors,240:00,515.3,103.1,520.0,104.0,-4.7,-0.9,0.757,1.4,19.7,0.308,0.745,0.515,20.408,20.4,0.494,0.531,1.0,0.982,19.8,99.0,82.5,98.0,0.487,L,0
0022300025,1610612750,Minnesota,Timberwolves,MIN,timberwolves,240:00,520.0,104.0,515.3,103.1,4.7,0.9,0.667,1.2,17.6,0.255,0.692,0.485,20.0,20.0,0.531,0.576,1.0,0.955,19.8,99.0,82.5,100.0,0.513,W,1
0022300191,1610612758,Sacramento,Kings,SAC,kings,240:00,687.5,137.5,631.6,126.3,55.9,11.2,0.653,3.2,23.4,0.231,0.667,0.471,10.417,10.4,0.711,0.712,1.0,0.981,19.1,95.5,79.58,96.0,0.563,W,1
0022300191,1610612739,Cleveland,Cavaliers,CLE,cavaliers,240:00,631.6,126.3,687.5,137.5,-55.9,-11.2,0.533,2.18,17.8,0.333,0.769,0.529,11.579,11.6,0.582,0.609,1.0,0.991,19.1,95.5,79.58,95.0,0.437,L,0
0022300188,1610612738,Boston,Celtics,BOS,celtics,240:00,647.7,129.5,576.5,115.3,71.3,14.3,0.675,2.45,21.6,0.282,0.646,0.483,12.5,12.5,0.627,0.662,1.0,0.969,17.3,86.5,72.08,88.0,0.598,W,1
0022300188,1610612752,New York,Knicks,NYK,knicks,240:00,576.5,115.3,647.7,129.5,-71.3,-14.3,0.515,1.42,14.3,0.354,0.718,0.517,14.118,14.1,0.513,0.547,1.0,0.961,17.3,86.5,72.08,85.0,0.402,L,0
0022300190,1610612749,Milwaukee,Bucks,MIL,bucks,240:00,602.0,120.4,556.1,111.2,45.9,9.2,0.548,1.35,16.3,0.404,0.683,0.557,17.347,17.3,0.556,0.585,1.0,0.975,19.6,98.0,81.67,98.0,0.531,W,1
0022300190,1610612741,Chicago,Bulls,CHI,bulls,240:00,556.1,111.2,602.0,120.4,-45.9,-9.2,0.632,3.0,16.9,0.317,0.596,0.443,8.163,8.2,0.45,0.499,1.0,0.966,19.6,98.0,81.67,98.0,0.469,L,0
0022300189,1610612761,Toronto,Raptors,TOR,raptors,240:00,538.8,107.8,529.7,105.9,9.1,1.8,0.622,1.47,18.7,0.373,0.791,0.564,18.447,18.4,0.522,0.55,1.0,0.943,20.4,102.0,85.0,103.0,0.521,W,1
0022300189,1610612764,Washington,Wizards,WAS,wizards,240:00,529.7,105.9,538.8,107.8,-9.1,-1.8,0.744,1.45,22.5,0.209,0.627,0.436,21.782,21.8,0.583,0.599,1.0,1.0,20.4,102.0,85.0,101.0,0.479,L,0
0022300179,1610612746,LA,Clippers,LAC,clippers,240:00,520.6,104.1,546.9,109.4,-26.3,-5.3,0.703,1.63,18.6,0.34,0.654,0.5,16.495,16.5,0.506,0.531,1.0,0.956,19.3,96.5,80.42,97.0,0.5,L,0
0022300179,1610612763,Memphis,Grizzlies,MEM,grizzlies,240:00,546.9,109.4,520.6,104.1,26.3,5.3,0.676,1.56,18.0,0.346,0.66,0.5,16.667,16.7,0.494,0.533,1.0,0.991,19.3,96.5,80.42,96.0,0.5,W,1
0022300185,1610612756,Phoenix,Suns,PHX,suns,240:00,515.6,103.1,578.1,115.6,-62.5,-12.5,0.625,1.18,14.6,0.389,0.818,0.582,17.708,17.7,0.44,0.512,1.0,0.983,19.2,96.0,80.0,96.0,0.434,L,0
0022300185,1610612760,Oklahoma City,Thunder,OKC,thunder,240:00,578.1,115.6,515.6,103.1,62.5,12.5,0.575,2.56,18.3,0.182,0.611,0.418,9.375,9.4,0.549,0.597,1.0,0.971,19.2,96.0,80.0,96.0,0.566,W,1
0022300187,1610612747,Los Angeles,Lakers,LAL,lakers,240:00,574.3,114.9,544.6,108.9,29.7,5.9,0.659,3.0,19.7,0.2,0.778,0.489,8.911,8.9,0.512,0.578,1.0,0.982,20.2,101.0,84.17,101.0,0.566,W,1
0022300187,1610612757,Portland,Trail Blazers,POR,blazers,240:00,544.6,108.9,574.3,114.9,-29.7,-5.9,0.644,1.81,20.7,0.222,0.8,0.511,15.842,15.8,0.572,0.585,1.0,0.973,20.2,101.0,84.17,101.0,0.434,L,0
0022300182,1610612745,Houston,Rockets,HOU,rockets,240:00,569.1,113.8,553.2,110.6,16.0,3.2,0.541,2.22,15.6,0.302,0.68,0.485,9.574,9.6,0.483,0.536,1.0,1.0,18.8,94.0,78.33,94.0,0.501,W,1
0022300182,1610612743,Denver,Nuggets,DEN,nuggets,240:00,553.2,110.6,569.1,113.8,-16.0,-3.2,0.571,2.18,18.2,0.32,0.698,0.515,11.702,11.7,0.511,0.535,1.0,1.0,18.8,94.0,78.33,94.0,0.499,L,0
0022300177,1610612752,New York,Knicks,NYK,knicks,240:00,693.5,138.7,569.1,113.8,124.4,24.9,0.532,2.78,18.9,0.326,0.642,0.5,9.677,9.7,0.626,0.644,1.0,0.991,18.7,93.5,77.92,93.0,0.627,W,1
0022300177,1610612766,Charlotte,Hornets,CHA,hornets,240:00,569.1,113.8,693.5,138.7,-124.4,-24.9,0.477,1.75,15.8,0.358,0.674,0.5,12.766,12.8,0.532,0.541,1.0,0.991,18.7,93.5,77.92,94.0,0.373,L,0
0022300180,1610612755,Philadelphia,76ers,PHI,sixers,240:00,685.0,137.0,630.0,126.0,55.0,11.0,0.528,2.33,17.9,0.528,0.75,0.629,12.0,12.0,0.571,0.602,1.0,0.977,20.0,100.0,83.33,100.0,0.512,W,1
0022300180,1610612754,Indiana,Pacers,IND,pacers,240:00,630.0,126.0,685.0,137.0,-55.0,-11.0,0.66,3.1,21.8,0.25,0.472,0.371,10.0,10.0,0.611,0.641,1.0,0.982,20.0,100.0,83.33,100.0,0.488,L,0
0022300178,1610612751,Brooklyn,Nets,BKN,nets,240:00,495.1,99.0,456.3,91.3,38.8,7.8,0.595,1.16,14.7,0.403,0.814,0.603,18.447,18.4,0.439,0.478,1.0,0.969,20.6,103.0,85.83,103.0,0.524,W,1
0022300178,1610612764,Washington,Wizards,WAS,wizards,240:00,456.3,91.3,495.1,99.0,-38.8,-7.8,0.606,1.67,14.9,0.186,0.597,0.397,11.65,11.7,0.432,0.475,1.0,0.974,20.6,103.0,85.83,103.0,0.476,L,0
0022300186,1610612744,Golden State,Warriors,GSW,warriors,240:00,550.0,110.0,574.3,114.9,-24.3,-4.9,0.649,1.71,16.4,0.355,0.75,0.519,14.0,14.0,0.448,0.508,1.0,0.992,20.1,100.5,83.75,100.0,0.408,L,0
0022300186,1610612750,Minnesota,Timberwolves,MIN,timberwolves,240:00,574.3,114.9,550.0,110.0,24.3,4.9,0.628,1.93,19.4,0.25,0.645,0.481,13.861,13.9,0.579,0.609,1.0,0.973,20.1,100.5,83.75,101.0,0.592,W,1
0022300184,1610612759,San Antonio,Spurs,SAS,spurs,240:00,570.7,114.1,590.0,118.0,-19.3,-3.9,0.833,2.06,23.6,0.3,0.75,0.529,17.172,17.2,0.566,0.587,1.0,1.0,19.9,99.5,82.92,99.0,0.483,L,0
0022300184,1610612748,Miami,Heat,MIA,heat,240:00,590.0,118.0,570.7,114.1,19.3,3.9,0.667,3.71,18.7,0.25,0.7,0.471,7.0,7.0,0.506,0.577,1.0,0.947,19.9,99.5,82.92,100.0,0.517,W,1
0022300181,1610612741,Chicago,Bulls,CHI,bulls,240:00,619.8,124.0,551.0,110.2,68.8,13.8,0.5,3.14,16.8,0.265,0.577,0.426,7.292,7.3,0.544,0.583,1.0,0.991,19.4,97.0,80.83,96.0,0.546,W,1
0022300181,1610612765,Detroit,Pistons,DET,pistons,240:00,551.0,110.2,619.8,124.0,-68.8,-13.8,0.684,1.63,18.1,0.423,0.735,0.574,16.327,16.3,0.494,0.543,1.0,0.983,19.4,97.0,80.83,98.0,0.454,L,0
0022300183,1610612740,New Orleans,Pelicans,NOP,pelicans,240:00,574.1,114.8,629.6,125.9,-55.6,-11.1,0.66,1.72,20.3,0.286,0.815,0.563,16.667,16.7,0.603,0.61,1.0,0.984,21.6,108.0,90.0,108.0,0.465,L,0
0022300183,1610612742,Dallas,Mavericks,DAL,mavericks,240:00,629.6,125.9,574.1,114.8,55.6,11.1,0.58,4.83,19.7,0.185,0.714,0.437,5.556,5.6,0.588,0.611,1.0,0.992,21.6,108.0,90.0,108.0,0.535,W,1
0022300176,1610612744,Golden State,Warriors,GSW,warriors,240:00,523.8,104.8,567.3,113.5,-43.5,-8.7,0.703,1.3,17.1,0.368,0.778,0.568,19.048,19.0,0.483,0.533,1.0,0.976,20.9,104.5,87.08,105.0,0.445,L,0
0022300176,1610612739,Cleveland,Cavaliers,CLE,cavaliers,240:00,567.3,113.5,523.8,104.8,43.5,8.7,0.622,2.09,16.5,0.222,0.632,0.432,10.577,10.6,0.494,0.562,1.0,0.983,20.9,104.5,87.08,104.0,0.555,W,1
0022300175,1610612737,Atlanta,Hawks,ATL,hawks,240:00,529.1,105.8,568.0,113.6,-38.8,-7.8,0.605,1.05,16.2,0.314,0.795,0.537,21.359,21.4,0.54,0.574,1.0,0.975,20.6,103.0,85.83,103.0,0.438,L,0
0022300175,1610612748,Miami,Heat,MIA,heat,240:00,568.0,113.6,529.1,105.8,38.8,7.8,0.561,1.53,17.0,0.205,0.686,0.463,14.563,14.6,0.56,0.616,1.0,0.982,20.6,103.0,85.83,103.0,0.562,W,1
0022300173,1610612753,Orlando,Magic,ORL,magic,240:00,565.7,113.1,485.0,97.0,80.7,16.1,0.667,1.5,17.1,0.34,0.795,0.553,16.162,16.2,0.488,0.563,1.0,0.966,19.9,99.5,82.92,99.0,0.568,W,1
0022300173,1610612749,Milwaukee,Bucks,MIL,bucks,240:00,485.0,97.0,565.7,113.1,-80.7,-16.1,0.658,1.32,18.9,0.205,0.66,0.447,19.0,19.0,0.552,0.551,1.0,0.991,19.9,99.5,82.92,100.0,0.432,L,0
0022300174,1610612738,Boston,Celtics,BOS,celtics,240:00,609.4,121.9,479.6,95.9,129.8,26.0,0.638,2.31,22.4,0.186,0.776,0.525,13.542,13.5,0.634,0.638,1.0,0.99,19.4,97.0,80.83,96.0,0.605,W,1
0022300174,1610612761,Toronto,Raptors,TOR,raptors,240:00,479.6,95.9,609.4,121.9,-129.8,-26.0,0.714,2.78,18.7,0.224,0.814,0.475,9.184,9.2,0.44,0.479,1.0,0.972,19.4,97.0,80.83,98.0,0.395,L,0
0022300016,1610612758,Sacramento,Kings,SAC,kings,240:00,525.0,105.0,494.9,99.0,30.1,6.0,0.737,1.56,19.0,0.382,0.776,0.567,18.0,18.0,0.489,0.524,1.0,0.983,19.9,99.5,82.92,100.0,0.524,W,1
0022300016,1610612760,Oklahoma City,Thunder,OKC,thunder,240:00,494.9,99.0,525.0,105.0,-30.1,-6.0,0.564,1.38,16.7,0.224,0.618,0.433,16.162,16.2,0.489,0.521,1.0,0.991,19.9,99.5,82.92,99.0,0.476,L,0
0022300012,1610612763,Memphis,Grizzlies,MEM,grizzlies,240:00,605.0,121.0,628.7,125.7,-23.7,-4.7,0.5,2.09,16.3,0.345,0.694,0.484,11.0,11.0,0.55,0.567,1.0,1.0,20.1,100.5,83.75,100.0,0.408,L,0
0022300012,1610612762,Utah,Jazz,UTA,jazz,240:00,628.7,125.7,605.0,121.0,23.7,4.7,0.683,1.33,20.1,0.306,0.655,0.516,20.792,20.8,0.658,0.715,1.0,0.964,20.1,100.5,83.75,101.0,0.592,W,1
0022300010,1610612738,Boston,Celtics,BOS,celtics,240:00,630.2,126.0,545.9,109.2,84.3,16.9,0.707,3.63,20.1,0.333,0.766,0.529,8.333,8.3,0.537,0.569,1.0,0.983,19.4,97.0,80.83,96.0,0.567,W,1
0022300010,1610612751,Brooklyn,Nets,BKN,nets,240:00,545.9,109.2,630.2,126.0,-84.3,-16.9,0.684,2.17,19.4,0.234,0.667,0.471,12.245,12.2,0.535,0.576,1.0,0.954,19.4,97.0,80.83,98.0,0.433,L,0
0022300009,1610612764,Washington,Wizards,WAS,wizards,240:00,579.2,115.8,601.9,120.4,-22.7,-4.5,0.651,1.87,20.3,0.188,0.469,0.348,14.851,14.9,0.568,0.604,1.0,1.0,20.4,102.0,85.0,101.0,0.449,L,0
0022300009,1610612766,Charlotte,Hornets,CHA,hornets,240:00,601.9,120.4,579.2,115.8,22.7,4.5,0.62,3.1,18.5,0.531,0.813,0.652,9.709,9.7,0.482,0.507,1.0,0.964,20.4,102.0,85.0,103.0,0.551,W,1
0022300013,1610612759,San Antonio,Spurs,SAS,spurs,240:00,523.8,104.8,557.1,111.4,-33.3,-6.7,0.674,2.07,20.0,0.245,0.688,0.455,13.333,13.3,0.533,0.548,1.0,0.991,21.0,105.0,87.5,105.0,0.475,L,0
0022300013,1610612750,Minnesota,Timberwolves,MIN,timberwolves,240:00,557.1,111.4,523.8,104.8,33.3,6.7,0.535,1.28,16.1,0.313,0.755,0.545,17.143,17.1,0.552,0.592,1.0,0.967,21.0,105.0,87.5,105.0,0.525,W,1
0022300011,1610612745,Houston,Rockets,HOU,rockets,240:00,525.3,105.1,520.6,104.1,4.6,0.9,0.556,2.22,15.2,0.25,0.778,0.485,9.091,9.1,0.466,0.518,1.0,0.973,19.6,98.0,81.67,99.0,0.535,W,1
0022300011,1610612740,New Orleans,Pelicans,NOP,pelicans,240:00,520.6,104.1,525.3,105.1,-4.6,-0.9,0.353,0.67,10.1,0.222,0.75,0.515,18.557,18.6,0.507,0.561,1.0,1.0,19.6,98.0,81.67,97.0,0.465,L,0
0022300015,1610612756,Phoenix,Suns,PHX,suns,240:00,601.0,120.2,616.2,123.2,-15.2,-3.0,0.524,1.69,15.6,0.37,0.761,0.55,13.131,13.1,0.527,0.562,1.0,0.983,19.8,99.0,82.5,99.0,0.452,L,0
0022300015,1610612747,Los Angeles,Lakers,LAL,lakers,240:00,616.2,123.2,601.0,120.2,15.2,3.0,0.643,2.45,19.7,0.239,0.63,0.45,11.111,11.1,0.571,0.616,1.0,0.982,19.8,99.0,82.5,99.0,0.548,W,1
0022300008,1610612765,Detroit,Pistons,DET,pistons,240:00,540.8,108.2,581.6,116.3,-40.8,-8.2,0.7,1.65,20.0,0.3,0.736,0.524,17.347,17.3,0.512,0.554,1.0,0.982,19.6,98.0,81.67,98.0,0.454,L,0
0022300008,1610612755,Philadelphia,76ers,PHI,sixers,240:00,581.6,116.3,540.8,108.2,40.8,8.2,0.657,2.56,17.2,0.264,0.7,0.476,9.184,9.2,0.476,0.564,1.0,0.982,19.6,98.0,81.67,98.0,0.546,W,1
0022300014,1610612742,Dallas,Mavericks,DAL,mavericks,240:00,727.3,145.5,642.9,128.6,84.4,16.9,0.588,3.33,20.4,0.396,0.574,0.484,9.091,9.1,0.617,0.658,1.0,0.974,19.7,98.5,82.08,99.0,0.565,W,1
0022300014,1610612746,LA,Clippers,LAC,clippers,240:00,642.9,128.6,727.3,145.5,-84.4,-16.9,0.488,1.5,15.1,0.426,0.604,0.516,14.286,14.3,0.534,0.607,1.0,0.992,19.7,98.5,82.08,98.0,0.435,L,0
0022300172,1610612753,Orlando,Magic,ORL,magic,240:00,572.1,114.4,576.9,115.4,-4.8,-1.0,0.452,1.0,13.4,0.385,0.702,0.535,18.269,18.3,0.522,0.565,1.0,1.0,20.8,104.0,86.67,104.0,0.483,L,0
0022300172,1610612737,Atlanta,Hawks,ATL,hawks,240:00,576.9,115.4,572.1,114.4,4.8,1.0,0.537,1.22,15.7,0.298,0.615,0.465,17.308,17.3,0.571,0.611,1.0,0.975,20.8,104.0,86.67,104.0,0.517,W,1
0022300171,1610612754,Indiana,Pacers,IND,pacers,240:00,623.8,124.8,607.8,121.6,15.9,3.2,0.614,2.08,19.3,0.24,0.773,0.489,12.871,12.9,0.587,0.625,1.0,0.973,20.3,101.5,84.58,101.0,0.483,W,1
0022300171,1610612749,Milwaukee,Bucks,MIL,bucks,240:00,607.8,121.6,623.8,124.8,-15.9,-3.2,0.5,1.64,17.2,0.227,0.76,0.511,13.725,13.7,0.58,0.63,1.0,0.982,20.3,101.5,84.58,102.0,0.517,L,0
0022300157,1610612766,Charlotte,Hornets,CHA,hornets,240:00,568.6,113.7,640.8,128.2,-72.1,-14.4,0.415,0.77,12.9,0.326,0.691,0.531,21.569,21.6,0.57,0.614,1.0,0.983,20.5,102.5,85.42,102.0,0.455,L,0
0022300157,1610612764,Washington,Wizards,WAS,wizards,240:00,640.8,128.2,568.6,113.7,72.1,14.4,0.553,2.36,17.8,0.309,0.674,0.469,10.68,10.7,0.577,0.611,1.0,0.967,20.5,102.5,85.42,103.0,0.545,W,1
0022300166,1610612750,Minnesota,Timberwolves,MIN,timberwolves,240:00,586.5,117.3,495.1,99.0,91.4,18.3,0.667,1.67,20.7,0.256,0.707,0.515,17.308,17.3,0.64,0.659,1.0,0.948,20.6,103.0,85.83,104.0,0.648,W,1
0022300166,1610612740,New Orleans,Pelicans,NOP,pelicans,240:00,495.1,99.0,586.5,117.3,-91.4,-18.3,0.639,1.35,16.2,0.293,0.744,0.485,16.667,16.7,0.43,0.492,1.0,1.0,20.6,103.0,85.83,102.0,0.352,L,0
0022300165,1610612749,Milwaukee,Bucks,MIL,bucks,240:00,560.7,112.1,551.4,110.3,9.3,1.9,0.463,1.9,14.3,0.137,0.686,0.412,9.346,9.3,0.517,0.576,1.0,0.991,21.4,107.0,89.17,107.0,0.495,W,1
0022300165,1610612765,Detroit,Pistons,DET,pistons,240:00,551.4,110.3,560.7,112.1,-9.3,-1.9,0.583,1.47,18.5,0.314,0.863,0.588,17.757,17.8,0.526,0.562,1.0,0.967,21.4,107.0,89.17,107.0,0.505,L,0
0022300168,1610612742,Dallas,Mavericks,DAL,mavericks,240:00,547.2,109.4,610.6,122.1,-63.4,-12.7,0.625,1.56,17.6,0.224,0.655,0.452,15.094,15.1,0.577,0.594,1.0,0.957,21.0,105.0,87.5,106.0,0.444,L,0
0022300168,1610612761,Toronto,Raptors,TOR,raptors,240:00,610.6,122.1,547.2,109.4,63.4,12.7,0.551,2.25,18.0,0.345,0.776,0.548,11.538,11.5,0.551,0.573,1.0,0.984,21.0,105.0,87.5,104.0,0.556,W,1
0022300167,1610612760,Oklahoma City,Thunder,OKC,thunder,240:00,615.4,123.1,576.9,115.4,38.5,7.7,0.523,1.64,16.5,0.279,0.652,0.472,13.462,13.5,0.581,0.645,1.0,0.983,20.8,104.0,86.67,104.0,0.54,W,1
0022300167,1610612739,Cleveland,Cavaliers,CLE,cavaliers,240:00,576.9,115.4,615.4,123.1,-38.5,-7.7,0.619,1.3,17.8,0.348,0.721,0.528,19.231,19.2,0.56,0.604,1.0,0.967,20.8,104.0,86.67,104.0,0.46,L,0
0022300169,1610612743,Denver,Nuggets,DEN,nuggets,240:00,556.7,111.3,541.2,108.2,15.5,3.1,0.585,4.0,17.8,0.259,0.765,0.505,6.186,6.2,0.505,0.531,1.0,0.973,19.4,97.0,80.83,97.0,0.517,W,1
0022300169,1610612744,Golden State,Warriors,GSW,warriors,240:00,541.2,108.2,556.7,111.3,-15.5,-3.1,0.568,2.33,16.2,0.235,0.741,0.495,9.278,9.3,0.494,0.539,1.0,0.972,19.4,97.0,80.83,97.0,0.483,L,0
0022300162,1610612741,Chicago,Bulls,CHI,bulls,265:00,527.5,105.5,532.1,106.4,-4.6,-0.9,0.714,2.14,20.0,0.232,0.66,0.44,12.844,12.8,0.51,0.542,1.0,1.0,19.74,98.72,82.26,109.0,0.475,L,0
0022300162,1610612756,Phoenix,Suns,PHX,suns,265:00,532.1,106.4,527.5,105.5,4.6,0.9,0.842,1.45,20.1,0.34,0.768,0.56,20.183,20.2,0.528,0.574,1.0,0.969,19.74,98.72,82.26,109.0,0.525,W,1
0022300160,1610612751,Brooklyn,Nets,BKN,nets,240:00,515.5,103.1,474.5,94.9,41.0,8.2,0.595,1.57,16.4,0.263,0.691,0.473,14.433,14.4,0.484,0.512,1.0,0.991,19.5,97.5,81.25,97.0,0.515,W,1
0022300160,1610612746,LA,Clippers,LAC,clippers,240:00,474.5,94.9,515.5,103.1,-41.0,-8.2,0.611,1.38,16.1,0.309,0.737,0.527,16.327,16.3,0.44,0.481,1.0,0.965,19.5,97.5,81.25,98.0,0.485,L,0
0022300161,1610612752,New York,Knicks,NYK,knicks,240:00,642.9,128.6,535.7,107.1,107.1,21.4,0.609,7.0,19.4,0.327,0.755,0.529,4.082,4.1,0.555,0.574,1.0,0.974,19.6,98.0,81.67,98.0,0.561,W,1
0022300161,1610612759,San Antonio,Spurs,SAS,spurs,240:00,535.7,107.1,642.9,128.6,-107.1,-21.4,0.705,2.38,22.0,0.245,0.673,0.471,13.265,13.3,0.539,0.548,1.0,0.982,19.6,98.0,81.67,98.0,0.439,L,0
0022300170,1610612758,Sacramento,Kings,SAC,kings,265:00,555.0,111.0,551.4,110.3,3.6,0.7,0.78,1.52,20.0,0.389,0.783,0.57,19.266,19.3,0.522,0.572,1.0,0.977,19.56,97.81,81.51,109.0,0.537,W,1
0022300170,1610612757,Portland,Trail Blazers,POR,blazers,265:00,551.4,110.3,555.0,111.0,-3.6,-0.7,0.591,1.44,18.3,0.217,0.611,0.43,16.822,16.8,0.552,0.591,1.0,1.0,19.56,97.81,81.51,107.0,0.463,L,0
0022300159,1610612755,Philadelphia,76ers,PHI,sixers,240:00,519.6,103.9,500.0,100.0,19.6,3.9,0.476,1.43,14.6,0.278,0.786,0.536,13.725,13.7,0.489,0.522,1.0,0.974,20.5,102.5,85.42,102.0,0.513,W,1
0022300159,1610612738,Boston,Celtics,BOS,celtics,240:00,500.0,100.0,519.6,103.9,-19.6,-3.9,0.778,2.15,19.7,0.214,0.722,0.464,12.621,12.6,0.478,0.518,1.0,0.974,20.5,102.5,85.42,103.0,0.487,L,0
0022300164,1610612763,Memphis,Grizzlies,MEM,grizzlies,240:00,515.2,103.0,540.0,108.0,-24.8,-5.0,0.571,1.43,14.6,0.316,0.705,0.485,14.141,14.1,0.45,0.498,1.0,0.983,19.9,99.5,82.92,99.0,0.403,L,0
0022300164,1610612748,Miami,Heat,MIA,heat,240:00,540.0,108.0,515.2,103.0,24.8,5.0,0.629,1.16,16.5,0.295,0.684,0.515,19.0,19.0,0.526,0.593,1.0,0.991,19.9,99.5,82.92,100.0,0.597,W,1
0022300158,1610612754,Indiana,Pacers,IND,pacers,240:00,632.1,126.4,556.6,111.3,75.5,15.1,0.5,2.17,17.6,0.32,0.615,0.471,11.321,11.3,0.579,0.61,1.0,0.984,21.2,106.0,88.33,106.0,0.585,W,1
0022300158,1610612762,Utah,Jazz,UTA,jazz,240:00,556.6,111.3,632.1,126.4,-75.5,-15.1,0.578,1.18,17.2,0.385,0.68,0.529,20.755,20.8,0.526,0.568,1.0,0.992,21.2,106.0,88.33,106.0,0.415,L,0
0022300163,1610612745,Houston,Rockets,HOU,rockets,240:00,646.5,129.3,474.7,94.9,171.7,34.3,0.51,2.0,18.3,0.362,0.868,0.63,13.131,13.1,0.624,0.631,1.0,0.974,19.8,99.0,82.5,99.0,0.639,W,1
0022300163,1610612747,Los Angeles,Lakers,LAL,lakers,240:00,474.7,94.9,646.5,129.3,-171.7,-34.3,0.556,2.22,16.1,0.132,0.638,0.37,9.091,9.1,0.465,0.492,1.0,1.0,19.8,99.0,82.5,99.0,0.361,L,0
0022300155,1610612760,Oklahoma City,Thunder,OKC,thunder,240:00,594.3,118.9,546.7,109.3,47.6,9.5,0.6,2.08,18.6,0.24,0.597,0.444,12.264,12.3,0.553,0.605,1.0,0.992,21.3,106.5,88.75,106.0,0.55,W,1
0022300155,1610612737,Atlanta,Hawks,ATL,hawks,240:00,546.7,109.3,594.3,118.9,-47.6,-9.5,0.711,1.8,16.9,0.403,0.76,0.556,14.019,14.0,0.441,0.504,1.0,0.992,21.3,106.5,88.75,107.0,0.45,L,0
0022300156,1610612743,Denver,Nuggets,DEN,nuggets,240:00,670.0,134.0,574.3,114.9,95.7,19.1,0.725,3.7,24.5,0.304,0.761,0.533,10.0,10.0,0.616,0.637,1.0,0.982,20.1,100.5,83.75,100.0,0.581,W,1
0022300156,1610612740,New Orleans,Pelicans,NOP,pelicans,240:00,574.3,114.9,670.0,134.0,-95.7,-19.1,0.533,1.85,17.6,0.239,0.696,0.467,12.871,12.9,0.572,0.6,1.0,0.973,20.1,100.5,83.75,101.0,0.419,L,0
0022300146,1610612754,Indiana,Pacers,IND,pacers,240:00,717.0,143.4,518.7,103.7,198.3,39.7,0.691,2.53,24.1,0.375,0.759,0.602,14.151,14.2,0.684,0.723,1.0,0.992,21.3,106.5,88.75,106.0,0.646,W,1
0022300146,1610612759,San Antonio,Spurs,SAS,spurs,240:00,518.7,103.7,717.0,143.4,-198.3,-39.7,0.65,2.36,17.7,0.241,0.625,0.398,10.28,10.3,0.468,0.518,1.0,0.975,21.3,106.5,88.75,107.0,0.354,L,0
0022300154,1610612750,Minnesota,Timberwolves,MIN,timberwolves,265:00,513.5,102.7,491.0,98.2,22.5,4.5,0.591,1.08,17.6,0.224,0.695,0.481,21.622,21.6,0.594,0.594,1.0,0.967,20.11,100.53,83.77,111.0,0.543,W,1
0022300154,1610612738,Boston,Celtics,BOS,celtics,265:00,491.0,98.2,513.5,102.7,-22.5,-4.5,0.556,1.11,13.4,0.305,0.776,0.519,16.216,16.2,0.451,0.51,1.0,0.961,20.11,100.53,83.77,111.0,0.457,L,0
0022300148,1610612755,Philadelphia,76ers,PHI,sixers,240:00,657.7,131.5,576.6,115.3,81.1,16.2,0.725,2.31,23.0,0.31,0.714,0.527,14.414,14.4,0.626,0.683,1.0,0.976,22.2,111.0,92.5,111.0,0.604,W,1
0022300148,1610612764,Washington,Wizards,WAS,wizards,240:00,576.6,115.3,657.7,131.5,-81.1,-16.2,0.633,1.63,19.9,0.286,0.69,0.473,17.117,17.1,0.583,0.611,1.0,0.984,22.2,111.0,92.5,111.0,0.396,L,0
0022300152,1610612741,Chicago,Bulls,CHI,bulls,240:00,650.0,130.0,570.7,114.1,79.3,15.9,0.542,3.25,18.8,0.255,0.617,0.436,8.0,8.0,0.613,0.641,1.0,0.973,19.9,99.5,82.92,100.0,0.551,W,1
0022300152,1610612762,Utah,Jazz,UTA,jazz,240:00,570.7,114.1,650.0,130.0,-79.3,-15.9,0.78,1.39,21.5,0.383,0.745,0.564,23.232,23.2,0.57,0.604,1.0,0.983,19.9,99.5,82.92,99.0,0.449,L,0
0022300150,1610612748,Miami,Heat,MIA,heat,240:00,545.5,109.1,540.4,108.1,5.1,1.0,0.732,1.67,21.0,0.292,0.872,0.552,18.182,18.2,0.534,0.568,1.0,0.973,19.8,99.0,82.5,99.0,0.508,W,1
0022300150,1610612747,Los Angeles,Lakers,LAL,lakers,240:00,540.4,108.1,545.5,109.1,-5.1,-1.0,0.636,1.65,21.2,0.128,0.708,0.448,17.172,17.2,0.593,0.614,1.0,0.981,19.8,99.0,82.5,99.0,0.492,L,0
0022300149,1610612751,Brooklyn,Nets,BKN,nets,240:00,601.0,120.2,632.4,126.5,-31.4,-6.3,0.449,2.75,16.2,0.25,0.706,0.476,7.692,7.7,0.564,0.586,1.0,0.991,20.6,103.0,85.83,104.0,0.47,L,0
0022300149,1610612749,Milwaukee,Bucks,MIL,bucks,240:00,632.4,126.5,601.0,120.2,31.4,6.3,0.565,2.6,18.2,0.294,0.75,0.524,9.804,9.8,0.563,0.605,1.0,1.0,20.6,103.0,85.83,102.0,0.53,W,1
0022300145,1610612765,Detroit,Pistons,DET,pistons,240:00,561.9,112.4,618.6,123.7,-56.7,-11.3,0.605,1.44,17.7,0.238,0.611,0.448,16.495,16.5,0.556,0.611,1.0,0.963,19.4,97.0,80.83,97.0,0.469,L,0
0022300145,1610612744,Golden State,Warriors,GSW,warriors,240:00,618.6,123.7,561.9,112.4,56.7,11.3,0.565,2.36,18.2,0.389,0.762,0.552,11.34,11.3,0.536,0.565,1.0,0.991,19.4,97.0,80.83,97.0,0.531,W,1
0022300147,1610612753,Orlando,Magic,ORL,magic,240:00,515.2,103.0,590.9,118.2,-75.8,-15.2,0.675,1.29,19.3,0.333,0.804,0.571,21.212,21.2,0.518,0.549,1.0,0.982,19.8,99.0,82.5,99.0,0.452,L,0
0022300147,1610612742,Dallas,Mavericks,DAL,mavericks,240:00,590.9,118.2,515.2,103.0,75.8,15.2,0.512,1.4,16.4,0.196,0.667,0.429,15.152,15.2,0.591,0.62,1.0,0.981,19.8,99.0,82.5,99.0,0.548,W,1
0022300151,1610612752,New York,Knicks,NYK,knicks,240:00,578.1,115.6,500.0,100.0,78.1,15.6,0.683,1.4,19.3,0.447,0.789,0.6,20.833,20.8,0.534,0.579,1.0,0.983,19.3,96.5,80.42,96.0,0.583,W,1
0022300151,1610612746,LA,Clippers,LAC,clippers,240:00,500.0,100.0,578.1,115.6,-78.1,-15.6,0.583,0.95,16.7,0.211,0.553,0.4,22.68,22.7,0.568,0.606,1.0,0.971,19.3,96.5,80.42,97.0,0.417,L,0
0022300153,1610612745,Houston,Rockets,HOU,rockets,240:00,655.9,131.2,521.5,104.3,134.4,26.9,0.651,2.55,21.9,0.212,0.714,0.512,11.828,11.8,0.673,0.702,1.0,0.97,18.6,93.0,77.5,93.0,0.675,W,1
0022300153,1610612758,Sacramento,Kings,SAC,kings,240:00,521.5,104.3,655.9,131.2,-134.4,-26.9,0.611,1.47,17.1,0.286,0.788,0.488,16.129,16.1,0.531,0.54,1.0,0.963,18.6,93.0,77.5,93.0,0.325,L,0
0022300144,1610612757,Portland,Trail Blazers,POR,blazers,240:00,500.0,100.0,571.4,114.3,-71.4,-14.3,0.622,1.64,16.2,0.339,0.739,0.514,14.0,14.0,0.463,0.492,1.0,0.966,19.8,99.0,82.5,100.0,0.421,L,0
0022300144,1610612763,Memphis,Grizzlies,MEM,grizzlies,240:00,571.4,114.3,500.0,100.0,71.4,14.3,0.6,1.59,19.7,0.261,0.661,0.486,17.347,17.3,0.579,0.591,1.0,0.991,19.8,99.0,82.5,98.0,0.579,W,1
0022300141,1610612759,San Antonio,Spurs,SAS,spurs,265:00,532.1,106.4,569.4,113.9,-37.3,-7.5,0.625,1.76,19.9,0.26,0.684,0.486,15.596,15.6,0.552,0.57,1.0,0.983,19.65,98.26,81.89,109.0,0.488,L,0
0022300141,1610612761,Toronto,Raptors,TOR,raptors,265:00,569.4,113.9,532.1,106.4,37.3,7.5,0.659,1.93,18.7,0.316,0.74,0.514,13.889,13.9,0.552,0.567,1.0,0.976,19.65,98.26,81.89,108.0,0.512,W,1
0022300142,1610612739,Cleveland,Cavaliers,CLE,cavaliers,240:00,569.3,113.9,509.8,102.0,59.5,11.9,0.634,1.44,18.4,0.318,0.682,0.536,17.822,17.8,0.56,0.603,1.0,0.991,20.3,101.5,84.58,101.0,0.591,W,1
0022300142,1610612744,Golden State,Warriors,GSW,warriors,240:00,509.8,102.0,569.3,113.9,-59.5,-11.9,0.765,2.0,17.8,0.318,0.682,0.464,12.745,12.7,0.447,0.485,1.0,1.0,20.3,101.5,84.58,102.0,0.409,L,0
0022300143,1610612742,Dallas,Mavericks,DAL,mavericks,240:00,601.9,120.4,567.3,113.5,34.6,6.9,0.721,2.82,20.9,0.264,0.691,0.481,10.68,10.7,0.549,0.59,1.0,0.974,20.7,103.5,86.25,103.0,0.543,W,1
0022300143,1610612766,Charlotte,Hornets,CHA,hornets,240:00,567.3,113.5,601.9,120.4,-34.6,-6.9,0.612,3.33,19.9,0.309,0.736,0.519,8.654,8.7,0.535,0.545,1.0,0.959,20.7,103.5,86.25,104.0,0.457,L,0
0022300140,1610612765,Detroit,Pistons,DET,pistons,240:00,540.8,108.2,606.1,121.2,-65.2,-13.0,0.581,1.56,18.7,0.244,0.591,0.416,16.327,16.3,0.54,0.569,1.0,0.982,19.7,98.5,82.08,98.0,0.41,L,0
0022300140,1610612756,Phoenix,Suns,PHX,suns,240:00,606.1,121.2,540.8,108.2,65.2,13.0,0.674,1.61,19.9,0.409,0.756,0.584,18.182,18.2,0.547,0.608,1.0,0.974,19.7,98.5,82.08,99.0,0.59,W,1
0022300134,1610612753,Orlando,Magic,ORL,magic,240:00,618.6,123.7,515.3,103.1,103.3,20.7,0.63,1.81,19.1,0.448,0.681,0.552,16.495,16.5,0.515,0.549,1.0,0.984,19.5,97.5,81.25,97.0,0.586,W,1
0022300134,1610612747,Los Angeles,Lakers,LAL,lakers,240:00,515.3,103.1,618.6,123.7,-103.3,-20.7,0.459,1.0,13.2,0.319,0.552,0.448,17.347,17.3,0.488,0.542,1.0,0.982,19.5,97.5,81.25,98.0,0.414,L,0
0022300136,1610612751,Brooklyn,Nets,BKN,nets,240:00,570.0,114.0,620.0,124.0,-50.0,-10.0,0.512,3.67,16.2,0.254,0.7,0.459,6.0,6.0,0.515,0.53,1.0,0.982,20.0,100.0,83.33,100.0,0.429,L,0
0022300136,1610612738,Boston,Celtics,BOS,celtics,240:00,620.0,124.0,570.0,114.0,50.0,10.0,0.512,2.0,16.1,0.3,0.746,0.541,11.0,11.0,0.561,0.609,1.0,0.983,20.0,100.0,83.33,100.0,0.571,W,1
0022300135,1610612740,New Orleans,Pelicans,NOP,pelicans,240:00,546.9,109.4,647.4,129.5,-100.5,-20.1,0.6,2.18,18.3,0.244,0.549,0.406,11.458,11.5,0.524,0.563,1.0,0.953,19.1,95.5,79.58,96.0,0.453,L,0
0022300135,1610612737,Atlanta,Hawks,ATL,hawks,240:00,647.4,129.5,546.9,109.4,100.5,20.1,0.622,2.15,19.2,0.451,0.756,0.594,13.684,13.7,0.559,0.594,1.0,0.975,19.1,95.5,79.58,95.0,0.547,W,1
0022300139,1610612743,Denver,Nuggets,DEN,nuggets,240:00,627.6,125.5,515.3,103.1,112.2,22.4,0.738,2.58,22.1,0.262,0.796,0.549,12.245,12.2,0.617,0.653,1.0,0.972,19.6,98.0,81.67,98.0,0.609,W,1
0022300139,1610612741,Chicago,Bulls,CHI,bulls,240:00,515.3,103.1,627.6,125.5,-112.2,-22.4,0.718,2.55,20.6,0.204,0.738,0.451,11.224,11.2,0.494,0.525,1.0,0.981,19.6,98.0,81.67,98.0,0.391,L,0
0022300137,1610612745,Houston,Rockets,HOU,rockets,240:00,557.3,111.5,473.4,94.7,83.9,16.8,0.7,2.55,20.3,0.294,0.836,0.575,11.458,11.5,0.534,0.558,1.0,0.973,19.0,95.0,79.17,96.0,0.607,W,1
0022300137,1610612758,Sacramento,Kings,SAC,kings,240:00,473.4,94.7,557.3,111.5,-83.9,-16.8,0.625,1.82,16.3,0.164,0.706,0.425,11.702,11.7,0.446,0.482,1.0,1.0,19.0,95.0,79.17,94.0,0.393,L,0
0022300133,1610612754,Indiana,Pacers,IND,pacers,240:00,626.3,125.3,637.8,127.6,-11.5,-2.3,0.689,2.07,20.8,0.38,0.659,0.505,15.152,15.2,0.602,0.62,1.0,0.966,19.7,98.5,82.08,99.0,0.48,L,0
0022300133,1610612766,Charlotte,Hornets,CHA,hornets,240:00,637.8,127.6,626.3,125.3,11.5,2.3,0.489,1.77,17.0,0.341,0.62,0.495,13.265,13.3,0.58,0.637,1.0,0.991,19.7,98.5,82.08,98.0,0.52,W,1
0022300132,1610612755,Philadelphia,76ers,PHI,sixers,240:00,565.7,113.1,505.1,101.0,60.6,12.1,0.558,1.33,17.0,0.375,0.712,0.561,18.182,18.2,0.539,0.572,1.0,0.974,19.8,99.0,82.5,99.0,0.519,W,1
0022300132,1610612756,Phoenix,Suns,PHX,suns,240:00,505.1,101.0,565.7,113.1,-60.6,-12.1,0.688,2.0,15.9,0.288,0.625,0.439,11.111,11.1,0.41,0.483,1.0,0.974,19.8,99.0,82.5,99.0,0.481,L,0
0022300138,1610612750,Minnesota,Timberwolves,MIN,timberwolves,240:00,640.6,128.1,489.7,97.9,150.9,30.2,0.556,2.27,18.9,0.275,0.621,0.48,11.458,11.5,0.611,0.65,1.0,0.981,19.3,96.5,80.42,96.0,0.698,W,1
0022300138,1610612762,Utah,Jazz,UTA,jazz,240:00,489.7,97.9,640.6,128.1,-150.9,-30.2,0.571,1.11,14.5,0.379,0.725,0.52,18.557,18.6,0.451,0.482,1.0,0.983,19.3,96.5,80.42,97.0,0.302,L,0
0022300006,1610612743,Denver,Nuggets,DEN,nuggets,240:00,644.3,128.9,575.8,115.2,68.6,13.7,0.673,1.65,21.6,0.479,0.756,0.613,20.619,20.6,0.597,0.617,1.0,0.975,19.6,98.0,81.67,97.0,0.551,W,1
0022300006,1610612742,Dallas,Mavericks,DAL,mavericks,240:00,575.8,115.2,644.3,128.9,-68.6,-13.7,0.659,1.8,19.7,0.244,0.521,0.387,15.152,15.2,0.576,0.61,1.0,0.964,19.6,98.0,81.67,99.0,0.449,L,0
0022300005,1610612760,Oklahoma City,Thunder,OKC,thunder,240:00,661.9,132.4,665.1,133.0,-3.2,-0.6,0.52,1.37,18.4,0.286,0.609,0.469,18.095,18.1,0.693,0.722,1.0,0.991,21.1,105.5,87.92,105.0,0.477,L,0
0022300005,1610612744,Golden State,Warriors,GSW,warriors,240:00,665.1,133.0,661.9,132.4,3.2,0.6,0.735,2.4,22.5,0.391,0.714,0.531,14.151,14.2,0.63,0.67,1.0,0.976,21.1,105.5,87.92,106.0,0.523,W,1
0022300007,1610612757,Portland,Trail Blazers,POR,blazers,265:00,537.4,107.5,523.1,104.6,14.2,2.8,0.487,1.36,13.2,0.29,0.725,0.487,13.084,13.1,0.453,0.514,1.0,0.992,19.47,97.36,81.13,107.0,0.484,W,1
0022300007,1610612763,Memphis,Grizzlies,MEM,grizzlies,265:00,523.1,104.6,537.4,107.5,-14.2,-2.8,0.617,1.71,19.5,0.275,0.71,0.513,15.741,15.7,0.542,0.555,1.0,0.983,19.47,97.36,81.13,108.0,0.516,L,0
0022300004,1610612741,Chicago,Bulls,CHI,bulls,240:00,563.2,112.6,579.8,116.0,-16.6,-3.3,0.488,2.1,16.4,0.265,0.704,0.495,10.526,10.5,0.545,0.562,1.0,0.991,18.9,94.5,78.75,95.0,0.484,L,0
0022300004,1610612751,Brooklyn,Nets,BKN,nets,240:00,579.8,116.0,563.2,112.6,16.6,3.3,0.727,2.91,22.5,0.296,0.735,0.505,11.702,11.7,0.552,0.555,1.0,0.964,18.9,94.5,78.75,94.0,0.516,W,1
0022300002,1610612749,Milwaukee,Bucks,MIL,bucks,240:00,550.0,110.0,519.8,104.0,30.2,6.0,0.686,1.71,18.0,0.18,0.683,0.455,14.0,14.0,0.549,0.583,1.0,0.991,20.1,100.5,83.75,100.0,0.549,W,1
0022300002,1610612752,New York,Knicks,NYK,knicks,240:00,519.8,104.0,550.0,110.0,-30.2,-6.0,0.474,1.64,13.0,0.317,0.82,0.545,10.891,10.9,0.448,0.491,1.0,0.967,20.1,100.5,83.75,101.0,0.451,L,0
0022300003,1610612748,Miami,Heat,MIA,heat,240:00,593.1,118.6,558.8,111.8,34.3,6.9,0.729,1.67,24.3,0.212,0.821,0.542,20.588,20.6,0.681,0.702,1.0,0.963,20.4,102.0,85.0,102.0,0.55,W,1
0022300003,1610612764,Washington,Wizards,WAS,wizards,240:00,558.8,111.8,593.1,118.6,-34.3,-6.9,0.717,1.65,23.2,0.179,0.788,0.458,19.608,19.6,0.648,0.644,1.0,0.982,20.4,102.0,85.0,102.0,0.45,L,0
0022300001,1610612754,Indiana,Pacers,IND,pacers,240:00,593.1,118.6,563.1,112.6,30.0,6.0,0.622,1.47,19.6,0.318,0.822,0.573,18.627,18.6,0.61,0.627,1.0,0.991,20.5,102.5,85.42,102.0,0.493,W,1
0022300001,1610612739,Cleveland,Cavaliers,CLE,cavaliers,240:00,563.1,112.6,593.1,118.6,-30.0,-6.0,0.614,2.08,19.6,0.178,0.682,0.427,12.621,12.6,0.571,0.611,1.0,0.973,20.5,102.5,85.42,103.0,0.507,L,0
0022300128,1610612755,Philadelphia,76ers,PHI,sixers,240:00,587.6,117.5,515.6,103.1,72.0,14.4,0.5,1.5,15.3,0.358,0.767,0.542,14.433,14.4,0.505,0.553,1.0,0.974,19.3,96.5,80.42,97.0,0.541,W,1
0022300128,1610612761,Toronto,Raptors,TOR,raptors,240:00,515.6,103.1,587.6,117.5,-72.0,-14.4,0.789,1.58,22.1,0.233,0.642,0.458,19.792,19.8,0.544,0.567,1.0,0.991,19.3,96.5,80.42,96.0,0.459,L,0
0022300129,1610612740,New Orleans,Pelicans,NOP,pelicans,240:00,618.8,123.8,580.0,116.0,38.8,7.8,0.692,2.25,19.7,0.233,0.574,0.423,11.881,11.9,0.575,0.655,1.0,0.982,20.1,100.5,83.75,101.0,0.583,W,1
0022300129,1610612765,Detroit,Pistons,DET,pistons,240:00,580.0,116.0,618.8,123.8,-38.8,-7.8,0.732,1.88,19.6,0.426,0.767,0.577,16.0,16.0,0.505,0.55,1.0,0.992,20.1,100.5,83.75,100.0,0.417,L,0
0022300131,1610612756,Phoenix,Suns,PHX,suns,240:00,611.1,122.2,653.5,130.7,-42.4,-8.5,0.605,1.86,19.8,0.154,0.702,0.453,14.141,14.1,0.638,0.662,1.0,1.0,20.0,100.0,83.33,99.0,0.449,L,0
0022300131,1610612759,San Antonio,Spurs,SAS,spurs,240:00,653.5,130.7,611.1,122.2,42.4,8.5,0.725,4.63,24.3,0.298,0.846,0.547,7.921,7.9,0.612,0.636,1.0,0.965,20.0,100.0,83.33,101.0,0.551,W,1
0022300130,1610612762,Utah,Jazz,UTA,jazz,240:00,528.0,105.6,537.4,107.5,-9.3,-1.9,0.659,1.35,18.1,0.314,0.774,0.548,18.692,18.7,0.528,0.563,1.0,0.992,21.4,107.0,89.17,107.0,0.468,L,0
0022300130,1610612753,Orlando,Magic,ORL,magic,240:00,537.4,107.5,528.0,105.6,9.3,1.9,0.692,1.59,18.6,0.226,0.686,0.452,15.888,15.9,0.518,0.57,1.0,0.992,21.4,107.0,89.17,107.0,0.532,W,1
0022300127,1610612747,Los Angeles,Lakers,LAL,lakers,265:00,596.3,119.3,568.2,113.6,28.1,5.6,0.609,2.0,18.8,0.26,0.759,0.528,12.844,12.8,0.572,0.614,1.0,0.992,19.83,99.17,82.64,109.0,0.578,W,1
0022300127,1610612746,LA,Clippers,LAC,clippers,265:00,568.2,113.6,596.3,119.3,-28.1,-5.6,0.468,1.69,15.1,0.241,0.74,0.472,11.818,11.8,0.545,0.564,1.0,0.984,19.83,99.17,82.64,110.0,0.422,L,0
0022300126,1610612744,Golden State,Warriors,GSW,warriors,240:00,525.8,105.2,515.3,103.1,10.5,2.1,0.821,1.78,23.2,0.205,0.648,0.449,18.557,18.6,0.549,0.582,1.0,0.981,19.5,97.5,81.25,97.0,0.523,W,1
0022300126,1610612758,Sacramento,Kings,SAC,kings,240:00,515.3,103.1,525.8,105.2,-10.5,-2.1,0.667,1.6,17.0,0.352,0.795,0.551,15.306,15.3,0.472,0.515,1.0,0.949,19.5,97.5,81.25,98.0,0.477,L,0
0022300117,1610612737,Atlanta,Hawks,ATL,hawks,240:00,590.9,118.2,545.0,109.0,45.9,9.2,0.565,1.24,17.0,0.362,0.827,0.606,19.091,19.1,0.549,0.613,1.0,0.984,22.1,110.5,92.08,110.0,0.542,W,1
0022300117,1610612764,Washington,Wizards,WAS,wizards,240:00,545.0,109.0,590.9,118.2,-45.9,-9.2,0.627,2.91,21.1,0.173,0.638,0.394,9.91,9.9,0.554,0.565,1.0,0.975,22.1,110.5,92.08,111.0,0.458,L,0
0022300125,1610612762,Utah,Jazz,UTA,jazz,240:00,621.5,124.3,504.6,100.9,116.9,23.4,0.745,1.67,22.9,0.262,0.677,0.514,19.626,19.6,0.667,0.682,1.0,0.992,21.5,107.5,89.58,107.0,0.626,W,1
0022300125,1610612763,Memphis,Grizzlies,MEM,grizzlies,240:00,504.6,100.9,621.5,124.3,-116.9,-23.4,0.714,1.56,16.3,0.323,0.738,0.486,14.815,14.8,0.438,0.495,1.0,0.977,21.5,107.5,89.58,108.0,0.374,L,0
0022300120,1610612752,New York,Knicks,NYK,knicks,240:00,463.5,92.7,489.7,97.9,-26.1,-5.2,0.563,1.29,13.1,0.348,0.837,0.541,14.583,14.6,0.375,0.423,1.0,0.983,19.3,96.5,80.42,96.0,0.426,L,0
0022300120,1610612739,Cleveland,Cavaliers,CLE,cavaliers,240:00,489.7,97.9,463.5,92.7,26.1,5.2,0.688,1.22,17.5,0.163,0.652,0.459,18.557,18.6,0.514,0.574,1.0,0.971,19.3,96.5,80.42,97.0,0.574,W,1
0022300123,1610612750,Minnesota,Timberwolves,MIN,timberwolves,240:00,561.2,112.2,449.5,89.9,111.7,22.3,0.526,1.43,15.4,0.261,0.695,0.505,14.286,14.3,0.506,0.58,1.0,0.982,19.7,98.5,82.08,98.0,0.642,W,1
0022300123,1610612743,Denver,Nuggets,DEN,nuggets,240:00,449.5,89.9,561.2,112.2,-111.7,-22.3,0.605,1.44,16.4,0.305,0.739,0.495,16.162,16.2,0.427,0.443,1.0,0.966,19.7,98.5,82.08,99.0,0.358,L,0
0022300121,1610612760,Oklahoma City,Thunder,OKC,thunder,240:00,509.6,101.9,528.8,105.8,-19.2,-3.8,0.605,1.53,16.7,0.216,0.652,0.467,14.423,14.4,0.472,0.535,1.0,0.974,20.8,104.0,86.67,104.0,0.52,L,0
0022300121,1610612740,New Orleans,Pelicans,NOP,pelicans,240:00,528.8,105.8,509.6,101.9,19.2,3.8,0.575,2.09,15.3,0.348,0.784,0.533,10.577,10.6,0.456,0.479,1.0,0.984,20.8,104.0,86.67,104.0,0.48,W,1
0022300116,1610612761,Toronto,Raptors,TOR,raptors,240:00,670.1,134.0,566.3,113.3,103.8,20.8,0.686,1.94,23.5,0.425,0.783,0.616,18.557,18.6,0.643,0.669,1.0,0.974,19.5,97.5,81.25,97.0,0.61,W,1
0022300116,1610612749,Milwaukee,Bucks,MIL,bucks,240:00,566.3,113.3,670.1,134.0,-103.8,-20.8,0.543,1.58,15.0,0.217,0.575,0.384,12.245,12.2,0.546,0.599,1.0,0.972,19.5,97.5,81.25,98.0,0.39,L,0
0022300118,1610612738,Boston,Celtics,BOS,celtics,240:00,724.3,144.9,486.0,97.2,238.3,47.7,0.5,2.08,18.2,0.366,0.825,0.633,12.15,12.1,0.674,0.722,1.0,0.975,21.4,107.0,89.17,107.0,0.682,W,1
0022300118,1610612754,Indiana,Pacers,IND,pacers,240:00,486.0,97.2,724.3,144.9,-238.3,-47.7,0.565,2.89,18.2,0.175,0.634,0.367,8.411,8.4,0.48,0.489,1.0,0.983,21.4,107.0,89.17,107.0,0.318,L,0
0022300124,1610612742,Dallas,Mavericks,DAL,mavericks,240:00,600.0,120.0,552.6,110.5,47.4,9.5,0.622,1.53,17.2,0.333,0.708,0.521,15.789,15.8,0.58,0.611,1.0,0.964,19.0,95.0,79.17,95.0,0.544,W,1
0022300124,1610612741,Chicago,Bulls,CHI,bulls,240:00,552.6,110.5,600.0,120.0,-47.4,-9.5,0.452,1.46,14.8,0.292,0.667,0.479,13.684,13.7,0.534,0.559,1.0,0.982,19.0,95.0,79.17,95.0,0.456,L,0
0022300119,1610612748,Miami,Heat,MIA,heat,240:00,514.7,102.9,524.0,104.8,-9.3,-1.9,0.564,1.22,15.9,0.259,0.75,0.49,17.647,17.6,0.5,0.531,1.0,0.983,20.6,103.0,85.83,102.0,0.451,L,0
0022300119,1610612751,Brooklyn,Nets,BKN,nets,240:00,524.0,104.8,514.7,102.9,9.3,1.9,0.73,1.5,18.9,0.25,0.741,0.51,17.308,17.3,0.549,0.583,1.0,0.966,20.6,103.0,85.83,104.0,0.549,W,1
0022300122,1610612745,Houston,Rockets,HOU,rockets,240:00,627.5,125.5,583.3,116.7,44.1,8.8,0.795,2.06,23.8,0.256,0.633,0.457,16.667,16.7,0.649,0.68,1.0,0.991,20.4,102.0,85.0,102.0,0.55,W,1
0022300122,1610612766,Charlotte,Hornets,CHA,hornets,240:00,583.3,116.7,627.5,125.5,-44.1,-8.8,0.467,1.31,14.9,0.367,0.744,0.543,15.686,15.7,0.561,0.589,1.0,0.983,20.4,102.0,85.0,102.0,0.45,L,0
0022300115,1610612765,Detroit,Pistons,DET,pistons,240:00,476.4,95.3,523.8,104.8,-47.4,-9.5,0.6,1.33,17.4,0.176,0.795,0.463,16.981,17.0,0.506,0.532,1.0,0.982,21.1,105.5,87.92,106.0,0.411,L,0
0022300115,1610612757,Portland,Trail Blazers,POR,blazers,240:00,523.8,104.8,476.4,95.3,47.4,9.5,0.605,1.35,16.8,0.205,0.824,0.537,16.19,16.2,0.512,0.576,1.0,0.991,21.1,105.5,87.92,105.0,0.589,W,1
0022300112,1610612739,Cleveland,Cavaliers,CLE,cavaliers,240:00,474.0,94.8,561.9,112.4,-87.9,-17.6,0.528,1.27,14.5,0.293,0.66,0.463,15.625,15.6,0.446,0.468,1.0,1.0,19.3,96.5,80.42,96.0,0.408,L,0
0022300112,1610612752,New York,Knicks,NYK,knicks,240:00,561.9,112.4,474.0,94.8,87.9,17.6,0.474,1.29,13.7,0.34,0.707,0.537,14.433,14.4,0.517,0.562,1.0,0.982,19.3,96.5,80.42,97.0,0.592,W,1
0022300114,1610612746,LA,Clippers,LAC,clippers,240:00,561.9,112.4,490.4,98.1,71.5,14.3,0.659,1.81,19.7,0.277,0.813,0.547,15.238,15.2,0.573,0.595,1.0,0.975,20.9,104.5,87.08,105.0,0.582,W,1
0022300114,1610612753,Orlando,Magic,ORL,magic,240:00,490.4,98.1,561.9,112.4,-71.5,-14.3,0.605,1.44,16.9,0.188,0.723,0.453,15.385,15.4,0.512,0.534,1.0,0.991,20.9,104.5,87.08,104.0,0.418,L,0
0022300113,1610612756,Phoenix,Suns,PHX,suns,240:00,570.0,114.0,569.3,113.9,0.7,0.1,0.69,1.53,20.9,0.244,0.75,0.527,19.0,19.0,0.614,0.636,1.0,0.991,20.1,100.5,83.75,100.0,0.521,L,0
0022300113,1610612759,San Antonio,Spurs,SAS,spurs,240:00,569.3,113.9,570.0,114.0,-0.7,-0.1,0.581,2.08,18.0,0.25,0.756,0.473,11.881,11.9,0.543,0.57,1.0,0.974,20.1,100.5,83.75,101.0,0.479,W,1
0022300103,1610612764,Washington,Wizards,WAS,wizards,240:00,514.4,102.9,605.8,121.2,-91.3,-18.3,0.667,1.73,18.2,0.255,0.615,0.437,14.423,14.4,0.511,0.543,1.0,0.983,20.8,104.0,86.67,104.0,0.443,L,0
0022300103,1610612738,Boston,Celtics,BOS,celtics,240:00,605.8,121.2,514.4,102.9,91.3,18.3,0.608,1.72,20.0,0.385,0.745,0.563,17.308,17.3,0.593,0.6,1.0,0.976,20.8,104.0,86.67,104.0,0.557,W,1
0022300108,1610612740,New Orleans,Pelicans,NOP,pelicans,240:00,510.0,102.0,643.6,128.7,-133.6,-26.7,0.605,2.09,16.8,0.25,0.54,0.382,11.0,11.0,0.462,0.488,1.0,1.0,20.1,100.5,83.75,100.0,0.356,L,0
0022300108,1610612744,Golden State,Warriors,GSW,warriors,240:00,643.6,128.7,510.0,102.0,133.6,26.7,0.549,1.87,18.4,0.46,0.75,0.618,14.851,14.9,0.597,0.609,1.0,0.968,20.1,100.5,83.75,101.0,0.644,W,1
0022300110,1610612743,Denver,Nuggets,DEN,nuggets,240:00,561.2,112.2,520.4,104.1,40.8,8.2,0.681,2.46,23.2,0.19,0.644,0.455,13.265,13.3,0.613,0.601,1.0,0.972,19.6,98.0,81.67,98.0,0.58,W,1
0022300110,1610612762,Utah,Jazz,UTA,jazz,240:00,520.4,104.1,561.2,112.2,-40.8,-8.2,0.714,2.31,20.1,0.356,0.81,0.545,13.265,13.3,0.485,0.488,1.0,0.975,19.6,98.0,81.67,98.0,0.42,L,0
0022300101,1610612766,Charlotte,Hornets,CHA,hornets,240:00,576.2,115.2,633.3,126.7,-57.1,-11.4,0.702,3.3,22.4,0.22,0.738,0.457,9.524,9.5,0.531,0.577,1.0,0.991,21.0,105.0,87.5,105.0,0.478,L,0
0022300101,1610612751,Brooklyn,Nets,BKN,nets,240:00,633.3,126.7,576.2,115.2,57.1,11.4,0.51,1.79,17.7,0.262,0.78,0.543,13.333,13.3,0.632,0.658,1.0,0.983,21.0,105.0,87.5,105.0,0.522,W,1
0022300111,1610612747,Los Angeles,Lakers,LAL,lakers,240:00,535.4,107.1,520.2,104.0,15.2,3.0,0.667,1.75,21.2,0.125,0.7,0.47,16.162,16.2,0.582,0.61,1.0,0.981,19.8,99.0,82.5,99.0,0.564,W,1
0022300111,1610612753,Orlando,Magic,ORL,magic,240:00,520.2,104.0,535.4,107.1,-15.2,-3.0,0.737,2.55,19.3,0.3,0.875,0.53,11.111,11.1,0.474,0.5,1.0,0.983,19.8,99.0,82.5,99.0,0.436,L,0
0022300109,1610612760,Oklahoma City,Thunder,OKC,thunder,240:00,596.2,119.2,543.7,108.7,52.5,10.5,0.477,1.4,15.7,0.225,0.714,0.51,14.423,14.4,0.608,0.65,1.0,0.973,20.7,103.5,86.25,104.0,0.584,W,1
0022300109,1610612765,Detroit,Pistons,DET,pistons,240:00,543.7,108.7,596.2,119.2,-52.5,-10.5,0.795,1.82,20.7,0.286,0.775,0.49,16.505,16.5,0.511,0.551,1.0,0.983,20.7,103.5,86.25,103.0,0.416,L,0
0022300107,1610612749,Milwaukee,Bucks,MIL,bucks,240:00,581.0,116.2,542.9,108.6,38.1,7.6,0.545,1.6,17.0,0.261,0.8,0.527,14.286,14.3,0.575,0.609,1.0,0.966,21.0,105.0,87.5,105.0,0.504,W,1
0022300107,1610612748,Miami,Heat,MIA,heat,240:00,542.9,108.6,581.0,116.2,-38.1,-7.6,0.659,1.8,19.1,0.2,0.739,0.473,14.286,14.3,0.552,0.601,1.0,0.965,21.0,105.0,87.5,105.0,0.496,L,0
0022300105,1610612761,Toronto,Raptors,TOR,raptors,240:00,489.2,97.8,532.3,106.5,-43.0,-8.6,0.5,1.58,14.4,0.333,0.673,0.486,12.903,12.9,0.426,0.452,1.0,0.973,18.6,93.0,77.5,93.0,0.453,L,0
0022300105,1610612757,Portland,Trail Blazers,POR,blazers,240:00,532.3,106.5,489.2,97.8,43.0,8.6,0.526,1.25,15.5,0.327,0.667,0.514,17.204,17.2,0.512,0.54,1.0,0.963,18.6,93.0,77.5,93.0,0.547,W,1
0022300104,1610612737,Atlanta,Hawks,ATL,hawks,240:00,654.6,130.9,570.7,114.1,83.9,16.8,0.583,2.55,21.2,0.184,0.688,0.465,11.34,11.3,0.64,0.676,1.0,0.981,19.6,98.0,81.67,97.0,0.591,W,1
0022300104,1610612750,Minnesota,Timberwolves,MIN,timberwolves,240:00,570.7,114.1,654.6,130.9,-83.9,-16.8,0.545,1.71,17.5,0.313,0.816,0.535,14.141,14.1,0.578,0.585,1.0,0.938,19.6,98.0,81.67,99.0,0.409,L,0
0022300102,1610612754,Indiana,Pacers,IND,pacers,240:00,509.7,101.9,543.7,108.7,-34.0,-6.8,0.722,1.53,18.1,0.283,0.735,0.5,16.505,16.5,0.477,0.53,1.0,0.992,20.6,103.0,85.83,103.0,0.462,L,0
0022300102,1610612741,Chicago,Bulls,CHI,bulls,240:00,543.7,108.7,509.7,101.9,34.0,6.8,0.475,1.46,14.1,0.265,0.717,0.5,12.621,12.6,0.494,0.556,1.0,0.983,20.6,103.0,85.83,103.0,0.538,W,1
0022300106,1610612763,Memphis,Grizzlies,MEM,grizzlies,240:00,534.0,106.8,612.7,122.5,-78.8,-15.8,0.524,1.83,16.2,0.214,0.804,0.48,11.65,11.7,0.533,0.546,1.0,0.982,20.5,102.5,85.42,103.0,0.426,L,0
0022300106,1610612742,Dallas,Mavericks,DAL,mavericks,240:00,612.7,122.5,534.0,106.8,78.8,15.8,0.571,1.6,17.8,0.196,0.786,0.52,14.706,14.7,0.637,0.661,1.0,0.982,20.5,102.5,85.42,102.0,0.574,W,1
0022300097,1610612749,Milwaukee,Bucks,MIL,bucks,240:00,539.2,107.8,610.6,122.1,-71.4,-14.3,0.564,0.96,15.8,0.306,0.604,0.454,22.549,22.5,0.547,0.58,1.0,1.0,20.6,103.0,85.83,102.0,0.382,L,0
0022300097,1610612737,Atlanta,Hawks,ATL,hawks,240:00,610.6,122.1,539.2,107.8,71.4,14.3,0.681,1.88,20.6,0.396,0.694,0.546,16.346,16.3,0.586,0.618,1.0,0.967,20.6,103.0,85.83,104.0,0.618,W,1
0022300096,1610612745,Houston,Rockets,HOU,rockets,240:00,505.3,101.1,557.9,111.6,-52.6,-10.5,0.647,3.14,17.2,0.228,0.75,0.467,7.447,7.4,0.428,0.483,1.0,1.0,18.9,94.5,78.75,94.0,0.432,L,0
0022300096,1610612744,Golden State,Warriors,GSW,warriors,240:00,557.9,111.6,505.3,101.1,52.6,10.5,0.771,1.93,20.1,0.25,0.772,0.533,14.737,14.7,0.543,0.582,1.0,0.981,18.9,94.5,78.75,95.0,0.568,W,1
0022300095,1610612760,Oklahoma City,Thunder,OKC,thunder,240:00,489.7,97.9,673.7,134.7,-184.0,-36.8,0.595,2.2,16.5,0.264,0.667,0.427,10.309,10.3,0.444,0.485,1.0,0.955,19.2,96.0,80.0,97.0,0.334,L,0
0022300095,1610612743,Denver,Nuggets,DEN,nuggets,240:00,673.7,134.7,489.7,97.9,184.0,36.8,0.642,2.62,24.1,0.333,0.736,0.573,13.684,13.7,0.665,0.683,1.0,0.991,19.2,96.0,80.0,95.0,0.666,W,1
0022300100,1610612758,Sacramento,Kings,SAC,kings,265:00,584.1,116.8,557.0,111.4,27.1,5.4,0.612,3.0,19.5,0.183,0.741,0.458,8.85,8.8,0.553,0.576,1.0,0.984,20.56,102.79,85.66,113.0,0.508,W,1
0022300100,1610612747,Los Angeles,Lakers,LAL,lakers,265:00,557.0,111.4,584.1,116.8,-27.1,-5.4,0.628,2.25,17.3,0.259,0.817,0.542,10.526,10.5,0.515,0.562,1.0,0.977,20.56,102.79,85.66,114.0,0.492,L,0
0022300098,1610612755,Philadelphia,76ers,PHI,sixers,240:00,611.7,122.3,475.7,95.1,135.9,27.2,0.7,1.75,19.2,0.341,0.7,0.548,15.534,15.5,0.555,0.633,1.0,0.975,20.6,103.0,85.83,103.0,0.68,W,1
0022300098,1610612757,Portland,Trail Blazers,POR,blazers,240:00,475.7,95.1,611.7,122.3,-135.9,-27.2,0.528,1.19,13.6,0.3,0.659,0.452,15.534,15.5,0.42,0.473,1.0,0.975,20.6,103.0,85.83,103.0,0.32,L,0
0022300099,1610612746,LA,Clippers,LAC,clippers,240:00,597.1,119.4,399.0,79.8,198.0,39.6,0.489,1.44,16.4,0.304,0.792,0.566,15.534,15.5,0.604,0.614,1.0,0.991,20.7,103.5,86.25,103.0,0.719,W,1
0022300099,1610612759,San Antonio,Spurs,SAS,spurs,240:00,399.0,79.8,597.1,119.4,-198.0,-39.6,0.7,0.84,15.4,0.208,0.696,0.434,24.038,24.0,0.444,0.477,1.0,0.974,20.7,103.5,86.25,104.0,0.281,L,0
0022300088,1610612765,Detroit,Pistons,DET,pistons,240:00,634.4,126.9,548.4,109.7,86.0,17.2,0.644,1.71,20.7,0.419,0.75,0.606,18.28,18.3,0.593,0.622,1.0,0.973,18.6,93.0,77.5,93.0,0.622,W,1
0022300088,1610612741,Chicago,Bulls,CHI,bulls,240:00,548.4,109.7,634.4,126.9,-86.0,-17.2,0.41,2.0,13.0,0.25,0.581,0.394,8.602,8.6,0.478,0.51,1.0,0.991,18.6,93.0,77.5,93.0,0.378,L,0
0022300091,1610612739,Cleveland,Cavaliers,CLE,cavaliers,240:00,570.7,114.1,637.8,127.6,-67.0,-13.4,0.674,4.14,19.6,0.356,0.706,0.518,7.071,7.1,0.495,0.516,1.0,0.975,19.7,98.5,82.08,99.0,0.442,L,0
0022300091,1610612754,Indiana,Pacers,IND,pacers,240:00,637.8,127.6,570.7,114.1,67.0,13.4,0.75,4.5,24.3,0.294,0.644,0.482,8.163,8.2,0.566,0.593,1.0,0.991,19.7,98.5,82.08,98.0,0.558,W,1
0022300094,1610612756,Phoenix,Suns,PHX,suns,240:00,623.8,124.8,520.0,104.0,103.8,20.8,0.689,2.82,21.8,0.244,0.673,0.484,10.891,10.9,0.588,0.647,1.0,0.973,20.1,100.5,83.75,101.0,0.615,W,1
0022300094,1610612762,Utah,Jazz,UTA,jazz,240:00,520.0,104.0,623.8,124.8,-103.8,-20.8,0.65,1.37,18.3,0.327,0.756,0.516,19.0,19.0,0.505,0.535,1.0,0.983,20.1,100.5,83.75,100.0,0.385,L,0
0022300089,1610612764,Washington,Wizards,WAS,wizards,240:00,543.3,108.7,519.6,103.9,23.7,4.7,0.625,2.08,17.6,0.241,0.769,0.5,11.538,11.5,0.516,0.55,1.0,0.957,20.6,103.0,85.83,104.0,0.523,W,1
0022300089,1610612763,Memphis,Grizzlies,MEM,grizzlies,240:00,519.6,103.9,543.3,108.7,-23.7,-4.7,0.692,1.5,19.3,0.231,0.759,0.5,17.647,17.6,0.533,0.558,1.0,0.982,20.6,103.0,85.83,102.0,0.477,L,0
0022300090,1610612740,New Orleans,Pelicans,NOP,pelicans,240:00,475.2,95.0,435.0,87.0,40.2,8.0,0.5,1.54,15.6,0.154,0.678,0.432,12.871,12.9,0.511,0.51,1.0,0.981,20.1,100.5,83.75,101.0,0.528,W,1
0022300090,1610612752,New York,Knicks,NYK,knicks,240:00,435.0,87.0,475.2,95.0,-40.2,-8.0,0.576,1.0,13.9,0.322,0.846,0.568,19.0,19.0,0.406,0.444,1.0,0.992,20.1,100.5,83.75,100.0,0.472,L,0
0022300093,1610612750,Minnesota,Timberwolves,MIN,timberwolves,240:00,535.4,107.1,459.2,91.8,76.2,15.2,0.682,1.88,21.7,0.205,0.774,0.515,16.162,16.2,0.581,0.592,1.0,0.954,19.7,98.5,82.08,99.0,0.608,W,1
0022300093,1610612748,Miami,Heat,MIA,heat,240:00,459.2,91.8,535.4,107.1,-76.2,-15.2,0.686,1.6,17.9,0.226,0.795,0.485,15.306,15.3,0.471,0.483,1.0,0.982,19.7,98.5,82.08,98.0,0.392,L,0
0022300092,1610612761,Toronto,Raptors,TOR,raptors,240:00,581.5,116.3,606.4,121.3,-24.9,-5.0,0.737,2.15,20.4,0.34,0.667,0.495,14.13,14.1,0.534,0.561,1.0,0.991,18.6,93.0,77.5,92.0,0.446,L,0
0022300092,1610612755,Philadelphia,76ers,PHI,sixers,240:00,606.4,121.3,581.5,116.3,24.9,5.0,0.581,2.27,18.7,0.333,0.66,0.505,11.702,11.7,0.558,0.598,1.0,0.945,18.6,93.0,77.5,94.0,0.554,W,1
0022300081,1610612739,Cleveland,Cavaliers,CLE,cavaliers,240:00,500.0,100.0,514.3,102.9,-14.3,-2.9,0.526,1.43,14.6,0.211,0.816,0.491,13.333,13.3,0.478,0.514,1.0,0.991,21.0,105.0,87.5,105.0,0.479,L,0
0022300081,1610612760,Oklahoma City,Thunder,OKC,thunder,240:00,514.3,102.9,500.0,100.0,14.3,2.9,0.55,1.22,16.2,0.184,0.789,0.509,17.143,17.1,0.534,0.566,1.0,0.991,21.0,105.0,87.5,105.0,0.521,W,1
0022300078,1610612763,Memphis,Grizzlies,MEM,grizzlies,240:00,504.9,101.0,524.3,104.9,-19.4,-3.9,0.595,1.05,15.8,0.306,0.725,0.52,20.388,20.4,0.5,0.55,1.0,0.983,20.6,103.0,85.83,103.0,0.48,L,0
0022300078,1610612743,Denver,Nuggets,DEN,nuggets,240:00,524.3,104.9,504.9,101.0,19.4,3.9,0.659,1.42,18.9,0.275,0.694,0.48,18.447,18.4,0.545,0.563,1.0,0.974,20.6,103.0,85.83,103.0,0.52,W,1
0022300082,1610612741,Chicago,Bulls,CHI,bulls,265:00,477.1,95.4,472.5,94.5,4.6,0.9,0.486,1.06,12.3,0.299,0.796,0.509,15.596,15.6,0.414,0.467,1.0,0.984,19.74,98.72,82.26,109.0,0.483,W,1
0022300082,1610612761,Toronto,Raptors,TOR,raptors,265:00,472.5,94.5,477.1,95.4,-4.6,-0.9,0.641,1.09,17.4,0.204,0.701,0.491,21.101,21.1,0.518,0.542,1.0,0.958,19.74,98.72,82.26,109.0,0.517,L,0
0022300083,1610612759,San Antonio,Spurs,SAS,spurs,265:00,567.6,113.5,549.5,109.9,18.0,3.6,0.696,1.78,20.3,0.283,0.667,0.477,16.216,16.2,0.559,0.593,1.0,0.976,20.11,100.53,83.77,111.0,0.553,W,1
0022300083,1610612745,Houston,Rockets,HOU,rockets,265:00,549.5,109.9,567.6,113.5,-18.0,-3.6,0.577,1.67,19.1,0.333,0.717,0.523,16.216,16.2,0.56,0.561,1.0,1.0,20.11,100.53,83.77,111.0,0.447,L,0
0022300087,1610612758,Sacramento,Kings,SAC,kings,240:00,542.9,108.6,586.5,117.3,-43.7,-8.7,0.585,1.71,16.7,0.304,0.775,0.5,13.333,13.3,0.5,0.534,1.0,0.992,20.9,104.5,87.08,105.0,0.436,L,0
0022300087,1610612744,Golden State,Warriors,GSW,warriors,240:00,586.5,117.3,542.9,108.6,43.7,8.7,0.667,1.68,22.2,0.225,0.696,0.5,18.269,18.3,0.632,0.655,1.0,1.0,20.9,104.5,87.08,104.0,0.564,W,1
0022300079,1610612737,Atlanta,Hawks,ATL,hawks,240:00,555.6,111.1,594.3,118.9,-38.8,-7.8,0.667,2.0,19.2,0.255,0.706,0.49,12.963,13.0,0.552,0.599,1.0,0.975,21.4,107.0,89.17,108.0,0.495,L,0
0022300079,1610612752,New York,Knicks,NYK,knicks,240:00,594.3,118.9,555.6,111.1,38.8,7.8,0.698,1.88,19.9,0.294,0.745,0.51,15.094,15.1,0.589,0.616,1.0,0.992,21.4,107.0,89.17,106.0,0.505,W,1
0022300085,1610612762,Utah,Jazz,UTA,jazz,240:00,600.0,120.0,590.0,118.0,10.0,2.0,0.643,1.93,18.2,0.4,0.795,0.564,14.0,14.0,0.521,0.568,1.0,0.992,20.0,100.0,83.33,100.0,0.499,W,1
0022300085,1610612746,LA,Clippers,LAC,clippers,240:00,590.0,118.0,600.0,120.0,-10.0,-2.0,0.415,1.06,13.7,0.205,0.6,0.436,16.0,16.0,0.623,0.661,1.0,0.972,20.0,100.0,83.33,100.0,0.501,L,0
0022300086,1610612757,Portland,Trail Blazers,POR,blazers,240:00,505.2,101.0,531.3,106.3,-26.0,-5.2,0.429,0.94,11.6,0.352,0.729,0.529,16.667,16.7,0.449,0.499,1.0,0.991,19.2,96.0,80.0,96.0,0.401,L,0
0022300086,1610612753,Orlando,Magic,ORL,magic,240:00,531.3,106.3,505.2,101.0,26.0,5.2,0.611,1.57,16.8,0.271,0.648,0.471,14.583,14.6,0.513,0.548,1.0,0.982,19.2,96.0,80.0,96.0,0.599,W,1
0022300084,1610612742,Dallas,Mavericks,DAL,mavericks,240:00,618.8,123.8,588.2,117.6,30.6,6.1,0.455,2.22,15.0,0.24,0.723,0.474,8.911,8.9,0.566,0.605,1.0,0.991,20.3,101.5,84.58,101.0,0.507,W,1
0022300084,1610612751,Brooklyn,Nets,BKN,nets,240:00,588.2,117.6,618.8,123.8,-30.6,-6.1,0.667,1.88,20.7,0.277,0.76,0.526,15.686,15.7,0.603,0.622,1.0,0.965,20.3,101.5,84.58,102.0,0.493,L,0
0022300077,1610612766,Charlotte,Hornets,CHA,hornets,240:00,458.3,91.7,518.7,103.7,-60.4,-12.1,0.606,1.11,14.1,0.267,0.646,0.435,16.667,16.7,0.415,0.481,1.0,0.992,21.5,107.5,89.58,108.0,0.424,L,0
0022300077,1610612765,Detroit,Pistons,DET,pistons,240:00,518.7,103.7,458.3,91.7,60.4,12.1,0.7,1.17,18.5,0.354,0.733,0.565,22.43,22.4,0.511,0.561,1.0,0.984,21.5,107.5,89.58,107.0,0.576,W,1
0022300080,1610612738,Boston,Celtics,BOS,celtics,240:00,595.0,119.0,560.6,112.1,34.4,6.9,0.444,1.33,14.2,0.382,0.769,0.57,15.0,15.0,0.558,0.576,1.0,0.975,19.9,99.5,82.92,100.0,0.508,W,1
0022300080,1610612748,Miami,Heat,MIA,heat,240:00,560.6,112.1,595.0,119.0,-34.4,-6.9,0.632,2.0,17.9,0.231,0.618,0.43,12.121,12.1,0.517,0.56,1.0,1.0,19.9,99.5,82.92,99.0,0.492,L,0
0022300076,1610612747,Los Angeles,Lakers,LAL,lakers,240:00,480.8,96.2,452.4,90.5,28.4,5.7,0.667,1.5,17.4,0.192,0.735,0.455,15.385,15.4,0.458,0.517,1.0,0.991,20.9,104.5,87.08,104.0,0.565,W,1
0022300076,1610612756,Phoenix,Suns,PHX,suns,240:00,452.4,90.5,480.8,96.2,-28.4,-5.7,0.471,0.67,11.9,0.265,0.808,0.545,22.857,22.9,0.475,0.521,1.0,0.941,20.9,104.5,87.08,105.0,0.435,L,0
0022300075,1610612749,Milwaukee,Bucks,MIL,bucks,240:00,561.9,112.4,562.5,112.5,-0.6,-0.1,0.488,1.43,14.9,0.2,0.905,0.54,13.333,13.3,0.574,0.609,1.0,0.974,20.9,104.5,87.08,105.0,0.505,W,1
0022300075,1610612755,Philadelphia,76ers,PHI,sixers,240:00,562.5,112.5,561.9,112.4,0.6,0.1,0.61,1.67,18.8,0.095,0.8,0.46,14.423,14.4,0.613,0.634,1.0,0.991,20.9,104.5,87.08,104.0,0.495,L,0
0022300068,1610612748,Miami,Heat,MIA,heat,240:00,542.1,108.4,531.3,106.3,10.9,2.2,0.595,3.14,16.4,0.298,0.625,0.46,7.368,7.4,0.446,0.498,1.0,0.991,19.1,95.5,79.58,95.0,0.507,W,1
0022300068,1610612765,Detroit,Pistons,DET,pistons,240:00,531.3,106.3,542.1,108.4,-10.9,-2.2,0.683,1.65,19.3,0.375,0.702,0.54,17.708,17.7,0.505,0.517,1.0,0.966,19.1,95.5,79.58,96.0,0.493,L,0
0022300073,1610612759,San Antonio,Spurs,SAS,spurs,240:00,556.1,111.2,588.8,117.8,-32.7,-6.5,0.717,1.74,22.0,0.255,0.717,0.5,17.757,17.8,0.579,0.603,1.0,1.0,21.4,107.0,89.17,107.0,0.507,L,0
0022300073,1610612742,Dallas,Mavericks,DAL,mavericks,240:00,588.8,117.8,556.1,111.2,32.7,6.5,0.511,2.0,16.6,0.283,0.745,0.5,11.215,11.2,0.551,0.577,1.0,0.992,21.4,107.0,89.17,107.0,0.493,W,1
0022300066,1610612753,Orlando,Magic,ORL,magic,240:00,604.2,120.8,452.6,90.5,151.5,30.3,0.452,1.19,14.3,0.457,0.788,0.633,16.667,16.7,0.534,0.589,1.0,0.982,19.1,95.5,79.58,96.0,0.715,W,1
0022300066,1610612745,Houston,Rockets,HOU,rockets,240:00,452.6,90.5,604.2,120.8,-151.5,-30.3,0.594,1.0,15.2,0.212,0.543,0.367,20.0,20.0,0.481,0.5,1.0,0.981,19.1,95.5,79.58,95.0,0.285,L,0
0022300063,1610612766,Charlotte,Hornets,CHA,hornets,240:00,557.7,111.5,528.8,105.8,28.8,5.8,0.791,1.79,22.4,0.326,0.724,0.548,18.269,18.3,0.564,0.595,1.0,0.992,20.8,104.0,86.67,104.0,0.549,W,1
0022300063,1610612737,Atlanta,Hawks,ATL,hawks,240:00,528.8,105.8,557.7,111.5,-28.8,-5.8,0.615,2.0,16.7,0.276,0.674,0.452,11.538,11.5,0.446,0.512,1.0,0.992,20.8,104.0,86.67,104.0,0.451,L,0
0022300067,1610612751,Brooklyn,Nets,BKN,nets,240:00,565.0,113.0,575.8,115.2,-10.8,-2.2,0.714,1.67,20.8,0.348,0.804,0.588,18.0,18.0,0.554,0.592,1.0,0.982,19.9,99.5,82.92,100.0,0.528,L,0
0022300067,1610612739,Cleveland,Cavaliers,CLE,cavaliers,240:00,575.8,115.2,565.0,113.0,10.8,2.2,0.568,2.5,18.7,0.196,0.652,0.412,10.101,10.1,0.559,0.579,1.0,0.991,19.9,99.5,82.92,99.0,0.472,W,1
0022300071,1610612763,Memphis,Grizzlies,MEM,grizzlies,240:00,500.0,100.0,538.8,107.8,-38.8,-7.8,0.605,1.77,16.4,0.232,0.717,0.451,12.5,12.5,0.484,0.521,1.0,0.966,20.7,103.5,86.25,104.0,0.457,L,0
0022300071,1610612740,New Orleans,Pelicans,NOP,pelicans,240:00,538.8,107.8,500.0,100.0,38.8,7.8,0.55,1.05,15.9,0.283,0.768,0.549,20.388,20.4,0.553,0.586,1.0,0.991,20.7,103.5,86.25,103.0,0.543,W,1
0022300064,1610612754,Indiana,Pacers,IND,pacers,240:00,644.1,128.8,545.5,109.1,98.7,19.7,0.679,3.17,23.0,0.314,0.768,0.551,10.811,10.8,0.617,0.637,1.0,0.976,22.1,110.5,92.08,111.0,0.572,W,1
0022300064,1610612764,Washington,Wizards,WAS,wizards,240:00,545.5,109.1,644.1,128.8,-98.7,-19.7,0.636,2.0,18.5,0.232,0.686,0.449,12.727,12.7,0.505,0.552,1.0,0.992,22.1,110.5,92.08,110.0,0.428,L,0
0022300072,1610612762,Utah,Jazz,UTA,jazz,240:00,542.9,108.6,619.0,123.8,-76.2,-15.2,0.537,1.57,15.4,0.314,0.719,0.528,13.333,13.3,0.5,0.545,1.0,0.983,21.0,105.0,87.5,105.0,0.465,L,0
0022300072,1610612758,Sacramento,Kings,SAC,kings,240:00,619.0,123.8,542.9,108.6,76.2,15.2,0.617,2.42,19.3,0.281,0.686,0.472,11.429,11.4,0.554,0.587,1.0,0.975,21.0,105.0,87.5,105.0,0.535,W,1
0022300069,1610612761,Toronto,Raptors,TOR,raptors,240:00,480.2,96.0,465.3,93.1,14.9,3.0,0.75,1.93,19.3,0.207,0.632,0.437,13.861,13.9,0.478,0.5,1.0,0.982,20.2,101.0,84.17,101.0,0.523,W,1
0022300069,1610612750,Minnesota,Timberwolves,MIN,timberwolves,240:00,465.3,93.1,480.2,96.0,-14.9,-3.0,0.588,1.43,13.7,0.368,0.793,0.563,13.861,13.9,0.38,0.429,1.0,0.984,20.2,101.0,84.17,101.0,0.477,L,0
0022300074,1610612746,LA,Clippers,LAC,clippers,240:00,621.2,124.2,560.6,112.1,60.6,12.1,0.766,2.0,23.5,0.4,0.635,0.526,18.182,18.2,0.611,0.634,1.0,0.974,19.8,99.0,82.5,99.0,0.601,W,1
0022300074,1610612757,Portland,Trail Blazers,POR,blazers,240:00,560.6,112.1,621.2,124.2,-60.6,-12.1,0.455,1.11,14.5,0.365,0.6,0.474,18.182,18.2,0.527,0.552,1.0,0.975,19.8,99.0,82.5,99.0,0.399,L,0
0022300070,1610612741,Chicago,Bulls,CHI,bulls,240:00,525.3,105.1,620.0,124.0,-94.7,-18.9,0.667,2.0,18.4,0.304,0.789,0.5,13.131,13.1,0.479,0.51,1.0,0.991,19.9,99.5,82.92,99.0,0.411,L,0
0022300070,1610612760,Oklahoma City,Thunder,OKC,thunder,240:00,620.0,124.0,525.3,105.1,94.7,18.9,0.667,1.88,22.1,0.211,0.696,0.5,16.0,16.0,0.665,0.69,1.0,0.981,19.9,99.5,82.92,100.0,0.589,W,1
0022300065,1610612752,New York,Knicks,NYK,knicks,240:00,536.1,107.2,562.5,112.5,-26.4,-5.3,0.667,2.18,16.6,0.364,0.829,0.542,11.34,11.3,0.464,0.48,1.0,0.959,19.3,96.5,80.42,97.0,0.408,L,0
0022300065,1610612738,Boston,Celtics,BOS,celtics,240:00,562.5,112.5,536.1,107.2,26.4,5.3,0.486,1.38,14.9,0.171,0.636,0.458,13.542,13.5,0.558,0.611,1.0,0.99,19.3,96.5,80.42,96.0,0.592,W,1
0022300062,1610612744,Golden State,Warriors,GSW,warriors,240:00,509.8,102.0,534.7,106.9,-24.8,-5.0,0.528,1.73,13.1,0.358,0.604,0.467,10.784,10.8,0.406,0.459,1.0,0.976,20.3,101.5,84.58,102.0,0.436,L,0
0022300062,1610612756,Phoenix,Suns,PHX,suns,240:00,534.7,106.9,509.8,102.0,24.8,5.0,0.548,1.21,15.9,0.396,0.642,0.533,18.812,18.8,0.5,0.527,1.0,0.984,20.3,101.5,84.58,101.0,0.564,W,1
0022300061,1610612743,Denver,Nuggets,DEN,nuggets,240:00,626.3,125.3,557.3,111.5,69.0,13.8,0.604,2.42,21.2,0.289,0.654,0.485,12.632,12.6,0.604,0.618,1.0,0.981,19.1,95.5,79.58,95.0,0.579,W,1
0022300061,1610612747,Los Angeles,Lakers,LAL,lakers,240:00,557.3,111.5,626.3,125.3,-69.0,-13.8,0.561,1.92,16.8,0.346,0.711,0.515,12.5,12.5,0.511,0.541,1.0,0.965,19.1,95.5,79.58,96.0,0.421,L,0
