gameId,teamId,teamCity,teamName,teamTricode,teamSlug,minutes,estimatedOffensiveRating,offensiveRating,estimatedDefensiveRating,defensiveRating,estimatedNetRating,netRating,assistPercentage,assistToTurnover,assistRatio,offensiveReboundPercentage,defensiveReboundPercentage,reboundPercentage,estimatedTeamTurnoverPercentage,turnoverRatio,effectiveFieldGoalPercentage,trueShootingPercentage,usagePercentage,estimatedUsagePercentage,estimatedPace,pace,pacePer40,possessions,PIE,wl,won
0022101217,1610612766,Charlotte,Hornets,CHA,hornets,240:00,626.3,125.3,540.0,108.0,86.3,17.3,0.708,1.7,22.8,0.372,0.667,0.54,20.202,20.2,0.64,0.652,1.0,0.965,19.9,99.5,82.92,99.0,0.578,W,1
0022101217,1610612764,Washington,Wizards,WAS,wizards,240:00,540.0,108.0,626.3,125.3,-86.3,-17.3,0.595,2.27,17.4,0.333,0.628,0.46,11.0,11.0,0.489,0.512,1.0,0.966,19.9,99.5,82.92,100.0,0.422,L,0
0022101222,1610612746,LA,Clippers,LAC,clippers,240:00,697.0,139.4,444.4,88.9,252.5,50.5,0.63,3.78,23.0,0.341,0.762,0.589,9.091,9.1,0.649,0.669,1.0,0.982,19.8,99.0,82.5,99.0,0.751,W,1
0022101222,1610612760,Oklahoma City,Thunder,OKC,thunder,240:00,444.4,88.9,697.0,139.4,-252.5,-50.5,0.459,1.7,13.0,0.238,0.659,0.411,10.101,10.1,0.423,0.432,1.0,0.965,19.8,99.0,82.5,99.0,0.249,L,0
0022101224,1610612750,Minnesota,Timberwolves,MIN,timberwolves,240:00,582.5,116.5,601.9,120.4,-19.4,-3.9,0.652,2.31,20.8,0.261,0.548,0.398,12.621,12.6,0.566,0.596,1.0,0.991,20.6,103.0,85.83,103.0,0.494,L,0
0022101224,1610612741,Chicago,Bulls,CHI,bulls,240:00,601.9,120.4,582.5,116.5,19.4,3.9,0.5,0.96,15.3,0.452,0.739,0.602,22.33,22.3,0.59,0.636,1.0,0.967,20.6,103.0,85.83,103.0,0.506,W,1
0022101226,1610612752,New York,Knicks,NYK,knicks,240:00,546.9,109.4,489.6,97.9,57.3,11.5,0.8,1.88,22.7,0.271,0.714,0.51,17.708,17.7,0.546,0.569,1.0,0.972,19.2,96.0,80.0,96.0,0.561,W,1
0022101226,1610612761,Toronto,Raptors,TOR,raptors,240:00,489.6,97.9,546.9,109.4,-57.3,-11.5,0.75,1.93,19.4,0.286,0.729,0.49,14.583,14.6,0.457,0.485,1.0,0.973,19.2,96.0,80.0,96.0,0.439,L,0
0022101219,1610612742,Dallas,Mavericks,DAL,mavericks,240:00,650.0,130.0,600.0,120.0,50.0,10.0,0.739,2.13,23.1,0.31,0.783,0.557,16.0,16.0,0.659,0.683,1.0,0.982,20.0,100.0,83.33,100.0,0.519,W,1
0022101219,1610612759,San Antonio,Spurs,SAS,spurs,240:00,600.0,120.0,650.0,130.0,-50.0,-10.0,0.605,3.25,19.1,0.217,0.69,0.443,8.0,8.0,0.545,0.605,1.0,0.982,20.0,100.0,83.33,100.0,0.481,L,0
0022101218,1610612739,Cleveland,Cavaliers,CLE,cavaliers,240:00,639.4,127.9,547.6,109.5,91.8,18.4,0.765,3.25,25.5,0.222,0.769,0.515,11.538,11.5,0.644,0.655,1.0,0.974,20.9,104.5,87.08,104.0,0.565,W,1
0022101218,1610612749,Milwaukee,Bucks,MIL,bucks,240:00,547.6,109.5,639.4,127.9,-91.8,-18.4,0.692,2.25,18.9,0.231,0.778,0.485,11.429,11.4,0.511,0.563,1.0,0.983,20.9,104.5,87.08,105.0,0.435,L,0
0022101221,1610612745,Houston,Rockets,HOU,rockets,240:00,581.6,116.3,670.1,134.0,-88.5,-17.7,0.585,3.0,18.0,0.216,0.674,0.433,8.163,8.2,0.556,0.583,1.0,0.945,19.5,97.5,81.25,98.0,0.423,L,0
0022101221,1610612737,Atlanta,Hawks,ATL,hawks,240:00,670.1,134.0,581.6,116.3,88.5,17.7,0.644,2.23,20.6,0.326,0.784,0.567,13.402,13.4,0.638,0.666,1.0,0.982,19.5,97.5,81.25,97.0,0.577,W,1
0022101230,1610612757,Portland,Trail Blazers,POR,blazers,240:00,408.2,81.6,560.6,112.1,-152.4,-30.5,0.677,1.31,16.7,0.132,0.58,0.35,16.327,16.3,0.428,0.453,1.0,0.971,19.7,98.5,82.08,98.0,0.303,L,0
0022101230,1610612762,Utah,Jazz,UTA,jazz,240:00,560.6,112.1,408.2,81.6,152.4,30.5,0.622,1.35,16.1,0.42,0.868,0.65,17.172,17.2,0.506,0.562,1.0,0.975,19.7,98.5,82.08,99.0,0.697,W,1
0022101223,1610612763,Memphis,Grizzlies,MEM,grizzlies,240:00,539.2,107.8,674.8,135.0,-135.5,-27.1,0.692,2.7,17.9,0.324,0.578,0.425,9.804,9.8,0.456,0.483,1.0,0.992,20.5,102.5,85.42,102.0,0.372,L,0
0022101223,1610612738,Boston,Celtics,BOS,celtics,240:00,674.8,135.0,539.2,107.8,135.5,27.1,0.63,2.27,21.8,0.422,0.676,0.575,14.563,14.6,0.636,0.664,1.0,0.975,20.5,102.5,85.42,103.0,0.628,W,1
0022101220,1610612743,Denver,Nuggets,DEN,nuggets,265:00,613.0,122.6,646.0,129.2,-33.0,-6.6,0.673,2.36,20.1,0.296,0.673,0.481,12.174,12.2,0.565,0.609,1.0,0.969,20.65,103.25,86.04,115.0,0.479,L,0
0022101220,1610612747,Los Angeles,Lakers,LAL,lakers,265:00,646.0,129.2,613.0,122.6,33.0,6.6,0.591,2.0,16.7,0.327,0.704,0.519,11.504,11.5,0.553,0.637,1.0,0.985,20.65,103.25,86.04,113.0,0.521,W,1
0022101225,1610612740,New Orleans,Pelicans,NOP,pelicans,240:00,557.3,111.5,673.7,134.7,-116.4,-23.3,0.571,2.0,17.0,0.379,0.727,0.505,12.5,12.5,0.495,0.513,1.0,0.983,19.1,95.5,79.58,96.0,0.38,L,0
0022101225,1610612744,Golden State,Warriors,GSW,warriors,240:00,673.7,134.7,557.3,111.5,116.4,23.3,0.673,1.94,24.1,0.273,0.621,0.495,17.895,17.9,0.722,0.738,1.0,0.99,19.1,95.5,79.58,95.0,0.62,W,1
0022101227,1610612753,Orlando,Magic,ORL,magic,240:00,618.8,123.8,560.6,112.1,58.2,11.6,0.733,3.3,23.2,0.191,0.772,0.51,9.901,9.9,0.621,0.643,1.0,0.954,20.0,100.0,83.33,101.0,0.576,W,1
0022101227,1610612748,Miami,Heat,MIA,heat,240:00,560.6,112.1,618.8,123.8,-58.2,-11.6,0.5,2.0,15.3,0.228,0.809,0.49,10.101,10.1,0.527,0.549,1.0,1.0,20.0,100.0,83.33,99.0,0.424,L,0
0022101216,1610612751,Brooklyn,Nets,BKN,nets,240:00,644.2,128.8,600.0,120.0,44.2,8.8,0.577,1.43,20.8,0.333,0.705,0.582,20.192,20.2,0.691,0.728,1.0,0.991,20.9,104.5,87.08,104.0,0.584,W,1
0022101216,1610612754,Indiana,Pacers,IND,pacers,240:00,600.0,120.0,644.2,128.8,-44.2,-8.8,0.681,4.57,20.9,0.295,0.667,0.418,6.667,6.7,0.543,0.561,1.0,0.983,20.9,104.5,87.08,105.0,0.416,L,0
0022101228,1610612755,Philadelphia,76ers,PHI,sixers,240:00,608.2,121.6,552.1,110.4,56.2,11.2,0.543,2.27,18.5,0.302,0.627,0.479,11.34,11.3,0.551,0.601,1.0,0.973,19.3,96.5,80.42,97.0,0.591,W,1
0022101228,1610612765,Detroit,Pistons,DET,pistons,240:00,552.1,110.4,608.2,121.6,-56.2,-11.2,0.684,1.3,18.6,0.373,0.698,0.521,20.833,20.8,0.524,0.553,1.0,0.991,19.3,96.5,80.42,96.0,0.409,L,0
0022101229,1610612756,Phoenix,Suns,PHX,suns,240:00,550.5,110.1,585.9,117.2,-35.4,-7.1,0.643,2.45,18.1,0.365,0.821,0.539,11.111,11.1,0.476,0.497,1.0,0.975,19.8,99.0,82.5,99.0,0.432,L,0
0022101229,1610612758,Sacramento,Kings,SAC,kings,240:00,585.9,117.2,550.5,110.1,35.4,7.1,0.65,1.73,19.7,0.179,0.635,0.461,15.152,15.2,0.618,0.65,1.0,0.972,19.8,99.0,82.5,99.0,0.568,W,1
0022101215,1610612759,San Antonio,Spurs,SAS,spurs,240:00,479.6,95.9,515.5,103.1,-35.9,-7.2,0.594,1.58,15.2,0.176,0.745,0.461,12.245,12.2,0.463,0.512,1.0,0.991,19.5,97.5,81.25,98.0,0.437,L,0
0022101215,1610612744,Golden State,Warriors,GSW,warriors,240:00,515.5,103.1,479.6,95.9,35.9,7.2,0.697,1.92,17.3,0.255,0.824,0.539,12.371,12.4,0.457,0.523,1.0,0.991,19.5,97.5,81.25,97.0,0.563,W,1
0022101213,1610612763,Memphis,Grizzlies,MEM,grizzlies,240:00,665.1,133.0,537.7,107.5,127.4,25.5,0.774,2.16,25.6,0.333,0.691,0.543,17.925,17.9,0.689,0.704,1.0,0.983,21.2,106.0,88.33,106.0,0.661,W,1
0022101213,1610612740,New Orleans,Pelicans,NOP,pelicans,240:00,537.7,107.5,665.1,133.0,-127.4,-25.5,0.561,1.44,15.9,0.309,0.667,0.457,15.094,15.1,0.484,0.536,1.0,0.992,21.2,106.0,88.33,106.0,0.339,L,0
0022101212,1610612746,LA,Clippers,LAC,clippers,240:00,590.9,118.2,490.0,98.0,100.9,20.2,0.69,1.71,20.9,0.239,0.769,0.52,17.172,17.2,0.61,0.632,1.0,0.982,19.9,99.5,82.92,99.0,0.56,W,1
0022101212,1610612758,Sacramento,Kings,SAC,kings,240:00,490.0,98.0,590.9,118.2,-100.9,-20.2,0.632,1.85,17.6,0.231,0.761,0.48,13.0,13.0,0.483,0.507,1.0,0.973,19.9,99.5,82.92,100.0,0.44,L,0
0022101214,1610612755,Philadelphia,76ers,PHI,sixers,240:00,645.6,129.1,582.5,116.5,63.1,12.6,0.74,2.47,23.7,0.381,0.756,0.566,14.563,14.6,0.622,0.653,1.0,0.975,20.6,103.0,85.83,103.0,0.569,W,1
0022101214,1610612754,Indiana,Pacers,IND,pacers,240:00,582.5,116.5,645.6,129.1,-63.1,-12.6,0.683,1.65,19.9,0.244,0.619,0.434,16.505,16.5,0.59,0.639,1.0,0.982,20.6,103.0,85.83,103.0,0.431,L,0
0022101211,1610612747,Los Angeles,Lakers,LAL,lakers,240:00,600.0,120.0,500.0,100.0,100.0,20.0,0.561,2.3,17.3,0.217,0.769,0.51,10.0,10.0,0.555,0.605,1.0,0.982,20.1,100.5,83.75,100.0,0.605,W,1
0022101211,1610612760,Oklahoma City,Thunder,OKC,thunder,240:00,500.0,100.0,600.0,120.0,-100.0,-20.0,0.525,1.5,15.7,0.231,0.783,0.49,13.861,13.9,0.489,0.524,1.0,0.973,20.1,100.5,83.75,101.0,0.395,L,0
0022101208,1610612741,Chicago,Bulls,CHI,bulls,240:00,622.3,124.5,700.0,140.0,-77.7,-15.5,0.568,2.08,19.5,0.231,0.735,0.466,12.766,12.8,0.616,0.644,1.0,0.99,18.9,94.5,78.75,94.0,0.436,L,0
0022101208,1610612766,Charlotte,Hornets,CHA,hornets,240:00,700.0,140.0,622.3,124.5,77.7,15.5,0.654,3.09,24.6,0.265,0.769,0.534,11.579,11.6,0.715,0.736,1.0,0.971,18.9,94.5,78.75,95.0,0.564,W,1
0022101203,1610612765,Detroit,Pistons,DET,pistons,240:00,481.0,96.2,629.8,126.0,-148.9,-29.8,0.771,1.93,18.8,0.214,0.736,0.468,13.333,13.3,0.444,0.504,1.0,0.949,20.9,104.5,87.08,105.0,0.384,L,0
0022101203,1610612749,Milwaukee,Bucks,MIL,bucks,240:00,629.8,126.0,481.0,96.2,148.9,29.8,0.58,3.63,19.7,0.264,0.786,0.532,7.692,7.7,0.55,0.589,1.0,0.983,20.9,104.5,87.08,104.0,0.616,W,1
0022101209,1610612742,Dallas,Mavericks,DAL,mavericks,240:00,640.0,128.0,406.3,81.3,233.8,46.8,0.595,1.67,18.1,0.325,0.833,0.617,15.0,15.0,0.658,0.691,1.0,0.938,19.6,98.0,81.67,100.0,0.771,W,1
0022101209,1610612757,Portland,Trail Blazers,POR,blazers,240:00,406.3,81.3,640.0,128.0,-233.8,-46.8,0.645,1.18,16.0,0.167,0.675,0.383,17.708,17.7,0.416,0.442,1.0,0.99,19.6,98.0,81.67,96.0,0.229,L,0
0022101206,1610612761,Toronto,Raptors,TOR,raptors,240:00,568.0,113.6,558.3,111.7,9.7,1.9,0.455,2.0,14.6,0.269,0.775,0.489,9.709,9.7,0.495,0.551,1.0,0.974,20.6,103.0,85.83,103.0,0.506,W,1
0022101206,1610612745,Houston,Rockets,HOU,rockets,240:00,558.3,111.7,568.0,113.6,-9.7,-1.9,0.558,1.26,17.6,0.225,0.731,0.511,18.447,18.4,0.593,0.628,1.0,0.973,20.6,103.0,85.83,103.0,0.494,L,0
0022101205,1610612751,Brooklyn,Nets,BKN,nets,240:00,634.4,126.9,575.3,115.1,59.1,11.8,0.698,2.73,20.8,0.429,0.756,0.585,11.828,11.8,0.533,0.583,1.0,0.974,18.6,93.0,77.5,93.0,0.583,W,1
0022101205,1610612739,Cleveland,Cavaliers,CLE,cavaliers,240:00,575.3,115.1,634.4,126.9,-59.1,-11.8,0.475,2.11,15.4,0.244,0.571,0.415,9.677,9.7,0.537,0.578,1.0,0.971,18.6,93.0,77.5,93.0,0.417,L,0
0022101207,1610612748,Miami,Heat,MIA,heat,240:00,582.5,116.5,561.9,112.4,20.6,4.1,0.5,1.18,16.3,0.167,0.646,0.44,17.526,17.5,0.632,0.67,1.0,0.981,19.4,97.0,80.83,97.0,0.543,W,1
0022101207,1610612737,Atlanta,Hawks,ATL,hawks,240:00,561.9,112.4,582.5,116.5,-20.6,-4.1,0.405,1.13,13.0,0.354,0.833,0.56,15.464,15.5,0.523,0.566,1.0,0.974,19.4,97.0,80.83,97.0,0.457,L,0
0022101210,1610612762,Utah,Jazz,UTA,jazz,240:00,535.7,107.1,560.6,112.1,-24.9,-5.0,0.571,1.82,14.9,0.304,0.696,0.48,11.224,11.2,0.46,0.512,1.0,1.0,19.7,98.5,82.08,98.0,0.444,L,0
0022101210,1610612756,Phoenix,Suns,PHX,suns,240:00,560.6,112.1,535.7,107.1,24.9,5.0,0.587,2.08,19.4,0.304,0.696,0.52,13.131,13.1,0.533,0.563,1.0,0.982,19.7,98.5,82.08,99.0,0.556,W,1
0022101204,1610612764,Washington,Wizards,WAS,wizards,240:00,469.4,93.9,581.6,116.3,-112.2,-22.4,0.6,0.95,17.4,0.057,0.771,0.47,22.449,22.4,0.572,0.601,1.0,0.98,19.6,98.0,81.67,98.0,0.408,L,0
0022101204,1610612752,New York,Knicks,NYK,knicks,240:00,581.6,116.3,469.4,93.9,112.2,22.4,0.659,2.7,19.9,0.229,0.943,0.53,10.204,10.2,0.557,0.589,1.0,0.982,19.6,98.0,81.67,98.0,0.592,W,1
0022101196,1610612766,Charlotte,Hornets,CHA,hornets,240:00,603.8,120.8,467.6,93.5,136.2,27.2,0.604,2.42,19.9,0.234,0.817,0.561,11.321,11.3,0.587,0.616,1.0,0.991,21.4,107.0,89.17,106.0,0.648,W,1
0022101196,1610612753,Orlando,Magic,ORL,magic,240:00,467.6,93.5,603.8,120.8,-136.2,-27.2,0.711,1.69,18.5,0.183,0.766,0.439,14.815,14.8,0.479,0.501,1.0,0.983,21.4,107.0,89.17,108.0,0.352,L,0
0022101201,1610612743,Denver,Nuggets,DEN,nuggets,240:00,598.0,119.6,539.6,107.9,58.4,11.7,0.614,1.42,19.3,0.306,0.796,0.588,18.627,18.6,0.625,0.67,1.0,0.956,20.3,101.5,84.58,102.0,0.559,W,1
0022101201,1610612763,Memphis,Grizzlies,MEM,grizzlies,240:00,539.6,107.9,598.0,119.6,-58.4,-11.7,0.714,2.31,21.3,0.204,0.694,0.412,12.871,12.9,0.534,0.56,1.0,0.982,20.3,101.5,84.58,101.0,0.441,L,0
0022101198,1610612749,Milwaukee,Bucks,MIL,bucks,240:00,610.6,122.1,587.4,117.5,23.2,4.6,0.551,2.45,18.5,0.308,0.8,0.536,10.577,10.6,0.577,0.598,1.0,0.983,20.7,103.5,86.25,104.0,0.511,W,1
0022101198,1610612738,Boston,Celtics,BOS,celtics,240:00,587.4,117.5,610.6,122.1,-23.2,-4.6,0.698,1.88,21.1,0.2,0.692,0.464,15.534,15.5,0.615,0.634,1.0,0.991,20.7,103.5,86.25,103.0,0.489,L,0
0022101202,1610612744,Golden State,Warriors,GSW,warriors,240:00,598.1,119.6,528.3,105.7,69.8,14.0,0.765,2.6,24.7,0.261,0.75,0.511,14.019,14.0,0.608,0.631,1.0,0.975,21.3,106.5,88.75,107.0,0.605,W,1
0022101202,1610612747,Los Angeles,Lakers,LAL,lakers,240:00,528.3,105.7,598.1,119.6,-69.8,-14.0,0.378,0.74,10.6,0.25,0.739,0.489,17.925,17.9,0.5,0.562,1.0,0.983,21.3,106.5,88.75,106.0,0.395,L,0
0022101199,1610612750,Minnesota,Timberwolves,MIN,timberwolves,240:00,604.8,121.0,576.2,115.2,28.6,5.7,0.61,2.27,16.9,0.31,0.766,0.514,10.476,10.5,0.531,0.579,1.0,0.976,21.0,105.0,87.5,105.0,0.474,W,1
0022101199,1610612759,San Antonio,Spurs,SAS,spurs,240:00,576.2,115.2,604.8,121.0,-28.6,-5.7,0.721,2.58,21.1,0.234,0.69,0.486,11.429,11.4,0.539,0.582,1.0,0.983,21.0,105.0,87.5,105.0,0.526,L,0
0022101197,1610612761,Toronto,Raptors,TOR,raptors,240:00,633.0,126.6,606.4,121.3,26.6,5.3,0.489,2.0,16.5,0.347,0.775,0.539,11.702,11.7,0.577,0.601,1.0,0.973,18.8,94.0,78.33,94.0,0.504,W,1
0022101197,1610612755,Philadelphia,76ers,PHI,sixers,240:00,606.4,121.3,633.0,126.6,-26.6,-5.3,0.703,1.53,20.2,0.225,0.653,0.461,18.085,18.1,0.62,0.663,1.0,0.971,18.8,94.0,78.33,94.0,0.496,L,0
0022101200,1610612740,New Orleans,Pelicans,NOP,pelicans,240:00,675.5,135.1,505.4,101.1,170.2,34.0,0.705,2.58,20.4,0.529,0.848,0.655,12.766,12.8,0.543,0.595,1.0,0.967,18.7,93.5,77.92,94.0,0.634,W,1
0022101200,1610612757,Portland,Trail Blazers,POR,blazers,240:00,505.4,101.1,675.5,135.1,-170.2,-34.0,0.778,1.27,22.2,0.152,0.471,0.345,23.656,23.7,0.601,0.629,1.0,0.99,18.7,93.5,77.92,93.0,0.366,L,0
0022101195,1610612746,LA,Clippers,LAC,clippers,240:00,538.1,107.6,519.0,103.8,19.0,3.8,0.606,1.18,14.8,0.217,0.681,0.496,16.19,16.2,0.52,0.599,1.0,0.974,21.0,105.0,87.5,105.0,0.558,W,1
0022101195,1610612756,Phoenix,Suns,PHX,suns,240:00,519.0,103.8,538.1,107.6,-19.0,-3.8,0.69,2.42,18.6,0.319,0.783,0.504,11.429,11.4,0.468,0.481,1.0,0.984,21.0,105.0,87.5,105.0,0.442,L,0
0022101193,1610612741,Chicago,Bulls,CHI,bulls,240:00,479.6,95.9,603.1,120.6,-123.5,-24.7,0.543,1.12,14.7,0.245,0.708,0.474,17.347,17.3,0.481,0.522,1.0,0.973,19.5,97.5,81.25,98.0,0.375,L,0
0022101193,1610612738,Boston,Celtics,BOS,celtics,240:00,603.1,120.6,479.6,95.9,123.5,24.7,0.674,2.23,20.7,0.292,0.755,0.526,13.402,13.4,0.585,0.599,1.0,0.973,19.5,97.5,81.25,97.0,0.625,W,1
0022101194,1610612762,Utah,Jazz,UTA,jazz,240:00,721.1,144.2,537.2,107.4,183.8,36.8,0.592,2.23,20.4,0.462,0.764,0.638,13.684,13.7,0.673,0.698,1.0,0.956,18.9,94.5,78.75,95.0,0.681,W,1
0022101194,1610612760,Oklahoma City,Thunder,OKC,thunder,240:00,537.2,107.4,721.1,144.2,-183.8,-36.8,0.73,2.7,20.1,0.236,0.538,0.362,10.638,10.6,0.5,0.518,1.0,0.991,18.9,94.5,78.75,94.0,0.319,L,0
0022101192,1610612737,Atlanta,Hawks,ATL,hawks,240:00,608.2,121.6,520.2,104.0,88.0,17.6,0.605,4.33,19.5,0.2,0.773,0.468,6.186,6.2,0.554,0.588,1.0,1.0,19.6,98.0,81.67,97.0,0.548,W,1
0022101192,1610612764,Washington,Wizards,WAS,wizards,240:00,520.2,104.0,608.2,121.6,-88.0,-17.6,0.619,1.86,19.3,0.227,0.8,0.532,14.141,14.1,0.547,0.567,1.0,0.963,19.6,98.0,81.67,99.0,0.452,L,0
0022101191,1610612752,New York,Knicks,NYK,knicks,240:00,490.0,98.0,544.6,108.9,-54.6,-10.9,0.688,2.0,16.4,0.214,0.698,0.45,11.0,11.0,0.464,0.496,1.0,0.991,20.1,100.5,83.75,100.0,0.42,L,0
0022101191,1610612751,Brooklyn,Nets,BKN,nets,240:00,544.6,108.9,490.0,98.0,54.6,10.9,0.683,2.0,19.3,0.302,0.786,0.55,13.861,13.9,0.516,0.545,1.0,0.966,20.1,100.5,83.75,101.0,0.58,W,1
0022101190,1610612765,Detroit,Pistons,DET,pistons,240:00,582.5,116.5,675.3,135.1,-92.8,-18.6,0.743,2.36,19.1,0.265,0.756,0.489,11.34,11.3,0.494,0.58,1.0,0.973,19.4,97.0,80.83,97.0,0.447,L,0
0022101190,1610612742,Dallas,Mavericks,DAL,mavericks,240:00,675.3,135.1,582.5,116.5,92.8,18.6,0.622,2.8,20.7,0.244,0.735,0.511,10.309,10.3,0.656,0.69,1.0,0.981,19.4,97.0,80.83,97.0,0.553,W,1
0022101186,1610612743,Denver,Nuggets,DEN,nuggets,240:00,470.9,94.2,568.6,113.7,-97.8,-19.6,0.537,2.0,15.8,0.237,0.82,0.505,10.68,10.7,0.454,0.47,1.0,0.974,20.5,102.5,85.42,103.0,0.393,L,0
0022101186,1610612759,San Antonio,Spurs,SAS,spurs,240:00,568.6,113.7,470.9,94.2,97.8,19.6,0.705,2.82,21.8,0.18,0.763,0.495,10.784,10.8,0.562,0.583,1.0,0.982,20.5,102.5,85.42,102.0,0.607,W,1
0022101181,1610612748,Miami,Heat,MIA,heat,240:00,712.9,142.6,569.3,113.9,143.6,28.7,0.604,1.93,20.4,0.316,0.791,0.568,14.851,14.9,0.708,0.744,1.0,0.973,20.2,101.0,84.17,101.0,0.576,W,1
0022101181,1610612766,Charlotte,Hornets,CHA,hornets,240:00,569.3,113.9,712.9,142.6,-143.6,-28.7,0.756,2.27,23.6,0.209,0.684,0.432,14.851,14.9,0.6,0.619,1.0,0.964,20.2,101.0,84.17,101.0,0.424,L,0
0022101183,1610612741,Chicago,Bulls,CHI,bulls,240:00,524.8,105.0,616.5,123.3,-91.8,-18.4,0.524,1.47,15.8,0.286,0.714,0.469,14.851,14.9,0.474,0.511,1.0,0.991,20.4,102.0,85.0,101.0,0.368,L,0
0022101183,1610612749,Milwaukee,Bucks,MIL,bucks,240:00,616.5,123.3,524.8,105.0,91.8,18.4,0.696,2.29,21.8,0.286,0.714,0.531,13.592,13.6,0.598,0.648,1.0,0.965,20.4,102.0,85.0,103.0,0.632,W,1
0022101185,1610612760,Oklahoma City,Thunder,OKC,thunder,240:00,505.2,101.0,484.5,96.9,20.6,4.1,0.385,0.88,11.9,0.298,0.735,0.521,17.526,17.5,0.537,0.54,1.0,0.964,19.4,97.0,80.83,97.0,0.537,W,1
0022101185,1610612757,Portland,Trail Blazers,POR,blazers,240:00,484.5,96.9,505.2,101.0,-20.6,-4.1,0.686,1.41,18.0,0.265,0.702,0.479,17.526,17.5,0.488,0.522,1.0,0.982,19.4,97.0,80.83,97.0,0.463,L,0
0022101178,1610612754,Indiana,Pacers,IND,pacers,240:00,586.5,117.3,635.9,127.2,-49.4,-9.9,0.644,1.81,19.2,0.36,0.773,0.553,15.385,15.4,0.537,0.585,1.0,0.967,20.7,103.5,86.25,104.0,0.47,L,0
0022101178,1610612755,Philadelphia,76ers,PHI,sixers,240:00,635.9,127.2,586.5,117.3,49.4,9.9,0.723,2.13,23.1,0.227,0.64,0.447,15.534,15.5,0.672,0.69,1.0,0.965,20.7,103.5,86.25,103.0,0.53,W,1
0022101182,1610612761,Toronto,Raptors,TOR,raptors,240:00,602.0,120.4,556.7,111.3,45.3,9.1,0.455,2.5,14.0,0.41,0.796,0.591,8.163,8.2,0.48,0.515,1.0,0.967,19.5,97.5,81.25,98.0,0.518,W,1
0022101182,1610612737,Atlanta,Hawks,ATL,hawks,240:00,556.7,111.3,602.0,120.4,-45.3,-9.1,0.721,4.43,22.3,0.204,0.59,0.409,7.216,7.2,0.532,0.544,1.0,0.981,19.5,97.5,81.25,97.0,0.482,L,0
0022101180,1610612751,Brooklyn,Nets,BKN,nets,240:00,578.4,115.7,514.7,102.9,63.7,12.7,0.564,1.29,15.9,0.298,0.683,0.518,16.667,16.7,0.541,0.603,1.0,0.974,20.4,102.0,85.0,102.0,0.599,W,1
0022101180,1610612745,Houston,Rockets,HOU,rockets,240:00,514.7,102.9,578.4,115.7,-63.7,-12.7,0.45,1.64,12.9,0.317,0.702,0.482,10.784,10.8,0.46,0.477,1.0,0.984,20.4,102.0,85.0,102.0,0.401,L,0
0022101187,1610612762,Utah,Jazz,UTA,jazz,265:00,521.6,104.3,495.7,99.1,25.9,5.2,0.575,1.35,14.6,0.302,0.797,0.551,14.655,14.7,0.479,0.526,1.0,0.978,21.01,105.06,87.55,116.0,0.52,W,1
0022101187,1610612763,Memphis,Grizzlies,MEM,grizzlies,265:00,495.7,99.1,521.6,104.3,-25.9,-5.2,0.667,2.0,16.9,0.203,0.698,0.449,11.207,11.2,0.45,0.505,1.0,0.992,21.01,105.06,87.55,116.0,0.48,L,0
0022101184,1610612750,Minnesota,Timberwolves,MIN,timberwolves,240:00,542.9,108.6,622.6,124.5,-79.8,-16.0,0.659,2.7,19.4,0.151,0.75,0.436,9.524,9.5,0.527,0.559,1.0,0.991,21.1,105.5,87.92,105.0,0.424,L,0
0022101184,1610612764,Washington,Wizards,WAS,wizards,240:00,622.6,124.5,542.9,108.6,79.8,16.0,0.679,3.8,24.4,0.25,0.849,0.564,9.434,9.4,0.619,0.616,1.0,0.983,21.1,105.5,87.92,106.0,0.576,W,1
0022101188,1610612758,Sacramento,Kings,SAC,kings,240:00,556.1,111.2,621.2,124.2,-65.1,-13.0,0.718,1.87,21.7,0.105,0.674,0.417,15.306,15.3,0.586,0.636,1.0,1.0,19.7,98.5,82.08,98.0,0.459,L,0
0022101188,1610612740,New Orleans,Pelicans,NOP,pelicans,240:00,621.2,124.2,556.1,111.2,65.1,13.0,0.578,2.0,18.7,0.326,0.895,0.583,13.131,13.1,0.58,0.618,1.0,0.982,19.7,98.5,82.08,99.0,0.541,W,1
0022101189,1610612756,Phoenix,Suns,PHX,suns,240:00,550.0,110.0,504.6,100.9,45.4,9.1,0.76,2.71,23.8,0.222,0.84,0.519,12.727,12.7,0.559,0.571,1.0,0.975,21.9,109.5,91.25,110.0,0.565,W,1
0022101189,1610612747,Los Angeles,Lakers,LAL,lakers,240:00,504.6,100.9,550.0,110.0,-45.4,-9.1,0.564,1.38,15.8,0.16,0.778,0.481,14.679,14.7,0.506,0.554,1.0,0.991,21.9,109.5,91.25,109.0,0.435,L,0
0022101179,1610612753,Orlando,Magic,ORL,magic,240:00,606.1,121.2,580.8,116.2,25.3,5.1,0.66,4.43,22.1,0.204,0.792,0.495,7.071,7.1,0.591,0.602,1.0,0.982,19.8,99.0,82.5,99.0,0.52,W,1
0022101179,1610612739,Cleveland,Cavaliers,CLE,cavaliers,240:00,580.8,116.2,606.1,121.2,-25.3,-5.1,0.595,2.08,18.7,0.208,0.796,0.505,12.121,12.1,0.581,0.601,1.0,0.991,19.8,99.0,82.5,99.0,0.48,L,0
0022101166,1610612738,Boston,Celtics,BOS,celtics,240:00,750.0,150.0,531.3,106.3,218.8,43.8,0.696,4.88,27.1,0.25,0.795,0.55,8.333,8.3,0.742,0.744,1.0,0.971,19.2,96.0,80.0,96.0,0.654,W,1
0022101166,1610612764,Washington,Wizards,WAS,wizards,240:00,531.3,106.3,750.0,150.0,-218.8,-43.8,0.553,1.75,16.7,0.205,0.75,0.45,12.5,12.5,0.512,0.562,1.0,0.981,19.2,96.0,80.0,96.0,0.346,L,0
0022101175,1610612759,San Antonio,Spurs,SAS,spurs,240:00,576.5,115.3,484.2,96.8,92.3,18.5,0.658,1.92,17.9,0.34,0.792,0.573,13.265,13.3,0.536,0.581,1.0,0.939,19.3,96.5,80.42,98.0,0.622,W,1
0022101175,1610612757,Portland,Trail Blazers,POR,blazers,240:00,484.2,96.8,576.5,115.3,-92.3,-18.5,0.667,1.57,17.2,0.208,0.66,0.427,14.737,14.7,0.488,0.508,1.0,0.991,19.3,96.5,80.42,95.0,0.378,L,0
0022101172,1610612761,Toronto,Raptors,TOR,raptors,240:00,561.9,112.4,587.6,117.5,-25.8,-5.2,0.543,1.12,14.1,0.373,0.732,0.533,17.526,17.5,0.494,0.556,1.0,0.957,19.4,97.0,80.83,97.0,0.437,L,0
0022101172,1610612748,Miami,Heat,MIA,heat,240:00,587.6,117.5,561.9,112.4,25.8,5.2,0.732,1.76,21.7,0.268,0.627,0.467,17.526,17.5,0.633,0.643,1.0,0.981,19.4,97.0,80.83,97.0,0.563,W,1
0022101173,1610612745,Houston,Rockets,HOU,rockets,240:00,611.1,122.2,643.5,128.7,-32.4,-6.5,0.583,1.17,18.8,0.302,0.795,0.537,22.222,22.2,0.659,0.675,1.0,0.983,21.6,108.0,90.0,108.0,0.451,L,0
0022101173,1610612750,Minnesota,Timberwolves,MIN,timberwolves,240:00,643.5,128.7,611.1,122.2,32.4,6.5,0.627,1.68,21.8,0.205,0.698,0.463,17.593,17.6,0.692,0.716,1.0,1.0,21.6,108.0,90.0,108.0,0.549,W,1
0022101170,1610612739,Cleveland,Cavaliers,CLE,cavaliers,240:00,545.5,109.1,565.7,113.1,-20.2,-4.0,0.686,2.0,18.3,0.174,0.7,0.448,12.121,12.1,0.545,0.589,1.0,0.953,19.8,99.0,82.5,99.0,0.466,L,0
0022101170,1610612755,Philadelphia,76ers,PHI,sixers,240:00,565.7,113.1,545.5,109.1,20.2,4.0,0.697,1.64,17.0,0.3,0.826,0.552,14.141,14.1,0.481,0.569,1.0,1.0,19.8,99.0,82.5,99.0,0.534,W,1
0022101168,1610612747,Los Angeles,Lakers,LAL,lakers,240:00,578.4,115.7,632.4,126.5,-53.9,-10.8,0.633,2.38,21.4,0.267,0.85,0.541,12.745,12.7,0.565,0.583,1.0,0.974,20.4,102.0,85.0,102.0,0.43,L,0
0022101168,1610612743,Denver,Nuggets,DEN,nuggets,240:00,632.4,126.5,578.4,115.7,53.9,10.8,0.702,2.75,23.4,0.15,0.733,0.459,11.765,11.8,0.646,0.681,1.0,0.981,20.4,102.0,85.0,102.0,0.57,W,1
0022101176,1610612758,Sacramento,Kings,SAC,kings,240:00,473.7,94.7,567.7,113.5,-94.0,-18.8,0.613,1.46,15.4,0.173,0.75,0.424,13.684,13.7,0.426,0.491,1.0,0.981,19.1,95.5,79.58,95.0,0.381,L,0
0022101176,1610612744,Golden State,Warriors,GSW,warriors,240:00,567.7,113.5,473.7,94.7,94.0,18.8,0.707,1.71,21.6,0.25,0.827,0.576,17.708,17.7,0.62,0.637,1.0,0.962,19.1,95.5,79.58,96.0,0.619,W,1
0022101174,1610612760,Oklahoma City,Thunder,OKC,thunder,240:00,579.2,115.8,475.2,95.0,104.0,20.8,0.767,1.83,22.4,0.289,0.849,0.592,17.822,17.8,0.592,0.616,1.0,0.974,20.2,101.0,84.17,101.0,0.6,W,1
0022101174,1610612756,Phoenix,Suns,PHX,suns,240:00,475.2,95.0,579.2,115.8,-104.0,-20.8,0.595,2.0,16.8,0.151,0.711,0.408,10.891,10.9,0.455,0.498,1.0,0.982,20.2,101.0,84.17,101.0,0.4,L,0
0022101177,1610612746,LA,Clippers,LAC,clippers,240:00,633.0,126.6,531.9,106.4,101.1,20.2,0.733,3.3,23.1,0.314,0.579,0.454,10.638,10.6,0.584,0.599,1.0,0.982,18.8,94.0,78.33,94.0,0.575,W,1
0022101177,1610612740,New Orleans,Pelicans,NOP,pelicans,240:00,531.9,106.4,633.0,126.6,-101.1,-20.2,0.629,1.38,15.7,0.421,0.686,0.546,17.021,17.0,0.454,0.506,1.0,0.975,18.8,94.0,78.33,94.0,0.425,L,0
0022101167,1610612749,Milwaukee,Bucks,MIL,bucks,240:00,583.3,116.7,608.2,121.6,-24.9,-5.0,0.595,2.78,18.4,0.291,0.842,0.516,9.375,9.4,0.521,0.544,1.0,1.0,19.3,96.5,80.42,96.0,0.43,L,0
0022101167,1610612742,Dallas,Mavericks,DAL,mavericks,240:00,608.2,121.6,583.3,116.7,24.9,5.0,0.718,2.0,21.4,0.158,0.709,0.484,14.433,14.4,0.618,0.671,1.0,0.961,19.3,96.5,80.42,97.0,0.57,W,1
0022101171,1610612753,Orlando,Magic,ORL,magic,240:00,453.6,90.7,614.6,122.9,-161.0,-32.2,0.6,1.64,14.3,0.213,0.72,0.441,11.34,11.3,0.424,0.454,1.0,0.991,19.3,96.5,80.42,97.0,0.319,L,0
0022101171,1610612752,New York,Knicks,NYK,knicks,240:00,614.6,122.9,453.6,90.7,161.0,32.2,0.644,2.9,21.0,0.28,0.787,0.559,10.417,10.4,0.565,0.59,1.0,0.991,19.3,96.5,80.42,96.0,0.681,W,1
0022101169,1610612754,Indiana,Pacers,IND,pacers,240:00,573.5,114.7,599.0,119.8,-25.5,-5.1,0.733,1.74,21.2,0.415,0.695,0.563,18.627,18.6,0.543,0.572,1.0,0.984,20.3,101.5,84.58,102.0,0.524,L,0
0022101169,1610612765,Detroit,Pistons,DET,pistons,240:00,599.0,119.8,573.5,114.7,25.5,5.1,0.721,2.58,20.7,0.305,0.585,0.438,11.881,11.9,0.54,0.566,1.0,0.983,20.3,101.5,84.58,101.0,0.476,W,1
0022101162,1610612752,New York,Knicks,NYK,knicks,240:00,531.6,106.3,633.0,126.6,-101.4,-20.3,0.613,1.73,15.1,0.245,0.763,0.471,11.579,11.6,0.487,0.549,1.0,0.963,18.9,94.5,78.75,95.0,0.4,L,0
0022101162,1610612739,Cleveland,Cavaliers,CLE,cavaliers,240:00,633.0,126.6,531.6,106.3,101.4,20.3,0.591,2.17,20.2,0.237,0.755,0.529,12.766,12.8,0.636,0.659,1.0,0.961,18.9,94.5,78.75,94.0,0.6,W,1
0022101165,1610612744,Golden State,Warriors,GSW,warriors,240:00,590.4,118.1,575.3,115.1,15.2,3.0,0.75,2.73,22.6,0.2,0.648,0.444,11.702,11.7,0.595,0.622,1.0,0.971,18.7,93.5,77.92,94.0,0.551,W,1
0022101165,1610612762,Utah,Jazz,UTA,jazz,240:00,575.3,115.1,590.4,118.1,-15.2,-3.0,0.5,1.46,14.5,0.352,0.8,0.556,13.978,14.0,0.511,0.542,1.0,0.982,18.7,93.5,77.92,93.0,0.449,L,0
0022101164,1610612741,Chicago,Bulls,CHI,bulls,240:00,586.0,117.2,675.5,135.1,-89.5,-17.9,0.568,3.5,16.5,0.26,0.75,0.478,6.452,6.5,0.483,0.552,1.0,0.972,18.7,93.5,77.92,93.0,0.428,L,0
0022101164,1610612748,Miami,Heat,MIA,heat,240:00,675.5,135.1,586.0,117.2,89.5,17.9,0.636,3.11,21.2,0.25,0.74,0.522,9.574,9.6,0.64,0.676,1.0,0.971,18.7,93.5,77.92,94.0,0.572,W,1
0022101161,1610612755,Philadelphia,76ers,PHI,sixers,240:00,685.7,137.1,548.1,109.6,137.6,27.5,0.717,2.0,24.5,0.324,0.771,0.576,18.095,18.1,0.73,0.748,1.0,0.974,20.9,104.5,87.08,105.0,0.604,W,1
0022101161,1610612766,Charlotte,Hornets,CHA,hornets,240:00,548.1,109.6,685.7,137.1,-137.6,-27.5,0.81,2.0,22.8,0.229,0.676,0.424,16.346,16.3,0.546,0.584,1.0,0.991,20.9,104.5,87.08,104.0,0.396,L,0
0022101163,1610612737,Atlanta,Hawks,ATL,hawks,240:00,581.0,116.2,542.5,108.5,38.5,7.7,0.5,2.57,13.3,0.214,0.746,0.487,6.667,6.7,0.494,0.567,1.0,0.991,21.1,105.5,87.92,105.0,0.583,W,1
0022101163,1610612751,Brooklyn,Nets,BKN,nets,240:00,542.5,108.5,581.0,116.2,-38.5,-7.7,0.405,1.31,12.3,0.254,0.786,0.513,12.264,12.3,0.51,0.536,1.0,0.983,21.1,105.5,87.92,106.0,0.417,L,0
0022101153,1610612738,Boston,Celtics,BOS,celtics,240:00,640.0,128.0,621.2,124.2,18.8,3.8,0.644,1.81,20.3,0.359,0.75,0.557,16.0,16.0,0.614,0.671,1.0,0.965,19.9,99.5,82.92,100.0,0.56,W,1
0022101153,1610612754,Indiana,Pacers,IND,pacers,240:00,621.2,124.2,640.0,128.0,-18.8,-3.8,0.595,1.56,18.7,0.25,0.641,0.443,16.162,16.2,0.623,0.675,1.0,0.991,19.9,99.5,82.92,99.0,0.44,L,0
0022101157,1610612760,Oklahoma City,Thunder,OKC,thunder,240:00,510.1,102.0,544.6,108.9,-34.5,-6.9,0.667,1.41,17.3,0.302,0.8,0.556,17.172,17.2,0.494,0.522,1.0,0.983,20.0,100.0,83.33,99.0,0.448,L,0
0022101157,1610612765,Detroit,Pistons,DET,pistons,240:00,544.6,108.9,510.1,102.0,34.5,6.9,0.725,3.63,20.7,0.2,0.698,0.444,7.921,7.9,0.505,0.54,1.0,0.973,20.0,100.0,83.33,101.0,0.552,W,1
0022101152,1610612764,Washington,Wizards,WAS,wizards,240:00,688.8,137.8,525.5,105.1,163.3,32.7,0.673,3.67,23.4,0.238,0.826,0.545,9.184,9.2,0.639,0.677,1.0,0.981,19.6,98.0,81.67,98.0,0.648,W,1
0022101152,1610612742,Dallas,Mavericks,DAL,mavericks,240:00,525.5,105.1,688.8,137.8,-163.3,-32.7,0.412,1.08,11.7,0.174,0.762,0.455,13.265,13.3,0.506,0.576,1.0,0.972,19.6,98.0,81.67,98.0,0.352,L,0
0022101158,1610612759,San Antonio,Spurs,SAS,spurs,240:00,656.6,131.3,560.6,112.1,96.0,19.2,0.739,2.27,23.9,0.22,0.698,0.489,15.152,15.2,0.667,0.697,1.0,0.972,19.8,99.0,82.5,99.0,0.595,W,1
0022101158,1610612757,Portland,Trail Blazers,POR,blazers,240:00,560.6,112.1,656.6,131.3,-96.0,-19.2,0.659,2.25,19.1,0.302,0.78,0.511,12.121,12.1,0.527,0.551,1.0,0.974,19.8,99.0,82.5,99.0,0.405,L,0
0022101155,1610612763,Memphis,Grizzlies,MEM,grizzlies,240:00,581.0,116.2,542.9,108.6,38.1,7.6,0.652,2.73,19.2,0.35,0.805,0.535,10.476,10.5,0.485,0.534,1.0,0.992,21.0,105.0,87.5,105.0,0.529,W,1
0022101155,1610612756,Phoenix,Suns,PHX,suns,240:00,542.9,108.6,581.0,116.2,-38.1,-7.6,0.574,1.35,19.4,0.195,0.65,0.465,19.048,19.0,0.605,0.61,1.0,0.964,21.0,105.0,87.5,105.0,0.471,L,0
0022101151,1610612753,Orlando,Magic,ORL,magic,240:00,463.5,92.7,531.3,106.3,-67.7,-13.5,0.706,1.09,18.3,0.244,0.784,0.531,22.917,22.9,0.5,0.531,1.0,0.972,19.2,96.0,80.0,96.0,0.452,L,0
0022101151,1610612761,Toronto,Raptors,TOR,raptors,240:00,531.3,106.3,463.5,92.7,67.7,13.5,0.583,2.1,16.5,0.216,0.756,0.469,10.417,10.4,0.494,0.538,1.0,0.991,19.2,96.0,80.0,96.0,0.548,W,1
0022101159,1610612743,Denver,Nuggets,DEN,nuggets,240:00,625.0,125.0,647.6,129.5,-22.6,-4.5,0.783,2.0,23.5,0.31,0.761,0.545,17.308,17.3,0.605,0.658,1.0,0.991,20.9,104.5,87.08,104.0,0.502,L,0
0022101159,1610612750,Minnesota,Timberwolves,MIN,timberwolves,240:00,647.6,129.5,625.0,125.0,22.6,4.5,0.605,2.17,18.3,0.239,0.69,0.455,11.429,11.4,0.61,0.668,1.0,0.966,20.9,104.5,87.08,105.0,0.498,W,1
0022101154,1610612745,Houston,Rockets,HOU,rockets,240:00,573.5,114.7,604.0,120.8,-30.4,-6.1,0.634,2.36,17.6,0.328,0.791,0.519,10.784,10.8,0.51,0.539,1.0,0.967,20.3,101.5,84.58,102.0,0.424,L,0
0022101154,1610612758,Sacramento,Kings,SAC,kings,240:00,604.0,120.8,573.5,114.7,30.4,6.1,0.69,2.23,20.9,0.209,0.672,0.481,12.871,12.9,0.593,0.636,1.0,0.991,20.3,101.5,84.58,101.0,0.576,W,1
0022101160,1610612747,Los Angeles,Lakers,LAL,lakers,240:00,528.6,105.7,558.8,111.8,-30.3,-6.1,0.615,1.41,17.1,0.234,0.875,0.529,16.19,16.2,0.543,0.58,1.0,0.94,20.7,103.5,86.25,105.0,0.461,L,0
0022101160,1610612740,New Orleans,Pelicans,NOP,pelicans,240:00,558.8,111.8,528.6,105.7,30.3,6.1,0.561,1.53,17.7,0.125,0.766,0.471,14.706,14.7,0.563,0.621,1.0,0.981,20.7,103.5,86.25,102.0,0.539,W,1
0022101156,1610612749,Milwaukee,Bucks,MIL,bucks,240:00,595.0,119.0,772.7,154.5,-177.7,-35.5,0.6,2.0,20.4,0.367,0.65,0.494,15.0,15.0,0.574,0.584,1.0,0.991,19.9,99.5,82.92,100.0,0.39,L,0
0022101156,1610612746,LA,Clippers,LAC,clippers,240:00,772.7,154.5,595.0,119.0,177.7,35.5,0.607,3.4,23.1,0.35,0.633,0.506,10.101,10.1,0.734,0.746,1.0,0.982,19.9,99.5,82.92,99.0,0.61,W,1
0022101150,1610612762,Utah,Jazz,UTA,jazz,240:00,635.4,127.1,573.7,114.7,61.7,12.3,0.543,3.13,18.4,0.327,0.75,0.527,8.333,8.3,0.594,0.607,1.0,0.982,19.1,95.5,79.58,96.0,0.559,W,1
0022101150,1610612747,Los Angeles,Lakers,LAL,lakers,240:00,573.7,114.7,635.4,127.1,-61.7,-12.3,0.439,1.64,14.5,0.25,0.673,0.473,11.579,11.6,0.536,0.572,1.0,0.991,19.1,95.5,79.58,95.0,0.441,L,0
0022101149,1610612741,Chicago,Bulls,CHI,bulls,265:00,625.0,125.0,590.9,118.2,34.1,6.8,0.48,3.0,16.2,0.309,0.844,0.55,7.407,7.4,0.539,0.581,1.0,1.0,19.74,98.72,82.26,108.0,0.511,W,1
0022101149,1610612746,LA,Clippers,LAC,clippers,265:00,590.9,118.2,625.0,125.0,-34.1,-6.8,0.578,2.17,18.3,0.156,0.691,0.45,10.909,10.9,0.589,0.641,1.0,0.974,19.74,98.72,82.26,110.0,0.489,L,0
0022101148,1610612751,Brooklyn,Nets,BKN,nets,265:00,526.5,105.3,526.3,105.3,0.2,0.0,0.689,1.94,20.5,0.13,0.698,0.411,14.159,14.2,0.557,0.572,1.0,0.992,20.56,102.79,85.66,113.0,0.491,L,0
0022101148,1610612749,Milwaukee,Bucks,MIL,bucks,265:00,526.3,105.3,526.5,105.3,-0.2,0.0,0.425,0.74,11.6,0.302,0.87,0.589,20.175,20.2,0.517,0.577,1.0,0.969,20.56,102.79,85.66,114.0,0.509,W,1
0022100452,1610612737,Atlanta,Hawks,ATL,hawks,240:00,655.0,131.0,529.7,105.9,125.3,25.1,0.6,3.0,19.1,0.298,0.685,0.505,9.0,9.0,0.588,0.634,1.0,0.982,20.1,100.5,83.75,100.0,0.607,W,1
0022100452,1610612739,Cleveland,Cavaliers,CLE,cavaliers,240:00,529.7,105.9,655.0,131.0,-125.3,-25.1,0.487,1.36,13.9,0.315,0.702,0.495,13.861,13.9,0.472,0.523,1.0,0.983,20.1,100.5,83.75,101.0,0.393,L,0
0022101147,1610612765,Detroit,Pistons,DET,pistons,240:00,554.3,110.9,516.5,103.3,37.9,7.6,0.634,2.6,20.3,0.222,0.872,0.524,10.87,10.9,0.561,0.576,1.0,0.961,18.3,91.5,76.25,92.0,0.518,W,1
0022101147,1610612755,Philadelphia,76ers,PHI,sixers,240:00,516.5,103.3,554.3,110.9,-37.9,-7.6,0.71,1.47,18.6,0.128,0.778,0.476,16.484,16.5,0.5,0.578,1.0,0.99,18.3,91.5,76.25,91.0,0.482,L,0
0022101139,1610612738,Boston,Celtics,BOS,celtics,240:00,480.4,96.1,519.6,103.9,-39.2,-7.8,0.771,1.5,19.3,0.208,0.83,0.5,17.647,17.6,0.476,0.515,1.0,0.973,20.4,102.0,85.0,102.0,0.452,L,0
0022101139,1610612748,Miami,Heat,MIA,heat,240:00,519.6,103.9,480.4,96.1,39.2,7.8,0.711,1.5,19.7,0.17,0.792,0.5,17.647,17.6,0.563,0.589,1.0,0.955,20.4,102.0,85.0,102.0,0.548,W,1
0022101138,1610612764,Washington,Wizards,WAS,wizards,240:00,616.5,123.3,534.0,106.8,82.5,16.5,0.745,2.92,22.9,0.319,0.724,0.543,11.65,11.7,0.582,0.614,1.0,0.975,20.6,103.0,85.83,103.0,0.622,W,1
0022101138,1610612753,Orlando,Magic,ORL,magic,240:00,534.0,106.8,616.5,123.3,-82.5,-16.5,0.525,1.75,15.0,0.276,0.681,0.457,11.65,11.7,0.474,0.52,1.0,0.966,20.6,103.0,85.83,103.0,0.378,L,0
0022101145,1610612744,Golden State,Warriors,GSW,warriors,240:00,490.5,98.1,509.5,101.9,-19.0,-3.8,0.743,1.24,18.1,0.255,0.696,0.486,20.0,20.0,0.5,0.548,1.0,0.983,21.0,105.0,87.5,105.0,0.498,L,0
0022101145,1610612756,Phoenix,Suns,PHX,suns,240:00,509.5,101.9,490.5,98.1,19.0,3.8,0.526,1.43,14.1,0.304,0.745,0.514,13.333,13.3,0.451,0.509,1.0,0.984,21.0,105.0,87.5,105.0,0.502,W,1
0022101146,1610612757,Portland,Trail Blazers,POR,blazers,240:00,540.4,108.1,590.9,118.2,-50.5,-10.1,0.769,1.36,20.7,0.37,0.707,0.529,22.222,22.2,0.541,0.576,1.0,0.974,19.8,99.0,82.5,99.0,0.407,L,0
0022101146,1610612740,New Orleans,Pelicans,NOP,pelicans,240:00,590.9,118.2,540.4,108.1,50.5,10.1,0.65,1.86,19.0,0.293,0.63,0.471,14.141,14.1,0.551,0.615,1.0,0.982,19.8,99.0,82.5,99.0,0.593,W,1
0022101137,1610612754,Indiana,Pacers,IND,pacers,240:00,614.6,122.9,651.0,130.2,-36.5,-7.3,0.659,3.63,19.9,0.375,0.633,0.465,8.333,8.3,0.515,0.551,1.0,0.983,19.2,96.0,80.0,96.0,0.43,L,0
0022101137,1610612743,Denver,Nuggets,DEN,nuggets,240:00,651.0,130.2,614.6,122.9,36.5,7.3,0.66,1.65,23.6,0.367,0.625,0.535,20.833,20.8,0.7,0.725,1.0,0.981,19.2,96.0,80.0,96.0,0.57,W,1
0022101143,1610612760,Oklahoma City,Thunder,OKC,thunder,240:00,556.6,111.3,635.5,127.1,-78.9,-15.8,0.756,1.72,20.9,0.22,0.795,0.489,16.981,17.0,0.569,0.597,1.0,0.991,21.3,106.5,88.75,106.0,0.424,L,0
0022101143,1610612737,Atlanta,Hawks,ATL,hawks,240:00,635.5,127.1,556.6,111.3,78.9,15.8,0.571,2.15,19.7,0.205,0.78,0.511,12.15,12.1,0.637,0.675,1.0,0.982,21.3,106.5,88.75,107.0,0.576,W,1
0022101140,1610612752,New York,Knicks,NYK,knicks,240:00,570.0,114.0,631.3,126.3,-61.3,-12.3,0.575,1.64,16.9,0.277,0.762,0.506,14.0,14.0,0.565,0.591,1.0,0.956,19.9,99.5,82.92,100.0,0.42,L,0
0022101140,1610612766,Charlotte,Hornets,CHA,hornets,240:00,631.3,126.3,570.0,114.0,61.3,12.3,0.796,3.25,26.5,0.238,0.723,0.494,12.121,12.1,0.611,0.641,1.0,0.991,19.9,99.5,82.92,99.0,0.58,W,1
0022101141,1610612761,Toronto,Raptors,TOR,raptors,240:00,589.6,117.9,481.1,96.2,108.5,21.7,0.667,1.68,20.8,0.314,0.649,0.491,17.925,17.9,0.594,0.609,1.0,0.967,21.2,106.0,88.33,106.0,0.588,W,1
0022101141,1610612750,Minnesota,Timberwolves,MIN,timberwolves,240:00,481.1,96.2,589.6,117.9,-108.5,-21.7,0.703,1.18,17.1,0.351,0.686,0.509,20.755,20.8,0.462,0.499,1.0,0.976,21.2,106.0,88.33,106.0,0.412,L,0
0022101142,1610612745,Houston,Rockets,HOU,rockets,240:00,561.9,112.4,581.7,116.3,-19.8,-4.0,0.535,1.28,15.9,0.357,0.727,0.541,17.143,17.1,0.527,0.562,1.0,0.992,20.9,104.5,87.08,105.0,0.461,L,0
0022101142,1610612758,Sacramento,Kings,SAC,kings,240:00,581.7,116.3,561.9,112.4,19.8,4.0,0.477,2.33,15.1,0.273,0.643,0.459,8.654,8.7,0.5,0.546,1.0,1.0,20.9,104.5,87.08,104.0,0.539,W,1
0022101136,1610612739,Cleveland,Cavaliers,CLE,cavaliers,240:00,589.5,117.9,631.6,126.3,-42.1,-8.4,0.571,1.6,18.0,0.341,0.721,0.529,15.789,15.8,0.572,0.604,1.0,0.972,19.0,95.0,79.17,95.0,0.469,L,0
0022101136,1610612742,Dallas,Mavericks,DAL,mavericks,240:00,631.6,126.3,589.5,117.9,42.1,8.4,0.609,2.33,20.9,0.279,0.659,0.471,12.632,12.6,0.614,0.634,1.0,0.981,19.0,95.0,79.17,95.0,0.531,W,1
0022101144,1610612759,San Antonio,Spurs,SAS,spurs,240:00,578.1,115.6,589.5,117.9,-11.3,-2.3,0.619,1.73,19.8,0.256,0.688,0.484,15.625,15.6,0.59,0.616,1.0,0.981,19.1,95.5,79.58,96.0,0.508,L,0
0022101144,1610612763,Memphis,Grizzlies,MEM,grizzlies,240:00,589.5,117.9,578.1,115.6,11.3,2.3,0.591,1.86,19.1,0.313,0.744,0.516,14.737,14.7,0.571,0.584,1.0,0.973,19.1,95.5,79.58,95.0,0.492,W,1
0022101133,1610612751,Brooklyn,Nets,BKN,nets,240:00,631.1,126.2,602.9,120.6,28.1,5.6,0.571,1.26,17.5,0.286,0.692,0.529,18.447,18.4,0.651,0.715,1.0,0.973,20.5,102.5,85.42,103.0,0.554,W,1
0022101133,1610612765,Detroit,Pistons,DET,pistons,240:00,602.9,120.6,631.1,126.2,-28.1,-5.6,0.583,2.0,19.2,0.308,0.714,0.471,13.725,13.7,0.566,0.587,1.0,0.983,20.5,102.5,85.42,102.0,0.446,L,0
0022101134,1610612742,Dallas,Mavericks,DAL,mavericks,240:00,673.7,134.7,572.9,114.6,100.8,20.2,0.6,3.38,20.3,0.244,0.712,0.495,8.421,8.4,0.632,0.659,1.0,0.981,19.1,95.5,79.58,95.0,0.581,W,1
0022101134,1610612747,Los Angeles,Lakers,LAL,lakers,240:00,572.9,114.6,673.7,134.7,-100.8,-20.2,0.5,2.22,15.4,0.288,0.756,0.505,9.375,9.4,0.517,0.557,1.0,0.982,19.1,95.5,79.58,96.0,0.419,L,0
0022101131,1610612755,Philadelphia,76ers,PHI,sixers,240:00,591.8,118.4,608.2,121.6,-16.4,-3.3,0.651,3.11,20.6,0.204,0.755,0.48,9.184,9.2,0.573,0.598,1.0,0.963,19.5,97.5,81.25,98.0,0.492,L,0
0022101131,1610612749,Milwaukee,Bucks,MIL,bucks,240:00,608.2,121.6,591.8,118.4,16.4,3.3,0.591,2.36,19.3,0.245,0.796,0.52,11.34,11.3,0.58,0.601,1.0,0.982,19.5,97.5,81.25,97.0,0.508,W,1
0022101132,1610612764,Washington,Wizards,WAS,wizards,240:00,505.4,101.1,581.5,116.3,-76.1,-15.2,0.658,1.79,19.4,0.25,0.767,0.506,15.054,15.1,0.519,0.543,1.0,0.971,18.5,92.5,77.08,93.0,0.442,L,0
0022101132,1610612741,Chicago,Bulls,CHI,bulls,240:00,581.5,116.3,505.4,101.1,76.1,15.2,0.605,2.89,20.3,0.233,0.75,0.494,9.783,9.8,0.541,0.576,1.0,0.98,18.5,92.5,77.08,92.0,0.558,W,1
0022101135,1610612746,LA,Clippers,LAC,clippers,240:00,636.8,127.4,605.3,121.1,31.6,6.3,0.512,1.91,16.3,0.302,0.683,0.488,11.579,11.6,0.584,0.635,1.0,0.954,19.0,95.0,79.17,95.0,0.519,W,1
0022101135,1610612762,Utah,Jazz,UTA,jazz,240:00,605.3,121.1,636.8,127.4,-31.6,-6.3,0.535,1.53,17.6,0.317,0.698,0.512,15.789,15.8,0.628,0.634,1.0,0.963,19.0,95.0,79.17,95.0,0.481,L,0
0022101126,1610612752,New York,Knicks,NYK,knicks,240:00,567.7,113.5,541.7,108.3,26.0,5.2,0.5,3.17,14.6,0.263,0.745,0.481,6.25,6.3,0.494,0.522,1.0,0.982,19.2,96.0,80.0,96.0,0.485,W,1
0022101126,1610612741,Chicago,Bulls,CHI,bulls,240:00,541.7,108.3,567.7,113.5,-26.0,-5.2,0.471,1.14,12.9,0.255,0.737,0.519,14.583,14.6,0.468,0.556,1.0,0.963,19.2,96.0,80.0,96.0,0.515,L,0
0022101125,1610612748,Miami,Heat,MIA,heat,240:00,640.6,128.1,520.8,104.2,119.8,24.0,0.612,1.88,21.4,0.341,0.83,0.602,16.667,16.7,0.65,0.664,1.0,0.973,19.2,96.0,80.0,96.0,0.602,W,1
0022101125,1610612758,Sacramento,Kings,SAC,kings,240:00,520.8,104.2,640.6,128.1,-119.8,-24.0,0.568,1.5,16.8,0.17,0.659,0.398,14.583,14.6,0.531,0.562,1.0,0.981,19.2,96.0,80.0,96.0,0.398,L,0
0022101130,1610612757,Portland,Trail Blazers,POR,blazers,265:00,600.9,120.2,632.1,126.4,-31.2,-6.2,0.549,2.55,17.6,0.381,0.66,0.5,10.092,10.1,0.545,0.556,1.0,0.977,19.47,97.36,81.13,109.0,0.468,L,0
0022101130,1610612760,Oklahoma City,Thunder,OKC,thunder,265:00,632.1,126.4,600.9,120.2,31.2,6.2,0.667,1.52,20.8,0.34,0.619,0.5,19.811,19.8,0.644,0.663,1.0,0.992,19.47,97.36,81.13,106.0,0.532,W,1
0022101127,1610612761,Toronto,Raptors,TOR,raptors,265:00,542.5,108.5,533.3,106.7,9.1,1.8,0.348,1.6,11.3,0.317,0.661,0.484,9.434,9.4,0.481,0.505,1.0,0.976,19.11,95.55,79.62,106.0,0.47,W,1
0022101127,1610612738,Boston,Celtics,BOS,celtics,265:00,533.3,106.7,542.5,108.5,-9.1,-1.8,0.59,1.35,15.5,0.339,0.683,0.516,16.19,16.2,0.474,0.522,1.0,0.976,19.11,95.55,79.62,105.0,0.53,L,0
0022101129,1610612763,Memphis,Grizzlies,MEM,grizzlies,240:00,591.3,118.3,461.2,92.2,130.2,26.0,0.605,1.86,17.6,0.327,0.824,0.566,13.462,13.5,0.533,0.573,1.0,0.967,20.7,103.5,86.25,104.0,0.649,W,1
0022101129,1610612744,Golden State,Warriors,GSW,warriors,240:00,461.2,92.2,591.3,118.3,-130.2,-26.0,0.545,1.06,14.0,0.176,0.673,0.434,16.505,16.5,0.463,0.514,1.0,0.973,20.7,103.5,86.25,103.0,0.351,L,0
0022101124,1610612754,Indiana,Pacers,IND,pacers,240:00,627.6,125.5,673.5,134.7,-45.9,-9.2,0.711,2.29,22.5,0.31,0.564,0.432,14.286,14.3,0.615,0.648,1.0,0.991,19.6,98.0,81.67,98.0,0.451,L,0
0022101124,1610612737,Atlanta,Hawks,ATL,hawks,240:00,673.5,134.7,627.6,125.5,45.9,9.2,0.681,2.13,21.8,0.436,0.69,0.568,15.306,15.3,0.645,0.677,1.0,0.965,19.6,98.0,81.67,98.0,0.549,W,1
0022101122,1610612766,Charlotte,Hornets,CHA,hornets,240:00,545.0,109.0,570.7,114.1,-25.7,-5.1,0.75,2.2,22.6,0.294,0.653,0.47,15.0,15.0,0.543,0.555,1.0,0.982,19.9,99.5,82.92,100.0,0.487,L,0
0022101122,1610612743,Denver,Nuggets,DEN,nuggets,240:00,570.7,114.1,545.0,109.0,25.7,5.1,0.725,1.81,20.0,0.347,0.706,0.53,16.162,16.2,0.535,0.575,1.0,0.991,19.9,99.5,82.92,99.0,0.513,W,1
0022101123,1610612739,Cleveland,Cavaliers,CLE,cavaliers,240:00,529.7,105.9,505.0,101.0,24.7,4.9,0.703,1.73,19.3,0.208,0.766,0.484,14.851,14.9,0.524,0.575,1.0,0.972,20.1,100.5,83.75,101.0,0.55,W,1
0022101123,1610612753,Orlando,Magic,ORL,magic,240:00,505.0,101.0,529.7,105.9,-24.7,-4.9,0.738,1.82,21.8,0.234,0.792,0.516,17.0,17.0,0.54,0.545,1.0,0.991,20.1,100.5,83.75,100.0,0.45,L,0
0022101128,1610612745,Houston,Rockets,HOU,rockets,240:00,571.4,114.3,585.7,117.1,-14.3,-2.9,0.684,2.17,18.1,0.236,0.638,0.442,11.429,11.4,0.522,0.575,1.0,0.992,21.0,105.0,87.5,105.0,0.456,L,0
0022101128,1610612759,San Antonio,Spurs,SAS,spurs,240:00,585.7,117.1,571.4,114.3,14.3,2.9,0.596,2.15,18.3,0.362,0.764,0.558,12.381,12.4,0.505,0.548,1.0,0.984,21.0,105.0,87.5,105.0,0.544,W,1
0022101121,1610612742,Dallas,Mavericks,DAL,mavericks,240:00,647.7,129.5,574.7,114.9,73.0,14.6,0.525,2.1,17.5,0.262,0.765,0.538,11.364,11.4,0.63,0.651,1.0,0.96,17.5,87.5,72.92,88.0,0.574,W,1
0022101121,1610612762,Utah,Jazz,UTA,jazz,240:00,574.7,114.9,647.7,129.5,-73.0,-14.6,0.561,3.83,18.9,0.235,0.738,0.462,6.897,6.9,0.528,0.535,1.0,0.99,17.5,87.5,72.92,87.0,0.426,L,0
0022101119,1610612740,New Orleans,Pelicans,NOP,pelicans,240:00,610.5,122.1,574.5,114.9,36.1,7.2,0.568,3.57,18.7,0.327,0.8,0.539,7.368,7.4,0.533,0.571,1.0,0.991,18.9,94.5,78.75,95.0,0.543,W,1
0022101119,1610612747,Los Angeles,Lakers,LAL,lakers,240:00,574.5,114.9,610.5,122.1,-36.1,-7.2,0.619,1.73,20.3,0.2,0.673,0.461,15.957,16.0,0.613,0.62,1.0,0.99,18.9,94.5,78.75,94.0,0.457,L,0
0022101118,1610612756,Phoenix,Suns,PHX,suns,240:00,581.6,116.3,530.6,106.1,51.0,10.2,0.533,1.85,18.2,0.227,0.667,0.469,13.265,13.3,0.592,0.603,1.0,0.963,19.6,98.0,81.67,98.0,0.546,W,1
0022101118,1610612755,Philadelphia,76ers,PHI,sixers,240:00,530.6,106.1,581.6,116.3,-51.0,-10.2,0.595,1.83,15.9,0.333,0.773,0.531,12.245,12.2,0.472,0.518,1.0,0.957,19.6,98.0,81.67,98.0,0.454,L,0
0022101117,1610612764,Washington,Wizards,WAS,wizards,240:00,615.0,123.0,580.8,116.2,34.2,6.8,0.75,2.75,23.6,0.171,0.696,0.474,12.0,12.0,0.619,0.656,1.0,0.972,19.9,99.5,82.92,100.0,0.581,W,1
0022101117,1610612744,Golden State,Warriors,GSW,warriors,240:00,580.8,116.2,615.0,123.0,-34.2,-6.8,0.526,2.0,14.7,0.304,0.829,0.526,10.101,10.1,0.472,0.542,1.0,0.991,19.9,99.5,82.92,99.0,0.419,L,0
0022101116,1610612738,Boston,Celtics,BOS,celtics,240:00,670.0,134.0,571.4,114.3,98.6,19.7,0.551,2.08,19.4,0.308,0.878,0.6,13.0,13.0,0.661,0.696,1.0,0.964,19.8,99.0,82.5,100.0,0.588,W,1
0022101116,1610612750,Minnesota,Timberwolves,MIN,timberwolves,240:00,571.4,114.3,670.0,134.0,-98.6,-19.7,0.578,1.86,20.2,0.122,0.692,0.4,14.286,14.3,0.619,0.627,1.0,1.0,19.8,99.0,82.5,98.0,0.412,L,0
0022101115,1610612765,Detroit,Pistons,DET,pistons,240:00,542.6,108.5,547.4,109.5,-4.8,-1.0,0.59,2.3,18.1,0.208,0.615,0.42,10.638,10.6,0.506,0.549,1.0,0.99,18.9,94.5,78.75,94.0,0.49,L,0
0022101115,1610612752,New York,Knicks,NYK,knicks,240:00,547.4,109.5,542.6,108.5,4.8,1.0,0.559,1.36,14.2,0.385,0.792,0.58,14.737,14.7,0.476,0.532,1.0,0.957,18.9,94.5,78.75,95.0,0.51,W,1
0022101120,1610612751,Brooklyn,Nets,BKN,nets,240:00,550.0,110.0,589.1,117.8,-39.1,-7.8,0.698,2.73,20.1,0.322,0.638,0.479,11.0,11.0,0.479,0.507,1.0,0.975,20.1,100.5,83.75,100.0,0.505,L,0
0022101120,1610612766,Charlotte,Hornets,CHA,hornets,240:00,589.1,117.8,550.0,110.0,39.1,7.8,0.619,2.17,17.7,0.362,0.678,0.521,11.881,11.9,0.515,0.55,1.0,0.975,20.1,100.5,83.75,101.0,0.495,W,1
0022101112,1610612763,Memphis,Grizzlies,MEM,grizzlies,240:00,622.5,124.5,510.0,102.0,112.5,22.5,0.612,3.75,19.9,0.357,0.69,0.526,7.843,7.8,0.544,0.566,1.0,0.975,20.2,101.0,84.17,102.0,0.646,W,1
0022101112,1610612749,Milwaukee,Bucks,MIL,bucks,240:00,510.0,102.0,622.5,124.5,-112.5,-22.5,0.514,1.36,13.9,0.31,0.643,0.474,14.0,14.0,0.435,0.488,1.0,0.983,20.2,101.0,84.17,100.0,0.354,L,0
0022101113,1610612743,Denver,Nuggets,DEN,nuggets,240:00,553.9,110.8,524.5,104.9,29.4,5.9,0.805,2.2,22.6,0.25,0.822,0.539,14.706,14.7,0.529,0.591,1.0,0.982,20.4,102.0,85.0,102.0,0.556,W,1
0022101113,1610612760,Oklahoma City,Thunder,OKC,thunder,240:00,524.5,104.9,553.9,110.8,-29.4,-5.9,0.744,1.71,21.0,0.178,0.75,0.461,16.667,16.7,0.548,0.588,1.0,0.982,20.4,102.0,85.0,102.0,0.444,L,0
0022101114,1610612757,Portland,Trail Blazers,POR,blazers,240:00,494.9,99.0,580.8,116.2,-85.9,-17.2,0.568,0.91,14.4,0.448,0.705,0.559,23.232,23.2,0.462,0.488,1.0,0.976,19.8,99.0,82.5,99.0,0.381,L,0
0022101114,1610612745,Houston,Rockets,HOU,rockets,240:00,580.8,116.2,494.9,99.0,85.9,17.2,0.773,1.62,23.4,0.295,0.552,0.441,21.212,21.2,0.613,0.626,1.0,0.991,19.8,99.0,82.5,99.0,0.619,W,1
0022101111,1610612748,Miami,Heat,MIA,heat,240:00,479.8,96.0,555.6,111.1,-75.8,-15.2,0.606,0.83,15.5,0.267,0.723,0.5,24.242,24.2,0.507,0.55,1.0,0.972,19.8,99.0,82.5,99.0,0.392,L,0
0022101111,1610612751,Brooklyn,Nets,BKN,nets,240:00,555.6,111.1,479.8,96.0,75.8,15.2,0.667,1.53,18.8,0.277,0.733,0.5,17.172,17.2,0.536,0.582,1.0,0.946,19.8,99.0,82.5,99.0,0.608,W,1
0022101109,1610612761,Toronto,Raptors,TOR,raptors,240:00,712.0,142.4,494.6,98.9,217.4,43.5,0.667,5.67,25.2,0.25,0.745,0.53,6.522,6.5,0.696,0.709,1.0,0.98,18.4,92.0,76.67,92.0,0.683,W,1
0022101109,1610612754,Indiana,Pacers,IND,pacers,240:00,494.6,98.9,712.0,142.4,-217.4,-43.5,0.697,1.64,18.1,0.255,0.75,0.47,15.217,15.2,0.487,0.518,1.0,0.971,18.4,92.0,76.67,92.0,0.317,L,0
0022101107,1610612740,New Orleans,Pelicans,NOP,pelicans,240:00,565.9,113.2,594.4,118.9,-28.5,-5.7,0.575,2.88,17.6,0.327,0.582,0.458,8.791,8.8,0.5,0.524,1.0,0.981,18.1,90.5,75.42,91.0,0.485,L,0
0022101107,1610612759,San Antonio,Spurs,SAS,spurs,240:00,594.4,118.9,565.9,113.2,28.5,5.7,0.564,2.2,16.3,0.418,0.673,0.542,11.111,11.1,0.462,0.519,1.0,0.991,18.1,90.5,75.42,90.0,0.515,W,1
0022101110,1610612739,Cleveland,Cavaliers,CLE,cavaliers,240:00,505.4,101.1,526.9,105.4,-21.5,-4.3,0.5,1.31,13.5,0.327,0.786,0.532,13.978,14.0,0.457,0.501,1.0,0.991,18.6,93.0,77.5,93.0,0.444,L,0
0022101110,1610612741,Chicago,Bulls,CHI,bulls,240:00,526.9,105.4,505.4,101.1,21.5,4.3,0.639,1.53,18.5,0.214,0.673,0.468,16.129,16.1,0.513,0.57,1.0,0.97,18.6,93.0,77.5,93.0,0.556,W,1
0022101108,1610612753,Orlando,Magic,ORL,magic,265:00,514.0,102.8,537.7,107.5,-23.7,-4.7,0.6,2.08,17.9,0.279,0.7,0.488,12.15,12.1,0.486,0.504,1.0,0.968,19.29,96.45,80.38,107.0,0.49,L,0
0022101108,1610612758,Sacramento,Kings,SAC,kings,265:00,537.7,107.5,514.0,102.8,23.7,4.7,0.571,1.71,16.2,0.3,0.721,0.512,13.208,13.2,0.485,0.525,1.0,0.992,19.29,96.45,80.38,106.0,0.51,W,1
0022101100,1610612766,Charlotte,Hornets,CHA,hornets,240:00,594.4,118.9,567.4,113.5,27.0,5.4,0.634,2.6,19.3,0.38,0.75,0.561,11.111,11.1,0.54,0.56,1.0,0.963,17.9,89.5,74.58,90.0,0.524,W,1
0022101100,1610612762,Utah,Jazz,UTA,jazz,240:00,567.4,113.5,594.4,118.9,-27.0,-5.4,0.658,2.08,20.0,0.25,0.62,0.439,13.483,13.5,0.554,0.568,1.0,1.0,17.9,89.5,74.58,89.0,0.476,L,0
0022101106,1610612746,LA,Clippers,LAC,clippers,240:00,485.0,97.0,610.0,122.0,-125.0,-25.0,0.559,1.19,14.4,0.241,0.66,0.442,16.0,16.0,0.447,0.505,1.0,0.982,20.0,100.0,83.33,100.0,0.367,L,0
0022101106,1610612755,Philadelphia,76ers,PHI,sixers,240:00,610.0,122.0,485.0,97.0,125.0,25.0,0.535,1.77,16.4,0.34,0.759,0.558,13.0,13.0,0.549,0.595,1.0,0.957,20.0,100.0,83.33,100.0,0.633,W,1
0022101103,1610612748,Miami,Heat,MIA,heat,240:00,592.0,118.4,630.7,126.1,-38.7,-7.7,0.514,1.2,15.7,0.278,0.592,0.459,17.241,17.2,0.586,0.636,1.0,0.99,17.5,87.5,72.92,87.0,0.474,L,0
0022101103,1610612752,New York,Knicks,NYK,knicks,240:00,630.7,126.1,592.0,118.4,38.7,7.7,0.639,2.09,17.6,0.408,0.722,0.541,12.5,12.5,0.543,0.588,1.0,0.972,17.5,87.5,72.92,88.0,0.526,W,1
0022101102,1610612737,Atlanta,Hawks,ATL,hawks,240:00,623.7,124.7,572.9,114.6,50.8,10.2,0.587,2.25,19.6,0.298,0.667,0.484,12.371,12.4,0.596,0.621,1.0,0.964,19.3,96.5,80.42,97.0,0.566,W,1
0022101102,1610612744,Golden State,Warriors,GSW,warriors,240:00,572.9,114.6,623.7,124.7,-50.8,-10.2,0.628,1.69,19.4,0.333,0.702,0.516,16.667,16.7,0.556,0.575,1.0,0.991,19.3,96.5,80.42,96.0,0.434,L,0
0022101101,1610612765,Detroit,Pistons,DET,pistons,240:00,475.5,95.1,490.2,98.0,-14.7,-2.9,0.487,1.27,14.0,0.263,0.833,0.524,14.706,14.7,0.442,0.479,1.0,0.983,20.4,102.0,85.0,102.0,0.46,L,0
0022101101,1610612764,Washington,Wizards,WAS,wizards,240:00,490.2,98.0,475.5,95.1,14.7,2.9,0.639,1.35,17.3,0.167,0.737,0.476,16.667,16.7,0.488,0.542,1.0,0.982,20.4,102.0,85.0,102.0,0.54,W,1
0022101104,1610612750,Minnesota,Timberwolves,MIN,timberwolves,240:00,597.9,119.6,489.7,97.9,108.2,21.6,0.605,2.89,19.8,0.186,0.745,0.5,9.278,9.3,0.577,0.613,1.0,0.981,19.4,97.0,80.83,97.0,0.606,W,1
0022101104,1610612742,Dallas,Mavericks,DAL,mavericks,240:00,489.7,97.9,597.9,119.6,-108.2,-21.6,0.6,1.91,15.9,0.255,0.814,0.5,11.34,11.3,0.444,0.483,1.0,0.973,19.4,97.0,80.83,97.0,0.394,L,0
0022101105,1610612757,Portland,Trail Blazers,POR,blazers,240:00,546.4,109.3,637.8,127.6,-91.4,-18.3,0.651,1.65,20.0,0.326,0.714,0.511,17.526,17.5,0.524,0.557,1.0,0.991,19.5,97.5,81.25,97.0,0.426,L,0
0022101105,1610612745,Houston,Rockets,HOU,rockets,240:00,637.8,127.6,546.4,109.3,91.4,18.3,0.628,1.69,20.0,0.286,0.674,0.489,16.327,16.3,0.633,0.671,1.0,0.991,19.5,97.5,81.25,98.0,0.574,W,1
0022101098,1610612740,New Orleans,Pelicans,NOP,pelicans,240:00,649.5,129.9,561.9,112.4,87.6,17.5,0.561,2.09,17.4,0.279,0.85,0.554,11.34,11.3,0.566,0.643,1.0,0.972,19.4,97.0,80.83,97.0,0.581,W,1
0022101098,1610612741,Chicago,Bulls,CHI,bulls,240:00,561.9,112.4,649.5,129.9,-87.6,-17.5,0.625,1.67,19.5,0.15,0.721,0.446,15.464,15.5,0.603,0.631,1.0,0.981,19.4,97.0,80.83,97.0,0.419,L,0
0022101097,1610612749,Milwaukee,Bucks,MIL,bucks,240:00,587.6,117.5,525.8,105.2,61.9,12.4,0.548,1.44,18.1,0.205,0.75,0.516,16.495,16.5,0.617,0.647,1.0,0.981,19.4,97.0,80.83,97.0,0.544,W,1
0022101097,1610612764,Washington,Wizards,WAS,wizards,240:00,525.8,105.2,587.6,117.5,-61.9,-12.4,0.581,2.27,18.5,0.25,0.795,0.484,11.34,11.3,0.527,0.531,1.0,0.973,19.4,97.0,80.83,97.0,0.456,L,0
0022101095,1610612761,Toronto,Raptors,TOR,raptors,240:00,642.9,128.6,571.4,114.3,71.4,14.3,0.619,2.89,19.4,0.347,0.744,0.533,9.89,9.9,0.562,0.601,1.0,0.972,18.2,91.0,75.83,91.0,0.54,W,1
0022101095,1610612739,Cleveland,Cavaliers,CLE,cavaliers,240:00,571.4,114.3,642.9,128.6,-71.4,-14.3,0.649,1.85,19.0,0.256,0.653,0.467,14.286,14.3,0.544,0.586,1.0,0.98,18.2,91.0,75.83,91.0,0.46,L,0
0022101096,1610612763,Memphis,Grizzlies,MEM,grizzlies,240:00,678.6,135.7,520.2,104.0,158.4,31.7,0.68,2.0,22.2,0.467,0.714,0.604,17.347,17.3,0.651,0.662,1.0,0.966,19.7,98.5,82.08,98.0,0.664,W,1
0022101096,1610612754,Indiana,Pacers,IND,pacers,240:00,520.2,104.0,678.6,135.7,-158.4,-31.7,0.513,1.82,14.9,0.286,0.533,0.396,11.111,11.1,0.473,0.504,1.0,0.982,19.7,98.5,82.08,99.0,0.336,L,0
0022101099,1610612743,Denver,Nuggets,DEN,nuggets,240:00,663.3,132.7,707.1,141.4,-43.8,-8.8,0.563,1.59,19.9,0.306,0.73,0.521,17.347,17.3,0.685,0.7,1.0,0.991,19.7,98.5,82.08,98.0,0.46,L,0
0022101099,1610612756,Phoenix,Suns,PHX,suns,240:00,707.1,141.4,663.3,132.7,43.8,8.8,0.615,3.56,22.9,0.27,0.694,0.479,9.091,9.1,0.68,0.709,1.0,0.972,19.7,98.5,82.08,99.0,0.54,W,1
0022101089,1610612763,Memphis,Grizzlies,MEM,grizzlies,240:00,653.5,130.7,594.1,118.8,59.4,11.9,0.596,2.15,18.4,0.418,0.682,0.535,12.871,12.9,0.559,0.596,1.0,0.976,20.2,101.0,84.17,101.0,0.533,W,1
0022101089,1610612751,Brooklyn,Nets,BKN,nets,240:00,594.1,118.8,653.5,130.7,-59.4,-11.9,0.419,1.29,13.6,0.318,0.582,0.465,13.861,13.9,0.546,0.607,1.0,0.991,20.2,101.0,84.17,101.0,0.467,L,0
0022101091,1610612760,Oklahoma City,Thunder,OKC,thunder,240:00,596.0,119.2,510.0,102.0,86.0,17.2,0.553,1.75,16.8,0.119,0.759,0.49,12.121,12.1,0.589,0.64,1.0,0.981,19.9,99.5,82.92,99.0,0.597,W,1
0022101091,1610612753,Orlando,Magic,ORL,magic,240:00,510.0,102.0,596.0,119.2,-86.0,-17.2,0.667,2.18,17.5,0.241,0.881,0.51,11.0,11.0,0.478,0.51,1.0,0.973,19.9,99.5,82.92,100.0,0.403,L,0
0022101084,1610612766,Charlotte,Hornets,CHA,hornets,240:00,576.1,115.2,650.5,130.1,-74.5,-14.9,0.619,2.36,19.4,0.314,0.775,0.516,11.957,12.0,0.545,0.549,1.0,0.972,18.5,92.5,77.08,92.0,0.424,L,0
0022101084,1610612752,New York,Knicks,NYK,knicks,240:00,650.5,130.1,576.1,115.2,74.5,14.9,0.698,3.33,22.7,0.225,0.686,0.484,9.677,9.7,0.639,0.669,1.0,0.951,18.5,92.5,77.08,93.0,0.576,W,1
0022101085,1610612765,Detroit,Pistons,DET,pistons,240:00,586.5,117.3,490.3,98.1,96.2,19.2,0.682,1.88,20.5,0.267,0.825,0.578,15.385,15.4,0.568,0.616,1.0,0.966,20.7,103.5,86.25,104.0,0.625,W,1
0022101085,1610612737,Atlanta,Hawks,ATL,hawks,240:00,490.3,98.1,586.5,117.3,-96.2,-19.2,0.568,1.5,15.7,0.175,0.733,0.422,13.592,13.6,0.478,0.512,1.0,0.991,20.7,103.5,86.25,103.0,0.375,L,0
0022101092,1610612742,Dallas,Mavericks,DAL,mavericks,240:00,572.9,114.6,469.1,93.8,103.8,20.8,0.571,1.85,18.3,0.234,0.712,0.485,13.542,13.5,0.535,0.575,1.0,0.981,19.3,96.5,80.42,96.0,0.599,W,1
0022101092,1610612745,Houston,Rockets,HOU,rockets,240:00,469.1,93.8,572.9,114.6,-103.8,-20.8,0.515,1.06,13.3,0.288,0.766,0.515,16.495,16.5,0.427,0.482,1.0,0.991,19.3,96.5,80.42,97.0,0.401,L,0
0022101094,1610612757,Portland,Trail Blazers,POR,blazers,240:00,470.6,94.1,658.4,131.7,-187.8,-37.6,0.5,1.0,13.1,0.322,0.64,0.468,17.647,17.6,0.42,0.471,1.0,0.975,20.3,101.5,84.58,102.0,0.288,L,0
0022101094,1610612759,San Antonio,Spurs,SAS,spurs,240:00,658.4,131.7,470.6,94.1,187.8,37.6,0.739,2.43,22.4,0.36,0.678,0.532,13.861,13.9,0.59,0.636,1.0,0.992,20.3,101.5,84.58,101.0,0.712,W,1
0022101088,1610612748,Miami,Heat,MIA,heat,240:00,565.2,113.0,627.7,125.5,-62.4,-12.5,0.703,2.6,20.0,0.235,0.692,0.433,10.87,10.9,0.518,0.552,1.0,0.99,18.6,93.0,77.5,92.0,0.439,L,0
0022101088,1610612744,Golden State,Warriors,GSW,warriors,240:00,627.7,125.5,565.2,113.0,62.4,12.5,0.575,1.77,17.8,0.308,0.765,0.567,13.83,13.8,0.617,0.664,1.0,0.943,18.6,93.0,77.5,94.0,0.561,W,1
0022101090,1610612750,Minnesota,Timberwolves,MIN,timberwolves,240:00,591.8,118.4,637.8,127.6,-45.9,-9.2,0.643,2.25,18.8,0.358,0.682,0.505,12.245,12.2,0.511,0.554,1.0,0.983,19.6,98.0,81.67,98.0,0.446,L,0
0022101090,1610612756,Phoenix,Suns,PHX,suns,240:00,637.8,127.6,591.8,118.4,45.9,9.2,0.667,2.31,21.1,0.318,0.642,0.495,13.265,13.3,0.593,0.633,1.0,0.964,19.6,98.0,81.67,98.0,0.554,W,1
0022101086,1610612754,Indiana,Pacers,IND,pacers,240:00,545.0,109.0,555.6,111.1,-10.6,-2.1,0.81,2.27,23.0,0.286,0.857,0.549,15.0,15.0,0.538,0.569,1.0,0.974,19.9,99.5,82.92,100.0,0.509,L,0
0022101086,1610612758,Sacramento,Kings,SAC,kings,240:00,555.6,111.1,545.0,109.0,10.6,2.1,0.605,1.53,19.8,0.143,0.714,0.451,17.172,17.2,0.598,0.615,1.0,0.981,19.9,99.5,82.92,99.0,0.491,W,1
0022101087,1610612738,Boston,Celtics,BOS,celtics,240:00,672.0,134.4,527.2,105.4,144.9,29.0,0.74,2.85,26.6,0.294,0.642,0.506,13.978,14.0,0.708,0.718,1.0,0.971,18.5,92.5,77.08,93.0,0.678,W,1
0022101087,1610612762,Utah,Jazz,UTA,jazz,240:00,527.2,105.4,672.0,134.4,-144.9,-29.0,0.371,0.93,10.5,0.358,0.706,0.494,15.217,15.2,0.443,0.499,1.0,0.991,18.5,92.5,77.08,92.0,0.322,L,0
0022101093,1610612747,Los Angeles,Lakers,LAL,lakers,240:00,593.1,118.6,617.6,123.5,-24.5,-4.9,0.5,2.08,17.6,0.294,0.783,0.526,11.765,11.8,0.572,0.582,1.0,0.991,20.4,102.0,85.0,102.0,0.455,L,0
0022101093,1610612755,Philadelphia,76ers,PHI,sixers,240:00,617.6,123.5,593.1,118.6,24.5,4.9,0.553,3.71,18.8,0.217,0.706,0.474,6.863,6.9,0.571,0.61,1.0,0.982,20.4,102.0,85.0,102.0,0.545,W,1
0022101083,1610612743,Denver,Nuggets,DEN,nuggets,240:00,661.5,132.3,599.0,119.8,62.5,12.5,0.689,2.82,22.6,0.256,0.809,0.558,11.458,11.5,0.639,0.682,1.0,0.962,19.2,96.0,80.0,96.0,0.553,W,1
0022101083,1610612746,LA,Clippers,LAC,clippers,240:00,599.0,119.8,661.5,132.3,-62.5,-12.5,0.643,4.5,20.5,0.191,0.744,0.442,6.25,6.3,0.547,0.59,1.0,0.981,19.2,96.0,80.0,96.0,0.447,L,0
0022101081,1610612752,New York,Knicks,NYK,knicks,240:00,566.3,113.3,596.9,119.4,-30.6,-6.1,0.476,1.43,14.9,0.32,0.744,0.516,14.286,14.3,0.564,0.57,1.0,0.974,19.6,98.0,81.67,98.0,0.433,L,0
0022101081,1610612737,Atlanta,Hawks,ATL,hawks,240:00,596.9,119.4,566.3,113.3,30.6,6.1,0.65,1.86,19.3,0.256,0.68,0.484,14.286,14.3,0.586,0.63,1.0,0.991,19.6,98.0,81.67,98.0,0.567,W,1
0022101080,1610612753,Orlando,Magic,ORL,magic,240:00,489.6,97.9,473.7,94.7,15.9,3.2,0.735,1.79,19.5,0.178,0.717,0.469,14.583,14.6,0.494,0.535,1.0,0.971,19.1,95.5,79.58,96.0,0.586,W,1
0022101080,1610612744,Golden State,Warriors,GSW,warriors,240:00,473.7,94.7,489.6,97.9,-15.9,-3.2,0.618,1.17,16.2,0.283,0.822,0.531,18.947,18.9,0.465,0.489,1.0,1.0,19.1,95.5,79.58,95.0,0.414,L,0
0022101082,1610612749,Milwaukee,Bucks,MIL,bucks,240:00,630.0,126.0,490.0,98.0,140.0,28.0,0.52,1.73,19.7,0.176,0.875,0.611,15.0,15.0,0.683,0.694,1.0,0.981,20.0,100.0,83.33,100.0,0.637,W,1
0022101082,1610612741,Chicago,Bulls,CHI,bulls,240:00,490.0,98.0,630.0,126.0,-140.0,-28.0,0.538,3.0,16.4,0.125,0.824,0.389,7.0,7.0,0.495,0.501,1.0,0.981,20.0,100.0,83.33,100.0,0.363,L,0
0022101072,1610612739,Cleveland,Cavaliers,CLE,cavaliers,240:00,606.1,121.2,668.4,133.7,-62.3,-12.5,0.644,2.42,21.3,0.209,0.738,0.471,12.121,12.1,0.605,0.636,1.0,0.981,19.7,98.5,82.08,99.0,0.446,L,0
0022101072,1610612747,Los Angeles,Lakers,LAL,lakers,240:00,668.4,133.7,606.1,121.2,62.3,12.5,0.642,4.25,23.9,0.262,0.791,0.529,8.163,8.2,0.628,0.648,1.0,1.0,19.7,98.5,82.08,98.0,0.554,W,1
0022101073,1610612765,Detroit,Pistons,DET,pistons,240:00,563.7,112.7,577.7,115.5,-13.9,-2.8,0.611,1.1,15.1,0.415,0.649,0.536,19.608,19.6,0.476,0.558,1.0,0.976,20.5,102.5,85.42,102.0,0.443,L,0
0022101073,1610612757,Portland,Trail Blazers,POR,blazers,240:00,577.7,115.5,563.7,112.7,13.9,2.8,0.595,2.44,15.2,0.351,0.585,0.464,8.738,8.7,0.466,0.543,1.0,0.976,20.5,102.5,85.42,103.0,0.557,W,1
0022101079,1610612742,Dallas,Mavericks,DAL,mavericks,240:00,567.0,113.4,545.5,109.1,21.6,4.3,0.675,2.25,20.5,0.178,0.7,0.476,12.371,12.4,0.566,0.596,1.0,0.99,19.6,98.0,81.67,97.0,0.53,W,1
0022101079,1610612750,Minnesota,Timberwolves,MIN,timberwolves,240:00,545.5,109.1,567.0,113.4,-21.6,-4.3,0.583,2.33,15.3,0.3,0.822,0.524,9.091,9.1,0.467,0.52,1.0,0.983,19.6,98.0,81.67,99.0,0.47,L,0
0022101076,1610612741,Chicago,Bulls,CHI,bulls,240:00,614.1,122.8,544.0,108.8,70.2,14.0,0.636,4.67,20.7,0.283,0.577,0.429,6.522,6.5,0.55,0.562,1.0,0.981,18.3,91.5,76.25,92.0,0.554,W,1
0022101076,1610612761,Toronto,Raptors,TOR,raptors,240:00,544.0,108.8,614.1,122.8,-70.2,-14.0,0.65,1.86,18.7,0.423,0.717,0.571,15.385,15.4,0.473,0.507,1.0,0.973,18.3,91.5,76.25,91.0,0.446,L,0
0022101077,1610612745,Houston,Rockets,HOU,rockets,240:00,605.3,121.1,505.2,101.0,100.1,20.0,0.714,2.31,22.9,0.133,0.731,0.454,13.684,13.7,0.612,0.634,1.0,0.98,19.1,95.5,79.58,95.0,0.55,W,1
0022101077,1610612764,Washington,Wizards,WAS,wizards,240:00,505.2,101.0,605.3,121.1,-100.1,-20.0,0.686,2.18,18.0,0.269,0.867,0.546,11.458,11.5,0.447,0.508,1.0,0.982,19.1,95.5,79.58,96.0,0.45,L,0
0022101078,1610612760,Oklahoma City,Thunder,OKC,thunder,240:00,621.2,124.2,660.0,132.0,-38.8,-7.8,0.479,2.09,17.4,0.224,0.767,0.478,11.111,11.1,0.608,0.62,1.0,1.0,19.9,99.5,82.92,99.0,0.443,L,0
0022101078,1610612738,Boston,Celtics,BOS,celtics,240:00,660.0,132.0,621.2,124.2,38.8,7.8,0.5,2.44,16.7,0.233,0.776,0.522,9.0,9.0,0.599,0.654,1.0,0.973,19.9,99.5,82.92,100.0,0.557,W,1
0022101071,1610612766,Charlotte,Hornets,CHA,hornets,240:00,557.9,111.6,542.1,108.4,15.8,3.2,0.85,2.0,25.2,0.175,0.647,0.44,17.895,17.9,0.589,0.619,1.0,0.99,19.0,95.0,79.17,95.0,0.53,W,1
0022101071,1610612740,New Orleans,Pelicans,NOP,pelicans,240:00,542.1,108.4,557.9,111.6,-15.8,-3.2,0.575,1.53,16.9,0.353,0.825,0.56,15.789,15.8,0.494,0.531,1.0,0.982,19.0,95.0,79.17,95.0,0.47,L,0
0022101075,1610612751,Brooklyn,Nets,BKN,nets,240:00,600.0,120.0,563.8,112.8,36.2,7.2,0.689,2.21,22.6,0.289,0.714,0.529,14.737,14.7,0.608,0.636,1.0,0.972,18.9,94.5,78.75,95.0,0.572,W,1
0022101075,1610612762,Utah,Jazz,UTA,jazz,240:00,563.8,112.8,600.0,120.0,-36.2,-7.2,0.486,1.29,14.3,0.286,0.711,0.471,14.894,14.9,0.53,0.572,1.0,0.981,18.9,94.5,78.75,94.0,0.428,L,0
0022101074,1610612755,Philadelphia,76ers,PHI,sixers,240:00,588.5,117.7,552.1,110.4,36.5,7.3,0.605,2.17,19.4,0.273,0.857,0.558,12.5,12.5,0.587,0.607,1.0,0.963,19.2,96.0,80.0,96.0,0.521,W,1
0022101074,1610612748,Miami,Heat,MIA,heat,240:00,552.1,110.4,588.5,117.7,-36.5,-7.3,0.605,1.92,18.4,0.143,0.727,0.442,12.5,12.5,0.538,0.597,1.0,0.98,19.2,96.0,80.0,96.0,0.479,L,0
0022101062,1610612754,Indiana,Pacers,IND,pacers,240:00,678.9,135.8,510.4,102.1,168.5,33.7,0.792,2.38,25.9,0.368,0.723,0.565,16.842,16.8,0.661,0.692,1.0,0.972,19.1,95.5,79.58,95.0,0.652,W,1
0022101062,1610612757,Portland,Trail Blazers,POR,blazers,240:00,510.4,102.1,678.9,135.8,-168.5,-33.7,0.605,1.28,17.4,0.277,0.632,0.435,18.75,18.8,0.525,0.551,1.0,0.954,19.1,95.5,79.58,96.0,0.348,L,0
0022101068,1610612743,Denver,Nuggets,DEN,nuggets,240:00,565.2,113.0,681.3,136.3,-116.1,-23.2,0.629,2.0,16.7,0.333,0.829,0.528,11.957,12.0,0.483,0.531,1.0,0.973,18.3,91.5,76.25,92.0,0.383,L,0
0022101068,1610612738,Boston,Celtics,BOS,celtics,240:00,681.3,136.3,565.2,113.0,116.1,23.2,0.617,3.22,23.0,0.171,0.667,0.472,9.89,9.9,0.689,0.714,1.0,0.979,18.3,91.5,76.25,91.0,0.617,W,1
0022101069,1610612755,Philadelphia,76ers,PHI,sixers,240:00,473.1,94.6,505.4,101.1,-32.3,-6.5,0.7,2.1,17.4,0.152,0.639,0.43,10.753,10.8,0.459,0.516,1.0,0.96,18.5,92.5,77.08,93.0,0.503,L,0
0022101069,1610612761,Toronto,Raptors,TOR,raptors,240:00,505.4,101.1,473.1,94.6,32.3,6.5,0.457,1.78,12.3,0.361,0.848,0.57,9.783,9.8,0.414,0.451,1.0,0.974,18.5,92.5,77.08,92.0,0.497,W,1
0022101066,1610612758,Sacramento,Kings,SAC,kings,265:00,553.6,110.7,561.9,112.4,-8.4,-1.7,0.692,1.8,18.1,0.208,0.75,0.465,13.393,13.4,0.516,0.58,1.0,0.992,20.38,101.89,84.91,112.0,0.486,L,0
0022101066,1610612756,Phoenix,Suns,PHX,suns,265:00,561.9,112.4,553.6,110.7,8.4,1.7,0.543,1.39,16.7,0.25,0.792,0.535,15.929,15.9,0.565,0.611,1.0,0.968,20.38,101.89,84.91,113.0,0.514,W,1
0022101065,1610612753,Orlando,Magic,ORL,magic,240:00,450.0,90.0,425.0,85.0,25.0,5.0,0.688,1.05,15.8,0.321,0.727,0.546,21.0,21.0,0.428,0.481,1.0,0.983,20.0,100.0,83.33,100.0,0.614,W,1
0022101065,1610612760,Oklahoma City,Thunder,OKC,thunder,240:00,425.0,85.0,450.0,90.0,-25.0,-5.0,0.633,1.19,14.0,0.273,0.679,0.454,16.0,16.0,0.397,0.425,1.0,0.991,20.0,100.0,83.33,100.0,0.386,L,0
0022101067,1610612752,New York,Knicks,NYK,knicks,240:00,511.0,102.2,606.7,121.3,-95.8,-19.2,0.645,1.82,16.0,0.273,0.732,0.469,12.088,12.1,0.47,0.504,1.0,0.971,18.0,90.0,75.0,91.0,0.376,L,0
0022101067,1610612762,Utah,Jazz,UTA,jazz,240:00,606.7,121.3,511.0,102.2,95.8,19.2,0.471,1.33,13.8,0.268,0.727,0.531,13.483,13.5,0.574,0.622,1.0,0.99,18.0,90.0,75.0,89.0,0.624,W,1
0022101063,1610612745,Houston,Rockets,HOU,rockets,240:00,453.7,90.7,570.1,114.0,-116.4,-23.3,0.703,1.53,18.4,0.13,0.788,0.453,15.741,15.7,0.488,0.507,1.0,0.974,21.5,107.5,89.58,108.0,0.403,L,0
0022101063,1610612763,Memphis,Grizzlies,MEM,grizzlies,240:00,570.1,114.0,453.7,90.7,116.4,23.3,0.565,1.86,18.1,0.212,0.87,0.547,13.084,13.1,0.563,0.589,1.0,0.983,21.5,107.5,89.58,107.0,0.597,W,1
0022101064,1610612737,Atlanta,Hawks,ATL,hawks,240:00,528.3,105.7,551.9,110.4,-23.6,-4.7,0.537,1.38,15.9,0.208,0.642,0.436,15.094,15.1,0.529,0.577,1.0,0.983,21.2,106.0,88.33,106.0,0.477,L,0
0022101064,1610612740,New Orleans,Pelicans,NOP,pelicans,240:00,551.9,110.4,528.3,105.7,23.6,4.7,0.512,1.38,15.0,0.358,0.792,0.564,15.094,15.1,0.484,0.542,1.0,0.976,21.2,106.0,88.33,106.0,0.523,W,1
0022101070,1610612744,Golden State,Warriors,GSW,warriors,240:00,562.5,112.5,578.9,115.8,-16.4,-3.3,0.634,1.73,18.1,0.423,0.629,0.535,15.625,15.6,0.517,0.544,1.0,0.975,19.1,95.5,79.58,96.0,0.536,L,0
0022101070,1610612759,San Antonio,Spurs,SAS,spurs,240:00,578.9,115.8,562.5,112.5,16.4,3.3,0.658,2.27,17.5,0.371,0.577,0.465,11.579,11.6,0.464,0.505,1.0,0.983,19.1,95.5,79.58,95.0,0.464,W,1
0022101058,1610612750,Minnesota,Timberwolves,MIN,timberwolves,240:00,650.9,130.2,566.7,113.3,84.3,16.9,0.638,2.73,20.5,0.208,0.704,0.471,10.377,10.4,0.63,0.667,1.0,0.974,21.1,105.5,87.92,106.0,0.566,W,1
0022101058,1610612749,Milwaukee,Bucks,MIL,bucks,240:00,566.7,113.3,650.9,130.2,-84.3,-16.9,0.628,1.93,18.2,0.296,0.792,0.529,13.333,13.3,0.541,0.569,1.0,0.983,21.1,105.5,87.92,105.0,0.434,L,0
0022101059,1610612766,Charlotte,Hornets,CHA,hornets,240:00,658.2,131.6,556.7,111.3,101.5,20.3,0.75,3.67,23.1,0.277,0.698,0.5,9.184,9.2,0.614,0.646,1.0,0.991,19.5,97.5,81.25,98.0,0.648,W,1
0022101059,1610612742,Dallas,Mavericks,DAL,mavericks,240:00,556.7,111.3,658.2,131.6,-101.5,-20.3,0.462,1.2,13.8,0.302,0.723,0.5,15.464,15.5,0.517,0.552,1.0,0.982,19.5,97.5,81.25,97.0,0.352,L,0
0022101061,1610612764,Washington,Wizards,WAS,wizards,240:00,641.4,128.3,595.0,119.0,46.4,9.3,0.682,3.75,21.7,0.209,0.705,0.46,8.081,8.1,0.594,0.644,1.0,0.981,19.9,99.5,82.92,99.0,0.566,W,1
0022101061,1610612747,Los Angeles,Lakers,LAL,lakers,240:00,595.0,119.0,641.4,128.3,-46.4,-9.3,0.521,1.67,18.1,0.295,0.791,0.54,15.0,15.0,0.599,0.621,1.0,0.947,19.9,99.5,82.92,100.0,0.434,L,0
0022101060,1610612739,Cleveland,Cavaliers,CLE,cavaliers,240:00,576.5,115.3,561.9,112.4,14.7,2.9,0.622,1.75,19.7,0.391,0.717,0.554,16.327,16.3,0.568,0.576,1.0,0.974,19.5,97.5,81.25,98.0,0.531,W,1
0022101060,1610612765,Detroit,Pistons,DET,pistons,240:00,561.9,112.4,576.5,115.3,-14.7,-2.9,0.561,1.44,17.3,0.283,0.609,0.446,16.495,16.5,0.559,0.584,1.0,0.982,19.5,97.5,81.25,97.0,0.469,L,0
0022101055,1610612762,Utah,Jazz,UTA,jazz,240:00,611.1,122.2,460.0,92.0,151.1,30.2,0.638,2.5,20.7,0.314,0.804,0.57,12.121,12.1,0.567,0.586,1.0,0.991,19.9,99.5,82.92,99.0,0.604,W,1
0022101055,1610612746,LA,Clippers,LAC,clippers,240:00,460.0,92.0,611.1,122.2,-151.1,-30.2,0.742,1.92,17.3,0.196,0.686,0.43,12.0,12.0,0.424,0.483,1.0,0.982,19.9,99.5,82.92,100.0,0.396,L,0
0022101047,1610612737,Atlanta,Hawks,ATL,hawks,240:00,606.1,121.2,535.7,107.1,70.3,14.1,0.622,2.8,20.0,0.271,0.68,0.48,10.101,10.1,0.566,0.599,1.0,0.964,19.7,98.5,82.08,99.0,0.577,W,1
0022101047,1610612763,Memphis,Grizzlies,MEM,grizzlies,240:00,535.7,107.1,606.1,121.2,-70.3,-14.1,0.45,1.06,13.6,0.32,0.729,0.52,17.347,17.3,0.512,0.546,1.0,0.982,19.7,98.5,82.08,98.0,0.423,L,0
0022101050,1610612752,New York,Knicks,NYK,knicks,240:00,515.5,103.1,494.9,99.0,20.6,4.1,0.581,1.38,13.0,0.377,0.875,0.596,13.402,13.4,0.4,0.472,1.0,0.983,19.5,97.5,81.25,97.0,0.539,W,1
0022101050,1610612764,Washington,Wizards,WAS,wizards,240:00,494.9,99.0,515.5,103.1,-20.6,-4.1,0.559,1.46,15.6,0.125,0.623,0.404,13.265,13.3,0.513,0.55,1.0,0.99,19.5,97.5,81.25,98.0,0.461,L,0
0022101053,1610612745,Houston,Rockets,HOU,rockets,240:00,578.4,115.7,581.7,116.3,-3.3,-0.7,0.615,1.5,17.9,0.2,0.644,0.465,15.686,15.7,0.57,0.634,1.0,0.991,20.6,103.0,85.83,102.0,0.541,L,0
0022101053,1610612754,Indiana,Pacers,IND,pacers,240:00,581.7,116.3,578.4,115.7,3.3,0.7,0.617,2.23,19.1,0.356,0.8,0.535,12.5,12.5,0.535,0.553,1.0,0.984,20.6,103.0,85.83,104.0,0.459,W,1
0022101052,1610612748,Miami,Heat,MIA,heat,240:00,631.6,126.3,574.5,114.9,57.1,11.4,0.543,4.17,18.7,0.28,0.745,0.505,6.316,6.3,0.579,0.598,1.0,0.972,18.9,94.5,78.75,95.0,0.524,W,1
0022101052,1610612760,Oklahoma City,Thunder,OKC,thunder,240:00,574.5,114.9,631.6,126.3,-57.1,-11.4,0.475,1.58,15.2,0.255,0.72,0.495,12.766,12.8,0.536,0.574,1.0,0.972,18.9,94.5,78.75,94.0,0.476,L,0
0022101057,1610612758,Sacramento,Kings,SAC,kings,240:00,505.2,101.0,656.3,131.3,-151.0,-30.2,0.697,1.44,18.0,0.208,0.769,0.46,16.667,16.7,0.5,0.542,1.0,1.0,19.2,96.0,80.0,96.0,0.372,L,0
0022101057,1610612738,Boston,Celtics,BOS,celtics,240:00,656.3,131.3,505.2,101.0,151.0,30.2,0.717,2.54,24.1,0.231,0.792,0.54,13.542,13.5,0.695,0.704,1.0,0.99,19.2,96.0,80.0,96.0,0.628,W,1
0022101056,1610612756,Phoenix,Suns,PHX,suns,240:00,658.2,131.6,515.2,103.0,143.0,28.6,0.489,1.77,17.3,0.316,0.722,0.554,13.265,13.3,0.625,0.676,1.0,0.973,19.7,98.5,82.08,98.0,0.641,W,1
0022101056,1610612741,Chicago,Bulls,CHI,bulls,240:00,515.2,103.0,658.2,131.6,-143.0,-28.6,0.571,1.82,14.9,0.278,0.684,0.446,11.111,11.1,0.453,0.517,1.0,0.974,19.7,98.5,82.08,99.0,0.359,L,0
0022101049,1610612739,Cleveland,Cavaliers,CLE,cavaliers,265:00,572.1,114.4,557.7,111.5,14.4,2.9,0.705,2.82,20.4,0.31,0.673,0.477,10.577,10.6,0.52,0.544,1.0,0.992,18.84,94.19,78.49,104.0,0.501,W,1
0022101049,1610612743,Denver,Nuggets,DEN,nuggets,265:00,557.7,111.5,572.1,114.4,-14.4,-2.9,0.761,1.84,22.6,0.327,0.69,0.523,18.269,18.3,0.554,0.58,1.0,0.983,18.84,94.19,78.49,104.0,0.499,L,0
0022101048,1610612751,Brooklyn,Nets,BKN,nets,240:00,646.5,129.3,615.0,123.0,31.5,6.3,0.533,1.14,17.5,0.4,0.63,0.539,21.212,21.2,0.649,0.699,1.0,0.991,19.9,99.5,82.92,99.0,0.548,W,1
0022101048,1610612757,Portland,Trail Blazers,POR,blazers,240:00,615.0,123.0,646.5,129.3,-31.5,-6.3,0.604,2.07,19.6,0.37,0.6,0.461,14.0,14.0,0.568,0.577,1.0,0.983,19.9,99.5,82.92,100.0,0.452,L,0
0022101046,1610612755,Philadelphia,76ers,PHI,sixers,240:00,596.8,119.4,548.9,109.8,47.9,9.6,0.622,1.92,18.5,0.231,0.766,0.523,12.903,12.9,0.6,0.652,1.0,0.96,18.5,92.5,77.08,93.0,0.561,W,1
0022101046,1610612742,Dallas,Mavericks,DAL,mavericks,240:00,548.9,109.8,596.8,119.4,-47.9,-9.6,0.568,1.75,16.9,0.234,0.769,0.477,13.043,13.0,0.538,0.566,1.0,0.981,18.5,92.5,77.08,92.0,0.439,L,0
0022101054,1610612759,San Antonio,Spurs,SAS,spurs,240:00,450.5,90.1,613.9,122.8,-163.4,-32.7,0.688,1.38,16.3,0.233,0.7,0.445,15.842,15.8,0.421,0.465,1.0,1.0,20.2,101.0,84.17,101.0,0.338,L,0
0022101054,1610612740,New Orleans,Pelicans,NOP,pelicans,240:00,613.9,122.8,450.5,90.1,163.4,32.7,0.5,2.4,17.1,0.3,0.767,0.555,9.901,9.9,0.573,0.597,1.0,0.974,20.2,101.0,84.17,101.0,0.662,W,1
0022101051,1610612761,Toronto,Raptors,TOR,raptors,265:00,602.9,120.6,627.5,125.5,-24.5,-4.9,0.51,2.08,17.2,0.353,0.642,0.5,11.765,11.8,0.567,0.581,1.0,0.975,18.48,92.38,76.98,102.0,0.481,L,0
0022101051,1610612747,Los Angeles,Lakers,LAL,lakers,265:00,627.5,125.5,602.9,120.6,24.5,4.9,0.702,2.36,21.4,0.358,0.647,0.5,13.725,13.7,0.589,0.608,1.0,0.975,18.48,92.38,76.98,102.0,0.519,W,1
0022101045,1610612753,Orlando,Magic,ORL,magic,240:00,576.9,115.4,650.5,130.1,-73.6,-14.7,0.511,1.71,16.7,0.333,0.717,0.523,13.462,13.5,0.541,0.565,1.0,0.992,20.7,103.5,86.25,104.0,0.425,L,0
0022101045,1610612765,Detroit,Pistons,DET,pistons,240:00,650.5,130.1,576.9,115.4,73.6,14.7,0.723,3.78,22.5,0.283,0.667,0.477,8.738,8.7,0.606,0.622,1.0,0.983,20.7,103.5,86.25,103.0,0.575,W,1
0022101043,1610612758,Sacramento,Kings,SAC,kings,240:00,578.0,115.6,613.6,122.7,-35.7,-7.1,0.587,1.8,18.6,0.176,0.787,0.469,13.761,13.8,0.574,0.61,1.0,0.992,21.9,109.5,91.25,109.0,0.464,L,0
0022101043,1610612749,Milwaukee,Bucks,MIL,bucks,240:00,613.6,122.7,578.0,115.6,35.7,7.1,0.447,1.62,14.9,0.213,0.824,0.531,11.818,11.8,0.629,0.655,1.0,0.958,21.9,109.5,91.25,110.0,0.536,W,1
0022101044,1610612746,LA,Clippers,LAC,clippers,240:00,568.2,113.6,572.2,114.4,-4.0,-0.8,0.711,1.93,21.6,0.244,0.633,0.456,15.909,15.9,0.558,0.591,1.0,1.0,17.8,89.0,74.17,88.0,0.538,L,0
0022101044,1610612761,Toronto,Raptors,TOR,raptors,240:00,572.2,114.4,568.2,113.6,4.0,0.8,0.368,1.27,11.5,0.367,0.756,0.544,12.222,12.2,0.524,0.558,1.0,0.963,17.8,89.0,74.17,90.0,0.462,W,1
0022101036,1610612751,Brooklyn,Nets,BKN,nets,240:00,630.7,126.1,634.8,127.0,-4.1,-0.8,0.622,2.55,20.6,0.408,0.643,0.516,12.5,12.5,0.544,0.569,1.0,0.991,17.7,88.5,73.75,88.0,0.485,L,0
0022101036,1610612742,Dallas,Mavericks,DAL,mavericks,240:00,634.8,127.0,630.7,126.1,4.1,0.8,0.512,1.91,16.8,0.357,0.592,0.484,12.36,12.4,0.566,0.618,1.0,0.962,17.7,88.5,73.75,89.0,0.515,W,1
0022101039,1610612750,Minnesota,Timberwolves,MIN,timberwolves,240:00,613.9,122.8,520.0,104.0,93.9,18.8,0.55,1.29,15.4,0.431,0.696,0.57,16.832,16.8,0.539,0.598,1.0,0.983,20.1,100.5,83.75,101.0,0.61,W,1
0022101039,1610612747,Los Angeles,Lakers,LAL,lakers,240:00,520.0,104.0,613.9,122.8,-93.9,-18.8,0.59,1.64,16.4,0.304,0.569,0.43,14.0,14.0,0.473,0.504,1.0,1.0,20.1,100.5,83.75,100.0,0.39,L,0
0022101040,1610612759,San Antonio,Spurs,SAS,spurs,240:00,604.0,120.8,588.2,117.6,15.7,3.1,0.721,2.58,20.7,0.339,0.717,0.51,11.881,11.9,0.536,0.571,1.0,1.0,20.3,101.5,84.58,101.0,0.507,W,1
0022101040,1610612760,Oklahoma City,Thunder,OKC,thunder,240:00,588.2,117.6,604.0,120.8,-15.7,-3.1,0.558,1.26,17.4,0.283,0.661,0.49,18.627,18.6,0.604,0.633,1.0,0.974,20.3,101.5,84.58,102.0,0.493,L,0
0022101042,1610612744,Golden State,Warriors,GSW,warriors,240:00,478.3,95.7,591.4,118.3,-113.1,-22.6,0.594,2.38,15.7,0.179,0.804,0.461,8.696,8.7,0.436,0.473,1.0,0.98,18.5,92.5,77.08,92.0,0.359,L,0
0022101042,1610612738,Boston,Celtics,BOS,celtics,240:00,591.4,118.3,478.3,95.7,113.1,22.6,0.605,2.3,18.4,0.196,0.821,0.539,10.753,10.8,0.562,0.607,1.0,0.971,18.5,92.5,77.08,93.0,0.641,W,1
0022101038,1610612745,Houston,Rockets,HOU,rockets,240:00,583.3,116.7,671.9,134.4,-88.5,-17.7,0.619,2.17,19.5,0.224,0.605,0.402,12.5,12.5,0.588,0.6,1.0,0.972,19.2,96.0,80.0,96.0,0.428,L,0
0022101038,1610612756,Phoenix,Suns,PHX,suns,240:00,671.9,134.4,583.3,116.7,88.5,17.7,0.604,2.91,22.1,0.395,0.776,0.598,11.458,11.5,0.626,0.64,1.0,0.982,19.2,96.0,80.0,96.0,0.572,W,1
0022101037,1610612752,New York,Knicks,NYK,knicks,240:00,646.5,129.3,500.0,100.0,146.5,29.3,0.775,2.82,21.7,0.295,0.782,0.566,11.111,11.1,0.6,0.659,1.0,0.964,19.7,98.5,82.08,99.0,0.699,W,1
0022101037,1610612757,Portland,Trail Blazers,POR,blazers,240:00,500.0,100.0,646.5,129.3,-146.5,-29.3,0.65,2.17,19.1,0.218,0.705,0.434,12.245,12.2,0.5,0.504,1.0,0.982,19.7,98.5,82.08,98.0,0.301,L,0
0022101035,1610612764,Washington,Wizards,WAS,wizards,240:00,539.6,107.9,635.0,127.0,-95.4,-19.1,0.634,2.36,18.4,0.3,0.795,0.532,10.891,10.9,0.5,0.542,1.0,0.974,20.1,100.5,83.75,101.0,0.458,L,0
0022101035,1610612743,Denver,Nuggets,DEN,nuggets,240:00,635.0,127.0,539.6,107.9,95.4,19.1,0.652,3.0,21.6,0.205,0.7,0.468,10.0,10.0,0.594,0.64,1.0,0.982,20.1,100.5,83.75,100.0,0.542,W,1
0022101041,1610612762,Utah,Jazz,UTA,jazz,240:00,618.8,123.8,534.0,106.8,84.8,17.0,0.476,1.18,15.2,0.256,0.78,0.538,16.832,16.8,0.62,0.653,1.0,0.991,20.4,102.0,85.0,101.0,0.544,W,1
0022101041,1610612741,Chicago,Bulls,CHI,bulls,240:00,534.0,106.8,618.8,123.8,-84.8,-17.0,0.651,2.33,19.7,0.22,0.744,0.462,11.65,11.7,0.538,0.558,1.0,0.965,20.4,102.0,85.0,103.0,0.456,L,0
0022101034,1610612739,Cleveland,Cavaliers,CLE,cavaliers,240:00,612.9,122.6,627.7,125.5,-14.8,-3.0,0.641,2.78,19.5,0.227,0.78,0.494,9.677,9.7,0.544,0.606,1.0,0.99,18.7,93.5,77.92,93.0,0.515,L,0
0022101034,1610612755,Philadelphia,76ers,PHI,sixers,240:00,627.7,125.5,612.9,122.6,14.8,3.0,0.585,2.18,19.0,0.22,0.773,0.506,11.702,11.7,0.595,0.646,1.0,1.0,18.7,93.5,77.92,94.0,0.485,W,1
0022101033,1610612766,Charlotte,Hornets,CHA,hornets,240:00,610.5,122.1,563.8,112.8,46.7,9.3,0.698,3.33,22.1,0.277,0.642,0.47,9.474,9.5,0.557,0.597,1.0,0.991,18.9,94.5,78.75,95.0,0.578,W,1
0022101033,1610612737,Atlanta,Hawks,ATL,hawks,240:00,563.8,112.8,610.5,122.1,-46.7,-9.3,0.7,2.15,19.9,0.358,0.723,0.53,13.83,13.8,0.5,0.534,1.0,0.982,18.9,94.5,78.75,94.0,0.422,L,0
0022101030,1610612753,Orlando,Magic,ORL,magic,240:00,509.4,101.9,721.2,144.2,-211.7,-42.3,0.694,2.08,17.0,0.279,0.718,0.45,11.321,11.3,0.458,0.505,1.0,0.975,21.0,105.0,87.5,106.0,0.289,L,0
0022101030,1610612751,Brooklyn,Nets,BKN,nets,240:00,721.2,144.2,509.4,101.9,211.7,42.3,0.66,2.69,23.3,0.282,0.721,0.55,12.5,12.5,0.693,0.728,1.0,0.991,21.0,105.0,87.5,104.0,0.711,W,1
0022101031,1610612748,Miami,Heat,MIA,heat,240:00,546.9,109.4,510.4,102.1,36.5,7.3,0.69,1.54,16.0,0.2,0.809,0.511,13.542,13.5,0.486,0.589,1.0,0.962,19.2,96.0,80.0,96.0,0.546,W,1
0022101031,1610612765,Detroit,Pistons,DET,pistons,240:00,510.4,102.1,546.9,109.4,-36.5,-7.3,0.622,1.77,18.0,0.191,0.8,0.489,13.542,13.5,0.525,0.546,1.0,0.971,19.2,96.0,80.0,96.0,0.454,L,0
0022101029,1610612754,Indiana,Pacers,IND,pacers,240:00,490.4,98.1,642.9,128.6,-152.5,-30.5,0.561,1.21,15.4,0.397,0.649,0.522,18.269,18.3,0.449,0.48,1.0,0.992,20.9,104.5,87.08,104.0,0.322,L,0
0022101029,1610612763,Memphis,Grizzlies,MEM,grizzlies,240:00,642.9,128.6,490.4,98.1,152.5,30.5,0.704,3.8,23.5,0.351,0.603,0.478,9.524,9.5,0.586,0.593,1.0,0.984,20.9,104.5,87.08,105.0,0.678,W,1
0022101032,1610612740,New Orleans,Pelicans,NOP,pelicans,240:00,575.0,115.0,668.4,133.7,-93.4,-18.7,0.674,1.71,19.9,0.37,0.829,0.586,17.0,17.0,0.57,0.595,1.0,0.966,19.8,99.0,82.5,100.0,0.439,L,0
0022101032,1610612756,Phoenix,Suns,PHX,suns,240:00,668.4,133.7,575.0,115.0,93.4,18.7,0.714,3.89,25.0,0.171,0.63,0.414,9.184,9.2,0.644,0.678,1.0,0.99,19.8,99.0,82.5,98.0,0.561,W,1
0022101020,1610612739,Cleveland,Cavaliers,CLE,cavaliers,265:00,606.1,121.2,566.3,113.3,39.7,7.9,0.683,2.33,19.6,0.347,0.672,0.523,12.121,12.1,0.564,0.6,1.0,0.974,17.84,89.21,74.34,99.0,0.556,W,1
0022101020,1610612746,LA,Clippers,LAC,clippers,265:00,566.3,113.3,606.1,121.2,-39.7,-7.9,0.674,2.64,20.1,0.328,0.653,0.477,11.224,11.2,0.5,0.526,1.0,1.0,17.84,89.21,74.34,98.0,0.444,L,0
0022101023,1610612760,Oklahoma City,Thunder,OKC,thunder,240:00,585.9,117.2,683.7,136.7,-97.8,-19.6,0.738,1.72,21.1,0.367,0.818,0.581,18.182,18.2,0.556,0.59,1.0,1.0,19.7,98.5,82.08,99.0,0.424,L,0
0022101023,1610612766,Charlotte,Hornets,CHA,hornets,240:00,683.7,136.7,585.9,117.2,97.8,19.6,0.673,5.5,23.7,0.182,0.633,0.419,6.122,6.1,0.648,0.668,1.0,0.991,19.7,98.5,82.08,98.0,0.576,W,1
0022101028,1610612747,Los Angeles,Lakers,LAL,lakers,240:00,500.0,100.0,548.1,109.6,-48.1,-9.6,0.588,1.54,15.0,0.175,0.629,0.412,12.621,12.6,0.466,0.516,1.0,0.991,20.7,103.5,86.25,103.0,0.407,L,0
0022101028,1610612761,Toronto,Raptors,TOR,raptors,240:00,548.1,109.6,500.0,100.0,48.1,9.6,0.615,1.85,15.9,0.371,0.825,0.588,12.5,12.5,0.458,0.51,1.0,0.969,20.7,103.5,86.25,104.0,0.593,W,1
0022101027,1610612762,Utah,Jazz,UTA,jazz,240:00,549.5,109.9,573.5,114.7,-24.0,-4.8,0.568,1.5,15.1,0.31,0.75,0.509,13.861,13.9,0.489,0.536,1.0,0.992,20.3,101.5,84.58,101.0,0.439,L,0
0022101027,1610612749,Milwaukee,Bucks,MIL,bucks,240:00,573.5,114.7,549.5,109.9,24.0,4.8,0.525,1.5,15.7,0.25,0.69,0.491,13.725,13.7,0.535,0.592,1.0,0.965,20.3,101.5,84.58,102.0,0.561,W,1
0022101024,1610612759,San Antonio,Spurs,SAS,spurs,240:00,620.5,124.1,665.2,133.0,-44.6,-8.9,0.635,2.2,21.0,0.283,0.718,0.482,13.393,13.4,0.603,0.641,1.0,0.992,22.4,112.0,93.33,112.0,0.465,L,0
0022101024,1610612750,Minnesota,Timberwolves,MIN,timberwolves,240:00,665.2,133.0,620.5,124.1,44.6,8.9,0.538,1.75,18.5,0.282,0.717,0.518,14.286,14.3,0.672,0.716,1.0,0.976,22.4,112.0,93.33,112.0,0.535,W,1
0022101021,1610612737,Atlanta,Hawks,ATL,hawks,240:00,575.5,115.1,538.1,107.6,37.4,7.5,0.7,7.0,17.7,0.343,0.708,0.492,3.774,3.8,0.422,0.496,1.0,0.969,21.1,105.5,87.92,106.0,0.536,W,1
0022101021,1610612757,Portland,Trail Blazers,POR,blazers,240:00,538.1,107.6,575.5,115.1,-37.4,-7.5,0.568,1.19,17.4,0.292,0.657,0.508,20.0,20.0,0.557,0.581,1.0,0.975,21.1,105.5,87.92,105.0,0.464,L,0
0022101025,1610612744,Golden State,Warriors,GSW,warriors,240:00,623.8,124.8,560.0,112.0,63.8,12.8,0.578,2.0,19.3,0.195,0.886,0.553,12.871,12.9,0.643,0.673,1.0,0.972,20.1,100.5,83.75,101.0,0.543,W,1
0022101025,1610612764,Washington,Wizards,WAS,wizards,240:00,560.0,112.0,623.8,124.8,-63.8,-12.8,0.667,2.33,21.1,0.114,0.805,0.447,12.0,12.0,0.573,0.608,1.0,0.99,20.1,100.5,83.75,100.0,0.457,L,0
0022101022,1610612755,Philadelphia,76ers,PHI,sixers,240:00,550.0,110.0,570.0,114.0,-20.0,-4.0,0.694,1.92,18.1,0.265,0.86,0.543,13.0,13.0,0.5,0.561,1.0,0.982,20.0,100.0,83.33,100.0,0.491,L,0
0022101022,1610612743,Denver,Nuggets,DEN,nuggets,240:00,570.0,114.0,550.0,110.0,20.0,4.0,0.659,2.07,21.5,0.14,0.735,0.457,14.0,14.0,0.616,0.628,1.0,0.991,20.0,100.0,83.33,100.0,0.509,W,1
0022101026,1610612758,Sacramento,Kings,SAC,kings,240:00,554.5,110.9,509.9,102.0,44.6,8.9,0.641,1.56,18.1,0.273,0.731,0.521,15.842,15.8,0.537,0.599,1.0,0.973,20.2,101.0,84.17,101.0,0.574,W,1
0022101026,1610612741,Chicago,Bulls,CHI,bulls,240:00,509.9,102.0,554.5,110.9,-44.6,-8.9,0.611,1.47,16.2,0.269,0.727,0.479,14.851,14.9,0.466,0.527,1.0,0.974,20.2,101.0,84.17,101.0,0.426,L,0
0022101012,1610612751,Brooklyn,Nets,BKN,nets,240:00,561.2,112.2,557.3,111.5,3.9,0.8,0.682,2.14,20.8,0.367,0.682,0.516,14.286,14.3,0.528,0.557,1.0,0.965,19.4,97.0,80.83,98.0,0.519,W,1
0022101012,1610612752,New York,Knicks,NYK,knicks,240:00,557.3,111.5,561.2,112.2,-3.9,-0.8,0.692,1.59,19.7,0.318,0.633,0.484,17.708,17.7,0.536,0.58,1.0,0.982,19.4,97.0,80.83,96.0,0.481,L,0
0022101016,1610612737,Atlanta,Hawks,ATL,hawks,240:00,648.5,129.7,646.5,129.3,2.1,0.4,0.587,2.25,19.7,0.231,0.63,0.447,11.881,11.9,0.649,0.693,1.0,0.955,20.0,100.0,83.33,101.0,0.532,W,1
0022101016,1610612754,Indiana,Pacers,IND,pacers,240:00,646.5,129.3,648.5,129.7,-2.1,-0.4,0.5,1.53,16.5,0.37,0.769,0.553,15.152,15.2,0.601,0.637,1.0,1.0,20.0,100.0,83.33,99.0,0.468,L,0
0022101018,1610612760,Oklahoma City,Thunder,OKC,thunder,240:00,578.4,115.7,612.7,122.5,-34.3,-6.9,0.61,2.27,17.1,0.333,0.564,0.446,10.784,10.8,0.49,0.54,1.0,0.992,20.4,102.0,85.0,102.0,0.442,L,0
0022101018,1610612763,Memphis,Grizzlies,MEM,grizzlies,240:00,612.7,122.5,578.4,115.7,34.3,6.9,0.625,2.31,19.4,0.436,0.667,0.554,12.745,12.7,0.525,0.564,1.0,0.992,20.4,102.0,85.0,102.0,0.558,W,1
0022101014,1610612738,Boston,Celtics,BOS,celtics,240:00,489.4,97.9,510.8,102.2,-21.4,-4.3,0.485,1.45,12.7,0.286,0.814,0.515,11.702,11.7,0.426,0.477,1.0,0.973,18.7,93.5,77.92,94.0,0.477,L,0
0022101014,1610612742,Dallas,Mavericks,DAL,mavericks,240:00,510.8,102.2,489.4,97.9,21.4,4.3,0.606,1.11,16.5,0.186,0.714,0.485,19.355,19.4,0.547,0.577,1.0,0.98,18.7,93.5,77.92,93.0,0.523,W,1
0022101015,1610612753,Orlando,Magic,ORL,magic,265:00,542.9,108.6,557.7,111.5,-14.8,-3.0,0.683,2.33,19.6,0.25,0.776,0.527,11.429,11.4,0.549,0.571,1.0,0.974,18.93,94.64,78.87,105.0,0.512,L,0
0022101015,1610612755,Philadelphia,76ers,PHI,sixers,265:00,557.7,111.5,542.9,108.6,14.8,3.0,0.6,2.63,15.2,0.224,0.75,0.473,7.692,7.7,0.457,0.536,1.0,0.991,18.93,94.64,78.87,104.0,0.488,W,1
0022101017,1610612740,New Orleans,Pelicans,NOP,pelicans,240:00,631.1,126.2,509.7,101.9,121.4,24.3,0.625,2.73,20.0,0.347,0.762,0.538,10.68,10.7,0.57,0.602,1.0,0.975,20.6,103.0,85.83,103.0,0.653,W,1
0022101017,1610612745,Houston,Rockets,HOU,rockets,240:00,509.7,101.9,631.1,126.2,-121.4,-24.3,0.615,0.96,17.5,0.238,0.653,0.462,24.272,24.3,0.584,0.597,1.0,0.982,20.6,103.0,85.83,103.0,0.348,L,0
0022101019,1610612756,Phoenix,Suns,PHX,suns,240:00,679.6,135.9,528.6,105.7,151.0,30.2,0.621,3.27,23.5,0.304,0.755,0.537,10.68,10.7,0.627,0.647,1.0,0.983,20.8,104.0,86.67,103.0,0.637,W,1
0022101019,1610612747,Los Angeles,Lakers,LAL,lakers,240:00,528.6,105.7,679.6,135.9,-151.0,-30.2,0.667,1.26,17.1,0.245,0.696,0.463,18.095,18.1,0.543,0.586,1.0,0.974,20.8,104.0,86.67,105.0,0.363,L,0
0022101013,1610612765,Detroit,Pistons,DET,pistons,240:00,560.4,112.1,582.4,116.5,-22.0,-4.4,0.639,2.3,18.5,0.222,0.712,0.485,10.989,11.0,0.525,0.574,1.0,0.98,18.2,91.0,75.83,91.0,0.48,L,0
0022101013,1610612746,LA,Clippers,LAC,clippers,240:00,582.4,116.5,560.4,112.1,22.0,4.4,0.625,4.17,19.1,0.288,0.778,0.515,6.593,6.6,0.506,0.542,1.0,0.981,18.2,91.0,75.83,91.0,0.52,W,1
0022101008,1610612744,Golden State,Warriors,GSW,warriors,240:00,628.9,125.8,561.9,112.4,67.0,13.4,0.733,2.75,22.4,0.347,0.797,0.593,12.371,12.4,0.581,0.612,1.0,0.965,19.4,97.0,80.83,97.0,0.571,W,1
0022101008,1610612749,Milwaukee,Bucks,MIL,bucks,240:00,561.9,112.4,628.9,125.8,-67.0,-13.4,0.711,5.4,19.9,0.203,0.653,0.407,5.155,5.2,0.505,0.534,1.0,0.972,19.4,97.0,80.83,97.0,0.429,L,0
0022101006,1610612741,Chicago,Bulls,CHI,bulls,240:00,526.0,105.2,464.3,92.9,61.8,12.4,0.513,1.43,15.7,0.245,0.769,0.515,14.583,14.6,0.494,0.534,1.0,0.981,19.4,97.0,80.83,96.0,0.575,W,1
0022101006,1610612739,Cleveland,Cavaliers,CLE,cavaliers,240:00,464.3,92.9,526.0,105.2,-61.8,-12.4,0.528,1.36,14.7,0.231,0.755,0.485,14.286,14.3,0.448,0.487,1.0,0.964,19.4,97.0,80.83,98.0,0.425,L,0
0022101005,1610612748,Miami,Heat,MIA,heat,240:00,500.0,100.0,543.3,108.7,-43.3,-8.7,0.657,1.28,16.3,0.25,0.824,0.523,17.308,17.3,0.483,0.525,1.0,0.983,20.8,104.0,86.67,104.0,0.434,L,0
0022101005,1610612750,Minnesota,Timberwolves,MIN,timberwolves,240:00,543.3,108.7,500.0,100.0,43.3,8.7,0.6,1.4,15.7,0.176,0.75,0.477,14.423,14.4,0.512,0.582,1.0,0.973,20.8,104.0,86.67,104.0,0.566,W,1
0022101010,1610612762,Utah,Jazz,UTA,jazz,240:00,683.7,136.7,637.8,127.6,45.9,9.2,0.438,2.1,15.7,0.357,0.714,0.549,10.204,10.2,0.651,0.672,1.0,0.965,19.6,98.0,81.67,98.0,0.526,W,1
0022101010,1610612758,Sacramento,Kings,SAC,kings,240:00,637.8,127.6,683.7,136.7,-45.9,-9.2,0.574,3.86,19.4,0.286,0.643,0.451,7.143,7.1,0.569,0.605,1.0,0.982,19.6,98.0,81.67,98.0,0.474,L,0
0022101011,1610612757,Portland,Trail Blazers,POR,blazers,240:00,641.4,128.3,596.0,119.2,45.5,9.1,0.438,1.91,15.7,0.333,0.711,0.522,11.111,11.1,0.575,0.618,1.0,0.991,19.8,99.0,82.5,99.0,0.518,W,1
0022101011,1610612764,Washington,Wizards,WAS,wizards,240:00,596.0,119.2,641.4,128.3,-45.5,-9.1,0.667,1.73,19.0,0.289,0.667,0.478,15.152,15.2,0.554,0.622,1.0,0.982,19.8,99.0,82.5,99.0,0.482,L,0
0022101009,1610612743,Denver,Nuggets,DEN,nuggets,240:00,599.0,119.8,661.5,132.3,-62.5,-12.5,0.744,1.68,22.7,0.325,0.571,0.469,19.792,19.8,0.622,0.649,1.0,0.972,19.2,96.0,80.0,96.0,0.472,L,0
0022101009,1610612761,Toronto,Raptors,TOR,raptors,240:00,661.5,132.3,599.0,119.8,62.5,12.5,0.583,3.5,19.0,0.429,0.675,0.531,8.333,8.3,0.529,0.562,1.0,0.992,19.2,96.0,80.0,96.0,0.528,W,1
0022101007,1610612759,San Antonio,Spurs,SAS,spurs,240:00,519.2,103.8,577.7,115.5,-58.4,-11.7,0.667,2.33,18.5,0.323,0.787,0.523,11.538,11.5,0.466,0.495,1.0,0.967,20.7,103.5,86.25,104.0,0.459,L,0
0022101007,1610612754,Indiana,Pacers,IND,pacers,240:00,577.7,115.5,519.2,103.8,58.4,11.7,0.511,1.77,16.9,0.213,0.677,0.477,12.621,12.6,0.565,0.603,1.0,0.982,20.7,103.5,86.25,103.0,0.541,W,1
0022100998,1610612748,Miami,Heat,MIA,heat,240:00,590.9,118.2,535.7,107.1,55.2,11.0,0.683,3.11,20.7,0.196,0.778,0.484,9.091,9.1,0.541,0.598,1.0,0.981,19.7,98.5,82.08,99.0,0.567,W,1
0022100998,1610612739,Cleveland,Cavaliers,CLE,cavaliers,240:00,535.7,107.1,590.9,118.2,-55.2,-11.0,0.714,1.39,18.8,0.222,0.804,0.516,18.367,18.4,0.494,0.572,1.0,0.981,19.7,98.5,82.08,98.0,0.433,L,0
0022100995,1610612753,Orlando,Magic,ORL,magic,240:00,596.0,119.2,567.0,113.4,28.9,5.8,0.775,2.58,21.8,0.298,0.857,0.583,12.121,12.1,0.558,0.608,1.0,0.982,19.6,98.0,81.67,99.0,0.566,W,1
0022100995,1610612750,Minnesota,Timberwolves,MIN,timberwolves,240:00,567.0,113.4,596.0,119.2,-28.9,-5.8,0.585,2.67,18.8,0.143,0.702,0.417,9.278,9.3,0.539,0.575,1.0,1.0,19.6,98.0,81.67,97.0,0.434,L,0
0022101003,1610612756,Phoenix,Suns,PHX,suns,240:00,538.5,107.7,562.5,112.5,-24.0,-4.8,0.614,1.69,19.3,0.196,0.692,0.459,15.385,15.4,0.563,0.587,1.0,0.982,20.8,104.0,86.67,104.0,0.499,L,0
0022101003,1610612761,Toronto,Raptors,TOR,raptors,240:00,562.5,112.5,538.5,107.7,24.0,4.8,0.452,1.12,13.7,0.308,0.804,0.541,16.346,16.3,0.521,0.567,1.0,0.967,20.8,104.0,86.67,104.0,0.501,W,1
0022101004,1610612747,Los Angeles,Lakers,LAL,lakers,240:00,628.9,125.8,561.9,112.4,67.0,13.4,0.521,2.78,18.8,0.244,0.667,0.469,9.278,9.3,0.604,0.619,1.0,0.963,19.4,97.0,80.83,97.0,0.53,W,1
0022101004,1610612764,Washington,Wizards,WAS,wizards,240:00,561.9,112.4,628.9,125.8,-67.0,-13.4,0.538,1.91,15.6,0.333,0.756,0.531,11.34,11.3,0.512,0.548,1.0,0.974,19.4,97.0,80.83,97.0,0.47,L,0
0022101000,1610612763,Memphis,Grizzlies,MEM,grizzlies,240:00,561.9,112.4,548.1,109.6,13.8,2.8,0.5,2.3,15.1,0.373,0.696,0.52,9.524,9.5,0.486,0.505,1.0,0.984,20.9,104.5,87.08,105.0,0.522,W,1
0022101000,1610612752,New York,Knicks,NYK,knicks,240:00,548.1,109.6,561.9,112.4,-13.8,-2.8,0.605,1.44,16.0,0.304,0.627,0.48,15.385,15.4,0.478,0.536,1.0,0.992,20.9,104.5,87.08,104.0,0.478,L,0
0022101001,1610612740,New Orleans,Pelicans,NOP,pelicans,240:00,594.1,118.8,696.1,139.2,-102.0,-20.4,0.721,1.82,21.1,0.319,0.73,0.5,16.832,16.8,0.587,0.619,1.0,0.991,20.3,101.5,84.58,101.0,0.412,L,0
0022101001,1610612766,Charlotte,Hornets,CHA,hornets,240:00,696.1,139.2,594.1,118.8,102.0,20.4,0.788,2.93,27.0,0.27,0.681,0.5,13.725,13.7,0.724,0.741,1.0,0.982,20.3,101.5,84.58,102.0,0.588,W,1
0022100999,1610612745,Houston,Rockets,HOU,rockets,240:00,510.2,102.0,576.5,115.3,-66.3,-13.3,0.707,2.23,21.2,0.229,0.712,0.48,13.265,13.3,0.512,0.53,1.0,0.972,19.6,98.0,81.67,98.0,0.481,L,0
0022100999,1610612742,Dallas,Mavericks,DAL,mavericks,240:00,576.5,115.3,510.2,102.0,66.3,13.3,0.5,1.43,15.0,0.288,0.771,0.52,14.286,14.3,0.517,0.563,1.0,0.991,19.6,98.0,81.67,98.0,0.519,W,1
0022101002,1610612759,San Antonio,Spurs,SAS,spurs,240:00,509.8,102.0,515.2,103.0,-5.3,-1.1,0.441,1.15,11.4,0.305,0.667,0.487,12.745,12.7,0.435,0.5,1.0,0.991,20.1,100.5,83.75,102.0,0.503,W,1
0022101002,1610612762,Utah,Jazz,UTA,jazz,240:00,515.2,103.0,509.8,102.0,5.3,1.1,0.541,1.18,14.4,0.333,0.695,0.513,17.172,17.2,0.473,0.499,1.0,1.0,20.1,100.5,83.75,99.0,0.497,L,0
0022100997,1610612738,Boston,Celtics,BOS,celtics,240:00,587.6,117.5,536.5,107.3,51.2,10.2,0.548,2.56,16.7,0.358,0.714,0.529,9.278,9.3,0.5,0.552,1.0,0.974,19.3,96.5,80.42,97.0,0.568,W,1
0022100997,1610612765,Detroit,Pistons,DET,pistons,240:00,536.5,107.3,587.6,117.5,-51.2,-10.2,0.6,1.5,16.0,0.286,0.642,0.471,14.583,14.6,0.482,0.55,1.0,0.982,19.3,96.5,80.42,96.0,0.432,L,0
0022100996,1610612737,Atlanta,Hawks,ATL,hawks,240:00,602.2,120.4,569.9,114.0,32.3,6.5,0.651,2.8,20.4,0.362,0.773,0.56,10.753,10.8,0.528,0.569,1.0,0.982,18.6,93.0,77.5,93.0,0.539,W,1
0022100996,1610612746,LA,Clippers,LAC,clippers,240:00,569.9,114.0,602.2,120.4,-32.3,-6.5,0.55,1.83,17.6,0.227,0.638,0.44,12.903,12.9,0.561,0.592,1.0,0.971,18.6,93.0,77.5,93.0,0.461,L,0
0022100993,1610612755,Philadelphia,76ers,PHI,sixers,240:00,500.0,100.0,645.0,129.0,-145.0,-29.0,0.633,0.95,12.8,0.439,0.756,0.568,20.0,20.0,0.398,0.471,1.0,0.969,20.0,100.0,83.33,100.0,0.312,L,0
0022100993,1610612751,Brooklyn,Nets,BKN,nets,240:00,645.0,129.0,500.0,100.0,145.0,29.0,0.569,2.42,20.7,0.244,0.561,0.432,12.0,12.0,0.659,0.655,1.0,0.973,20.0,100.0,83.33,100.0,0.688,W,1
0022100994,1610612743,Denver,Nuggets,DEN,nuggets,240:00,531.3,106.3,582.5,116.5,-51.2,-10.2,0.543,1.46,14.4,0.333,0.833,0.576,13.542,13.5,0.458,0.52,1.0,0.973,19.3,96.5,80.42,96.0,0.459,L,0
0022100994,1610612744,Golden State,Warriors,GSW,warriors,240:00,582.5,116.5,531.3,106.3,51.2,10.2,0.619,3.25,19.8,0.167,0.667,0.424,8.247,8.2,0.557,0.584,1.0,0.971,19.3,96.5,80.42,97.0,0.541,W,1
0022100981,1610612766,Charlotte,Hornets,CHA,hornets,240:00,531.6,106.3,611.7,122.3,-80.1,-16.0,0.5,1.13,13.5,0.377,0.667,0.515,16.842,16.8,0.471,0.519,1.0,0.983,18.9,94.5,78.75,95.0,0.412,L,0
0022100981,1610612738,Boston,Celtics,BOS,celtics,240:00,611.7,122.3,531.6,106.3,80.1,16.0,0.652,2.73,21.4,0.333,0.623,0.485,11.702,11.7,0.559,0.58,1.0,0.991,18.9,94.5,78.75,94.0,0.588,W,1
0022100982,1610612765,Detroit,Pistons,DET,pistons,240:00,551.0,110.2,581.6,116.3,-30.6,-6.1,0.595,1.56,18.9,0.22,0.811,0.5,16.327,16.3,0.579,0.603,1.0,0.981,19.6,98.0,81.67,98.0,0.431,L,0
0022100982,1610612741,Chicago,Bulls,CHI,bulls,240:00,581.6,116.3,551.0,110.2,30.6,6.1,0.475,1.73,15.3,0.189,0.78,0.5,11.224,11.2,0.546,0.624,1.0,0.981,19.6,98.0,81.67,98.0,0.569,W,1
0022100987,1610612740,New Orleans,Pelicans,NOP,pelicans,240:00,515.2,103.0,545.5,109.1,-30.3,-6.1,0.561,2.09,17.0,0.255,0.762,0.474,11.111,11.1,0.478,0.505,1.0,0.991,19.8,99.0,82.5,99.0,0.464,L,0
0022100987,1610612753,Orlando,Magic,ORL,magic,240:00,545.5,109.1,515.2,103.0,30.3,6.1,0.694,1.32,18.7,0.238,0.745,0.526,19.192,19.2,0.566,0.618,1.0,0.972,19.8,99.0,82.5,99.0,0.536,W,1
0022100991,1610612758,Sacramento,Kings,SAC,kings,240:00,510.2,102.0,535.4,107.1,-25.1,-5.0,0.632,1.5,18.3,0.18,0.705,0.426,16.327,16.3,0.518,0.538,1.0,0.991,19.7,98.5,82.08,98.0,0.43,L,0
0022100991,1610612743,Denver,Nuggets,DEN,nuggets,240:00,535.4,107.1,510.2,102.0,25.1,5.0,0.65,1.3,19.1,0.295,0.82,0.574,20.202,20.2,0.543,0.587,1.0,0.982,19.7,98.5,82.08,99.0,0.57,W,1
0022100983,1610612748,Miami,Heat,MIA,heat,240:00,450.0,90.0,549.5,109.9,-99.5,-19.9,0.771,1.8,19.9,0.167,0.648,0.407,15.0,15.0,0.455,0.48,1.0,0.982,20.1,100.5,83.75,100.0,0.432,L,0
0022100983,1610612756,Phoenix,Suns,PHX,suns,240:00,549.5,109.9,450.0,90.0,99.5,19.9,0.578,1.73,17.8,0.352,0.833,0.593,14.851,14.9,0.51,0.537,1.0,0.967,20.1,100.5,83.75,101.0,0.568,W,1
0022100988,1610612742,Dallas,Mavericks,DAL,mavericks,240:00,418.5,83.7,581.5,116.3,-163.0,-32.6,0.407,1.38,9.3,0.25,0.58,0.4,8.696,8.7,0.349,0.397,1.0,0.981,18.4,92.0,76.67,92.0,0.224,L,0
0022100988,1610612752,New York,Knicks,NYK,knicks,240:00,581.5,116.3,418.5,83.7,163.0,32.6,0.556,1.54,15.0,0.42,0.75,0.6,14.13,14.1,0.482,0.543,1.0,0.956,18.4,92.0,76.67,92.0,0.776,W,1
0022100989,1610612759,San Antonio,Spurs,SAS,spurs,240:00,536.1,107.2,607.1,121.4,-71.1,-14.2,0.632,1.71,18.3,0.255,0.705,0.473,14.433,14.4,0.506,0.56,1.0,0.981,19.5,97.5,81.25,97.0,0.469,L,0
0022100989,1610612761,Toronto,Raptors,TOR,raptors,240:00,607.1,121.4,536.1,107.2,71.1,14.2,0.293,1.2,9.8,0.295,0.745,0.527,10.204,10.2,0.547,0.611,1.0,0.973,19.5,97.5,81.25,98.0,0.531,W,1
0022100992,1610612746,LA,Clippers,LAC,clippers,240:00,592.8,118.6,561.9,112.4,30.9,6.2,0.488,1.75,16.5,0.209,0.729,0.484,12.371,12.4,0.593,0.627,1.0,0.981,19.4,97.0,80.83,97.0,0.515,W,1
0022100992,1610612764,Washington,Wizards,WAS,wizards,240:00,561.9,112.4,592.8,118.6,-30.9,-6.2,0.634,2.0,19.1,0.271,0.791,0.516,13.402,13.4,0.529,0.569,1.0,0.973,19.4,97.0,80.83,97.0,0.485,L,0
0022100985,1610612745,Houston,Rockets,HOU,rockets,265:00,589.0,117.8,550.8,110.2,38.1,7.6,0.481,1.25,16.1,0.235,0.741,0.505,16.949,16.9,0.593,0.63,1.0,0.954,21.37,106.87,89.06,118.0,0.531,W,1
0022100985,1610612747,Los Angeles,Lakers,LAL,lakers,265:00,550.8,110.2,589.0,117.8,-38.1,-7.6,0.532,1.56,15.9,0.259,0.765,0.495,13.559,13.6,0.554,0.578,1.0,0.985,21.37,106.87,89.06,118.0,0.469,L,0
0022100990,1610612762,Utah,Jazz,UTA,jazz,240:00,640.6,128.1,447.4,89.5,193.3,38.7,0.738,3.44,23.0,0.25,0.758,0.559,9.375,9.4,0.623,0.662,1.0,0.99,19.1,95.5,79.58,96.0,0.75,W,1
0022100990,1610612757,Portland,Trail Blazers,POR,blazers,240:00,447.4,89.5,640.6,128.1,-193.3,-38.7,0.655,1.9,14.8,0.242,0.75,0.441,10.526,10.5,0.376,0.431,1.0,0.991,19.1,95.5,79.58,95.0,0.25,L,0
0022100986,1610612750,Minnesota,Timberwolves,MIN,timberwolves,240:00,634.6,126.9,490.4,98.1,144.2,28.8,0.756,2.43,23.4,0.178,0.8,0.52,13.462,13.5,0.651,0.677,1.0,0.991,20.8,104.0,86.67,104.0,0.642,W,1
0022100986,1610612760,Oklahoma City,Thunder,OKC,thunder,240:00,490.4,98.1,634.6,126.9,-144.2,-28.8,0.722,1.63,18.6,0.2,0.822,0.48,15.385,15.4,0.494,0.523,1.0,0.982,20.8,104.0,86.67,104.0,0.358,L,0
0022100984,1610612749,Milwaukee,Bucks,MIL,bucks,240:00,626.3,125.3,569.3,113.9,57.0,11.4,0.511,2.67,17.8,0.235,0.848,0.526,9.091,9.1,0.564,0.595,1.0,0.991,20.0,100.0,83.33,99.0,0.516,W,1
0022100984,1610612737,Atlanta,Hawks,ATL,hawks,240:00,569.3,113.9,626.3,125.3,-57.0,-11.4,0.605,2.89,19.4,0.152,0.765,0.474,8.911,8.9,0.564,0.601,1.0,0.963,20.0,100.0,83.33,101.0,0.484,L,0
0022100977,1610612753,Orlando,Magic,ORL,magic,240:00,471.4,94.3,485.7,97.1,-14.3,-2.9,0.486,1.42,12.9,0.193,0.847,0.526,11.429,11.4,0.418,0.481,1.0,0.991,21.0,105.0,87.5,105.0,0.461,L,0
0022100977,1610612756,Phoenix,Suns,PHX,suns,240:00,485.7,97.1,471.4,94.3,14.3,2.9,0.686,2.4,17.4,0.153,0.807,0.474,9.524,9.5,0.451,0.499,1.0,0.982,21.0,105.0,87.5,105.0,0.539,W,1
0022100978,1610612763,Memphis,Grizzlies,MEM,grizzlies,240:00,640.8,128.2,549.5,109.9,91.3,18.3,0.625,2.5,19.6,0.364,0.731,0.542,11.65,11.7,0.554,0.592,1.0,0.967,20.4,102.0,85.0,103.0,0.574,W,1
0022100978,1610612740,New Orleans,Pelicans,NOP,pelicans,240:00,549.5,109.9,640.8,128.2,-91.3,-18.3,0.585,1.6,17.3,0.269,0.636,0.458,14.851,14.9,0.528,0.556,1.0,0.991,20.4,102.0,85.0,101.0,0.426,L,0
0022100975,1610612766,Charlotte,Hornets,CHA,hornets,240:00,581.7,116.3,634.6,126.9,-52.9,-10.6,0.578,1.73,18.3,0.286,0.795,0.511,14.423,14.4,0.56,0.595,1.0,1.0,20.8,104.0,86.67,104.0,0.448,L,0
0022100975,1610612751,Brooklyn,Nets,BKN,nets,240:00,634.6,126.9,581.7,116.3,52.9,10.6,0.717,2.06,22.8,0.205,0.714,0.489,15.385,15.4,0.671,0.696,1.0,0.991,20.8,104.0,86.67,104.0,0.552,W,1
0022100979,1610612760,Oklahoma City,Thunder,OKC,thunder,240:00,547.6,109.5,676.2,135.2,-128.6,-25.7,0.619,1.63,19.0,0.136,0.64,0.404,15.238,15.2,0.595,0.617,1.0,0.973,21.0,105.0,87.5,105.0,0.393,L,0
0022100979,1610612749,Milwaukee,Bucks,MIL,bucks,240:00,676.2,135.2,547.6,109.5,128.6,25.7,0.66,2.69,22.3,0.36,0.864,0.596,12.381,12.4,0.63,0.653,1.0,0.992,21.0,105.0,87.5,105.0,0.607,W,1
0022100976,1610612754,Indiana,Pacers,IND,pacers,240:00,620.0,124.0,641.4,128.3,-21.4,-4.3,0.714,1.94,23.0,0.4,0.653,0.532,18.0,18.0,0.626,0.635,1.0,0.974,19.9,99.5,82.92,100.0,0.477,L,0
0022100976,1610612739,Cleveland,Cavaliers,CLE,cavaliers,240:00,641.4,128.3,620.0,124.0,21.4,4.3,0.532,3.13,17.9,0.347,0.6,0.468,8.081,8.1,0.548,0.6,1.0,1.0,19.9,99.5,82.92,99.0,0.523,W,1
0022100980,1610612744,Golden State,Warriors,GSW,warriors,240:00,554.5,110.9,475.5,95.1,79.0,15.8,0.75,2.06,22.4,0.271,0.721,0.523,15.842,15.8,0.549,0.573,1.0,0.991,20.3,101.5,84.58,101.0,0.576,W,1
0022100980,1610612746,LA,Clippers,LAC,clippers,240:00,475.5,95.1,554.5,110.9,-79.0,-15.8,0.697,1.77,16.2,0.279,0.729,0.477,12.745,12.7,0.419,0.47,1.0,0.975,20.3,101.5,84.58,102.0,0.424,L,0
0022100970,1610612748,Miami,Heat,MIA,heat,240:00,634.0,126.8,546.4,109.3,87.6,17.5,0.531,1.73,18.8,0.357,0.769,0.585,15.464,15.5,0.615,0.633,1.0,0.982,19.4,97.0,80.83,97.0,0.61,W,1
0022100970,1610612745,Houston,Rockets,HOU,rockets,240:00,546.4,109.3,634.0,126.8,-87.6,-17.5,0.564,2.0,16.8,0.231,0.643,0.415,11.34,11.3,0.517,0.543,1.0,0.972,19.4,97.0,80.83,97.0,0.39,L,0
0022100972,1610612742,Dallas,Mavericks,DAL,mavericks,240:00,590.4,118.1,559.8,112.0,30.6,6.1,0.487,2.11,14.8,0.3,0.725,0.515,9.574,9.6,0.54,0.573,1.0,0.963,18.6,93.0,77.5,94.0,0.53,W,1
0022100972,1610612762,Utah,Jazz,UTA,jazz,240:00,559.8,112.0,590.4,118.1,-30.6,-6.1,0.611,1.57,17.2,0.275,0.7,0.485,15.217,15.2,0.506,0.55,1.0,0.991,18.6,93.0,77.5,92.0,0.47,L,0
0022100528,1610612743,Denver,Nuggets,DEN,nuggets,240:00,642.2,128.4,613.9,122.8,28.3,5.7,0.848,4.33,25.7,0.25,0.8,0.528,8.824,8.8,0.607,0.642,1.0,0.965,20.3,101.5,84.58,102.0,0.569,W,1
0022100528,1610612744,Golden State,Warriors,GSW,warriors,240:00,613.9,122.8,642.2,128.4,-28.3,-5.7,0.644,2.07,20.9,0.2,0.75,0.472,13.861,13.9,0.608,0.632,1.0,1.0,20.3,101.5,84.58,101.0,0.431,L,0
0022100969,1610612755,Philadelphia,76ers,PHI,sixers,240:00,617.3,123.5,535.4,107.1,82.0,16.4,0.707,2.9,20.9,0.255,0.653,0.458,10.204,10.2,0.56,0.611,1.0,0.982,19.7,98.5,82.08,98.0,0.57,W,1
0022100969,1610612741,Chicago,Bulls,CHI,bulls,240:00,535.4,107.1,617.3,123.5,-82.0,-16.4,0.564,1.69,15.9,0.347,0.745,0.542,13.131,13.1,0.494,0.538,1.0,0.974,19.7,98.5,82.08,99.0,0.43,L,0
0022100973,1610612759,San Antonio,Spurs,SAS,spurs,240:00,568.0,113.6,534.0,106.8,34.0,6.8,0.609,1.56,19.4,0.311,0.725,0.531,17.476,17.5,0.601,0.602,1.0,0.974,20.6,103.0,85.83,103.0,0.578,W,1
0022100973,1610612747,Los Angeles,Lakers,LAL,lakers,240:00,534.0,106.8,568.0,113.6,-34.0,-6.8,0.442,1.27,14.0,0.275,0.689,0.469,14.563,14.6,0.516,0.544,1.0,0.991,20.6,103.0,85.83,103.0,0.422,L,0
0022100968,1610612765,Detroit,Pistons,DET,pistons,265:00,559.4,111.9,550.0,110.0,9.4,1.9,0.628,1.93,18.4,0.352,0.635,0.491,13.861,13.9,0.527,0.548,1.0,0.958,18.2,91.02,75.85,101.0,0.5,W,1
0022100968,1610612737,Atlanta,Hawks,ATL,hawks,265:00,550.0,110.0,559.4,111.9,-9.4,-1.9,0.667,2.0,19.0,0.365,0.648,0.509,14.0,14.0,0.511,0.536,1.0,0.975,18.2,91.02,75.85,100.0,0.5,L,0
0022100971,1610612750,Minnesota,Timberwolves,MIN,timberwolves,240:00,563.6,112.7,361.6,72.3,202.0,40.4,0.553,0.95,13.6,0.397,0.825,0.62,20.0,20.0,0.484,0.557,1.0,0.985,22.2,111.0,92.5,110.0,0.814,W,1
0022100971,1610612757,Portland,Trail Blazers,POR,blazers,240:00,361.6,72.3,563.6,112.7,-202.0,-40.4,0.478,0.61,8.2,0.175,0.603,0.38,16.071,16.1,0.319,0.406,1.0,0.959,22.2,111.0,92.5,112.0,0.186,L,0
0022100974,1610612758,Sacramento,Kings,SAC,kings,240:00,558.3,111.7,635.9,127.2,-77.7,-15.5,0.59,1.92,17.4,0.128,0.792,0.463,11.65,11.7,0.556,0.6,1.0,0.972,20.6,103.0,85.83,103.0,0.473,L,0
0022100974,1610612752,New York,Knicks,NYK,knicks,240:00,635.9,127.2,558.3,111.7,77.7,15.5,0.404,2.11,14.4,0.208,0.872,0.537,8.738,8.7,0.609,0.641,1.0,0.973,20.6,103.0,85.83,103.0,0.527,W,1
0022100964,1610612745,Houston,Rockets,HOU,rockets,240:00,602.9,120.6,543.7,108.7,59.3,11.9,0.535,1.35,16.5,0.326,0.667,0.52,16.667,16.7,0.604,0.629,1.0,0.991,20.5,102.5,85.42,102.0,0.535,W,1
0022100964,1610612763,Memphis,Grizzlies,MEM,grizzlies,240:00,543.7,108.7,602.9,120.6,-59.3,-11.9,0.614,2.45,18.2,0.333,0.674,0.48,10.68,10.7,0.479,0.514,1.0,0.992,20.5,102.5,85.42,103.0,0.465,L,0
0022100961,1610612749,Milwaukee,Bucks,MIL,bucks,240:00,660.0,132.0,604.0,120.8,56.0,11.2,0.66,2.07,21.1,0.39,0.778,0.593,15.0,15.0,0.626,0.662,1.0,0.974,20.1,100.5,83.75,100.0,0.548,W,1
0022100961,1610612756,Phoenix,Suns,PHX,suns,240:00,604.0,120.8,660.0,132.0,-56.0,-11.2,0.66,3.0,23.1,0.222,0.61,0.407,10.891,10.9,0.613,0.623,1.0,0.973,20.1,100.5,83.75,101.0,0.452,L,0
0022100967,1610612743,Denver,Nuggets,DEN,nuggets,265:00,621.6,124.3,580.4,116.1,41.3,8.3,0.681,2.13,20.8,0.234,0.719,0.5,13.514,13.5,0.598,0.651,1.0,0.992,20.2,100.98,84.15,111.0,0.554,W,1
0022100967,1610612740,New Orleans,Pelicans,NOP,pelicans,265:00,580.4,116.1,621.6,124.3,-41.3,-8.3,0.625,2.14,19.0,0.281,0.766,0.5,12.5,12.5,0.545,0.571,1.0,0.977,20.2,100.98,84.15,112.0,0.446,L,0
0022100962,1610612739,Cleveland,Cavaliers,CLE,cavaliers,240:00,536.1,107.2,494.8,99.0,41.2,8.2,0.615,1.26,17.1,0.365,0.742,0.57,19.588,19.6,0.524,0.547,1.0,0.966,19.4,97.0,80.83,97.0,0.563,W,1
0022100962,1610612761,Toronto,Raptors,TOR,raptors,240:00,494.8,99.0,536.1,107.2,-41.2,-8.2,0.459,2.43,13.2,0.258,0.635,0.43,7.216,7.2,0.426,0.455,1.0,1.0,19.4,97.0,80.83,97.0,0.437,L,0
0022100960,1610612738,Boston,Celtics,BOS,celtics,240:00,630.0,126.0,594.1,118.8,35.9,7.2,0.625,2.5,18.4,0.239,0.667,0.451,10.0,10.0,0.584,0.632,1.0,0.991,20.1,100.5,83.75,100.0,0.526,W,1
0022100960,1610612751,Brooklyn,Nets,BKN,nets,240:00,594.1,118.8,630.0,126.0,-35.9,-7.2,0.533,1.5,17.1,0.333,0.761,0.549,15.842,15.8,0.573,0.613,1.0,0.966,20.1,100.5,83.75,101.0,0.474,L,0
0022100963,1610612764,Washington,Wizards,WAS,wizards,240:00,665.0,133.0,615.0,123.0,50.0,10.0,0.733,5.5,23.4,0.182,0.767,0.471,6.0,6.0,0.622,0.664,1.0,0.972,20.0,100.0,83.33,100.0,0.54,W,1
0022100963,1610612754,Indiana,Pacers,IND,pacers,240:00,615.0,123.0,665.0,133.0,-50.0,-10.0,0.636,2.8,20.3,0.233,0.818,0.529,10.0,10.0,0.576,0.629,1.0,0.982,20.0,100.0,83.33,100.0,0.46,L,0
0022100965,1610612760,Oklahoma City,Thunder,OKC,thunder,240:00,542.1,108.4,604.2,120.8,-62.1,-12.4,0.513,2.5,15.5,0.283,0.725,0.5,8.421,8.4,0.467,0.513,1.0,0.991,19.1,95.5,79.58,95.0,0.479,L,0
0022100965,1610612762,Utah,Jazz,UTA,jazz,240:00,604.2,120.8,542.1,108.4,62.1,12.4,0.675,2.45,20.0,0.275,0.717,0.5,11.458,11.5,0.579,0.601,1.0,0.991,19.1,95.5,79.58,96.0,0.521,W,1
0022100966,1610612746,LA,Clippers,LAC,clippers,240:00,484.4,96.9,604.2,120.8,-119.8,-24.0,0.515,1.7,13.5,0.22,0.667,0.434,10.417,10.4,0.438,0.476,1.0,0.982,19.2,96.0,80.0,96.0,0.36,L,0
0022100966,1610612752,New York,Knicks,NYK,knicks,240:00,604.2,120.8,484.4,96.9,119.8,24.0,0.452,1.9,14.3,0.333,0.78,0.566,10.417,10.4,0.545,0.568,1.0,0.982,19.2,96.0,80.0,96.0,0.64,W,1
0022100956,1610612748,Miami,Heat,MIA,heat,240:00,556.2,111.2,455.6,91.1,100.6,20.1,0.571,1.43,17.2,0.189,0.696,0.495,15.73,15.7,0.576,0.616,1.0,0.979,17.9,89.5,74.58,89.0,0.623,W,1
0022100956,1610612755,Philadelphia,76ers,PHI,sixers,240:00,455.6,91.1,556.2,111.2,-100.6,-20.1,0.464,1.08,10.8,0.304,0.811,0.505,13.333,13.3,0.384,0.445,1.0,0.944,17.9,89.5,74.58,90.0,0.377,L,0
0022100959,1610612747,Los Angeles,Lakers,LAL,lakers,240:00,601.9,120.4,552.4,110.5,49.6,9.9,0.568,1.25,17.5,0.326,0.745,0.546,19.417,19.4,0.596,0.631,1.0,0.966,20.8,104.0,86.67,103.0,0.552,W,1
0022100959,1610612744,Golden State,Warriors,GSW,warriors,240:00,552.4,110.5,601.9,120.4,-49.6,-9.9,0.478,1.38,15.7,0.255,0.674,0.454,15.238,15.2,0.582,0.578,1.0,0.975,20.8,104.0,86.67,105.0,0.448,L,0
0022100955,1610612766,Charlotte,Hornets,CHA,hornets,240:00,602.9,120.6,573.5,114.7,29.4,5.9,0.69,3.22,20.3,0.231,0.745,0.495,8.824,8.8,0.549,0.593,1.0,0.991,20.4,102.0,85.0,102.0,0.526,W,1
0022100955,1610612759,San Antonio,Spurs,SAS,spurs,240:00,573.5,114.7,602.9,120.6,-29.4,-5.9,0.622,2.8,19.4,0.255,0.769,0.505,9.804,9.8,0.515,0.548,1.0,0.983,20.4,102.0,85.0,102.0,0.474,L,0
0022100958,1610612750,Minnesota,Timberwolves,MIN,timberwolves,240:00,681.8,136.4,617.3,123.5,64.5,12.9,0.75,3.27,25.0,0.22,0.714,0.489,11.111,11.1,0.653,0.69,1.0,0.981,19.7,98.5,82.08,99.0,0.604,W,1
0022100958,1610612757,Portland,Trail Blazers,POR,blazers,240:00,617.3,123.5,681.8,136.4,-64.5,-12.9,0.6,1.5,17.8,0.286,0.78,0.511,16.327,16.3,0.565,0.616,1.0,0.991,19.7,98.5,82.08,98.0,0.396,L,0
0022100957,1610612763,Memphis,Grizzlies,MEM,grizzlies,240:00,601.9,120.4,466.0,93.2,135.9,27.2,0.543,3.13,18.0,0.212,0.942,0.577,7.767,7.8,0.576,0.597,1.0,0.974,20.6,103.0,85.83,103.0,0.61,W,1
0022100957,1610612753,Orlando,Magic,ORL,magic,240:00,466.0,93.2,601.9,120.4,-135.9,-27.2,0.676,2.08,19.2,0.058,0.788,0.423,11.65,11.7,0.494,0.516,1.0,0.99,20.6,103.0,85.83,103.0,0.39,L,0
0022100954,1610612742,Dallas,Mavericks,DAL,mavericks,240:00,587.6,117.5,582.5,116.5,5.2,1.0,0.55,2.2,16.9,0.234,0.62,0.433,10.309,10.3,0.56,0.594,1.0,0.981,19.4,97.0,80.83,97.0,0.529,W,1
0022100954,1610612758,Sacramento,Kings,SAC,kings,240:00,582.5,116.5,587.6,117.5,-5.2,-1.0,0.522,1.5,17.1,0.38,0.766,0.567,16.495,16.5,0.537,0.554,1.0,0.974,19.4,97.0,80.83,97.0,0.471,L,0
0022100946,1610612765,Detroit,Pistons,DET,pistons,240:00,566.3,113.3,546.4,109.3,19.9,4.0,0.667,2.15,19.2,0.357,0.523,0.446,13.265,13.3,0.527,0.545,1.0,0.975,19.5,97.5,81.25,98.0,0.544,W,1
0022100946,1610612754,Indiana,Pacers,IND,pacers,240:00,546.4,109.3,566.3,113.3,-19.9,-4.0,0.615,1.71,15.8,0.477,0.643,0.554,14.433,14.4,0.44,0.472,1.0,0.977,19.5,97.5,81.25,97.0,0.456,L,0
0022100951,1610612760,Oklahoma City,Thunder,OKC,thunder,240:00,467.6,93.5,650.9,130.2,-183.4,-36.7,0.514,0.83,13.6,0.28,0.727,0.489,21.296,21.3,0.483,0.53,1.0,0.975,21.4,107.0,89.17,108.0,0.344,L,0
0022100951,1610612750,Minnesota,Timberwolves,MIN,timberwolves,240:00,650.9,130.2,467.6,93.5,183.4,36.7,0.714,1.94,22.9,0.273,0.72,0.511,16.981,17.0,0.659,0.682,1.0,0.992,21.4,107.0,89.17,106.0,0.656,W,1
0022100949,1610612741,Chicago,Bulls,CHI,bulls,240:00,549.0,109.8,578.4,115.7,-29.4,-5.9,0.532,2.08,18.5,0.18,0.692,0.441,11.765,11.8,0.553,0.567,1.0,0.991,20.4,102.0,85.0,102.0,0.485,L,0
0022100949,1610612749,Milwaukee,Bucks,MIL,bucks,240:00,578.4,115.7,549.0,109.8,29.4,5.9,0.465,1.43,14.5,0.308,0.82,0.559,13.725,13.7,0.545,0.575,1.0,0.975,20.4,102.0,85.0,102.0,0.515,W,1
0022100458,1610612761,Toronto,Raptors,TOR,raptors,240:00,480.2,96.0,504.9,101.0,-24.7,-4.9,0.595,1.83,16.2,0.22,0.729,0.475,11.881,11.9,0.462,0.483,1.0,0.991,20.3,101.5,84.58,101.0,0.463,L,0
0022100458,1610612753,Orlando,Magic,ORL,magic,240:00,504.9,101.0,480.2,96.0,24.7,4.9,0.667,2.18,16.9,0.271,0.78,0.525,10.784,10.8,0.437,0.494,1.0,0.949,20.3,101.5,84.58,102.0,0.537,W,1
0022100947,1610612755,Philadelphia,76ers,PHI,sixers,240:00,644.3,128.9,607.1,121.4,37.2,7.4,0.561,1.92,18.7,0.086,0.75,0.44,12.371,12.4,0.64,0.702,1.0,0.98,19.5,97.5,81.25,97.0,0.491,W,1
0022100947,1610612739,Cleveland,Cavaliers,CLE,cavaliers,240:00,607.1,121.4,644.3,128.9,-37.2,-7.4,0.682,2.5,21.7,0.25,0.914,0.56,12.245,12.2,0.598,0.643,1.0,0.963,19.5,97.5,81.25,98.0,0.509,L,0
0022100953,1610612756,Phoenix,Suns,PHX,suns,240:00,569.3,113.9,564.4,112.9,5.0,1.0,0.737,2.8,20.6,0.146,0.706,0.434,9.901,9.9,0.547,0.594,1.0,0.972,20.2,101.0,84.17,101.0,0.501,W,1
0022100953,1610612752,New York,Knicks,NYK,knicks,240:00,564.4,112.9,569.3,113.9,-5.0,-1.0,0.575,1.64,16.5,0.294,0.854,0.566,13.861,13.9,0.541,0.575,1.0,0.966,20.2,101.0,84.17,101.0,0.499,L,0
0022100948,1610612764,Washington,Wizards,WAS,wizards,240:00,600.0,120.0,622.3,124.5,-22.3,-4.5,0.804,2.64,26.2,0.231,0.673,0.489,14.737,14.7,0.624,0.641,1.0,0.981,18.9,94.5,78.75,95.0,0.534,L,0
0022100948,1610612737,Atlanta,Hawks,ATL,hawks,240:00,622.3,124.5,600.0,120.0,22.3,4.5,0.474,4.5,13.8,0.327,0.769,0.511,4.255,4.3,0.489,0.552,1.0,0.991,18.9,94.5,78.75,94.0,0.466,W,1
0022100950,1610612740,New Orleans,Pelicans,NOP,pelicans,240:00,632.7,126.5,454.5,90.9,178.1,35.6,0.58,2.64,20.0,0.38,0.585,0.496,11.224,11.2,0.572,0.593,1.0,0.991,19.7,98.5,82.08,98.0,0.708,W,1
0022100950,1610612762,Utah,Jazz,UTA,jazz,240:00,454.5,90.9,632.7,126.5,-178.1,-35.6,0.484,0.71,10.7,0.415,0.62,0.504,21.212,21.2,0.41,0.448,1.0,0.976,19.7,98.5,82.08,99.0,0.292,L,0
0022100952,1610612743,Denver,Nuggets,DEN,nuggets,240:00,604.2,120.8,515.3,103.1,88.9,17.8,0.692,2.7,20.0,0.245,0.723,0.479,10.417,10.4,0.529,0.582,1.0,1.0,19.4,97.0,80.83,96.0,0.563,W,1
0022100952,1610612745,Houston,Rockets,HOU,rockets,240:00,515.3,103.1,604.2,120.8,-88.9,-17.8,0.658,1.67,18.4,0.277,0.755,0.521,15.306,15.3,0.518,0.545,1.0,0.964,19.4,97.0,80.83,98.0,0.437,L,0
0022100945,1610612746,LA,Clippers,LAC,clippers,240:00,673.5,134.7,572.2,114.4,101.3,20.3,0.627,2.67,21.9,0.364,0.773,0.568,12.245,12.2,0.64,0.663,1.0,0.956,19.5,97.5,81.25,98.0,0.579,W,1
0022100945,1610612747,Los Angeles,Lakers,LAL,lakers,240:00,572.2,114.4,673.5,134.7,-101.3,-20.3,0.634,1.86,19.5,0.227,0.636,0.432,14.433,14.4,0.56,0.592,1.0,0.991,19.5,97.5,81.25,97.0,0.421,L,0
0022100710,1610612737,Atlanta,Hawks,ATL,hawks,240:00,670.1,134.0,639.2,127.8,30.9,6.2,0.591,4.33,19.7,0.22,0.73,0.462,6.186,6.2,0.631,0.675,1.0,0.972,19.4,97.0,80.83,97.0,0.518,W,1
0022100710,1610612741,Chicago,Bulls,CHI,bulls,240:00,639.2,127.8,670.1,134.0,-30.9,-6.2,0.577,2.14,21.9,0.27,0.78,0.538,14.433,14.4,0.67,0.681,1.0,0.972,19.4,97.0,80.83,97.0,0.482,L,0
0022100944,1610612759,San Antonio,Spurs,SAS,spurs,240:00,528.3,105.7,552.9,110.6,-24.6,-4.9,0.609,2.55,19.9,0.18,0.783,0.469,10.377,10.4,0.559,0.56,1.0,0.991,21.0,105.0,87.5,106.0,0.46,L,0
0022100944,1610612758,Sacramento,Kings,SAC,kings,240:00,552.9,110.6,528.3,105.7,24.6,4.9,0.667,1.86,18.6,0.217,0.82,0.531,13.462,13.5,0.518,0.58,1.0,0.991,21.0,105.0,87.5,104.0,0.54,W,1
0022100943,1610612742,Dallas,Mavericks,DAL,mavericks,240:00,663.0,132.6,620.9,124.2,42.2,8.4,0.644,2.9,21.8,0.286,0.692,0.481,10.87,10.9,0.629,0.65,1.0,0.962,18.3,91.5,76.25,92.0,0.52,W,1
0022100943,1610612744,Golden State,Warriors,GSW,warriors,240:00,620.9,124.2,663.0,132.6,-42.2,-8.4,0.591,1.73,20.2,0.308,0.714,0.519,16.484,16.5,0.636,0.652,1.0,0.99,18.3,91.5,76.25,91.0,0.48,L,0
0022100941,1610612751,Brooklyn,Nets,BKN,nets,240:00,563.2,112.6,594.7,118.9,-31.6,-6.3,0.615,1.85,18.3,0.283,0.711,0.476,13.684,13.7,0.542,0.577,1.0,0.981,19.0,95.0,79.17,95.0,0.431,L,0
0022100941,1610612748,Miami,Heat,MIA,heat,240:00,594.7,118.9,563.2,112.6,31.6,6.3,0.675,1.8,20.3,0.289,0.717,0.524,15.789,15.8,0.584,0.633,1.0,0.953,19.0,95.0,79.17,95.0,0.569,W,1
0022100940,1610612738,Boston,Celtics,BOS,celtics,240:00,645.2,129.0,575.3,115.1,69.9,14.0,0.717,2.36,23.2,0.378,0.638,0.524,15.054,15.1,0.607,0.628,1.0,0.991,18.6,93.0,77.5,93.0,0.575,W,1
0022100940,1610612763,Memphis,Grizzlies,MEM,grizzlies,240:00,575.3,115.1,645.2,129.0,-69.9,-14.0,0.571,3.43,17.4,0.362,0.622,0.476,7.527,7.5,0.49,0.511,1.0,0.982,18.6,93.0,77.5,93.0,0.425,L,0
0022100942,1610612761,Toronto,Raptors,TOR,raptors,240:00,569.9,114.0,580.6,116.1,-10.8,-2.2,0.333,1.2,9.8,0.353,0.688,0.515,10.753,10.8,0.476,0.536,1.0,0.982,18.6,93.0,77.5,93.0,0.458,L,0
0022100942,1610612765,Detroit,Pistons,DET,pistons,240:00,580.6,116.1,569.9,114.0,10.8,2.2,0.658,2.5,18.8,0.313,0.647,0.485,10.753,10.8,0.518,0.561,1.0,0.963,18.6,93.0,77.5,93.0,0.542,W,1
0022100937,1610612740,New Orleans,Pelicans,NOP,pelicans,240:00,631.3,126.3,479.8,96.0,151.5,30.3,0.577,1.88,21.4,0.297,0.759,0.579,16.162,16.2,0.653,0.67,1.0,0.973,19.8,99.0,82.5,99.0,0.667,W,1
0022100937,1610612758,Sacramento,Kings,SAC,kings,240:00,479.8,96.0,631.3,126.3,-151.5,-30.3,0.571,1.82,15.3,0.241,0.703,0.421,11.111,11.1,0.438,0.475,1.0,1.0,19.8,99.0,82.5,99.0,0.333,L,0
0022100936,1610612749,Milwaukee,Bucks,MIL,bucks,240:00,576.9,115.4,566.7,113.3,10.3,2.1,0.537,1.83,15.8,0.25,0.778,0.519,11.538,11.5,0.527,0.583,1.0,0.991,20.9,104.5,87.08,104.0,0.508,W,1
0022100936,1610612748,Miami,Heat,MIA,heat,240:00,566.7,113.3,576.9,115.4,-10.3,-2.1,0.636,2.33,19.4,0.222,0.75,0.481,11.429,11.4,0.562,0.582,1.0,0.966,20.9,104.5,87.08,105.0,0.492,L,0
0022100934,1610612755,Philadelphia,76ers,PHI,sixers,240:00,634.0,126.8,551.0,110.2,83.0,16.6,0.615,1.71,18.6,0.211,0.69,0.5,14.433,14.4,0.633,0.687,1.0,0.99,19.5,97.5,81.25,97.0,0.597,W,1
0022100934,1610612752,New York,Knicks,NYK,knicks,240:00,551.0,110.2,634.0,126.8,-83.0,-16.6,0.513,2.0,14.8,0.31,0.789,0.5,10.204,10.2,0.473,0.514,1.0,0.957,19.5,97.5,81.25,98.0,0.403,L,0
0022100938,1610612743,Denver,Nuggets,DEN,nuggets,240:00,519.4,103.9,572.1,114.4,-52.7,-10.5,0.625,1.56,18.1,0.192,0.787,0.475,15.534,15.5,0.511,0.549,1.0,0.991,20.7,103.5,86.25,103.0,0.445,L,0
0022100938,1610612760,Oklahoma City,Thunder,OKC,thunder,240:00,572.1,114.4,519.4,103.9,52.7,10.5,0.545,1.6,17.4,0.213,0.808,0.525,14.423,14.4,0.598,0.618,1.0,0.965,20.7,103.5,86.25,104.0,0.555,W,1
0022100939,1610612756,Phoenix,Suns,PHX,suns,240:00,600.0,120.0,450.0,90.0,150.0,30.0,0.8,2.0,22.4,0.25,0.804,0.547,16.0,16.0,0.588,0.641,1.0,0.964,20.0,100.0,83.33,100.0,0.685,W,1
0022100939,1610612757,Portland,Trail Blazers,POR,blazers,240:00,450.0,90.0,600.0,120.0,-150.0,-30.0,0.733,1.16,16.7,0.196,0.75,0.453,19.0,19.0,0.455,0.506,1.0,0.973,20.0,100.0,83.33,100.0,0.315,L,0
0022100932,1610612739,Cleveland,Cavaliers,CLE,cavaliers,240:00,505.2,101.0,619.8,124.0,-114.6,-22.9,0.568,1.5,16.9,0.178,0.756,0.467,14.433,14.4,0.532,0.555,1.0,1.0,19.3,96.5,80.42,97.0,0.393,L,0
0022100932,1610612766,Charlotte,Hornets,CHA,hornets,240:00,619.8,124.0,505.2,101.0,114.6,22.9,0.744,2.67,23.0,0.244,0.822,0.533,12.5,12.5,0.606,0.628,1.0,0.972,19.3,96.5,80.42,96.0,0.607,W,1
0022100935,1610612745,Houston,Rockets,HOU,rockets,265:00,577.3,115.5,594.6,118.9,-17.3,-3.5,0.628,1.59,19.0,0.109,0.711,0.407,15.455,15.5,0.622,0.64,1.0,0.991,20.02,100.08,83.4,110.0,0.445,L,0
0022100935,1610612762,Utah,Jazz,UTA,jazz,265:00,594.6,118.9,577.3,115.5,17.3,3.5,0.64,1.68,20.5,0.289,0.891,0.593,17.117,17.1,0.632,0.65,1.0,0.968,20.02,100.08,83.4,111.0,0.555,W,1
0022100933,1610612753,Orlando,Magic,ORL,magic,265:00,504.4,100.9,539.8,108.0,-35.4,-7.1,0.5,1.1,14.7,0.268,0.702,0.487,17.699,17.7,0.505,0.539,1.0,0.961,20.47,102.34,85.28,113.0,0.453,L,0
0022100933,1610612754,Indiana,Pacers,IND,pacers,265:00,539.8,108.0,504.4,100.9,35.4,7.1,0.561,1.28,15.0,0.298,0.732,0.513,15.929,15.9,0.5,0.558,1.0,0.985,20.47,102.34,85.28,113.0,0.547,W,1
0022100930,1610612750,Minnesota,Timberwolves,MIN,timberwolves,240:00,608.5,121.7,542.9,108.6,65.6,13.1,0.574,1.69,18.8,0.25,0.788,0.542,15.094,15.1,0.618,0.651,1.0,0.974,21.1,105.5,87.92,106.0,0.568,W,1
0022100930,1610612744,Golden State,Warriors,GSW,warriors,240:00,542.9,108.6,608.5,121.7,-65.6,-13.1,0.634,1.53,18.3,0.212,0.75,0.458,16.19,16.2,0.528,0.572,1.0,0.991,21.1,105.5,87.92,105.0,0.432,L,0
0022100926,1610612764,Washington,Wizards,WAS,wizards,240:00,597.9,119.6,588.5,117.7,9.4,1.9,0.707,1.93,21.0,0.318,0.694,0.516,15.464,15.5,0.579,0.621,1.0,0.991,19.3,96.5,80.42,97.0,0.523,W,1
0022100926,1610612765,Detroit,Pistons,DET,pistons,240:00,588.5,117.7,597.9,119.6,-9.4,-1.9,0.535,1.92,17.2,0.306,0.682,0.484,12.5,12.5,0.522,0.564,1.0,0.991,19.3,96.5,80.42,96.0,0.477,L,0
0022100931,1610612747,Los Angeles,Lakers,LAL,lakers,240:00,547.4,109.5,561.9,112.4,-14.5,-2.9,0.595,1.83,17.7,0.152,0.739,0.446,12.632,12.6,0.537,0.573,1.0,1.0,19.2,96.0,80.0,95.0,0.475,L,0
0022100931,1610612742,Dallas,Mavericks,DAL,mavericks,240:00,561.9,112.4,547.4,109.5,14.5,2.9,0.585,1.71,18.0,0.261,0.848,0.554,14.433,14.4,0.561,0.581,1.0,0.954,19.2,96.0,80.0,97.0,0.525,W,1
0022100929,1610612745,Houston,Rockets,HOU,rockets,240:00,495.0,99.0,553.9,110.8,-58.9,-11.8,0.553,1.5,15.0,0.3,0.648,0.465,13.861,13.9,0.464,0.483,1.0,0.983,20.3,101.5,84.58,101.0,0.415,L,0
0022100929,1610612746,LA,Clippers,LAC,clippers,240:00,553.9,110.8,495.0,99.0,58.9,11.8,0.571,1.5,16.6,0.352,0.7,0.535,15.686,15.7,0.505,0.546,1.0,0.967,20.3,101.5,84.58,102.0,0.585,W,1
0022100927,1610612738,Boston,Celtics,BOS,celtics,240:00,569.1,113.8,515.8,103.2,53.4,10.7,0.692,1.93,20.3,0.273,0.792,0.543,14.894,14.9,0.536,0.586,1.0,0.972,18.9,94.5,78.75,94.0,0.581,W,1
0022100927,1610612737,Atlanta,Hawks,ATL,hawks,240:00,515.8,103.2,569.1,113.8,-53.4,-10.7,0.417,1.5,12.6,0.208,0.727,0.457,10.526,10.5,0.476,0.524,1.0,0.971,18.9,94.5,78.75,95.0,0.419,L,0
0022100928,1610612761,Toronto,Raptors,TOR,raptors,240:00,567.7,113.5,574.5,114.9,-6.8,-1.4,0.659,2.08,19.0,0.38,0.791,0.57,13.542,13.5,0.494,0.544,1.0,0.974,19.0,95.0,79.17,96.0,0.527,W,1
0022100928,1610612751,Brooklyn,Nets,BKN,nets,240:00,574.5,114.9,567.7,113.5,6.8,1.4,0.5,1.75,16.9,0.209,0.62,0.43,12.766,12.8,0.56,0.585,1.0,1.0,19.0,95.0,79.17,94.0,0.473,L,0
0022100726,1610612751,Brooklyn,Nets,BKN,nets,240:00,485.0,97.0,658.4,131.7,-173.4,-34.7,0.697,1.0,16.0,0.389,0.604,0.495,23.0,23.0,0.453,0.502,1.0,0.983,20.1,100.5,83.75,100.0,0.318,L,0
0022100726,1610612761,Toronto,Raptors,TOR,raptors,240:00,658.4,131.7,485.0,97.0,173.4,34.7,0.686,2.69,22.3,0.396,0.611,0.505,12.871,12.9,0.606,0.612,1.0,0.967,20.1,100.5,83.75,101.0,0.683,W,1
0022100920,1610612739,Cleveland,Cavaliers,CLE,cavaliers,240:00,610.0,122.0,641.4,128.3,-31.4,-6.3,0.744,1.32,20.6,0.368,0.775,0.577,22.0,22.0,0.628,0.686,1.0,0.973,19.9,99.5,82.92,100.0,0.499,L,0
0022100920,1610612750,Minnesota,Timberwolves,MIN,timberwolves,240:00,641.4,128.3,610.0,122.0,31.4,6.3,0.638,2.31,21.9,0.225,0.632,0.423,13.131,13.1,0.651,0.673,1.0,1.0,19.9,99.5,82.92,99.0,0.501,W,1
0022100924,1610612749,Milwaukee,Bucks,MIL,bucks,240:00,631.1,126.2,519.6,103.9,111.5,22.3,0.625,1.92,17.0,0.396,0.774,0.6,12.621,12.6,0.538,0.606,1.0,0.992,20.5,102.5,85.42,103.0,0.645,W,1
0022100924,1610612766,Charlotte,Hornets,CHA,hornets,240:00,519.6,103.9,631.1,126.2,-111.5,-22.3,0.611,2.44,15.9,0.226,0.604,0.4,8.824,8.8,0.462,0.495,1.0,0.983,20.5,102.5,85.42,102.0,0.355,L,0
0022100923,1610612763,Memphis,Grizzlies,MEM,grizzlies,240:00,572.8,114.6,504.8,101.0,68.0,13.6,0.5,1.33,17.1,0.289,0.733,0.543,17.476,17.5,0.601,0.606,1.0,0.983,20.7,103.5,86.25,103.0,0.554,W,1
0022100923,1610612759,San Antonio,Spurs,SAS,spurs,240:00,504.8,101.0,572.8,114.6,-68.0,-13.6,0.732,3.33,20.0,0.267,0.711,0.457,8.654,8.7,0.46,0.489,1.0,0.975,20.7,103.5,86.25,104.0,0.446,L,0
0022100921,1610612753,Orlando,Magic,ORL,magic,240:00,589.1,117.8,504.9,101.0,84.2,16.8,0.644,2.64,20.0,0.302,0.821,0.522,10.891,10.9,0.531,0.563,1.0,0.991,20.3,101.5,84.58,101.0,0.557,W,1
0022100921,1610612754,Indiana,Pacers,IND,pacers,240:00,504.9,101.0,589.1,117.8,-84.2,-16.8,0.629,1.0,16.8,0.179,0.698,0.478,21.569,21.6,0.59,0.62,1.0,0.963,20.3,101.5,84.58,102.0,0.443,L,0
0022100922,1610612748,Miami,Heat,MIA,heat,240:00,577.3,115.5,505.1,101.0,72.2,14.4,0.7,2.0,20.7,0.222,0.727,0.472,14.433,14.4,0.568,0.606,1.0,0.991,19.5,97.5,81.25,97.0,0.568,W,1
0022100922,1610612741,Chicago,Bulls,CHI,bulls,240:00,505.1,101.0,577.3,115.5,-72.2,-14.4,0.561,1.44,17.4,0.273,0.778,0.528,16.327,16.3,0.53,0.546,1.0,0.963,19.5,97.5,81.25,98.0,0.432,L,0
0022100925,1610612760,Oklahoma City,Thunder,OKC,thunder,240:00,514.0,102.8,623.8,124.8,-109.8,-22.0,0.7,1.65,19.0,0.255,0.744,0.479,15.888,15.9,0.529,0.562,1.0,0.966,21.2,106.0,88.33,107.0,0.414,L,0
0022100925,1610612758,Sacramento,Kings,SAC,kings,240:00,623.8,124.8,514.0,102.8,109.8,22.0,0.612,1.76,20.5,0.256,0.745,0.521,16.19,16.2,0.621,0.654,1.0,0.991,21.2,106.0,88.33,105.0,0.586,W,1
0022100918,1610612757,Portland,Trail Blazers,POR,blazers,240:00,442.3,88.5,584.9,117.0,-142.6,-28.5,0.647,1.47,15.8,0.21,0.711,0.421,14.423,14.4,0.407,0.449,1.0,1.0,21.0,105.0,87.5,104.0,0.311,L,0
0022100918,1610612743,Denver,Nuggets,DEN,nuggets,240:00,584.9,117.0,442.3,88.5,142.6,28.5,0.636,1.87,19.3,0.289,0.79,0.579,14.151,14.2,0.581,0.622,1.0,0.974,21.0,105.0,87.5,106.0,0.689,W,1
0022100919,1610612747,Los Angeles,Lakers,LAL,lakers,240:00,448.1,89.6,585.7,117.1,-137.6,-27.5,0.429,0.65,11.4,0.22,0.714,0.465,21.698,21.7,0.458,0.512,1.0,0.974,21.1,105.5,87.92,106.0,0.336,L,0
0022100919,1610612740,New Orleans,Pelicans,NOP,pelicans,240:00,585.7,117.1,448.1,89.6,137.6,27.5,0.617,1.93,19.6,0.286,0.78,0.535,14.286,14.3,0.582,0.597,1.0,0.992,21.1,105.5,87.92,105.0,0.664,W,1
0022100912,1610612752,New York,Knicks,NYK,knicks,240:00,524.0,104.8,595.2,119.0,-71.2,-14.2,0.553,1.17,15.0,0.283,0.86,0.542,17.308,17.3,0.512,0.543,1.0,0.992,20.9,104.5,87.08,104.0,0.373,L,0
0022100912,1610612755,Philadelphia,76ers,PHI,sixers,240:00,595.2,119.0,524.0,104.8,71.2,14.2,0.737,2.8,20.3,0.14,0.717,0.458,9.524,9.5,0.551,0.642,1.0,0.982,20.9,104.5,87.08,105.0,0.627,W,1
0022100913,1610612756,Phoenix,Suns,PHX,suns,240:00,633.3,126.7,648.4,129.7,-15.0,-3.0,0.545,2.67,18.8,0.318,0.547,0.443,10.0,10.0,0.587,0.613,1.0,0.981,18.1,90.5,75.42,90.0,0.508,L,0
0022100913,1610612762,Utah,Jazz,UTA,jazz,240:00,648.4,129.7,633.3,126.7,15.0,3.0,0.523,2.3,16.7,0.453,0.682,0.557,10.989,11.0,0.559,0.574,1.0,0.965,18.1,90.5,75.42,91.0,0.492,W,1
0022100917,1610612744,Golden State,Warriors,GSW,warriors,240:00,515.3,103.1,545.9,109.2,-30.6,-6.1,0.692,2.45,19.4,0.259,0.814,0.505,11.224,11.2,0.489,0.506,1.0,0.973,19.6,98.0,81.67,98.0,0.482,L,0
0022100917,1610612742,Dallas,Mavericks,DAL,mavericks,240:00,545.9,109.2,515.3,103.1,30.6,6.1,0.41,0.89,13.1,0.186,0.741,0.495,18.367,18.4,0.583,0.616,1.0,0.981,19.6,98.0,81.67,98.0,0.518,W,1
0022100915,1610612766,Charlotte,Hornets,CHA,hornets,265:00,583.3,116.7,577.3,115.5,6.1,1.2,0.556,1.47,17.1,0.306,0.597,0.468,15.741,15.7,0.579,0.606,1.0,1.0,19.74,98.72,82.26,108.0,0.522,L,0
0022100915,1610612765,Detroit,Pistons,DET,pistons,265:00,577.3,115.5,583.3,116.7,-6.1,-1.2,0.6,2.0,18.4,0.403,0.694,0.532,13.636,13.6,0.518,0.539,1.0,0.985,19.74,98.72,82.26,110.0,0.478,W,1
0022100916,1610612745,Houston,Rockets,HOU,rockets,240:00,505.2,101.0,510.3,102.1,-5.2,-1.0,0.743,3.71,19.5,0.197,0.733,0.425,7.216,7.2,0.473,0.49,1.0,0.991,19.4,97.0,80.83,97.0,0.451,L,0
0022100916,1610612746,LA,Clippers,LAC,clippers,240:00,510.3,102.1,505.2,101.0,5.2,1.0,0.529,1.0,14.2,0.267,0.803,0.575,18.557,18.6,0.513,0.554,1.0,0.982,19.4,97.0,80.83,97.0,0.549,W,1
0022100914,1610612754,Indiana,Pacers,IND,pacers,240:00,653.1,130.6,540.4,108.1,112.7,22.5,0.532,1.79,18.2,0.333,0.741,0.556,14.286,14.3,0.617,0.648,1.0,1.0,19.7,98.5,82.08,98.0,0.559,W,1
0022100914,1610612738,Boston,Celtics,BOS,celtics,240:00,540.4,108.1,653.1,130.6,-112.7,-22.5,0.641,2.5,18.1,0.259,0.667,0.444,10.101,10.1,0.495,0.536,1.0,0.973,19.7,98.5,82.08,99.0,0.441,L,0
0022100907,1610612739,Cleveland,Cavaliers,CLE,cavaliers,240:00,489.4,97.9,462.4,92.5,27.0,5.4,0.688,1.57,16.8,0.302,0.809,0.54,14.894,14.9,0.434,0.492,1.0,0.972,18.7,93.5,77.92,94.0,0.574,W,1
0022100907,1610612764,Washington,Wizards,WAS,wizards,240:00,462.4,92.5,489.4,97.9,-27.0,-5.4,0.543,1.06,15.7,0.191,0.698,0.46,19.355,19.4,0.5,0.514,1.0,0.99,18.7,93.5,77.92,93.0,0.426,L,0
0022100905,1610612765,Detroit,Pistons,DET,pistons,240:00,541.7,108.3,594.7,118.9,-53.1,-10.6,0.462,1.29,13.8,0.327,0.739,0.526,14.583,14.6,0.489,0.538,1.0,0.973,19.1,95.5,79.58,96.0,0.423,L,0
0022100905,1610612738,Boston,Celtics,BOS,celtics,240:00,594.7,118.9,541.7,108.3,53.1,10.6,0.738,3.1,22.5,0.261,0.673,0.474,10.526,10.5,0.534,0.581,1.0,0.991,19.1,95.5,79.58,95.0,0.577,W,1
0022100908,1610612748,Miami,Heat,MIA,heat,240:00,633.3,126.7,614.3,122.9,19.0,3.8,0.532,2.08,18.4,0.15,0.636,0.405,11.429,11.4,0.639,0.667,1.0,0.991,21.0,105.0,87.5,105.0,0.517,W,1
0022100908,1610612759,San Antonio,Spurs,SAS,spurs,240:00,614.3,122.9,633.3,126.7,-19.0,-3.8,0.66,1.5,21.4,0.364,0.85,0.595,20.952,21.0,0.633,0.656,1.0,0.967,21.0,105.0,87.5,105.0,0.483,L,0
0022100910,1610612749,Milwaukee,Bucks,MIL,bucks,240:00,597.1,119.4,611.7,122.3,-14.6,-2.9,0.585,1.6,17.8,0.233,0.736,0.51,14.563,14.6,0.628,0.649,1.0,0.991,20.6,103.0,85.83,103.0,0.491,L,0
0022100910,1610612751,Brooklyn,Nets,BKN,nets,240:00,611.7,122.3,597.1,119.4,14.6,2.9,0.545,2.67,17.0,0.264,0.767,0.49,8.738,8.7,0.549,0.591,1.0,0.966,20.6,103.0,85.83,103.0,0.509,W,1
0022100906,1610612737,Atlanta,Hawks,ATL,hawks,240:00,635.0,127.0,500.0,100.0,135.0,27.0,0.563,2.25,20.5,0.139,0.721,0.505,12.0,12.0,0.657,0.685,1.0,0.981,20.0,100.0,83.33,100.0,0.676,W,1
0022100906,1610612761,Toronto,Raptors,TOR,raptors,240:00,500.0,100.0,635.0,127.0,-135.0,-27.0,0.658,1.92,17.9,0.279,0.861,0.495,13.0,13.0,0.453,0.484,1.0,0.983,20.0,100.0,83.33,100.0,0.324,L,0
0022100911,1610612743,Denver,Nuggets,DEN,nuggets,240:00,552.9,110.6,528.8,105.8,24.0,4.8,0.763,1.93,20.4,0.188,0.768,0.5,14.423,14.4,0.561,0.607,1.0,0.956,20.8,104.0,86.67,104.0,0.554,W,1
0022100911,1610612758,Sacramento,Kings,SAC,kings,240:00,528.8,105.8,552.9,110.6,-24.0,-4.8,0.632,1.85,17.1,0.232,0.813,0.5,12.5,12.5,0.478,0.531,1.0,0.983,20.8,104.0,86.67,104.0,0.446,L,0
0022100909,1610612741,Chicago,Bulls,CHI,bulls,240:00,528.8,105.8,547.2,109.4,-18.3,-3.7,0.436,1.7,12.7,0.228,0.621,0.426,9.615,9.6,0.468,0.518,1.0,0.991,21.0,105.0,87.5,104.0,0.463,L,0
0022100909,1610612763,Memphis,Grizzlies,MEM,grizzlies,240:00,547.2,109.4,528.8,105.8,18.3,3.7,0.523,1.64,15.3,0.379,0.772,0.574,13.208,13.2,0.475,0.52,1.0,0.976,21.0,105.0,87.5,106.0,0.537,W,1
0022100901,1610612750,Minnesota,Timberwolves,MIN,timberwolves,240:00,500.0,100.0,652.0,130.4,-152.0,-30.4,0.639,1.44,16.8,0.231,0.795,0.49,15.686,15.7,0.471,0.526,1.0,0.982,20.4,102.0,85.0,102.0,0.345,L,0
0022100901,1610612755,Philadelphia,76ers,PHI,sixers,240:00,652.0,130.4,500.0,100.0,152.0,30.4,0.714,2.5,21.3,0.205,0.769,0.51,11.765,11.8,0.628,0.68,1.0,0.973,20.4,102.0,85.0,102.0,0.655,W,1
0022100897,1610612754,Indiana,Pacers,IND,pacers,265:00,553.1,110.6,575.9,115.2,-22.8,-4.6,0.633,2.21,19.9,0.211,0.759,0.477,12.389,12.4,0.554,0.565,1.0,0.984,20.38,101.89,84.91,113.0,0.495,L,0
0022100897,1610612760,Oklahoma City,Thunder,OKC,thunder,265:00,575.9,115.2,553.1,110.6,22.8,4.6,0.46,2.09,15.5,0.241,0.789,0.523,9.821,9.8,0.55,0.578,1.0,0.984,20.38,101.89,84.91,112.0,0.505,W,1
0022100903,1610612762,Utah,Jazz,UTA,jazz,240:00,606.4,121.3,586.0,117.2,20.4,4.1,0.55,1.22,17.5,0.306,0.761,0.561,19.149,19.1,0.649,0.681,1.0,0.981,18.7,93.5,77.92,94.0,0.568,W,1
0022100903,1610612742,Dallas,Mavericks,DAL,mavericks,240:00,586.0,117.2,606.4,121.3,-20.4,-4.1,0.524,1.83,17.5,0.239,0.694,0.439,12.903,12.9,0.574,0.595,1.0,0.981,18.7,93.5,77.92,93.0,0.432,L,0
0022100902,1610612756,Phoenix,Suns,PHX,suns,240:00,520.4,104.1,590.9,118.2,-70.5,-14.1,0.639,1.64,17.4,0.224,0.596,0.416,14.286,14.3,0.512,0.551,1.0,0.991,19.7,98.5,82.08,98.0,0.409,L,0
0022100902,1610612740,New Orleans,Pelicans,NOP,pelicans,240:00,590.9,118.2,520.4,104.1,70.5,14.1,0.553,1.91,14.9,0.404,0.776,0.584,11.111,11.1,0.483,0.557,1.0,0.967,19.7,98.5,82.08,99.0,0.591,W,1
0022100904,1610612747,Los Angeles,Lakers,LAL,lakers,240:00,505.0,101.0,514.7,102.9,-9.8,-2.0,0.462,1.5,13.5,0.246,0.778,0.48,11.881,11.9,0.462,0.499,1.0,0.991,20.3,101.5,84.58,101.0,0.453,L,0
0022100904,1610612746,LA,Clippers,LAC,clippers,240:00,514.7,102.9,505.0,101.0,9.8,2.0,0.61,1.47,18.2,0.222,0.754,0.52,16.667,16.7,0.554,0.575,1.0,0.955,20.3,101.5,84.58,102.0,0.547,W,1
0022100896,1610612766,Charlotte,Hornets,CHA,hornets,240:00,612.7,122.5,455.9,91.2,156.9,31.4,0.654,1.89,22.7,0.341,0.78,0.574,17.647,17.6,0.633,0.638,1.0,0.974,20.4,102.0,85.0,102.0,0.678,W,1
0022100896,1610612761,Toronto,Raptors,TOR,raptors,240:00,455.9,91.2,612.7,122.5,-156.9,-31.4,0.486,1.06,13.8,0.22,0.659,0.426,16.667,16.7,0.476,0.494,1.0,0.982,20.4,102.0,85.0,102.0,0.322,L,0
0022100900,1610612752,New York,Knicks,NYK,knicks,240:00,485.4,97.1,558.3,111.7,-72.8,-14.6,0.633,1.06,14.5,0.18,0.872,0.515,17.476,17.5,0.493,0.55,1.0,0.982,20.6,103.0,85.83,103.0,0.378,L,0
0022100900,1610612748,Miami,Heat,MIA,heat,240:00,558.3,111.7,485.4,97.1,72.8,14.6,0.564,2.2,16.9,0.128,0.82,0.485,9.709,9.7,0.536,0.584,1.0,0.972,20.6,103.0,85.83,103.0,0.622,W,1
0022100899,1610612764,Washington,Wizards,WAS,wizards,290:00,616.9,123.4,643.4,128.7,-26.5,-5.3,0.61,2.25,20.6,0.288,0.63,0.462,12.903,12.9,0.62,0.645,1.0,0.957,20.36,101.79,84.83,124.0,0.483,L,0
0022100899,1610612759,San Antonio,Spurs,SAS,spurs,290:00,643.4,128.7,616.9,123.4,26.5,5.3,0.614,2.06,19.8,0.37,0.712,0.538,13.934,13.9,0.586,0.633,1.0,0.993,20.36,101.79,84.83,122.0,0.517,W,1
0022100898,1610612753,Orlando,Magic,ORL,magic,240:00,566.7,113.3,533.7,106.7,33.0,6.6,0.476,1.05,14.7,0.256,0.789,0.56,18.095,18.1,0.584,0.621,1.0,0.966,20.9,104.5,87.08,105.0,0.561,W,1
0022100898,1610612745,Houston,Rockets,HOU,rockets,240:00,533.7,106.7,566.7,113.3,-33.0,-6.6,0.5,1.69,16.1,0.211,0.744,0.44,12.5,12.5,0.543,0.54,1.0,1.0,20.9,104.5,87.08,104.0,0.439,L,0
0022100890,1610612751,Brooklyn,Nets,BKN,nets,240:00,504.8,101.0,626.2,125.2,-121.5,-24.3,0.641,2.27,17.1,0.281,0.805,0.5,10.476,10.5,0.452,0.498,1.0,0.959,20.8,104.0,86.67,105.0,0.395,L,0
0022100890,1610612738,Boston,Celtics,BOS,celtics,240:00,626.2,125.2,504.8,101.0,121.5,24.3,0.609,2.0,20.1,0.195,0.719,0.5,13.592,13.6,0.641,0.666,1.0,0.991,20.8,104.0,86.67,103.0,0.605,W,1
0022100895,1610612758,Sacramento,Kings,SAC,kings,240:00,534.0,106.8,615.4,123.1,-81.4,-16.3,0.581,1.67,18.7,0.159,0.744,0.434,14.563,14.6,0.552,0.586,1.0,1.0,20.7,103.5,86.25,103.0,0.432,L,0
0022100895,1610612743,Denver,Nuggets,DEN,nuggets,240:00,615.4,123.1,534.0,106.8,81.4,16.3,0.625,1.76,21.0,0.256,0.841,0.566,16.346,16.3,0.645,0.675,1.0,0.973,20.7,103.5,86.25,104.0,0.568,W,1
0022100889,1610612765,Detroit,Pistons,DET,pistons,240:00,552.1,110.4,542.1,108.4,10.0,2.0,0.657,2.09,17.0,0.321,0.796,0.549,11.458,11.5,0.471,0.539,1.0,0.982,19.1,95.5,79.58,96.0,0.537,W,1
0022100889,1610612739,Cleveland,Cavaliers,CLE,cavaliers,240:00,542.1,108.4,552.1,110.4,-10.0,-2.0,0.588,1.67,16.0,0.204,0.679,0.451,12.632,12.6,0.519,0.56,1.0,0.99,19.1,95.5,79.58,95.0,0.463,L,0
0022100893,1610612760,Oklahoma City,Thunder,OKC,thunder,240:00,486.0,97.2,584.9,117.0,-98.9,-19.8,0.5,1.38,15.9,0.184,0.878,0.5,14.953,15.0,0.505,0.531,1.0,0.974,21.3,106.5,88.75,107.0,0.388,L,0
0022100893,1610612756,Phoenix,Suns,PHX,suns,240:00,584.9,117.0,486.0,97.2,98.9,19.8,0.696,2.0,22.4,0.122,0.816,0.5,15.094,15.1,0.61,0.651,1.0,0.991,21.3,106.5,88.75,106.0,0.612,W,1
0022100891,1610612741,Chicago,Bulls,CHI,bulls,240:00,560.0,112.0,545.5,109.1,14.5,2.9,0.39,1.78,12.9,0.205,0.633,0.452,9.0,9.0,0.536,0.584,1.0,0.972,19.9,99.5,82.92,100.0,0.565,W,1
0022100891,1610612737,Atlanta,Hawks,ATL,hawks,240:00,545.5,109.1,560.0,112.0,-14.5,-2.9,0.488,2.0,14.2,0.367,0.795,0.548,10.101,10.1,0.464,0.496,1.0,0.983,19.9,99.5,82.92,99.0,0.435,L,0
0022100892,1610612750,Minnesota,Timberwolves,MIN,timberwolves,240:00,595.0,119.0,564.4,112.9,30.6,6.1,0.605,2.17,18.1,0.34,0.507,0.433,12.0,12.0,0.548,0.572,1.0,0.992,20.1,100.5,83.75,100.0,0.516,W,1
0022100892,1610612763,Memphis,Grizzlies,MEM,grizzlies,240:00,564.4,112.9,595.0,119.0,-30.6,-6.1,0.658,1.56,15.7,0.493,0.66,0.567,15.842,15.8,0.434,0.493,1.0,0.97,20.1,100.5,83.75,101.0,0.484,L,0
0022100894,1610612757,Portland,Trail Blazers,POR,blazers,240:00,484.7,96.9,660.0,132.0,-175.3,-35.1,0.516,0.89,12.7,0.235,0.6,0.406,18.367,18.4,0.449,0.518,1.0,1.0,19.8,99.0,82.5,98.0,0.248,L,0
0022100894,1610612744,Golden State,Warriors,GSW,warriors,240:00,660.0,132.0,484.7,96.9,175.3,35.1,0.8,3.0,23.8,0.4,0.765,0.594,12.0,12.0,0.597,0.647,1.0,0.991,19.8,99.0,82.5,100.0,0.752,W,1
0022100886,1610612740,New Orleans,Pelicans,NOP,pelicans,240:00,614.6,122.9,657.9,131.6,-43.3,-8.7,0.478,1.69,16.2,0.353,0.8,0.549,13.542,13.5,0.565,0.583,1.0,0.982,19.1,95.5,79.58,96.0,0.486,L,0
0022100886,1610612742,Dallas,Mavericks,DAL,mavericks,240:00,657.9,131.6,614.6,122.9,43.3,8.7,0.409,2.0,14.9,0.2,0.647,0.451,9.474,9.5,0.652,0.672,1.0,0.981,19.1,95.5,79.58,95.0,0.514,W,1
0022100888,1610612746,LA,Clippers,LAC,clippers,240:00,657.4,131.5,523.6,104.7,133.8,26.8,0.667,1.89,21.5,0.381,0.774,0.6,16.667,16.7,0.652,0.686,1.0,0.952,21.4,107.0,89.17,108.0,0.647,W,1
0022100888,1610612745,Houston,Rockets,HOU,rockets,240:00,523.6,104.7,657.4,131.5,-133.8,-26.8,0.69,1.53,19.7,0.226,0.619,0.4,17.925,17.9,0.533,0.559,1.0,0.992,21.4,107.0,89.17,106.0,0.353,L,0
0022100887,1610612749,Milwaukee,Bucks,MIL,bucks,240:00,588.2,117.6,597.1,119.4,-8.9,-1.8,0.476,2.86,14.8,0.264,0.773,0.495,6.863,6.9,0.516,0.559,1.0,1.0,20.5,102.5,85.42,102.0,0.475,L,0
0022100887,1610612755,Philadelphia,76ers,PHI,sixers,240:00,597.1,119.4,588.2,117.6,8.9,1.8,0.477,1.75,15.9,0.227,0.736,0.505,11.65,11.7,0.568,0.616,1.0,1.0,20.5,102.5,85.42,103.0,0.525,W,1
0022100885,1610612766,Charlotte,Hornets,CHA,hornets,290:00,490.8,98.2,504.5,100.9,-13.7,-2.7,0.711,1.5,17.5,0.295,0.662,0.484,16.514,16.5,0.453,0.494,1.0,0.992,18.12,90.62,75.52,109.0,0.469,L,0
0022100885,1610612748,Miami,Heat,MIA,heat,290:00,504.5,100.9,490.8,98.2,13.7,2.7,0.756,2.07,19.3,0.338,0.705,0.516,13.636,13.6,0.471,0.495,1.0,0.977,18.12,90.62,75.52,110.0,0.531,W,1
0022100464,1610612751,Brooklyn,Nets,BKN,nets,240:00,525.5,105.1,603.1,120.6,-77.6,-15.5,0.528,1.19,14.0,0.339,0.75,0.51,16.327,16.3,0.483,0.517,1.0,0.974,19.5,97.5,81.25,98.0,0.378,L,0
0022100464,1610612764,Washington,Wizards,WAS,wizards,240:00,603.1,120.6,525.5,105.1,77.6,15.5,0.565,1.63,19.5,0.25,0.661,0.49,16.495,16.5,0.627,0.65,1.0,0.981,19.5,97.5,81.25,97.0,0.622,W,1
0022100875,1610612738,Boston,Celtics,BOS,celtics,240:00,560.6,112.1,565.7,113.1,-5.1,-1.0,0.69,1.71,21.8,0.143,0.627,0.43,17.172,17.2,0.63,0.654,1.0,0.962,19.8,99.0,82.5,99.0,0.523,L,0
0022100875,1610612765,Detroit,Pistons,DET,pistons,240:00,565.7,113.1,560.6,112.1,5.1,1.0,0.651,1.65,19.2,0.373,0.857,0.57,17.172,17.2,0.548,0.567,1.0,0.975,19.8,99.0,82.5,99.0,0.477,W,1
0022100880,1610612750,Minnesota,Timberwolves,MIN,timberwolves,240:00,464.3,92.9,520.2,104.0,-55.9,-11.2,0.767,1.35,17.8,0.16,0.745,0.455,17.347,17.3,0.455,0.507,1.0,0.962,19.7,98.5,82.08,98.0,0.442,L,0
0022100880,1610612761,Toronto,Raptors,TOR,raptors,240:00,520.2,104.0,464.3,92.9,55.9,11.2,0.525,1.62,15.8,0.255,0.84,0.545,13.131,13.1,0.5,0.534,1.0,0.973,19.7,98.5,82.08,99.0,0.558,W,1
0022100883,1610612744,Golden State,Warriors,GSW,warriors,240:00,563.1,112.6,568.0,113.6,-4.9,-1.0,0.578,2.36,19.0,0.178,0.646,0.419,10.68,10.7,0.575,0.595,1.0,0.973,20.6,103.0,85.83,103.0,0.514,L,0
0022100883,1610612743,Denver,Nuggets,DEN,nuggets,240:00,568.0,113.6,563.1,112.6,4.9,1.0,0.628,1.42,18.4,0.354,0.822,0.581,18.447,18.4,0.549,0.584,1.0,0.975,20.6,103.0,85.83,103.0,0.486,W,1
0022100882,1610612756,Phoenix,Suns,PHX,suns,240:00,579.4,115.9,570.8,114.2,8.7,1.7,0.614,2.45,18.9,0.2,0.649,0.451,10.28,10.3,0.552,0.609,1.0,0.974,21.3,106.5,88.75,107.0,0.572,W,1
0022100882,1610612745,Houston,Rockets,HOU,rockets,240:00,570.8,114.2,579.4,115.9,-8.7,-1.7,0.548,1.44,15.4,0.351,0.8,0.549,15.094,15.1,0.5,0.553,1.0,0.992,21.3,106.5,88.75,106.0,0.428,L,0
0022100876,1610612754,Indiana,Pacers,IND,pacers,240:00,570.7,114.1,556.7,111.3,14.0,2.8,0.667,2.73,21.9,0.222,0.717,0.49,11.111,11.1,0.566,0.59,1.0,1.0,19.6,98.0,81.67,99.0,0.564,W,1
0022100876,1610612764,Washington,Wizards,WAS,wizards,240:00,556.7,111.3,570.7,114.1,-14.0,-2.8,0.641,1.92,18.2,0.283,0.778,0.51,13.402,13.4,0.522,0.551,1.0,0.991,19.6,98.0,81.67,97.0,0.436,L,0
0022100879,1610612763,Memphis,Grizzlies,MEM,grizzlies,240:00,619.8,124.0,634.0,126.8,-14.2,-2.8,0.541,2.0,14.9,0.353,0.644,0.49,10.417,10.4,0.5,0.575,1.0,0.991,19.3,96.5,80.42,96.0,0.481,L,0
0022100879,1610612757,Portland,Trail Blazers,POR,blazers,240:00,634.0,126.8,619.8,124.0,14.2,2.8,0.535,1.92,17.0,0.356,0.647,0.51,12.371,12.4,0.582,0.621,1.0,0.982,19.3,96.5,80.42,97.0,0.519,W,1
0022100878,1610612741,Chicago,Bulls,CHI,bulls,240:00,606.8,121.4,578.4,115.7,28.4,5.7,0.532,1.92,17.4,0.34,0.833,0.573,12.621,12.6,0.564,0.608,1.0,0.958,20.5,102.5,85.42,103.0,0.516,W,1
0022100878,1610612758,Sacramento,Kings,SAC,kings,240:00,578.4,115.7,606.8,121.4,-28.4,-5.7,0.558,1.85,18.0,0.167,0.66,0.427,12.745,12.7,0.583,0.63,1.0,0.991,20.5,102.5,85.42,102.0,0.484,L,0
0022100877,1610612752,New York,Knicks,NYK,knicks,240:00,557.9,111.6,584.2,116.8,-26.3,-5.3,0.595,2.2,17.2,0.224,0.61,0.435,10.526,10.5,0.529,0.57,1.0,0.972,19.0,95.0,79.17,95.0,0.526,L,0
0022100877,1610612751,Brooklyn,Nets,BKN,nets,240:00,584.2,116.8,557.9,111.6,26.3,5.3,0.488,2.33,15.1,0.39,0.776,0.565,9.474,9.5,0.495,0.513,1.0,0.983,19.0,95.0,79.17,95.0,0.474,W,1
0022100881,1610612760,Oklahoma City,Thunder,OKC,thunder,240:00,514.6,102.9,553.4,110.7,-38.8,-7.8,0.61,3.13,17.0,0.299,0.672,0.472,7.767,7.8,0.443,0.468,1.0,0.992,20.6,103.0,85.83,103.0,0.434,L,0
0022100881,1610612759,San Antonio,Spurs,SAS,spurs,240:00,553.4,110.7,514.6,102.9,38.8,7.8,0.674,2.07,19.3,0.328,0.701,0.528,13.592,13.6,0.49,0.529,1.0,0.983,20.6,103.0,85.83,103.0,0.566,W,1
0022100884,1610612747,Los Angeles,Lakers,LAL,lakers,240:00,569.9,114.0,537.2,107.4,32.7,6.5,0.585,2.0,18.2,0.3,0.767,0.516,12.903,12.9,0.535,0.554,1.0,0.981,18.7,93.5,77.92,93.0,0.523,W,1
0022100884,1610612762,Utah,Jazz,UTA,jazz,240:00,537.2,107.4,569.9,114.0,-32.7,-6.5,0.459,1.31,14.0,0.233,0.7,0.484,13.83,13.8,0.538,0.578,1.0,0.971,18.7,93.5,77.92,94.0,0.477,L,0
0022100874,1610612753,Orlando,Magic,ORL,magic,240:00,539.6,107.9,643.6,128.7,-104.0,-20.8,0.548,1.77,16.4,0.298,0.688,0.476,12.871,12.9,0.495,0.525,1.0,0.991,20.2,101.0,84.17,101.0,0.419,L,0
0022100874,1610612737,Atlanta,Hawks,ATL,hawks,240:00,643.6,128.7,539.6,107.9,104.0,20.8,0.511,2.09,16.5,0.313,0.702,0.524,10.891,10.9,0.6,0.635,1.0,0.983,20.2,101.0,84.17,101.0,0.581,W,1
0022100870,1610612749,Milwaukee,Bucks,MIL,bucks,240:00,603.8,120.8,577.7,115.5,26.1,5.2,0.583,1.87,19.6,0.238,0.769,0.532,14.151,14.2,0.616,0.645,1.0,0.948,20.9,104.5,87.08,106.0,0.551,W,1
0022100870,1610612754,Indiana,Pacers,IND,pacers,240:00,577.7,115.5,603.8,120.8,-26.1,-5.2,0.681,2.67,21.9,0.231,0.762,0.468,11.65,11.7,0.597,0.587,1.0,0.991,20.9,104.5,87.08,103.0,0.449,L,0
0022100872,1610612740,New Orleans,Pelicans,NOP,pelicans,240:00,567.7,113.5,623.7,124.7,-56.0,-11.2,0.455,1.33,15.4,0.304,0.529,0.423,15.625,15.6,0.523,0.563,1.0,1.0,19.3,96.5,80.42,96.0,0.433,L,0
0022100872,1610612763,Memphis,Grizzlies,MEM,grizzlies,240:00,623.7,124.7,567.7,113.5,56.0,11.2,0.617,2.23,19.5,0.471,0.696,0.577,13.402,13.4,0.553,0.571,1.0,0.975,19.3,96.5,80.42,97.0,0.567,W,1
0022100871,1610612750,Minnesota,Timberwolves,MIN,timberwolves,265:00,529.4,105.9,508.5,101.7,20.9,4.2,0.674,2.07,16.7,0.351,0.73,0.526,11.765,11.8,0.454,0.492,1.0,0.972,21.46,107.32,89.43,119.0,0.48,W,1
0022100871,1610612766,Charlotte,Hornets,CHA,hornets,265:00,508.5,101.7,529.4,105.9,-20.9,-4.2,0.738,2.21,18.7,0.27,0.649,0.474,11.864,11.9,0.451,0.507,1.0,0.985,21.46,107.32,89.43,118.0,0.52,L,0
0022100867,1610612737,Atlanta,Hawks,ATL,hawks,240:00,659.6,131.9,617.0,123.4,42.6,8.5,0.581,2.27,19.2,0.316,0.674,0.506,11.702,11.7,0.625,0.675,1.0,0.99,18.8,94.0,78.33,94.0,0.535,W,1
0022100867,1610612739,Cleveland,Cavaliers,CLE,cavaliers,240:00,617.0,123.4,659.6,131.9,-42.6,-8.5,0.667,2.31,21.7,0.326,0.684,0.494,13.83,13.8,0.602,0.622,1.0,0.981,18.8,94.0,78.33,94.0,0.465,L,0
0022100873,1610612756,Phoenix,Suns,PHX,suns,240:00,520.2,104.0,484.8,97.0,35.4,7.1,0.682,1.76,21.0,0.292,0.695,0.514,17.172,17.2,0.533,0.546,1.0,0.973,19.8,99.0,82.5,99.0,0.552,W,1
0022100873,1610612746,LA,Clippers,LAC,clippers,240:00,484.8,97.0,520.2,104.0,-35.4,-7.1,0.65,1.86,18.2,0.305,0.708,0.486,14.141,14.1,0.464,0.475,1.0,0.974,19.8,99.0,82.5,99.0,0.448,L,0
0022100869,1610612755,Philadelphia,76ers,PHI,sixers,240:00,462.8,92.6,725.8,145.2,-263.0,-52.6,0.739,1.89,13.4,0.262,0.744,0.45,9.574,9.6,0.338,0.448,1.0,0.973,18.7,93.5,77.92,94.0,0.287,L,0
0022100869,1610612738,Boston,Celtics,BOS,celtics,240:00,725.8,145.2,462.8,92.6,263.0,52.6,0.609,2.55,21.4,0.256,0.738,0.55,11.828,11.8,0.713,0.736,1.0,0.971,18.7,93.5,77.92,93.0,0.713,W,1
0022100868,1610612748,Miami,Heat,MIA,heat,240:00,550.0,110.0,594.4,118.9,-44.4,-8.9,0.543,1.58,14.6,0.429,0.745,0.583,13.333,13.3,0.458,0.516,1.0,0.982,18.0,90.0,75.0,90.0,0.455,L,0
0022100868,1610612742,Dallas,Mavericks,DAL,mavericks,240:00,594.4,118.9,550.0,110.0,44.4,8.9,0.794,3.0,20.9,0.255,0.571,0.417,10.0,10.0,0.566,0.591,1.0,0.971,18.0,90.0,75.0,90.0,0.545,W,1
0022100866,1610612746,LA,Clippers,LAC,clippers,240:00,607.1,121.4,536.1,107.2,71.1,14.2,0.521,2.08,19.2,0.195,0.792,0.517,12.245,12.2,0.653,0.65,1.0,0.981,19.5,97.5,81.25,98.0,0.572,W,1
0022100866,1610612744,Golden State,Warriors,GSW,warriors,240:00,536.1,107.2,607.1,121.4,-71.1,-14.2,0.59,1.64,17.7,0.208,0.805,0.483,14.433,14.4,0.547,0.567,1.0,0.991,19.5,97.5,81.25,97.0,0.428,L,0
0022100864,1610612743,Denver,Nuggets,DEN,nuggets,240:00,560.2,112.0,513.9,102.8,46.3,9.3,0.595,1.09,16.9,0.319,0.788,0.566,21.296,21.3,0.568,0.617,1.0,0.976,21.6,108.0,90.0,108.0,0.521,W,1
0022100864,1610612753,Orlando,Magic,ORL,magic,240:00,513.9,102.8,560.2,112.0,-46.3,-9.3,0.6,1.6,16.8,0.212,0.681,0.434,13.889,13.9,0.5,0.549,1.0,0.983,21.6,108.0,90.0,108.0,0.479,L,0
0022100861,1610612741,Chicago,Bulls,CHI,bulls,240:00,582.5,116.5,534.3,106.9,48.2,9.6,0.543,1.56,18.0,0.295,0.863,0.6,15.534,15.5,0.58,0.617,1.0,0.982,20.5,102.5,85.42,103.0,0.535,W,1
0022100861,1610612759,San Antonio,Spurs,SAS,spurs,240:00,534.3,106.9,582.5,116.5,-48.2,-9.6,0.636,4.0,20.4,0.137,0.705,0.4,6.863,6.9,0.511,0.538,1.0,0.991,20.5,102.5,85.42,102.0,0.465,L,0
0022100859,1610612751,Brooklyn,Nets,BKN,nets,240:00,529.1,105.8,412.6,82.5,116.5,23.3,0.581,1.39,18.7,0.171,0.77,0.529,17.476,17.5,0.565,0.602,1.0,0.972,20.6,103.0,85.83,103.0,0.698,W,1
0022100859,1610612758,Sacramento,Kings,SAC,kings,240:00,412.6,82.5,529.1,105.8,-116.5,-23.3,0.387,0.67,9.3,0.23,0.829,0.471,17.476,17.5,0.394,0.434,1.0,0.991,20.6,103.0,85.83,103.0,0.302,L,0
0022100863,1610612740,New Orleans,Pelicans,NOP,pelicans,240:00,645.2,129.0,473.7,94.7,171.5,34.3,0.8,2.57,26.9,0.156,0.634,0.485,15.054,15.1,0.688,0.714,1.0,0.99,18.8,94.0,78.33,93.0,0.748,W,1
0022100863,1610612761,Toronto,Raptors,TOR,raptors,240:00,473.7,94.7,645.2,129.0,-171.5,-34.3,0.276,1.0,6.3,0.366,0.844,0.515,8.421,8.4,0.347,0.414,1.0,0.967,18.8,94.0,78.33,95.0,0.252,L,0
0022100862,1610612749,Milwaukee,Bucks,MIL,bucks,240:00,500.0,100.0,575.5,115.1,-75.5,-15.1,0.474,1.38,13.5,0.164,0.714,0.441,12.15,12.1,0.5,0.537,1.0,0.983,21.3,106.5,88.75,107.0,0.415,L,0
0022100862,1610612757,Portland,Trail Blazers,POR,blazers,240:00,575.5,115.1,500.0,100.0,75.5,15.1,0.667,2.14,19.7,0.286,0.836,0.559,13.208,13.2,0.545,0.568,1.0,0.984,21.3,106.5,88.75,106.0,0.585,W,1
0022100860,1610612752,New York,Knicks,NYK,knicks,265:00,554.1,110.8,582.6,116.5,-28.5,-5.7,0.622,2.0,17.3,0.354,0.769,0.538,12.613,12.6,0.486,0.523,1.0,0.97,19.92,99.62,83.02,111.0,0.469,L,0
0022100860,1610612760,Oklahoma City,Thunder,OKC,thunder,265:00,582.6,116.5,554.1,110.8,28.5,5.7,0.583,2.55,18.8,0.231,0.646,0.462,10.092,10.1,0.568,0.589,1.0,0.992,19.92,99.62,83.02,109.0,0.531,W,1
0022100865,1610612762,Utah,Jazz,UTA,jazz,240:00,703.1,140.6,531.6,106.3,171.5,34.3,0.694,2.62,23.1,0.429,0.778,0.625,13.542,13.5,0.652,0.684,1.0,0.982,19.1,95.5,79.58,96.0,0.676,W,1
0022100865,1610612745,Houston,Rockets,HOU,rockets,240:00,531.6,106.3,703.1,140.6,-171.5,-34.3,0.657,1.92,17.8,0.222,0.571,0.375,12.632,12.6,0.494,0.53,1.0,1.009,19.1,95.5,79.58,95.0,0.324,L,0
0022100858,1610612764,Washington,Wizards,WAS,wizards,240:00,542.1,108.4,494.7,98.9,47.4,9.5,0.525,1.4,16.3,0.283,0.722,0.52,15.789,15.8,0.524,0.554,1.0,0.991,19.0,95.0,79.17,95.0,0.572,W,1
0022100858,1610612765,Detroit,Pistons,DET,pistons,240:00,494.7,98.9,542.1,108.4,-47.4,-9.5,0.594,1.58,14.7,0.278,0.717,0.48,12.632,12.6,0.424,0.485,1.0,0.973,19.0,95.0,79.17,95.0,0.428,L,0
0022100857,1610612754,Indiana,Pacers,IND,pacers,240:00,594.1,118.8,645.0,129.0,-50.9,-10.2,0.622,2.15,17.9,0.466,0.767,0.594,12.871,12.9,0.505,0.537,1.0,0.977,20.1,100.5,83.75,101.0,0.472,L,0
0022100857,1610612750,Minnesota,Timberwolves,MIN,timberwolves,240:00,645.0,129.0,594.1,118.8,50.9,10.2,0.535,1.64,17.4,0.233,0.534,0.406,14.0,14.0,0.619,0.67,1.0,0.991,20.1,100.5,83.75,100.0,0.528,W,1
0022100856,1610612738,Boston,Celtics,BOS,celtics,240:00,535.7,107.1,479.8,96.0,55.9,11.2,0.583,1.75,16.0,0.231,0.729,0.495,12.245,12.2,0.488,0.542,1.0,0.991,19.7,98.5,82.08,98.0,0.594,W,1
0022100856,1610612737,Atlanta,Hawks,ATL,hawks,240:00,479.8,96.0,535.7,107.1,-55.9,-11.2,0.529,1.38,13.5,0.271,0.769,0.505,13.131,13.1,0.43,0.477,1.0,0.974,19.7,98.5,82.08,99.0,0.406,L,0
0022100851,1610612748,Miami,Heat,MIA,heat,240:00,575.0,115.0,560.6,112.1,14.4,2.9,0.488,1.33,15.0,0.283,0.804,0.569,15.0,15.0,0.561,0.607,1.0,0.973,19.9,99.5,82.92,100.0,0.558,W,1
0022100851,1610612751,Brooklyn,Nets,BKN,nets,240:00,560.6,112.1,575.0,115.0,-14.4,-2.9,0.381,2.0,12.7,0.196,0.717,0.431,8.081,8.1,0.516,0.541,1.0,0.991,19.9,99.5,82.92,99.0,0.442,L,0
0022100850,1610612761,Toronto,Raptors,TOR,raptors,240:00,579.8,116.0,578.9,115.8,0.8,0.2,0.512,3.14,17.5,0.204,0.63,0.411,7.447,7.4,0.557,0.571,1.0,0.99,18.9,94.5,78.75,94.0,0.475,L,0
0022100850,1610612743,Denver,Nuggets,DEN,nuggets,240:00,578.9,115.8,579.8,116.0,-0.8,-0.2,0.718,1.56,20.0,0.37,0.796,0.589,18.947,18.9,0.548,0.59,1.0,0.964,18.9,94.5,78.75,95.0,0.525,W,1
0022100852,1610612741,Chicago,Bulls,CHI,bulls,240:00,514.6,102.9,500.0,100.0,14.6,2.9,0.5,1.54,14.8,0.26,0.831,0.569,12.621,12.6,0.489,0.535,1.0,0.974,20.4,102.0,85.0,103.0,0.525,W,1
0022100852,1610612760,Oklahoma City,Thunder,OKC,thunder,240:00,500.0,100.0,514.6,102.9,-14.6,-2.9,0.647,2.75,16.5,0.169,0.74,0.431,7.921,7.9,0.449,0.499,1.0,0.991,20.4,102.0,85.0,101.0,0.475,L,0
0022100853,1610612742,Dallas,Mavericks,DAL,mavericks,240:00,521.5,104.3,532.3,106.5,-10.8,-2.2,0.457,1.14,12.9,0.283,0.78,0.5,15.054,15.1,0.5,0.519,1.0,0.981,18.6,93.0,77.5,93.0,0.42,L,0
0022100853,1610612746,LA,Clippers,LAC,clippers,240:00,532.3,106.5,521.5,104.3,10.8,2.2,0.535,1.64,18.4,0.22,0.717,0.5,15.054,15.1,0.567,0.57,1.0,0.98,18.6,93.0,77.5,93.0,0.58,W,1
0022100846,1610612766,Charlotte,Hornets,CHA,hornets,240:00,541.3,108.3,573.4,114.7,-32.1,-6.4,0.718,1.65,17.9,0.328,0.661,0.483,15.596,15.6,0.474,0.529,1.0,0.992,21.8,109.0,90.83,109.0,0.436,L,0
0022100846,1610612763,Memphis,Grizzlies,MEM,grizzlies,240:00,573.4,114.7,541.3,108.3,32.1,6.4,0.66,1.82,19.6,0.339,0.672,0.517,15.596,15.6,0.547,0.566,1.0,0.992,21.8,109.0,90.83,109.0,0.564,W,1
0022100849,1610612755,Philadelphia,76ers,PHI,sixers,240:00,553.8,110.8,500.0,100.0,53.8,10.8,0.632,1.85,18.9,0.233,0.791,0.512,13.978,14.0,0.544,0.584,1.0,0.961,18.6,93.0,77.5,93.0,0.573,W,1
0022100849,1610612739,Cleveland,Cavaliers,CLE,cavaliers,240:00,500.0,100.0,553.8,110.8,-53.8,-10.8,0.583,1.24,17.1,0.209,0.767,0.488,18.28,18.3,0.519,0.556,1.0,0.961,18.6,93.0,77.5,93.0,0.427,L,0
0022100855,1610612756,Phoenix,Suns,PHX,suns,240:00,616.8,123.4,490.7,98.1,126.2,25.2,0.727,5.71,25.5,0.212,0.855,0.542,6.542,6.5,0.595,0.603,1.0,0.991,21.4,107.0,89.17,107.0,0.618,W,1
0022100855,1610612753,Orlando,Magic,ORL,magic,240:00,490.7,98.1,616.8,123.4,-126.2,-25.2,0.676,1.67,18.0,0.145,0.788,0.458,14.019,14.0,0.511,0.538,1.0,0.982,21.4,107.0,89.17,107.0,0.382,L,0
0022100847,1610612764,Washington,Wizards,WAS,wizards,240:00,572.9,114.6,640.6,128.1,-67.7,-13.5,0.634,2.6,19.1,0.275,0.771,0.477,10.417,10.4,0.54,0.566,1.0,0.973,19.2,96.0,80.0,96.0,0.432,L,0
0022100847,1610612758,Sacramento,Kings,SAC,kings,240:00,640.6,128.1,572.9,114.6,67.7,13.5,0.628,1.93,20.6,0.229,0.725,0.523,14.583,14.6,0.645,0.693,1.0,0.981,19.2,96.0,80.0,96.0,0.568,W,1
0022100854,1610612744,Golden State,Warriors,GSW,warriors,240:00,585.0,117.0,575.0,115.0,10.0,2.0,0.6,2.67,17.4,0.269,0.759,0.519,9.0,9.0,0.511,0.557,1.0,0.982,20.0,100.0,83.33,100.0,0.501,W,1
0022100854,1610612747,Los Angeles,Lakers,LAL,lakers,240:00,575.0,115.0,585.0,117.0,-10.0,-2.0,0.61,2.78,18.1,0.241,0.731,0.481,9.0,9.0,0.528,0.561,1.0,0.973,20.0,100.0,83.33,100.0,0.499,L,0
0022100848,1610612740,New Orleans,Pelicans,NOP,pelicans,240:00,581.6,116.3,639.2,127.8,-57.5,-11.5,0.512,1.47,16.5,0.311,0.809,0.565,15.306,15.3,0.557,0.595,1.0,0.991,19.5,97.5,81.25,98.0,0.457,L,0
0022100848,1610612759,San Antonio,Spurs,SAS,spurs,240:00,639.2,127.8,581.6,116.3,57.5,11.5,0.553,5.2,19.7,0.191,0.689,0.435,5.155,5.2,0.581,0.612,1.0,0.991,19.5,97.5,81.25,97.0,0.543,W,1
0022100845,1610612757,Portland,Trail Blazers,POR,blazers,240:00,560.0,112.0,520.2,104.0,39.8,8.0,0.725,1.71,20.9,0.261,0.811,0.556,17.0,17.0,0.565,0.603,1.0,0.973,19.9,99.5,82.92,100.0,0.573,W,1
0022100845,1610612752,New York,Knicks,NYK,knicks,240:00,520.2,104.0,560.0,112.0,-39.8,-8.0,0.613,1.46,14.8,0.189,0.739,0.444,13.131,13.1,0.457,0.537,1.0,0.982,19.9,99.5,82.92,99.0,0.427,L,0
0022100838,1610612765,Detroit,Pistons,DET,pistons,240:00,545.9,109.2,646.8,129.4,-100.9,-20.2,0.667,1.78,19.9,0.362,0.638,0.486,16.514,16.5,0.529,0.541,1.0,0.992,21.8,109.0,90.83,109.0,0.415,L,0
0022100838,1610612766,Charlotte,Hornets,CHA,hornets,240:00,646.8,129.4,545.9,109.2,100.9,20.2,0.667,2.0,22.4,0.362,0.638,0.514,16.514,16.5,0.649,0.658,1.0,0.992,21.8,109.0,90.83,109.0,0.585,W,1
0022100843,1610612741,Chicago,Bulls,CHI,bulls,240:00,650.5,130.1,598.0,119.6,52.4,10.5,0.582,2.13,22.7,0.212,0.78,0.554,14.563,14.6,0.713,0.723,1.0,0.963,20.5,102.5,85.42,103.0,0.554,W,1
0022100843,1610612750,Minnesota,Timberwolves,MIN,timberwolves,240:00,598.0,119.6,650.5,130.1,-52.4,-10.5,0.667,3.56,22.1,0.22,0.788,0.446,8.824,8.8,0.568,0.592,1.0,0.982,20.5,102.5,85.42,102.0,0.446,L,0
0022100840,1610612755,Philadelphia,76ers,PHI,sixers,240:00,510.2,102.0,439.4,87.9,70.8,14.2,0.528,1.73,14.1,0.3,0.714,0.5,11.224,11.2,0.425,0.479,1.0,0.991,19.7,98.5,82.08,98.0,0.556,W,1
0022100840,1610612760,Oklahoma City,Thunder,OKC,thunder,240:00,439.4,87.9,510.2,102.0,-70.8,-14.2,0.6,1.31,15.4,0.286,0.7,0.5,16.162,16.2,0.422,0.457,1.0,0.965,19.7,98.5,82.08,99.0,0.444,L,0
0022100839,1610612754,Indiana,Pacers,IND,pacers,240:00,576.5,115.3,600.0,120.0,-23.5,-4.7,0.595,1.09,17.4,0.429,0.775,0.584,23.469,23.5,0.573,0.588,1.0,0.966,19.8,99.0,82.5,98.0,0.423,L,0
0022100839,1610612739,Cleveland,Cavaliers,CLE,cavaliers,240:00,600.0,120.0,576.5,115.3,23.5,4.7,0.465,1.54,15.5,0.225,0.571,0.416,13.0,13.0,0.586,0.637,1.0,0.972,19.8,99.0,82.5,100.0,0.577,W,1
0022100844,1610612762,Utah,Jazz,UTA,jazz,240:00,564.4,112.9,495.0,99.0,69.4,13.9,0.55,1.38,16.1,0.3,0.813,0.551,15.842,15.8,0.522,0.573,1.0,0.983,20.1,100.5,83.75,101.0,0.569,W,1
0022100844,1610612753,Orlando,Magic,ORL,magic,240:00,495.0,99.0,564.4,112.9,-69.4,-13.9,0.622,1.28,17.4,0.188,0.7,0.449,18.0,18.0,0.518,0.544,1.0,0.991,20.1,100.5,83.75,100.0,0.431,L,0
0022100842,1610612738,Boston,Celtics,BOS,celtics,240:00,519.2,103.8,490.4,98.1,28.8,5.8,0.632,2.0,16.3,0.317,0.685,0.491,11.538,11.5,0.448,0.495,1.0,0.984,20.8,104.0,86.67,104.0,0.539,W,1
0022100842,1610612743,Denver,Nuggets,DEN,nuggets,240:00,490.4,98.1,519.2,103.8,-28.8,-5.8,0.59,1.1,16.0,0.315,0.683,0.509,20.192,20.2,0.494,0.521,1.0,0.983,20.8,104.0,86.67,104.0,0.461,L,0
0022100841,1610612737,Atlanta,Hawks,ATL,hawks,240:00,565.4,113.1,641.5,128.3,-76.1,-15.2,0.596,2.0,18.1,0.351,0.81,0.545,13.084,13.1,0.524,0.552,1.0,0.976,21.3,106.5,88.75,107.0,0.433,L,0
0022100841,1610612759,San Antonio,Spurs,SAS,spurs,240:00,641.5,128.3,565.4,113.1,76.1,15.2,0.74,2.64,24.5,0.19,0.649,0.455,13.208,13.2,0.656,0.685,1.0,0.991,21.3,106.5,88.75,106.0,0.567,W,1
0022100835,1610612742,Dallas,Mavericks,DAL,mavericks,240:00,589.5,117.9,564.5,112.9,25.0,5.0,0.5,1.36,15.0,0.31,0.818,0.57,14.737,14.7,0.571,0.623,1.0,0.954,18.8,94.0,78.33,95.0,0.524,W,1
0022100835,1610612746,LA,Clippers,LAC,clippers,240:00,564.5,112.9,589.5,117.9,-25.0,-5.0,0.615,2.4,19.2,0.182,0.69,0.43,10.753,10.8,0.537,0.571,1.0,1.0,18.8,94.0,78.33,93.0,0.476,L,0
0022100832,1610612764,Washington,Wizards,WAS,wizards,240:00,594.7,118.9,589.5,117.9,5.3,1.1,0.674,2.42,21.5,0.256,0.696,0.483,12.632,12.6,0.571,0.608,1.0,0.972,19.0,95.0,79.17,95.0,0.534,W,1
0022100832,1610612751,Brooklyn,Nets,BKN,nets,240:00,589.5,117.9,594.7,118.9,-5.3,-1.1,0.487,1.9,14.8,0.304,0.744,0.517,10.526,10.5,0.524,0.581,1.0,0.982,19.0,95.0,79.17,95.0,0.466,L,0
0022100836,1610612756,Phoenix,Suns,PHX,suns,240:00,661.6,132.3,535.0,107.0,126.6,25.3,0.686,4.38,24.0,0.286,0.717,0.526,8.081,8.1,0.617,0.637,1.0,0.991,19.9,99.5,82.92,99.0,0.649,W,1
0022100836,1610612749,Milwaukee,Bucks,MIL,bucks,240:00,535.0,107.0,661.6,132.3,-126.6,-25.3,0.45,1.29,13.5,0.283,0.714,0.474,14.0,14.0,0.511,0.54,1.0,0.974,19.9,99.5,82.92,100.0,0.351,L,0
0022100837,1610612744,Golden State,Warriors,GSW,warriors,240:00,575.8,115.2,591.8,118.4,-16.1,-3.2,0.643,3.38,19.9,0.204,0.6,0.413,8.081,8.1,0.544,0.579,1.0,0.963,19.7,98.5,82.08,99.0,0.514,L,0
0022100837,1610612752,New York,Knicks,NYK,knicks,240:00,591.8,118.4,575.8,115.2,16.1,3.2,0.615,1.6,16.7,0.4,0.796,0.587,15.306,15.3,0.511,0.555,1.0,0.975,19.7,98.5,82.08,98.0,0.486,W,1
0022100834,1610612745,Houston,Rockets,HOU,rockets,240:00,588.2,117.6,674.8,135.0,-86.5,-17.3,0.581,1.19,17.6,0.366,0.63,0.506,20.588,20.6,0.622,0.63,1.0,0.991,20.5,102.5,85.42,102.0,0.442,L,0
0022100834,1610612761,Toronto,Raptors,TOR,raptors,240:00,674.8,135.0,588.2,117.6,86.5,17.3,0.472,2.08,17.5,0.37,0.634,0.494,11.65,11.7,0.624,0.651,1.0,0.992,20.5,102.5,85.42,103.0,0.558,W,1
0022100831,1610612765,Detroit,Pistons,DET,pistons,240:00,519.4,103.9,634.6,126.9,-115.2,-23.0,0.659,2.7,19.0,0.218,0.571,0.396,9.709,9.7,0.473,0.518,1.0,0.974,20.7,103.5,86.25,103.0,0.393,L,0
0022100831,1610612763,Memphis,Grizzlies,MEM,grizzlies,240:00,634.6,126.9,519.4,103.9,115.2,23.0,0.727,2.46,20.3,0.429,0.782,0.604,12.5,12.5,0.56,0.597,1.0,0.976,20.7,103.5,86.25,104.0,0.607,W,1
0022100833,1610612740,New Orleans,Pelicans,NOP,pelicans,240:00,516.0,103.2,589.5,117.9,-73.5,-14.7,0.528,1.12,14.7,0.32,0.659,0.479,18.085,18.1,0.488,0.527,1.0,0.991,18.9,94.5,78.75,94.0,0.387,L,0
0022100833,1610612748,Miami,Heat,MIA,heat,240:00,589.5,117.9,516.0,103.2,73.5,14.7,0.641,1.79,18.5,0.341,0.68,0.521,14.737,14.7,0.543,0.6,1.0,0.973,18.9,94.5,78.75,95.0,0.613,W,1
0022100825,1610612739,Cleveland,Cavaliers,CLE,cavaliers,240:00,530.3,106.1,464.6,92.9,65.7,13.1,0.462,1.2,14.2,0.244,0.683,0.5,15.152,15.2,0.53,0.567,1.0,0.972,19.8,99.0,82.5,99.0,0.591,W,1
0022100825,1610612759,San Antonio,Spurs,SAS,spurs,240:00,464.6,92.9,530.3,106.1,-65.7,-13.1,0.632,1.85,16.9,0.317,0.756,0.5,13.131,13.1,0.424,0.443,1.0,0.992,19.8,99.0,82.5,99.0,0.409,L,0
0022100827,1610612760,Oklahoma City,Thunder,OKC,thunder,240:00,500.0,100.0,596.9,119.4,-96.9,-19.4,0.778,1.56,19.9,0.302,0.721,0.49,18.367,18.4,0.494,0.526,1.0,0.973,19.6,98.0,81.67,98.0,0.436,L,0
0022100827,1610612761,Toronto,Raptors,TOR,raptors,240:00,596.9,119.4,500.0,100.0,96.9,19.4,0.489,1.38,16.8,0.279,0.698,0.51,16.327,16.3,0.585,0.621,1.0,0.991,19.6,98.0,81.67,98.0,0.564,W,1
0022100826,1610612766,Charlotte,Hornets,CHA,hornets,240:00,550.5,110.1,617.3,123.5,-66.8,-13.4,0.65,2.89,18.6,0.304,0.846,0.526,9.091,9.1,0.5,0.529,1.0,0.982,19.7,98.5,82.08,99.0,0.444,L,0
0022100826,1610612741,Chicago,Bulls,CHI,bulls,240:00,617.3,123.5,550.5,110.1,66.8,13.4,0.587,1.93,20.8,0.154,0.696,0.474,14.286,14.3,0.659,0.67,1.0,0.981,19.7,98.5,82.08,98.0,0.556,W,1
0022100828,1610612762,Utah,Jazz,UTA,jazz,240:00,609.9,122.0,457.0,91.4,152.9,30.6,0.634,2.17,19.5,0.32,0.824,0.574,13.187,13.2,0.556,0.575,1.0,0.972,18.4,92.0,76.67,91.0,0.651,W,1
0022100828,1610612744,Golden State,Warriors,GSW,warriors,240:00,457.0,91.4,609.9,122.0,-152.9,-30.6,0.607,1.31,14.5,0.176,0.68,0.426,13.978,14.0,0.462,0.497,1.0,0.97,18.4,92.0,76.67,93.0,0.349,L,0
0022100829,1610612757,Portland,Trail Blazers,POR,blazers,240:00,551.5,110.3,541.2,108.2,10.3,2.1,0.619,2.36,19.3,0.25,0.833,0.5,11.34,11.3,0.528,0.557,1.0,0.982,19.4,97.0,80.83,97.0,0.509,W,1
0022100829,1610612747,Los Angeles,Lakers,LAL,lakers,240:00,541.2,108.2,551.5,110.3,-10.3,-2.1,0.707,1.38,22.0,0.167,0.75,0.5,21.649,21.6,0.669,0.659,1.0,0.981,19.4,97.0,80.83,97.0,0.491,L,0
0022100830,1610612758,Sacramento,Kings,SAC,kings,240:00,634.6,126.9,572.1,114.4,62.5,12.5,0.667,2.29,20.9,0.37,0.782,0.594,13.462,13.5,0.581,0.629,1.0,0.967,20.8,104.0,86.67,104.0,0.584,W,1
0022100830,1610612750,Minnesota,Timberwolves,MIN,timberwolves,240:00,572.1,114.4,634.6,126.9,-62.5,-12.5,0.636,2.8,19.4,0.218,0.63,0.406,9.615,9.6,0.531,0.562,1.0,0.983,20.8,104.0,86.67,104.0,0.416,L,0
0022100819,1610612740,New Orleans,Pelicans,NOP,pelicans,240:00,555.6,111.1,485.0,97.0,70.6,14.1,0.643,1.42,20.0,0.231,0.623,0.47,19.192,19.2,0.575,0.619,1.0,1.0,19.9,99.5,82.92,99.0,0.654,W,1
0022100819,1610612745,Houston,Rockets,HOU,rockets,240:00,485.0,97.0,555.6,111.1,-70.6,-14.1,0.594,0.9,13.4,0.377,0.769,0.53,21.0,21.0,0.448,0.487,1.0,0.984,19.9,99.5,82.92,100.0,0.346,L,0
0022100824,1610612758,Sacramento,Kings,SAC,kings,240:00,532.7,106.5,626.2,125.2,-93.5,-18.7,0.707,1.53,20.3,0.19,0.636,0.443,17.757,17.8,0.548,0.604,1.0,0.991,21.4,107.0,89.17,107.0,0.446,L,0
0022100824,1610612750,Minnesota,Timberwolves,MIN,timberwolves,240:00,626.2,125.2,532.7,106.5,93.5,18.7,0.68,2.43,21.1,0.364,0.81,0.557,13.084,13.1,0.587,0.601,1.0,0.976,21.4,107.0,89.17,107.0,0.554,W,1
0022100822,1610612747,Los Angeles,Lakers,LAL,lakers,240:00,574.3,114.9,642.2,128.4,-67.9,-13.6,0.636,1.75,19.7,0.277,0.652,0.462,15.842,15.8,0.576,0.591,1.0,0.991,20.3,101.5,84.58,101.0,0.449,L,0
0022100822,1610612749,Milwaukee,Bucks,MIL,bucks,240:00,642.2,128.4,574.3,114.9,67.9,13.6,0.596,2.58,20.8,0.348,0.723,0.538,11.765,11.8,0.62,0.625,1.0,0.975,20.3,101.5,84.58,102.0,0.551,W,1
0022100817,1610612751,Brooklyn,Nets,BKN,nets,240:00,464.3,92.9,642.9,128.6,-178.6,-35.7,0.579,1.57,15.6,0.348,0.651,0.468,14.286,14.3,0.434,0.434,1.0,0.992,19.6,98.0,81.67,98.0,0.271,L,0
0022100817,1610612738,Boston,Celtics,BOS,celtics,240:00,642.9,128.6,464.3,92.9,178.6,35.7,0.64,2.29,22.2,0.349,0.652,0.532,14.286,14.3,0.626,0.643,1.0,0.982,19.6,98.0,81.67,98.0,0.729,W,1
0022100816,1610612737,Atlanta,Hawks,ATL,hawks,240:00,671.7,134.3,560.0,112.0,111.7,22.3,0.692,2.25,23.8,0.39,0.586,0.505,16.162,16.2,0.672,0.685,1.0,0.974,19.9,99.5,82.92,99.0,0.599,W,1
0022100816,1610612754,Indiana,Pacers,IND,pacers,240:00,560.0,112.0,671.7,134.3,-111.7,-22.3,0.595,1.69,15.1,0.414,0.61,0.495,13.0,13.0,0.452,0.521,1.0,0.976,19.9,99.5,82.92,100.0,0.401,L,0
0022100821,1610612743,Denver,Nuggets,DEN,nuggets,240:00,673.5,134.7,580.8,116.2,92.7,18.5,0.674,2.38,21.7,0.333,0.707,0.55,13.265,13.3,0.635,0.669,1.0,0.991,19.7,98.5,82.08,98.0,0.598,W,1
0022100821,1610612752,New York,Knicks,NYK,knicks,240:00,580.8,116.2,673.5,134.7,-92.7,-18.5,0.556,2.78,17.9,0.293,0.667,0.45,9.091,9.1,0.52,0.541,1.0,0.983,19.7,98.5,82.08,99.0,0.402,L,0
0022100820,1610612742,Dallas,Mavericks,DAL,mavericks,240:00,604.2,120.8,452.6,90.5,151.5,30.3,0.6,1.85,18.6,0.214,0.712,0.505,13.542,13.5,0.62,0.651,1.0,0.971,19.1,95.5,79.58,96.0,0.706,W,1
0022100820,1610612765,Detroit,Pistons,DET,pistons,240:00,452.6,90.5,604.2,120.8,-151.5,-30.3,0.606,1.33,15.3,0.288,0.786,0.495,15.789,15.8,0.408,0.445,1.0,1.0,19.1,95.5,79.58,95.0,0.294,L,0
0022100815,1610612755,Philadelphia,76ers,PHI,sixers,240:00,524.0,104.8,548.1,109.6,-24.0,-4.8,0.585,1.6,17.4,0.208,0.774,0.505,14.423,14.4,0.517,0.562,1.0,0.974,20.8,104.0,86.67,104.0,0.455,L,0
0022100815,1610612756,Phoenix,Suns,PHX,suns,240:00,548.1,109.6,524.0,104.8,24.0,4.8,0.628,3.38,18.9,0.226,0.792,0.495,7.692,7.7,0.484,0.54,1.0,0.983,20.8,104.0,86.67,104.0,0.545,W,1
0022100823,1610612757,Portland,Trail Blazers,POR,blazers,240:00,479.8,96.0,576.5,115.3,-96.7,-19.3,0.656,1.62,15.2,0.306,0.75,0.5,13.131,13.1,0.412,0.464,1.0,0.983,19.7,98.5,82.08,99.0,0.392,L,0
0022100823,1610612753,Orlando,Magic,ORL,magic,240:00,576.5,115.3,479.8,96.0,96.7,19.3,0.773,2.27,23.8,0.25,0.694,0.5,15.306,15.3,0.594,0.604,1.0,0.991,19.7,98.5,82.08,98.0,0.608,W,1
0022100818,1610612763,Memphis,Grizzlies,MEM,grizzlies,240:00,649.0,129.8,524.0,104.8,125.0,25.0,0.491,2.0,17.2,0.423,0.706,0.563,12.5,12.5,0.558,0.592,1.0,1.0,20.8,104.0,86.67,104.0,0.596,W,1
0022100818,1610612746,LA,Clippers,LAC,clippers,240:00,524.0,104.8,649.0,129.8,-125.0,-25.0,0.625,1.47,17.5,0.294,0.577,0.437,16.346,16.3,0.511,0.547,1.0,0.992,20.8,104.0,86.67,104.0,0.404,L,0
0022100811,1610612764,Washington,Wizards,WAS,wizards,240:00,505.1,101.0,605.0,121.0,-99.9,-20.0,0.694,1.47,18.8,0.205,0.818,0.468,17.172,17.2,0.494,0.555,1.0,0.981,19.9,99.5,82.92,99.0,0.421,L,0
0022100811,1610612748,Miami,Heat,MIA,heat,240:00,605.0,121.0,505.1,101.0,99.9,20.0,0.674,1.53,21.5,0.182,0.795,0.532,19.0,19.0,0.684,0.71,1.0,0.962,19.9,99.5,82.92,100.0,0.579,W,1
0022100810,1610612766,Charlotte,Hornets,CHA,hornets,240:00,500.0,100.0,574.3,114.9,-74.3,-14.9,0.718,2.15,19.3,0.281,0.653,0.453,12.871,12.9,0.458,0.495,1.0,0.983,20.2,101.0,84.17,101.0,0.457,L,0
0022100810,1610612761,Toronto,Raptors,TOR,raptors,240:00,574.3,114.9,500.0,100.0,74.3,14.9,0.512,1.17,15.1,0.347,0.719,0.547,17.822,17.8,0.577,0.599,1.0,0.975,20.2,101.0,84.17,101.0,0.543,W,1
0022100813,1610612760,Oklahoma City,Thunder,OKC,thunder,240:00,494.9,99.0,555.6,111.1,-60.6,-12.1,0.568,1.17,15.2,0.345,0.791,0.541,18.182,18.2,0.472,0.503,1.0,0.983,19.8,99.0,82.5,99.0,0.418,L,0
0022100813,1610612744,Golden State,Warriors,GSW,warriors,240:00,555.6,111.1,494.9,99.0,60.6,12.1,0.732,2.0,21.9,0.209,0.655,0.459,15.152,15.2,0.591,0.615,1.0,0.981,19.8,99.0,82.5,99.0,0.582,W,1
0022100814,1610612762,Utah,Jazz,UTA,jazz,240:00,565.0,113.0,530.6,106.1,34.4,6.9,0.487,1.58,13.8,0.351,0.554,0.459,12.0,12.0,0.484,0.539,1.0,0.958,19.8,99.0,82.5,100.0,0.559,W,1
0022100814,1610612752,New York,Knicks,NYK,knicks,240:00,530.6,106.1,565.0,113.0,-34.4,-6.9,0.5,1.13,12.5,0.446,0.649,0.541,16.327,16.3,0.421,0.471,1.0,1.008,19.8,99.0,82.5,98.0,0.441,L,0
0022100812,1610612741,Chicago,Bulls,CHI,bulls,240:00,632.7,126.5,654.6,130.9,-22.0,-4.4,0.419,2.0,14.0,0.271,0.69,0.467,9.184,9.2,0.533,0.598,1.0,0.973,19.5,97.5,81.25,98.0,0.457,L,0
0022100812,1610612756,Phoenix,Suns,PHX,suns,240:00,654.6,130.9,632.7,126.5,22.0,4.4,0.633,2.82,22.1,0.31,0.729,0.533,11.34,11.3,0.611,0.646,1.0,0.991,19.5,97.5,81.25,97.0,0.543,W,1
0022100803,1610612750,Minnesota,Timberwolves,MIN,timberwolves,240:00,602.0,120.4,541.2,108.2,60.8,12.2,0.643,2.7,19.4,0.3,0.729,0.532,10.204,10.2,0.555,0.589,1.0,0.982,19.5,97.5,81.25,98.0,0.569,W,1
0022100803,1610612765,Detroit,Pistons,DET,pistons,240:00,541.2,108.2,602.0,120.4,-60.8,-12.2,0.7,2.55,19.9,0.271,0.7,0.468,11.34,11.3,0.484,0.508,1.0,0.982,19.5,97.5,81.25,97.0,0.431,L,0
0022100802,1610612741,Chicago,Bulls,CHI,bulls,240:00,568.4,113.7,639.8,128.0,-71.4,-14.3,0.538,2.63,16.8,0.205,0.8,0.488,8.421,8.4,0.525,0.584,1.0,0.962,18.8,94.0,78.33,95.0,0.446,L,0
0022100802,1610612755,Philadelphia,76ers,PHI,sixers,240:00,639.8,128.0,568.4,113.7,71.4,14.3,0.644,2.64,22.5,0.2,0.795,0.512,11.828,11.8,0.607,0.638,1.0,0.98,18.8,94.0,78.33,93.0,0.554,W,1
0022100806,1610612753,Orlando,Magic,ORL,magic,240:00,410.9,82.2,574.3,114.9,-163.4,-32.7,0.586,0.89,13.3,0.192,0.618,0.411,18.812,18.8,0.389,0.46,1.0,0.964,20.2,101.0,84.17,101.0,0.335,L,0
0022100806,1610612738,Boston,Celtics,BOS,celtics,240:00,574.3,114.9,410.9,82.2,163.4,32.7,0.644,1.81,19.3,0.382,0.808,0.589,15.842,15.8,0.52,0.552,1.0,0.975,20.2,101.0,84.17,101.0,0.665,W,1
0022100804,1610612743,Denver,Nuggets,DEN,nuggets,240:00,626.3,125.3,520.0,104.0,106.3,21.3,0.755,3.36,24.3,0.34,0.833,0.604,11.111,11.1,0.574,0.601,1.0,0.983,19.9,99.5,82.92,99.0,0.614,W,1
0022100804,1610612751,Brooklyn,Nets,BKN,nets,240:00,520.0,104.0,626.3,125.3,-106.3,-21.3,0.667,2.4,18.0,0.167,0.66,0.396,10.0,10.0,0.506,0.538,1.0,0.972,19.9,99.5,82.92,100.0,0.386,L,0
0022100805,1610612739,Cleveland,Cavaliers,CLE,cavaliers,240:00,526.9,105.4,457.0,91.4,69.9,14.0,0.735,2.27,18.5,0.321,0.679,0.5,11.828,11.8,0.47,0.509,1.0,0.973,18.6,93.0,77.5,93.0,0.631,W,1
0022100805,1610612754,Indiana,Pacers,IND,pacers,240:00,457.0,91.4,526.9,105.4,-69.9,-14.0,0.548,0.89,13.4,0.321,0.679,0.5,20.43,20.4,0.422,0.47,1.0,0.991,18.6,93.0,77.5,93.0,0.369,L,0
0022100809,1610612746,LA,Clippers,LAC,clippers,240:00,543.3,108.7,665.0,133.0,-121.8,-24.4,0.65,2.6,18.3,0.214,0.81,0.469,9.615,9.6,0.51,0.548,1.0,0.974,20.7,103.5,86.25,104.0,0.396,L,0
0022100809,1610612749,Milwaukee,Bucks,MIL,bucks,240:00,665.0,133.0,543.3,108.7,121.8,24.4,0.583,2.8,20.1,0.19,0.786,0.531,9.709,9.7,0.653,0.686,1.0,0.991,20.7,103.5,86.25,103.0,0.604,W,1
0022100808,1610612745,Houston,Rockets,HOU,rockets,240:00,551.5,110.3,612.2,122.4,-60.7,-12.1,0.7,1.56,20.1,0.304,0.762,0.523,18.557,18.6,0.571,0.588,1.0,0.973,19.5,97.5,81.25,97.0,0.43,L,0
0022100808,1610612740,New Orleans,Pelicans,NOP,pelicans,240:00,612.2,122.4,551.5,110.3,60.7,12.1,0.707,2.23,21.3,0.238,0.696,0.477,13.265,13.3,0.61,0.646,1.0,0.953,19.5,97.5,81.25,98.0,0.57,W,1
0022100807,1610612742,Dallas,Mavericks,DAL,mavericks,240:00,547.9,109.6,489.6,97.9,58.3,11.7,0.658,1.56,18.7,0.294,0.644,0.482,17.021,17.0,0.523,0.55,1.0,0.982,19.0,95.0,79.17,94.0,0.53,W,1
0022100807,1610612737,Atlanta,Hawks,ATL,hawks,240:00,489.6,97.9,547.9,109.6,-58.3,-11.7,0.568,1.75,15.3,0.356,0.706,0.518,12.5,12.5,0.416,0.461,1.0,0.983,19.0,95.0,79.17,96.0,0.47,L,0
0022100798,1610612764,Washington,Wizards,WAS,wizards,240:00,439.6,87.9,516.3,103.3,-76.7,-15.3,0.467,1.56,12.1,0.196,0.581,0.398,9.89,9.9,0.382,0.428,1.0,0.99,18.3,91.5,76.25,91.0,0.381,L,0
0022100798,1610612756,Phoenix,Suns,PHX,suns,240:00,516.3,103.3,439.6,87.9,76.7,15.3,0.65,2.6,18.2,0.419,0.804,0.602,10.87,10.9,0.444,0.452,1.0,0.983,18.3,91.5,76.25,92.0,0.619,W,1
0022100800,1610612757,Portland,Trail Blazers,POR,blazers,240:00,540.0,108.0,671.6,134.3,-131.6,-26.3,0.61,1.56,18.7,0.191,0.708,0.453,16.0,16.0,0.565,0.573,1.0,1.0,20.2,101.0,84.17,100.0,0.376,L,0
0022100800,1610612749,Milwaukee,Bucks,MIL,bucks,240:00,671.6,134.3,540.0,108.0,131.6,26.3,0.735,3.6,24.0,0.292,0.809,0.547,9.804,9.8,0.658,0.674,1.0,0.982,20.2,101.0,84.17,102.0,0.624,W,1
0022100797,1610612766,Charlotte,Hornets,CHA,hornets,240:00,434.3,86.9,514.9,103.0,-80.5,-16.1,0.697,1.15,16.9,0.25,0.741,0.491,20.202,20.2,0.442,0.462,1.0,0.991,20.0,100.0,83.33,99.0,0.362,L,0
0022100797,1610612748,Miami,Heat,MIA,heat,240:00,514.9,103.0,434.3,86.9,80.5,16.1,0.711,2.25,19.3,0.259,0.75,0.509,11.881,11.9,0.478,0.526,1.0,0.982,20.0,100.0,83.33,101.0,0.638,W,1
0022100796,1610612753,Orlando,Magic,ORL,magic,240:00,563.7,112.7,649.0,129.8,-85.3,-17.1,0.692,3.0,19.4,0.179,0.611,0.391,8.824,8.8,0.528,0.56,1.0,1.0,20.6,103.0,85.83,102.0,0.387,L,0
0022100796,1610612763,Memphis,Grizzlies,MEM,grizzlies,240:00,649.0,129.8,563.7,112.7,85.3,17.1,0.623,4.13,21.0,0.389,0.821,0.609,7.692,7.7,0.567,0.589,1.0,0.984,20.6,103.0,85.83,104.0,0.613,W,1
0022100801,1610612758,Sacramento,Kings,SAC,kings,240:00,559.4,111.9,509.9,102.0,49.5,9.9,0.698,1.88,21.6,0.205,0.84,0.543,15.842,15.8,0.59,0.61,1.0,0.982,20.2,101.0,84.17,101.0,0.576,W,1
0022100801,1610612760,Oklahoma City,Thunder,OKC,thunder,240:00,509.9,102.0,559.4,111.9,-49.5,-9.9,0.548,1.64,17.4,0.16,0.795,0.457,13.861,13.9,0.534,0.548,1.0,0.982,20.2,101.0,84.17,101.0,0.424,L,0
0022100799,1610612747,Los Angeles,Lakers,LAL,lakers,265:00,554.5,110.9,513.4,102.7,41.2,8.2,0.604,2.23,18.7,0.262,0.688,0.48,11.818,11.8,0.515,0.534,1.0,0.992,20.11,100.53,83.77,110.0,0.558,W,1
0022100799,1610612752,New York,Knicks,NYK,knicks,265:00,513.4,102.7,554.5,110.9,-41.2,-8.2,0.615,1.71,15.4,0.313,0.738,0.52,12.5,12.5,0.454,0.505,1.0,0.97,20.11,100.53,83.77,112.0,0.443,L,0
0022100795,1610612757,Portland,Trail Blazers,POR,blazers,240:00,469.7,93.9,494.8,99.0,-25.1,-5.0,0.45,1.5,13.1,0.333,0.727,0.517,12.121,12.1,0.426,0.441,1.0,0.983,19.6,98.0,81.67,99.0,0.467,L,0
0022100795,1610612760,Oklahoma City,Thunder,OKC,thunder,240:00,494.8,99.0,469.7,93.9,25.1,5.0,0.727,1.6,17.6,0.273,0.667,0.483,15.464,15.5,0.466,0.499,1.0,0.991,19.6,98.0,81.67,97.0,0.533,W,1
0022100789,1610612754,Indiana,Pacers,IND,pacers,240:00,586.7,117.3,610.0,122.0,-23.3,-4.7,0.532,1.92,18.4,0.271,0.698,0.473,13.265,13.3,0.558,0.581,1.0,0.991,19.8,99.0,82.5,98.0,0.434,L,0
0022100789,1610612741,Chicago,Bulls,CHI,bulls,240:00,610.0,122.0,586.7,117.3,23.3,4.7,0.612,3.33,21.1,0.302,0.729,0.527,9.0,9.0,0.578,0.609,1.0,0.973,19.8,99.0,82.5,100.0,0.566,W,1
0022100790,1610612761,Toronto,Raptors,TOR,raptors,240:00,637.8,127.6,581.6,116.3,56.1,11.2,0.63,1.71,21.2,0.27,0.731,0.539,17.347,17.3,0.673,0.703,1.0,0.954,19.6,98.0,81.67,98.0,0.542,W,1
0022100790,1610612737,Atlanta,Hawks,ATL,hawks,240:00,581.6,116.3,637.8,127.6,-56.1,-11.2,0.628,3.0,19.4,0.269,0.73,0.461,9.184,9.2,0.511,0.558,1.0,0.991,19.6,98.0,81.67,98.0,0.458,L,0
0022100794,1610612743,Denver,Nuggets,DEN,nuggets,240:00,558.5,111.7,594.7,118.9,-36.2,-7.2,0.629,1.47,17.7,0.186,0.727,0.421,15.957,16.0,0.571,0.614,1.0,0.99,18.9,94.5,78.75,94.0,0.423,L,0
0022100794,1610612740,New Orleans,Pelicans,NOP,pelicans,240:00,594.7,118.9,558.5,111.7,36.2,7.2,0.643,1.8,20.8,0.273,0.814,0.579,15.789,15.8,0.613,0.664,1.0,0.971,18.9,94.5,78.75,95.0,0.577,W,1
0022100788,1610612765,Detroit,Pistons,DET,pistons,240:00,479.4,95.9,531.3,106.3,-51.9,-10.4,0.529,1.64,12.6,0.384,0.771,0.537,11.34,11.3,0.375,0.412,1.0,0.976,19.3,96.5,80.42,97.0,0.348,L,0
0022100788,1610612738,Boston,Celtics,BOS,celtics,240:00,531.3,106.3,479.4,95.9,51.9,10.4,0.622,1.64,17.7,0.229,0.616,0.463,14.583,14.6,0.506,0.548,1.0,0.991,19.3,96.5,80.42,96.0,0.652,W,1
0022100791,1610612742,Dallas,Mavericks,DAL,mavericks,240:00,594.4,118.9,544.4,108.9,50.0,10.0,0.564,2.0,17.2,0.333,0.811,0.541,12.222,12.2,0.518,0.562,1.0,0.972,18.0,90.0,75.0,90.0,0.52,W,1
0022100791,1610612755,Philadelphia,76ers,PHI,sixers,240:00,544.4,108.9,594.4,118.9,-50.0,-10.0,0.639,1.64,19.2,0.189,0.667,0.459,15.556,15.6,0.579,0.612,1.0,0.969,18.0,90.0,75.0,90.0,0.48,L,0
0022100793,1610612762,Utah,Jazz,UTA,jazz,240:00,644.3,128.9,525.8,105.2,118.6,23.7,0.688,1.83,23.4,0.308,0.7,0.545,18.557,18.6,0.665,0.686,1.0,0.972,19.4,97.0,80.83,97.0,0.611,W,1
0022100793,1610612751,Brooklyn,Nets,BKN,nets,240:00,525.8,105.2,644.3,128.9,-118.6,-23.7,0.61,2.5,17.9,0.3,0.692,0.455,10.309,10.3,0.475,0.491,1.0,0.974,19.4,97.0,80.83,97.0,0.389,L,0
0022100792,1610612759,San Antonio,Spurs,SAS,spurs,240:00,648.5,129.7,524.8,105.0,123.8,24.8,0.647,2.54,22.6,0.293,0.68,0.505,12.871,12.9,0.646,0.67,1.0,0.973,20.2,101.0,84.17,101.0,0.66,W,1
0022100792,1610612745,Houston,Rockets,HOU,rockets,240:00,524.8,105.0,648.5,129.7,-123.8,-24.8,0.417,0.79,11.5,0.32,0.707,0.495,18.812,18.8,0.5,0.553,1.0,0.974,20.2,101.0,84.17,101.0,0.34,L,0
0022100787,1610612766,Charlotte,Hornets,CHA,hornets,240:00,537.2,107.4,531.3,106.3,6.0,1.2,0.711,1.93,19.7,0.296,0.702,0.505,14.894,14.9,0.489,0.519,1.0,1.0,19.0,95.0,79.17,94.0,0.5,L,0
0022100787,1610612739,Cleveland,Cavaliers,CLE,cavaliers,240:00,531.3,106.3,537.2,107.4,-6.0,-1.2,0.722,2.17,18.8,0.298,0.704,0.495,12.5,12.5,0.478,0.516,1.0,0.982,19.0,95.0,79.17,96.0,0.5,W,1
0022100430,1610612761,Toronto,Raptors,TOR,raptors,265:00,588.0,117.6,545.5,109.1,42.5,8.5,0.625,2.5,18.4,0.379,0.735,0.53,11.111,11.1,0.487,0.523,1.0,0.992,19.74,98.72,82.26,108.0,0.496,W,1
0022100430,1610612741,Chicago,Bulls,CHI,bulls,265:00,545.5,109.1,588.0,117.6,-42.5,-8.5,0.698,1.76,19.6,0.265,0.621,0.47,15.455,15.5,0.544,0.597,1.0,0.967,19.74,98.72,82.26,110.0,0.504,L,0
0022100521,1610612759,San Antonio,Spurs,SAS,spurs,240:00,494.8,99.0,571.4,114.3,-76.6,-15.3,0.7,1.24,15.7,0.315,0.738,0.5,17.708,17.7,0.425,0.491,1.0,1.0,19.4,97.0,80.83,96.0,0.385,L,0
0022100521,1610612748,Miami,Heat,MIA,heat,240:00,571.4,114.3,494.8,99.0,76.6,15.3,0.643,1.93,20.3,0.262,0.685,0.5,14.286,14.3,0.578,0.616,1.0,0.981,19.4,97.0,80.83,98.0,0.615,W,1
0022100785,1610612744,Golden State,Warriors,GSW,warriors,240:00,642.9,128.6,587.6,117.5,55.2,11.0,0.574,1.69,19.6,0.333,0.805,0.575,16.327,16.3,0.679,0.692,1.0,0.964,19.5,97.5,81.25,98.0,0.541,W,1
0022100785,1610612758,Sacramento,Kings,SAC,kings,240:00,587.6,117.5,642.9,128.6,-55.2,-11.0,0.69,1.81,21.6,0.195,0.667,0.425,16.495,16.5,0.594,0.632,1.0,0.981,19.5,97.5,81.25,97.0,0.459,L,0
0022100783,1610612737,Atlanta,Hawks,ATL,hawks,240:00,601.9,120.4,563.7,112.7,38.2,7.6,0.568,1.67,18.4,0.209,0.86,0.535,14.563,14.6,0.643,0.662,1.0,0.982,20.5,102.5,85.42,103.0,0.49,W,1
0022100783,1610612756,Phoenix,Suns,PHX,suns,240:00,563.7,112.7,601.9,120.4,-38.2,-7.6,0.652,2.73,21.7,0.14,0.791,0.465,10.784,10.8,0.574,0.599,1.0,0.981,20.5,102.5,85.42,102.0,0.51,L,0
0022100782,1610612765,Detroit,Pistons,DET,pistons,240:00,557.1,111.4,615.4,123.1,-58.2,-11.6,0.675,1.69,18.2,0.327,0.75,0.521,15.238,15.2,0.522,0.566,1.0,0.975,20.9,104.5,87.08,105.0,0.415,L,0
0022100782,1610612750,Minnesota,Timberwolves,MIN,timberwolves,240:00,615.4,123.1,557.1,111.4,58.2,11.6,0.659,2.07,20.1,0.25,0.673,0.479,13.462,13.5,0.592,0.644,1.0,0.991,20.9,104.5,87.08,104.0,0.585,W,1
0022100786,1610612746,LA,Clippers,LAC,clippers,240:00,584.2,116.8,578.9,115.8,5.3,1.1,0.63,2.9,21.6,0.217,0.722,0.49,10.526,10.5,0.59,0.591,1.0,0.952,19.0,95.0,79.17,95.0,0.524,W,1
0022100786,1610612747,Los Angeles,Lakers,LAL,lakers,240:00,578.9,115.8,584.2,116.8,-5.3,-1.1,0.463,1.73,14.8,0.278,0.783,0.51,11.579,11.6,0.528,0.556,1.0,0.982,19.0,95.0,79.17,95.0,0.476,L,0
0022100775,1610612738,Boston,Celtics,BOS,celtics,240:00,565.0,113.0,524.5,104.9,40.5,8.1,0.738,1.63,22.1,0.22,0.685,0.484,19.0,19.0,0.598,0.631,1.0,0.991,20.2,101.0,84.17,100.0,0.567,W,1
0022100775,1610612766,Charlotte,Hornets,CHA,hornets,240:00,524.5,104.9,565.0,113.0,-40.5,-8.1,0.486,1.13,13.2,0.315,0.78,0.516,15.686,15.7,0.494,0.541,1.0,0.975,20.2,101.0,84.17,102.0,0.433,L,0
0022100774,1610612755,Philadelphia,76ers,PHI,sixers,240:00,565.9,113.2,588.9,117.8,-23.0,-4.6,0.561,5.75,18.4,0.235,0.635,0.437,4.396,4.4,0.511,0.532,1.0,0.98,18.1,90.5,75.42,91.0,0.466,L,0
0022100774,1610612764,Washington,Wizards,WAS,wizards,240:00,588.9,117.8,565.9,113.2,23.0,4.6,0.61,2.5,18.7,0.365,0.765,0.563,11.111,11.1,0.506,0.539,1.0,0.972,18.1,90.5,75.42,90.0,0.534,W,1
0022100776,1610612752,New York,Knicks,NYK,knicks,240:00,524.3,104.9,582.5,116.5,-58.3,-11.7,0.605,1.53,16.5,0.245,0.627,0.446,14.563,14.6,0.5,0.543,1.0,0.983,20.6,103.0,85.83,103.0,0.45,L,0
0022100776,1610612763,Memphis,Grizzlies,MEM,grizzlies,240:00,582.5,116.5,524.3,104.9,58.3,11.7,0.682,2.73,19.4,0.373,0.755,0.554,10.68,10.7,0.51,0.535,1.0,0.968,20.6,103.0,85.83,103.0,0.55,W,1
0022100777,1610612745,Houston,Rockets,HOU,rockets,240:00,586.7,117.3,541.7,108.3,45.1,9.0,0.641,2.08,18.7,0.235,0.66,0.439,12.245,12.2,0.561,0.596,1.0,0.982,19.4,97.0,80.83,98.0,0.549,W,1
0022100777,1610612739,Cleveland,Cavaliers,CLE,cavaliers,240:00,541.7,108.3,586.7,117.3,-45.1,-9.0,0.561,1.21,17.2,0.34,0.765,0.561,19.792,19.8,0.556,0.566,1.0,0.982,19.4,97.0,80.83,96.0,0.451,L,0
0022100780,1610612758,Sacramento,Kings,SAC,kings,240:00,589.5,117.9,537.2,107.4,52.2,10.4,0.561,1.64,16.5,0.423,0.773,0.583,14.737,14.7,0.516,0.555,1.0,0.957,18.9,94.5,78.75,95.0,0.52,W,1
0022100780,1610612751,Brooklyn,Nets,BKN,nets,240:00,537.2,107.4,589.5,117.9,-52.2,-10.4,0.537,1.69,17.5,0.227,0.577,0.417,13.83,13.8,0.536,0.56,1.0,0.99,18.9,94.5,78.75,94.0,0.48,L,0
0022100778,1610612742,Dallas,Mavericks,DAL,mavericks,265:00,570.0,114.0,588.2,117.6,-18.2,-3.6,0.609,2.0,19.3,0.321,0.574,0.44,14.0,14.0,0.541,0.557,1.0,0.983,18.29,91.47,76.23,100.0,0.473,L,0
0022100778,1610612760,Oklahoma City,Thunder,OKC,thunder,265:00,588.2,117.6,570.0,114.0,18.2,3.6,0.61,1.25,17.0,0.426,0.679,0.56,19.608,19.6,0.576,0.619,1.0,0.951,18.29,91.47,76.23,102.0,0.527,W,1
0022100779,1610612762,Utah,Jazz,UTA,jazz,240:00,580.6,116.1,571.4,114.3,9.2,1.8,0.5,2.63,16.5,0.313,0.816,0.535,8.602,8.6,0.529,0.564,1.0,0.972,18.4,92.0,76.67,93.0,0.512,W,1
0022100779,1610612743,Denver,Nuggets,DEN,nuggets,240:00,571.4,114.3,580.6,116.1,-9.2,-1.8,0.571,1.71,19.7,0.184,0.688,0.465,15.385,15.4,0.601,0.617,1.0,1.0,18.4,92.0,76.67,91.0,0.488,L,0
0022100781,1610612747,Los Angeles,Lakers,LAL,lakers,240:00,505.1,101.0,474.7,94.9,30.4,6.1,0.758,1.47,18.4,0.25,0.672,0.487,17.347,17.3,0.494,0.535,1.0,0.982,19.7,98.5,82.08,98.0,0.594,W,1
0022100781,1610612757,Portland,Trail Blazers,POR,blazers,240:00,474.7,94.9,505.1,101.0,-30.4,-6.1,0.657,1.77,16.1,0.328,0.75,0.513,13.131,13.1,0.429,0.442,1.0,0.983,19.7,98.5,82.08,99.0,0.406,L,0
0022100773,1610612754,Indiana,Pacers,IND,pacers,240:00,546.3,109.3,556.1,111.2,-9.8,-2.0,0.568,3.13,17.5,0.179,0.796,0.482,7.407,7.4,0.52,0.546,1.0,0.975,21.5,107.5,89.58,108.0,0.479,L,0
0022100773,1610612753,Orlando,Magic,ORL,magic,240:00,556.1,111.2,546.3,109.3,9.8,2.0,0.69,2.42,19.7,0.204,0.821,0.518,11.215,11.2,0.5,0.559,1.0,0.992,21.5,107.5,89.58,107.0,0.521,W,1
0022100772,1610612756,Phoenix,Suns,PHX,suns,240:00,617.3,123.5,572.2,114.4,45.2,9.0,0.619,1.63,19.7,0.222,0.786,0.526,16.327,16.3,0.625,0.675,1.0,0.962,19.5,97.5,81.25,98.0,0.571,W,1
0022100772,1610612751,Brooklyn,Nets,BKN,nets,240:00,572.2,114.4,617.3,123.5,-45.2,-9.0,0.625,2.08,19.1,0.214,0.778,0.474,12.371,12.4,0.593,0.615,1.0,0.962,19.5,97.5,81.25,97.0,0.429,L,0
0022100766,1610612765,Detroit,Pistons,DET,pistons,240:00,520.6,104.1,560.6,112.1,-40.0,-8.0,0.512,1.11,16.3,0.244,0.566,0.418,19.588,19.6,0.536,0.56,1.0,0.991,19.6,98.0,81.67,97.0,0.429,L,0
0022100766,1610612740,New Orleans,Pelicans,NOP,pelicans,240:00,560.6,112.1,520.6,104.1,40.0,8.0,0.615,1.41,16.6,0.434,0.756,0.582,17.172,17.2,0.483,0.548,1.0,0.959,19.6,98.0,81.67,99.0,0.571,W,1
0022100770,1610612750,Minnesota,Timberwolves,MIN,timberwolves,240:00,637.3,127.5,569.3,113.9,67.9,13.6,0.761,3.5,23.2,0.288,0.774,0.533,9.804,9.8,0.597,0.625,1.0,0.983,20.3,101.5,84.58,102.0,0.56,W,1
0022100770,1610612743,Denver,Nuggets,DEN,nuggets,240:00,569.3,113.9,637.3,127.5,-67.9,-13.6,0.711,2.25,19.3,0.226,0.712,0.467,11.881,11.9,0.506,0.568,1.0,0.991,20.3,101.5,84.58,101.0,0.44,L,0
0022100771,1610612759,San Antonio,Spurs,SAS,spurs,240:00,600.0,120.0,613.9,122.8,-13.9,-2.8,0.717,2.36,23.7,0.15,0.585,0.398,14.0,14.0,0.651,0.663,1.0,0.991,20.1,100.5,83.75,100.0,0.508,L,0
0022100771,1610612744,Golden State,Warriors,GSW,warriors,240:00,613.9,122.8,600.0,120.0,13.9,2.8,0.698,1.88,19.7,0.415,0.85,0.602,15.842,15.8,0.552,0.597,1.0,0.967,20.1,100.5,83.75,101.0,0.492,W,1
0022100784,1610612761,Toronto,Raptors,TOR,raptors,240:00,585.1,117.0,563.8,112.8,21.3,4.3,0.513,1.33,15.4,0.348,0.69,0.511,15.957,16.0,0.556,0.587,1.0,0.973,18.8,94.0,78.33,94.0,0.493,W,1
0022100784,1610612748,Miami,Heat,MIA,heat,240:00,563.8,112.8,585.1,117.0,-21.3,-4.3,0.684,1.53,19.5,0.31,0.652,0.489,18.085,18.1,0.538,0.596,1.0,0.972,18.8,94.0,78.33,94.0,0.507,L,0
0022100769,1610612741,Chicago,Bulls,CHI,bulls,240:00,630.0,126.0,575.0,115.0,55.0,11.0,0.543,2.5,18.1,0.292,0.83,0.558,10.0,10.0,0.572,0.613,1.0,0.982,20.0,100.0,83.33,100.0,0.525,W,1
0022100769,1610612753,Orlando,Magic,ORL,magic,240:00,575.0,115.0,630.0,126.0,-55.0,-11.0,0.717,3.67,23.4,0.17,0.708,0.442,9.0,9.0,0.57,0.588,1.0,0.981,20.0,100.0,83.33,100.0,0.475,L,0
0022100768,1610612749,Milwaukee,Bucks,MIL,bucks,240:00,595.7,119.1,526.9,105.4,68.9,13.8,0.565,2.89,19.8,0.283,0.796,0.547,9.574,9.6,0.565,0.584,1.0,0.99,18.7,93.5,77.92,94.0,0.577,W,1
0022100768,1610612764,Washington,Wizards,WAS,wizards,240:00,526.9,105.4,595.7,119.1,-68.9,-13.8,0.611,1.83,17.6,0.204,0.717,0.453,12.903,12.9,0.512,0.54,1.0,0.99,18.7,93.5,77.92,93.0,0.423,L,0
0022100761,1610612755,Philadelphia,76ers,PHI,sixers,265:00,559.6,111.9,540.9,108.2,18.7,3.7,0.612,1.43,19.1,0.346,0.683,0.527,19.266,19.3,0.545,0.572,1.0,0.992,19.83,99.17,82.64,109.0,0.522,W,1
0022100761,1610612763,Memphis,Grizzlies,MEM,grizzlies,265:00,540.9,108.2,559.6,111.9,-18.7,-3.7,0.383,1.29,12.2,0.317,0.654,0.473,12.727,12.7,0.49,0.52,1.0,0.977,19.83,99.17,82.64,110.0,0.478,L,0
0022100759,1610612739,Cleveland,Cavaliers,CLE,cavaliers,240:00,511.0,102.2,505.6,101.1,5.4,1.1,0.722,2.6,20.3,0.245,0.635,0.446,10.989,11.0,0.482,0.516,1.0,0.971,18.0,90.0,75.0,91.0,0.503,W,1
0022100759,1610612740,New Orleans,Pelicans,NOP,pelicans,240:00,505.6,101.1,511.0,102.2,-5.4,-1.1,0.788,2.0,19.4,0.365,0.755,0.554,14.607,14.6,0.424,0.478,1.0,1.0,18.0,90.0,75.0,89.0,0.497,L,0
0022100764,1610612745,Houston,Rockets,HOU,rockets,240:00,556.7,111.3,622.4,124.5,-65.7,-13.1,0.694,1.47,18.0,0.321,0.763,0.505,17.526,17.5,0.524,0.558,1.0,0.991,19.5,97.5,81.25,97.0,0.401,L,0
0022100764,1610612744,Golden State,Warriors,GSW,warriors,240:00,622.4,124.5,556.7,111.3,65.7,13.1,0.535,1.53,17.7,0.237,0.679,0.495,15.306,15.3,0.644,0.677,1.0,0.963,19.5,97.5,81.25,98.0,0.599,W,1
0022100767,1610612737,Atlanta,Hawks,ATL,hawks,240:00,510.2,102.0,540.8,108.2,-30.6,-6.1,0.757,1.87,21.1,0.156,0.833,0.525,15.306,15.3,0.531,0.568,1.0,0.981,19.6,98.0,81.67,98.0,0.5,L,0
0022100767,1610612761,Toronto,Raptors,TOR,raptors,240:00,540.8,108.2,510.2,102.0,30.6,6.1,0.553,2.63,16.4,0.167,0.844,0.475,8.163,8.2,0.528,0.549,1.0,0.981,19.6,98.0,81.67,98.0,0.5,W,1
0022100762,1610612738,Boston,Celtics,BOS,celtics,240:00,628.9,125.8,479.2,95.8,149.7,29.9,0.545,2.4,18.0,0.279,0.722,0.526,10.309,10.3,0.619,0.636,1.0,0.972,19.3,96.5,80.42,97.0,0.673,W,1
0022100762,1610612748,Miami,Heat,MIA,heat,240:00,479.2,95.8,628.9,125.8,-149.7,-29.9,0.735,1.32,18.4,0.278,0.721,0.474,19.792,19.8,0.489,0.503,1.0,0.982,19.3,96.5,80.42,96.0,0.327,L,0
0022100765,1610612760,Oklahoma City,Thunder,OKC,thunder,240:00,521.3,104.3,430.9,86.2,90.4,18.1,0.629,1.69,17.1,0.288,0.872,0.566,13.83,13.8,0.477,0.524,1.0,0.991,18.8,94.0,78.33,94.0,0.599,W,1
0022100765,1610612757,Portland,Trail Blazers,POR,blazers,240:00,430.9,86.2,521.3,104.3,-90.4,-18.1,0.529,1.2,15.3,0.128,0.712,0.434,15.957,16.0,0.463,0.479,1.0,0.98,18.8,94.0,78.33,94.0,0.401,L,0
0022100763,1610612752,New York,Knicks,NYK,knicks,240:00,580.0,116.0,480.0,96.0,100.0,20.0,0.625,1.47,18.4,0.262,0.764,0.546,17.0,17.0,0.581,0.625,1.0,0.982,20.0,100.0,83.33,100.0,0.654,W,1
0022100763,1610612758,Sacramento,Kings,SAC,kings,240:00,480.0,96.0,580.0,116.0,-100.0,-20.0,0.649,1.5,17.5,0.236,0.738,0.454,16.0,16.0,0.494,0.502,1.0,0.982,20.0,100.0,83.33,100.0,0.346,L,0
0022100760,1610612754,Indiana,Pacers,IND,pacers,240:00,610.0,122.0,580.0,116.0,30.0,6.0,0.62,2.58,21.5,0.298,0.774,0.55,12.0,12.0,0.6,0.608,1.0,0.982,20.0,100.0,83.33,100.0,0.545,W,1
0022100760,1610612746,LA,Clippers,LAC,clippers,240:00,580.0,116.0,610.0,122.0,-30.0,-6.0,0.556,2.5,18.2,0.226,0.702,0.45,10.0,10.0,0.547,0.57,1.0,0.973,20.0,100.0,83.33,100.0,0.455,L,0
0022100755,1610612753,Orlando,Magic,ORL,magic,240:00,567.0,113.4,551.0,110.2,16.0,3.2,0.605,1.63,19.5,0.25,0.75,0.5,16.495,16.5,0.577,0.604,1.0,1.0,19.5,97.5,81.25,97.0,0.524,W,1
0022100755,1610612742,Dallas,Mavericks,DAL,mavericks,240:00,551.0,110.2,567.0,113.4,-16.0,-3.2,0.564,1.22,17.1,0.25,0.75,0.5,18.367,18.4,0.58,0.607,1.0,1.0,19.5,97.5,81.25,98.0,0.476,L,0
0022100754,1610612765,Detroit,Pistons,DET,pistons,240:00,618.3,123.7,564.5,112.9,53.8,10.8,0.619,2.89,18.8,0.365,0.708,0.53,9.677,9.7,0.516,0.564,1.0,0.982,18.6,93.0,77.5,93.0,0.549,W,1
0022100754,1610612739,Cleveland,Cavaliers,CLE,cavaliers,240:00,564.5,112.9,618.3,123.7,-53.8,-10.8,0.658,1.92,18.9,0.292,0.635,0.47,13.978,14.0,0.543,0.565,1.0,0.963,18.6,93.0,77.5,93.0,0.451,L,0
0022100753,1610612741,Chicago,Bulls,CHI,bulls,240:00,670.1,134.0,597.9,119.6,72.2,14.4,0.72,5.14,25.5,0.195,0.837,0.524,7.216,7.2,0.628,0.664,1.0,0.981,19.4,97.0,80.83,97.0,0.583,W,1
0022100753,1610612757,Portland,Trail Blazers,POR,blazers,240:00,597.9,119.6,670.1,134.0,-72.2,-14.4,0.535,1.92,18.1,0.163,0.805,0.476,12.371,12.4,0.627,0.644,1.0,0.981,19.4,97.0,80.83,97.0,0.417,L,0
0022100756,1610612749,Milwaukee,Bucks,MIL,bucks,240:00,515.5,103.1,701.0,140.2,-185.6,-37.1,0.622,1.53,18.3,0.163,0.8,0.449,15.464,15.5,0.538,0.57,1.0,0.99,19.4,97.0,80.83,97.0,0.354,L,0
0022100756,1610612743,Denver,Nuggets,DEN,nuggets,240:00,701.0,140.2,515.5,103.1,185.6,37.1,0.736,3.9,27.5,0.2,0.837,0.551,10.309,10.3,0.733,0.736,1.0,0.981,19.4,97.0,80.83,97.0,0.646,W,1
0022100757,1610612750,Minnesota,Timberwolves,MIN,timberwolves,240:00,623.8,124.8,519.6,103.9,104.2,20.8,0.714,2.19,23.6,0.286,0.739,0.523,15.842,15.8,0.624,0.65,1.0,0.991,20.3,101.5,84.58,101.0,0.628,W,1
0022100757,1610612762,Utah,Jazz,UTA,jazz,240:00,519.6,103.9,623.8,124.8,-104.2,-20.8,0.605,1.15,16.8,0.261,0.714,0.477,19.608,19.6,0.562,0.587,1.0,0.956,20.3,101.5,84.58,102.0,0.372,L,0
0022100758,1610612756,Phoenix,Suns,PHX,suns,240:00,580.8,116.2,561.2,112.2,19.6,3.9,0.646,3.88,21.4,0.306,0.709,0.519,8.081,8.1,0.552,0.562,1.0,0.974,19.7,98.5,82.08,99.0,0.55,W,1
0022100758,1610612759,San Antonio,Spurs,SAS,spurs,240:00,561.2,112.2,580.8,116.2,-19.6,-3.9,0.6,2.45,19.3,0.291,0.694,0.481,11.224,11.2,0.515,0.531,1.0,1.0,19.7,98.5,82.08,98.0,0.45,L,0
0022100752,1610612766,Charlotte,Hornets,CHA,hornets,240:00,424.5,84.9,542.5,108.5,-117.9,-23.6,0.75,2.67,16.6,0.222,0.833,0.447,8.491,8.5,0.367,0.41,1.0,0.983,21.2,106.0,88.33,106.0,0.344,L,0
0022100752,1610612746,LA,Clippers,LAC,clippers,240:00,542.5,108.5,424.5,84.9,117.9,23.6,0.523,1.28,17.0,0.167,0.778,0.553,16.981,17.0,0.589,0.623,1.0,0.982,21.2,106.0,88.33,106.0,0.656,W,1
0022100751,1610612737,Atlanta,Hawks,ATL,hawks,240:00,626.2,125.2,593.1,118.6,33.1,6.6,0.633,2.58,21.7,0.233,0.809,0.533,11.65,11.7,0.643,0.658,1.0,0.982,20.5,102.5,85.42,103.0,0.556,W,1
0022100751,1610612747,Los Angeles,Lakers,LAL,lakers,240:00,593.1,118.6,626.2,125.2,-33.1,-6.6,0.617,2.23,20.9,0.191,0.767,0.467,12.745,12.7,0.626,0.623,1.0,0.991,20.5,102.5,85.42,102.0,0.444,L,0
0022100750,1610612744,Golden State,Warriors,GSW,warriors,240:00,555.6,111.1,546.4,109.3,9.2,1.8,0.6,2.0,16.4,0.383,0.656,0.521,12.121,12.1,0.48,0.519,1.0,0.943,19.6,98.0,81.67,99.0,0.513,W,1
0022100750,1610612751,Brooklyn,Nets,BKN,nets,240:00,546.4,109.3,555.6,111.1,-9.2,-1.8,0.538,1.91,15.1,0.344,0.617,0.479,11.34,11.3,0.454,0.494,1.0,0.983,19.6,98.0,81.67,97.0,0.487,L,0
0022100749,1610612763,Memphis,Grizzlies,MEM,grizzlies,240:00,618.3,123.7,510.8,102.2,107.5,21.5,0.522,2.67,17.3,0.418,0.759,0.587,9.677,9.7,0.525,0.546,1.0,0.991,18.6,93.0,77.5,93.0,0.576,W,1
0022100749,1610612764,Washington,Wizards,WAS,wizards,240:00,510.8,102.2,618.3,123.7,-107.5,-21.5,0.771,2.25,20.3,0.241,0.582,0.413,12.903,12.9,0.476,0.509,1.0,0.981,18.6,93.0,77.5,93.0,0.424,L,0
0022100745,1610612740,New Orleans,Pelicans,NOP,pelicans,240:00,505.2,101.0,551.5,110.3,-46.3,-9.3,0.611,1.47,16.9,0.245,0.825,0.506,15.625,15.6,0.488,0.526,1.0,0.972,19.3,96.5,80.42,96.0,0.422,L,0
0022100745,1610612738,Boston,Celtics,BOS,celtics,240:00,551.5,110.3,505.2,101.0,46.3,9.3,0.721,2.07,23.0,0.175,0.755,0.494,15.464,15.5,0.617,0.623,1.0,0.962,19.3,96.5,80.42,97.0,0.578,W,1
0022100748,1610612748,Miami,Heat,MIA,heat,315:00,504.2,100.8,529.9,106.0,-25.7,-5.1,0.578,1.08,15.1,0.391,0.689,0.531,20.168,20.2,0.482,0.505,1.0,0.966,17.98,89.9,74.92,119.0,0.451,L,0
0022100748,1610612761,Toronto,Raptors,TOR,raptors,315:00,529.9,106.0,504.2,100.8,25.7,5.1,0.511,1.41,15.0,0.311,0.609,0.469,14.53,14.5,0.514,0.54,1.0,0.971,17.98,89.9,74.92,117.0,0.549,W,1
0022100746,1610612742,Dallas,Mavericks,DAL,mavericks,240:00,673.5,134.7,530.3,106.1,143.2,28.6,0.608,6.2,21.8,0.26,0.704,0.49,5.102,5.1,0.615,0.625,1.0,0.991,19.7,98.5,82.08,98.0,0.615,W,1
0022100746,1610612754,Indiana,Pacers,IND,pacers,240:00,530.3,106.1,673.5,134.7,-143.2,-28.6,0.625,2.27,18.0,0.296,0.74,0.51,11.111,11.1,0.489,0.519,1.0,0.982,19.7,98.5,82.08,99.0,0.385,L,0
0022100747,1610612755,Philadelphia,76ers,PHI,sixers,240:00,547.9,109.6,531.6,106.3,16.3,3.3,0.667,1.33,19.5,0.128,0.729,0.46,19.149,19.1,0.6,0.632,1.0,0.98,18.9,94.5,78.75,94.0,0.514,W,1
0022100747,1610612758,Sacramento,Kings,SAC,kings,240:00,531.6,106.3,547.9,109.6,-16.3,-3.3,0.667,1.85,18.2,0.271,0.872,0.54,13.684,13.7,0.512,0.556,1.0,0.972,18.9,94.5,78.75,95.0,0.486,L,0
0022100737,1610612737,Atlanta,Hawks,ATL,hawks,240:00,551.0,110.2,469.4,93.9,81.6,16.3,0.463,1.58,14.5,0.269,0.679,0.481,12.245,12.2,0.528,0.552,1.0,0.973,19.6,98.0,81.67,98.0,0.614,W,1
0022100737,1610612738,Boston,Celtics,BOS,celtics,240:00,469.4,93.9,551.0,110.2,-81.6,-16.3,0.5,0.83,11.5,0.321,0.731,0.519,18.367,18.4,0.39,0.47,1.0,0.974,19.6,98.0,81.67,98.0,0.386,L,0
0022100735,1610612766,Charlotte,Hornets,CHA,hornets,240:00,609.4,121.9,587.6,117.5,21.7,4.3,0.581,2.08,18.8,0.267,0.707,0.515,12.5,12.5,0.584,0.614,1.0,0.981,19.3,96.5,80.42,96.0,0.555,W,1
0022100735,1610612747,Los Angeles,Lakers,LAL,lakers,240:00,587.6,117.5,609.4,121.9,-21.7,-4.3,0.5,2.71,14.4,0.293,0.733,0.485,7.216,7.2,0.5,0.542,1.0,0.973,19.3,96.5,80.42,97.0,0.445,L,0
0022100739,1610612745,Houston,Rockets,HOU,rockets,240:00,539.2,107.8,612.7,122.5,-73.5,-14.7,0.658,1.32,18.4,0.233,0.897,0.549,18.627,18.6,0.544,0.594,1.0,0.973,20.4,102.0,85.0,102.0,0.445,L,0
0022100739,1610612757,Portland,Trail Blazers,POR,blazers,240:00,612.7,122.5,539.2,107.8,73.5,14.7,0.435,1.33,15.9,0.103,0.767,0.451,14.706,14.7,0.673,0.696,1.0,0.962,20.4,102.0,85.0,102.0,0.555,W,1
0022100744,1610612749,Milwaukee,Bucks,MIL,bucks,240:00,608.9,121.8,534.7,106.9,74.3,14.9,0.659,2.08,18.9,0.294,0.76,0.525,12.871,12.9,0.539,0.599,1.0,0.983,20.2,101.0,84.17,101.0,0.58,W,1
0022100744,1610612752,New York,Knicks,NYK,knicks,240:00,534.7,106.9,608.9,121.8,-74.3,-14.9,0.538,1.5,15.7,0.24,0.706,0.475,13.861,13.9,0.548,0.561,1.0,0.982,20.2,101.0,84.17,101.0,0.42,L,0
0022100741,1610612760,Oklahoma City,Thunder,OKC,thunder,265:00,509.3,101.9,523.1,104.6,-13.9,-2.8,0.512,1.57,15.6,0.2,0.586,0.398,12.963,13.0,0.526,0.537,1.0,0.975,19.56,97.81,81.51,108.0,0.479,L,0
0022100741,1610612754,Indiana,Pacers,IND,pacers,265:00,523.1,104.6,509.3,101.9,13.9,2.8,0.61,1.19,15.9,0.414,0.8,0.602,19.444,19.4,0.5,0.524,1.0,0.962,19.56,97.81,81.51,108.0,0.521,W,1
0022100729,1610612740,New Orleans,Pelicans,NOP,pelicans,240:00,509.7,101.9,563.1,112.6,-53.4,-10.7,0.657,1.77,16.1,0.327,0.714,0.495,12.621,12.6,0.417,0.502,1.0,0.992,20.6,103.0,85.83,103.0,0.456,L,0
0022100729,1610612743,Denver,Nuggets,DEN,nuggets,240:00,563.1,112.6,509.7,101.9,53.4,10.7,0.707,1.38,20.1,0.286,0.673,0.505,20.388,20.4,0.573,0.624,1.0,0.983,20.6,103.0,85.83,103.0,0.544,W,1
0022100736,1610612753,Orlando,Magic,ORL,magic,240:00,589.1,117.8,509.9,102.0,79.2,15.8,0.683,1.65,19.9,0.286,0.732,0.541,16.832,16.8,0.566,0.63,1.0,0.965,20.2,101.0,84.17,101.0,0.601,W,1
0022100736,1610612765,Detroit,Pistons,DET,pistons,240:00,509.9,102.0,589.1,117.8,-79.2,-15.8,0.719,2.3,16.5,0.268,0.714,0.459,9.901,9.9,0.425,0.499,1.0,0.983,20.2,101.0,84.17,101.0,0.399,L,0
0022100738,1610612748,Miami,Heat,MIA,heat,240:00,587.4,117.5,553.4,110.7,34.0,6.8,0.7,1.56,19.2,0.326,0.702,0.534,17.476,17.5,0.559,0.624,1.0,0.983,20.6,103.0,85.83,103.0,0.58,W,1
0022100738,1610612746,LA,Clippers,LAC,clippers,240:00,553.4,110.7,587.4,117.5,-34.0,-6.8,0.537,1.69,15.6,0.298,0.674,0.466,12.621,12.6,0.495,0.537,1.0,0.992,20.6,103.0,85.83,103.0,0.42,L,0
0022100743,1610612756,Phoenix,Suns,PHX,suns,240:00,663.4,132.7,613.9,122.8,49.5,9.9,0.837,3.0,24.0,0.283,0.816,0.558,11.881,11.9,0.631,0.668,1.0,0.982,20.2,101.0,84.17,101.0,0.565,W,1
0022100743,1610612750,Minnesota,Timberwolves,MIN,timberwolves,240:00,613.9,122.8,663.4,132.7,-49.5,-9.9,0.455,2.86,15.4,0.184,0.717,0.442,6.931,6.9,0.567,0.609,1.0,0.982,20.2,101.0,84.17,101.0,0.435,L,0
0022100742,1610612759,San Antonio,Spurs,SAS,spurs,240:00,655.0,131.0,604.0,120.8,51.0,10.2,0.7,5.0,24.1,0.239,0.837,0.528,7.0,7.0,0.611,0.636,1.0,1.0,20.1,100.5,83.75,100.0,0.537,W,1
0022100742,1610612741,Chicago,Bulls,CHI,bulls,240:00,604.0,120.8,655.0,131.0,-51.0,-10.2,0.478,3.67,16.9,0.163,0.761,0.472,5.941,5.9,0.568,0.613,1.0,0.981,20.1,100.5,83.75,101.0,0.463,L,0
0022100740,1610612763,Memphis,Grizzlies,MEM,grizzlies,240:00,589.1,117.8,550.5,110.1,38.6,7.7,0.587,1.8,19.9,0.256,0.755,0.534,14.851,14.9,0.616,0.643,1.0,0.982,20.0,100.0,83.33,101.0,0.581,W,1
0022100740,1610612762,Utah,Jazz,UTA,jazz,240:00,550.5,110.1,589.1,117.8,-38.6,-7.7,0.541,1.11,15.3,0.245,0.744,0.466,18.182,18.2,0.535,0.578,1.0,0.982,20.0,100.0,83.33,99.0,0.419,L,0
0022100733,1610612755,Philadelphia,76ers,PHI,sixers,240:00,525.0,105.0,443.9,88.8,81.1,16.2,0.732,2.0,21.6,0.214,0.75,0.511,15.0,15.0,0.579,0.587,1.0,0.954,19.8,99.0,82.5,100.0,0.614,W,1
0022100733,1610612747,Los Angeles,Lakers,LAL,lakers,240:00,443.9,88.8,525.0,105.0,-81.1,-16.2,0.528,1.0,14.6,0.25,0.786,0.489,19.388,19.4,0.443,0.473,1.0,0.982,19.8,99.0,82.5,98.0,0.386,L,0
0022100734,1610612744,Golden State,Warriors,GSW,warriors,240:00,596.2,119.2,558.3,111.7,37.9,7.6,0.705,1.63,21.4,0.238,0.745,0.526,18.269,18.3,0.665,0.68,1.0,0.965,20.7,103.5,86.25,104.0,0.542,W,1
0022100734,1610612750,Minnesota,Timberwolves,MIN,timberwolves,240:00,558.3,111.7,596.2,119.2,-37.9,-7.6,0.524,2.44,15.8,0.255,0.762,0.474,8.738,8.7,0.495,0.538,1.0,0.991,20.7,103.5,86.25,103.0,0.458,L,0
0022100453,1610612751,Brooklyn,Nets,BKN,nets,240:00,584.2,116.8,613.9,122.8,-29.7,-5.9,0.605,2.17,19.1,0.188,0.694,0.443,11.881,11.9,0.557,0.593,1.0,0.982,20.2,101.0,84.17,101.0,0.453,L,0
0022100453,1610612743,Denver,Nuggets,DEN,nuggets,240:00,613.9,122.8,584.2,116.8,29.7,5.9,0.643,2.08,18.9,0.306,0.813,0.557,12.871,12.9,0.556,0.615,1.0,0.974,20.2,101.0,84.17,101.0,0.547,W,1
0022100472,1610612741,Chicago,Bulls,CHI,bulls,240:00,590.4,118.1,570.7,114.1,19.8,4.0,0.696,2.13,23.2,0.341,0.792,0.584,15.957,16.0,0.589,0.61,1.0,0.962,18.6,93.0,77.5,94.0,0.546,W,1
0022100472,1610612761,Toronto,Raptors,TOR,raptors,240:00,570.7,114.1,590.4,118.1,-19.8,-4.0,0.632,2.0,19.0,0.208,0.659,0.416,13.043,13.0,0.557,0.575,1.0,1.0,18.6,93.0,77.5,92.0,0.454,L,0
0022100722,1610612739,Cleveland,Cavaliers,CLE,cavaliers,240:00,599.0,119.8,521.1,104.2,77.9,15.6,0.659,2.08,19.7,0.292,0.682,0.478,13.542,13.5,0.58,0.609,1.0,0.964,19.1,95.5,79.58,96.0,0.568,W,1
0022100722,1610612749,Milwaukee,Bucks,MIL,bucks,240:00,521.1,104.2,599.0,119.8,-77.9,-15.6,0.595,1.16,16.9,0.318,0.708,0.522,20.0,20.0,0.519,0.563,1.0,1.0,19.1,95.5,79.58,95.0,0.432,L,0
0022100731,1610612762,Utah,Jazz,UTA,jazz,240:00,521.5,104.3,564.5,112.9,-43.0,-8.6,0.588,1.25,15.9,0.28,0.727,0.489,17.204,17.2,0.506,0.544,1.0,0.962,18.6,93.0,77.5,93.0,0.425,L,0
0022100731,1610612756,Phoenix,Suns,PHX,suns,240:00,564.5,112.9,521.5,104.3,43.0,8.6,0.35,1.56,11.9,0.273,0.72,0.511,9.677,9.7,0.53,0.559,1.0,0.962,18.6,93.0,77.5,93.0,0.575,W,1
0022100728,1610612759,San Antonio,Spurs,SAS,spurs,240:00,555.6,111.1,584.2,116.8,-28.6,-5.7,0.698,2.31,20.5,0.346,0.63,0.48,13.131,13.1,0.505,0.537,1.0,1.0,20.0,100.0,83.33,99.0,0.468,L,0
0022100728,1610612763,Memphis,Grizzlies,MEM,grizzlies,240:00,584.2,116.8,555.6,111.1,28.6,5.7,0.522,1.85,17.0,0.37,0.654,0.52,12.871,12.9,0.55,0.582,1.0,0.974,20.0,100.0,83.33,101.0,0.532,W,1
0022100725,1610612737,Atlanta,Hawks,ATL,hawks,240:00,605.0,121.0,520.0,104.0,85.0,17.0,0.604,3.22,21.2,0.186,0.759,0.515,9.0,9.0,0.6,0.621,1.0,0.972,20.0,100.0,83.33,100.0,0.621,W,1
0022100725,1610612758,Sacramento,Kings,SAC,kings,240:00,520.0,104.0,605.0,121.0,-85.0,-17.0,0.59,1.92,16.8,0.241,0.814,0.485,12.0,12.0,0.484,0.513,1.0,0.982,20.0,100.0,83.33,100.0,0.379,L,0
0022100724,1610612753,Orlando,Magic,ORL,magic,240:00,510.0,102.0,555.0,111.0,-45.0,-9.0,0.763,2.23,21.2,0.163,0.756,0.447,13.0,13.0,0.506,0.544,1.0,0.981,20.0,100.0,83.33,100.0,0.476,L,0
0022100724,1610612746,LA,Clippers,LAC,clippers,240:00,555.0,111.0,510.0,102.0,45.0,9.0,0.556,1.33,15.4,0.244,0.837,0.553,15.0,15.0,0.537,0.598,1.0,0.991,20.0,100.0,83.33,100.0,0.524,W,1
0022100727,1610612748,Miami,Heat,MIA,heat,240:00,591.4,118.3,505.3,101.1,86.1,17.2,0.811,1.5,22.6,0.256,0.68,0.494,21.505,21.5,0.608,0.657,1.0,0.971,18.8,94.0,78.33,93.0,0.588,W,1
0022100727,1610612752,New York,Knicks,NYK,knicks,240:00,505.3,101.1,591.4,118.3,-86.1,-17.2,0.686,1.33,17.8,0.32,0.744,0.506,18.947,18.9,0.512,0.531,1.0,0.955,18.8,94.0,78.33,95.0,0.412,L,0
0022100723,1610612754,Indiana,Pacers,IND,pacers,240:00,588.8,117.8,738.3,147.7,-149.5,-29.9,0.75,1.65,20.5,0.423,0.667,0.532,18.692,18.7,0.533,0.589,1.0,0.992,21.4,107.0,89.17,107.0,0.392,L,0
0022100723,1610612766,Charlotte,Hornets,CHA,hornets,240:00,738.3,147.7,588.8,117.8,149.5,29.9,0.685,2.85,23.6,0.333,0.577,0.468,12.15,12.1,0.71,0.735,1.0,0.992,21.4,107.0,89.17,107.0,0.608,W,1
0022100732,1610612757,Portland,Trail Blazers,POR,blazers,240:00,577.3,115.5,666.7,133.3,-89.3,-17.9,0.643,3.0,20.9,0.109,0.8,0.451,9.278,9.3,0.598,0.608,1.0,0.99,19.6,98.0,81.67,97.0,0.416,L,0
0022100732,1610612742,Dallas,Mavericks,DAL,mavericks,240:00,666.7,133.3,577.3,115.5,89.3,17.9,0.729,3.89,24.6,0.2,0.891,0.549,9.091,9.1,0.636,0.664,1.0,0.963,19.6,98.0,81.67,99.0,0.584,W,1
0022100718,1610612751,Brooklyn,Nets,BKN,nets,240:00,505.3,101.1,557.9,111.6,-52.6,-10.5,0.541,1.05,14.6,0.4,0.809,0.588,20.0,20.0,0.46,0.491,1.0,0.974,19.0,95.0,79.17,95.0,0.438,L,0
0022100718,1610612747,Los Angeles,Lakers,LAL,lakers,240:00,557.9,111.6,505.3,101.1,52.6,10.5,0.548,2.3,18.3,0.191,0.6,0.412,10.526,10.5,0.539,0.567,1.0,0.981,19.0,95.0,79.17,95.0,0.562,W,1
0022100454,1610612755,Philadelphia,76ers,PHI,sixers,240:00,635.9,127.2,587.9,117.6,48.0,9.6,0.667,2.36,19.1,0.391,0.733,0.56,11.957,12.0,0.524,0.599,1.0,0.964,18.3,91.5,76.25,92.0,0.543,W,1
0022100454,1610612740,New Orleans,Pelicans,NOP,pelicans,240:00,587.9,117.6,635.9,127.2,-48.0,-9.6,0.65,3.25,20.2,0.267,0.609,0.44,8.791,8.8,0.536,0.566,1.0,0.99,18.3,91.5,76.25,91.0,0.457,L,0
0022100721,1610612757,Portland,Trail Blazers,POR,blazers,240:00,524.5,104.9,539.6,107.9,-15.1,-3.0,0.703,1.86,17.8,0.31,0.74,0.509,13.725,13.7,0.479,0.52,1.0,0.975,20.3,101.5,84.58,102.0,0.461,L,0
0022100721,1610612750,Minnesota,Timberwolves,MIN,timberwolves,240:00,539.6,107.9,524.5,104.9,15.1,3.0,0.583,1.24,15.7,0.26,0.69,0.491,16.832,16.8,0.524,0.57,1.0,0.973,20.3,101.5,84.58,101.0,0.539,W,1
0022100714,1610612765,Detroit,Pistons,DET,pistons,240:00,514.7,102.9,539.2,107.8,-24.5,-4.9,0.61,2.78,18.0,0.211,0.569,0.38,8.824,8.8,0.485,0.509,1.0,0.982,20.4,102.0,85.0,102.0,0.468,L,0
0022100714,1610612743,Denver,Nuggets,DEN,nuggets,240:00,539.2,107.8,514.7,102.9,24.5,4.9,0.694,1.0,16.8,0.431,0.789,0.62,24.51,24.5,0.494,0.563,1.0,0.984,20.4,102.0,85.0,102.0,0.532,W,1
0022100717,1610612738,Boston,Celtics,BOS,celtics,240:00,666.7,133.3,386.6,77.3,280.1,56.0,0.627,2.91,21.5,0.404,0.725,0.587,11.458,11.5,0.592,0.603,1.0,0.991,19.3,96.5,80.42,96.0,0.781,W,1
0022100717,1610612758,Sacramento,Kings,SAC,kings,240:00,386.6,77.3,666.7,133.3,-280.1,-56.0,0.517,1.25,11.6,0.275,0.596,0.413,12.371,12.4,0.337,0.369,1.0,0.974,19.3,96.5,80.42,97.0,0.219,L,0
0022100719,1610612745,Houston,Rockets,HOU,rockets,240:00,500.0,100.0,638.1,127.6,-138.1,-27.6,0.538,1.24,14.6,0.333,0.674,0.476,16.346,16.3,0.458,0.491,1.0,0.984,20.9,104.5,87.08,104.0,0.344,L,0
0022100719,1610612759,San Antonio,Spurs,SAS,spurs,240:00,638.1,127.6,500.0,100.0,138.1,27.6,0.655,2.92,24.4,0.326,0.667,0.524,12.381,12.4,0.634,0.646,1.0,0.983,20.9,104.5,87.08,105.0,0.656,W,1
0022100716,1610612764,Washington,Wizards,WAS,wizards,240:00,542.5,108.5,542.1,108.4,0.4,0.1,0.676,1.32,17.5,0.245,0.741,0.514,17.925,17.9,0.519,0.589,1.0,0.983,21.3,106.5,88.75,106.0,0.508,L,0
0022100716,1610612746,LA,Clippers,LAC,clippers,240:00,542.1,108.4,542.5,108.5,-0.4,-0.1,0.718,2.33,18.8,0.259,0.755,0.486,11.215,11.2,0.473,0.539,1.0,0.975,21.3,106.5,88.75,107.0,0.492,W,1
0022100715,1610612761,Toronto,Raptors,TOR,raptors,240:00,631.3,126.3,565.0,113.0,66.3,13.3,0.628,1.59,19.4,0.302,0.771,0.549,17.172,17.2,0.622,0.66,1.0,0.964,19.9,99.5,82.92,99.0,0.548,W,1
0022100715,1610612766,Charlotte,Hornets,CHA,hornets,240:00,565.0,113.0,631.3,126.3,-66.3,-13.3,0.625,2.08,18.4,0.229,0.698,0.451,12.0,12.0,0.549,0.588,1.0,0.982,19.9,99.5,82.92,100.0,0.452,L,0
0022100720,1610612744,Golden State,Warriors,GSW,warriors,240:00,656.6,131.3,464.6,92.9,191.9,38.4,0.633,2.21,21.5,0.318,0.78,0.583,14.141,14.1,0.625,0.651,1.0,0.982,19.8,99.0,82.5,99.0,0.684,W,1
0022100720,1610612742,Dallas,Mavericks,DAL,mavericks,240:00,464.6,92.9,656.6,131.3,-191.9,-38.4,0.531,1.55,13.2,0.22,0.682,0.417,11.111,11.1,0.407,0.465,1.0,0.982,19.8,99.0,82.5,99.0,0.316,L,0
0022100709,1610612739,Cleveland,Cavaliers,CLE,cavaliers,240:00,500.0,100.0,489.5,97.9,10.5,2.1,0.829,1.45,20.9,0.314,0.755,0.538,21.053,21.1,0.512,0.529,1.0,0.982,19.0,95.0,79.17,95.0,0.53,W,1
0022100709,1610612752,New York,Knicks,NYK,knicks,240:00,489.5,97.9,500.0,100.0,-10.5,-2.1,0.6,1.75,16.4,0.245,0.686,0.462,12.632,12.6,0.488,0.499,1.0,0.981,19.0,95.0,79.17,95.0,0.47,L,0
0022100730,1610612760,Oklahoma City,Thunder,OKC,thunder,240:00,539.2,107.8,538.8,107.8,0.4,0.1,0.684,2.36,18.4,0.228,0.7,0.449,10.784,10.8,0.5,0.536,1.0,1.0,20.5,102.5,85.42,102.0,0.49,L,0
0022100730,1610612741,Chicago,Bulls,CHI,bulls,240:00,538.8,107.8,539.2,107.8,-0.4,-0.1,0.756,1.63,20.8,0.3,0.772,0.551,18.447,18.4,0.545,0.57,1.0,0.958,20.5,102.5,85.42,103.0,0.51,W,1
0022100713,1610612756,Phoenix,Suns,PHX,suns,240:00,586.7,117.3,556.1,111.2,30.6,6.1,0.596,2.0,18.7,0.429,0.795,0.59,14.286,14.3,0.54,0.545,1.0,0.975,19.6,98.0,81.67,98.0,0.531,W,1
0022100713,1610612762,Utah,Jazz,UTA,jazz,240:00,556.1,111.2,586.7,117.3,-30.6,-6.1,0.4,1.14,13.0,0.205,0.571,0.41,14.286,14.3,0.58,0.601,1.0,0.972,19.6,98.0,81.67,98.0,0.469,L,0
0022100712,1610612740,New Orleans,Pelicans,NOP,pelicans,240:00,579.2,115.8,553.9,110.8,25.3,5.1,0.561,1.92,16.7,0.292,0.679,0.495,11.881,11.9,0.5,0.576,1.0,0.983,20.3,101.5,84.58,101.0,0.56,W,1
0022100712,1610612754,Indiana,Pacers,IND,pacers,240:00,553.9,110.8,579.2,115.8,-25.3,-5.1,0.684,1.53,17.9,0.321,0.708,0.505,16.667,16.7,0.546,0.577,1.0,0.958,20.3,101.5,84.58,102.0,0.44,L,0
0022100707,1610612743,Denver,Nuggets,DEN,nuggets,240:00,609.4,121.9,572.2,114.4,37.2,7.4,0.659,2.23,21.0,0.289,0.8,0.513,13.542,13.5,0.588,0.615,1.0,0.972,19.3,96.5,80.42,96.0,0.531,W,1
0022100707,1610612765,Detroit,Pistons,DET,pistons,240:00,572.2,114.4,609.4,121.9,-37.2,-7.4,0.667,1.27,21.2,0.2,0.711,0.488,22.68,22.7,0.633,0.666,1.0,0.981,19.3,96.5,80.42,97.0,0.469,L,0
0022100699,1610612764,Washington,Wizards,WAS,wizards,240:00,448.5,89.7,597.9,119.6,-149.5,-29.9,0.606,2.86,15.6,0.18,0.686,0.411,7.216,7.2,0.398,0.435,1.0,0.972,19.4,97.0,80.83,97.0,0.386,L,0
0022100699,1610612738,Boston,Celtics,BOS,celtics,240:00,597.9,119.6,448.5,89.7,149.5,29.9,0.65,2.0,18.7,0.314,0.82,0.589,13.402,13.4,0.55,0.584,1.0,0.982,19.4,97.0,80.83,97.0,0.614,W,1
0022100701,1610612753,Orlando,Magic,ORL,magic,240:00,570.0,114.0,470.3,94.1,99.7,19.9,0.738,2.21,22.8,0.15,0.702,0.448,14.0,14.0,0.6,0.632,1.0,0.971,20.1,100.5,83.75,100.0,0.668,W,1
0022100701,1610612741,Chicago,Bulls,CHI,bulls,240:00,470.3,94.1,570.0,114.0,-99.7,-19.9,0.303,0.45,8.1,0.298,0.85,0.552,21.782,21.8,0.467,0.527,1.0,0.965,20.1,100.5,83.75,101.0,0.332,L,0
0022100705,1610612742,Dallas,Mavericks,DAL,mavericks,240:00,541.7,108.3,469.1,93.8,72.6,14.5,0.611,1.22,17.1,0.262,0.585,0.458,18.75,18.8,0.547,0.593,1.0,0.963,19.3,96.5,80.42,96.0,0.631,W,1
0022100705,1610612763,Memphis,Grizzlies,MEM,grizzlies,240:00,469.1,93.8,541.7,108.3,-72.6,-14.5,0.541,1.33,13.9,0.415,0.738,0.542,15.464,15.5,0.394,0.424,1.0,0.976,19.3,96.5,80.42,97.0,0.369,L,0
0022100698,1610612752,New York,Knicks,NYK,knicks,240:00,572.9,114.6,536.8,107.4,36.1,7.2,0.667,2.0,18.4,0.352,0.796,0.563,13.542,13.5,0.516,0.554,1.0,0.965,19.1,95.5,79.58,96.0,0.543,W,1
0022100698,1610612746,LA,Clippers,LAC,clippers,240:00,536.8,107.4,572.9,114.6,-36.1,-7.2,0.588,1.67,16.0,0.204,0.648,0.437,12.632,12.6,0.519,0.553,1.0,0.99,19.1,95.5,79.58,95.0,0.457,L,0
0022100702,1610612761,Toronto,Raptors,TOR,raptors,240:00,525.0,105.0,570.0,114.0,-45.0,-9.0,0.718,1.75,18.7,0.361,0.682,0.495,16.0,16.0,0.49,0.504,1.0,0.975,20.0,100.0,83.33,100.0,0.443,L,0
0022100702,1610612757,Portland,Trail Blazers,POR,blazers,240:00,570.0,114.0,525.0,105.0,45.0,9.0,0.689,1.41,21.4,0.318,0.639,0.505,22.0,22.0,0.635,0.628,1.0,0.982,20.0,100.0,83.33,100.0,0.557,W,1
0022100700,1610612748,Miami,Heat,MIA,heat,240:00,576.5,115.3,540.4,108.1,36.1,7.2,0.775,1.94,22.6,0.209,0.739,0.483,16.327,16.3,0.586,0.629,1.0,0.991,19.7,98.5,82.08,98.0,0.551,W,1
0022100700,1610612747,Los Angeles,Lakers,LAL,lakers,240:00,540.4,108.1,576.5,115.3,-36.1,-7.2,0.556,1.11,15.3,0.261,0.791,0.517,18.182,18.2,0.525,0.58,1.0,0.964,19.7,98.5,82.08,99.0,0.449,L,0
0022100703,1610612766,Charlotte,Hornets,CHA,hornets,240:00,450.5,90.1,565.0,113.0,-114.5,-22.9,0.676,1.44,16.7,0.281,0.86,0.551,15.842,15.8,0.414,0.46,1.0,0.991,20.1,100.5,83.75,101.0,0.394,L,0
0022100703,1610612737,Atlanta,Hawks,ATL,hawks,240:00,565.0,113.0,450.5,90.1,114.5,22.9,0.625,2.5,18.9,0.14,0.719,0.449,10.0,10.0,0.54,0.573,1.0,0.991,20.1,100.5,83.75,100.0,0.606,W,1
0022100708,1610612744,Golden State,Warriors,GSW,warriors,240:00,552.9,110.6,534.9,107.0,18.1,3.6,0.528,1.9,16.4,0.255,0.623,0.45,11.765,11.8,0.512,0.538,1.0,0.979,17.1,85.5,71.25,85.0,0.503,W,1
0022100708,1610612762,Utah,Jazz,UTA,jazz,240:00,534.9,107.0,552.9,110.6,-18.1,-3.6,0.548,1.42,13.8,0.377,0.745,0.55,13.953,14.0,0.451,0.505,1.0,0.943,17.1,85.5,71.25,86.0,0.497,L,0
0022100706,1610612750,Minnesota,Timberwolves,MIN,timberwolves,240:00,666.7,133.3,612.7,122.5,53.9,10.8,0.5,2.67,17.5,0.239,0.583,0.415,8.824,8.8,0.598,0.644,1.0,0.982,20.4,102.0,85.0,102.0,0.567,W,1
0022100706,1610612751,Brooklyn,Nets,BKN,nets,240:00,612.7,122.5,666.7,133.3,-53.9,-10.8,0.563,1.42,18.1,0.417,0.761,0.585,18.627,18.6,0.584,0.615,1.0,0.967,20.4,102.0,85.0,102.0,0.433,L,0
0022100704,1610612759,San Antonio,Spurs,SAS,spurs,240:00,567.7,113.5,599.0,119.8,-31.3,-6.3,0.714,3.33,21.6,0.3,0.66,0.48,9.375,9.4,0.528,0.552,1.0,0.991,19.2,96.0,80.0,96.0,0.501,L,0
0022100704,1610612755,Philadelphia,76ers,PHI,sixers,240:00,599.0,119.8,567.7,113.5,31.3,6.3,0.5,2.2,16.4,0.34,0.7,0.52,10.417,10.4,0.516,0.563,1.0,1.0,19.2,96.0,80.0,96.0,0.499,W,1
0022100695,1610612739,Cleveland,Cavaliers,CLE,cavaliers,240:00,494.7,98.9,457.9,91.6,36.8,7.4,0.629,0.96,16.1,0.385,0.727,0.561,24.211,24.2,0.5,0.514,1.0,0.965,19.0,95.0,79.17,95.0,0.572,W,1
0022100695,1610612760,Oklahoma City,Thunder,OKC,thunder,240:00,457.9,91.6,494.7,98.9,-36.8,-7.4,0.485,1.07,12.9,0.273,0.615,0.439,15.789,15.8,0.459,0.473,1.0,0.991,19.0,95.0,79.17,95.0,0.428,L,0
0022100696,1610612749,Milwaukee,Bucks,MIL,bucks,240:00,652.0,130.4,622.5,124.5,29.4,5.9,0.422,2.71,14.6,0.213,0.68,0.454,6.863,6.9,0.61,0.652,1.0,0.991,20.4,102.0,85.0,102.0,0.532,W,1
0022100696,1610612758,Sacramento,Kings,SAC,kings,240:00,622.5,124.5,652.0,130.4,-29.4,-5.9,0.569,2.07,19.7,0.32,0.787,0.546,13.725,13.7,0.603,0.61,1.0,0.992,20.4,102.0,85.0,102.0,0.468,L,0
0022100697,1610612756,Phoenix,Suns,PHX,suns,240:00,582.5,116.5,530.9,106.2,51.5,10.3,0.723,3.09,23.0,0.34,0.698,0.524,11.34,11.3,0.526,0.553,1.0,0.982,19.4,97.0,80.83,97.0,0.62,W,1
0022100697,1610612754,Indiana,Pacers,IND,pacers,240:00,530.9,106.2,582.5,116.5,-51.5,-10.3,0.514,1.06,14.4,0.302,0.66,0.476,18.557,18.6,0.5,0.537,1.0,0.973,19.4,97.0,80.83,97.0,0.38,L,0
0022100694,1610612744,Golden State,Warriors,GSW,warriors,240:00,546.9,109.4,525.5,105.1,21.4,4.3,0.641,1.32,19.1,0.222,0.731,0.495,19.792,19.8,0.543,0.579,1.0,0.981,19.4,97.0,80.83,96.0,0.496,W,1
0022100694,1610612745,Houston,Rockets,HOU,rockets,240:00,525.5,105.1,546.9,109.4,-21.4,-4.3,0.658,2.08,18.2,0.269,0.778,0.505,12.245,12.2,0.483,0.527,1.0,0.973,19.4,97.0,80.83,98.0,0.504,L,0
0022100692,1610612743,Denver,Nuggets,DEN,nuggets,240:00,572.8,114.6,592.2,118.4,-19.4,-3.9,0.791,2.62,22.7,0.271,0.659,0.457,12.621,12.6,0.544,0.583,1.0,0.983,20.6,103.0,85.83,103.0,0.496,L,0
0022100692,1610612763,Memphis,Grizzlies,MEM,grizzlies,240:00,592.2,118.4,572.8,114.6,19.4,3.9,0.442,1.19,14.0,0.341,0.729,0.543,15.534,15.5,0.591,0.612,1.0,0.983,20.6,103.0,85.83,103.0,0.504,W,1
0022100684,1610612766,Charlotte,Hornets,CHA,hornets,240:00,587.4,117.5,480.4,96.1,107.0,21.4,0.756,2.83,21.9,0.316,0.746,0.542,11.65,11.7,0.54,0.561,1.0,0.975,20.5,102.5,85.42,103.0,0.641,W,1
0022100684,1610612760,Oklahoma City,Thunder,OKC,thunder,240:00,480.4,96.1,587.4,117.5,-107.0,-21.4,0.541,1.67,14.5,0.254,0.684,0.458,11.765,11.8,0.439,0.468,1.0,0.983,20.5,102.5,85.42,102.0,0.359,L,0
0022100685,1610612753,Orlando,Magic,ORL,magic,240:00,495.3,99.1,557.7,111.5,-62.4,-12.5,0.639,1.28,16.9,0.167,0.773,0.457,16.981,17.0,0.512,0.56,1.0,0.973,21.0,105.0,87.5,106.0,0.438,L,0
0022100685,1610612747,Los Angeles,Lakers,LAL,lakers,240:00,557.7,111.5,495.3,99.1,62.4,12.5,0.548,1.21,16.9,0.227,0.833,0.543,18.269,18.3,0.571,0.61,1.0,1.0,21.0,105.0,87.5,104.0,0.562,W,1
0022100686,1610612755,Philadelphia,76ers,PHI,sixers,240:00,543.0,108.6,548.4,109.7,-5.4,-1.1,0.605,3.29,17.4,0.291,0.694,0.481,7.527,7.5,0.473,0.504,1.0,0.982,18.6,93.0,77.5,93.0,0.497,L,0
0022100686,1610612746,LA,Clippers,LAC,clippers,240:00,548.4,109.7,543.0,108.6,5.4,1.1,0.525,1.75,16.3,0.306,0.709,0.519,12.903,12.9,0.523,0.545,1.0,0.963,18.6,93.0,77.5,93.0,0.503,W,1
0022100689,1610612764,Washington,Wizards,WAS,wizards,240:00,564.5,112.9,579.8,116.0,-15.3,-3.1,0.674,1.61,21.3,0.341,0.74,0.553,19.355,19.4,0.571,0.587,1.0,0.991,18.7,93.5,77.92,93.0,0.496,L,0
0022100689,1610612761,Toronto,Raptors,TOR,raptors,240:00,579.8,116.0,564.5,112.9,15.3,3.1,0.476,2.5,15.7,0.26,0.659,0.447,8.511,8.5,0.528,0.559,1.0,0.972,18.7,93.5,77.92,94.0,0.504,W,1
0022100688,1610612738,Boston,Celtics,BOS,celtics,240:00,552.6,110.5,579.8,116.0,-27.2,-5.4,0.676,2.08,19.1,0.229,0.81,0.5,12.632,12.6,0.518,0.57,1.0,0.962,18.9,94.5,78.75,95.0,0.505,L,0
0022100688,1610612757,Portland,Trail Blazers,POR,blazers,240:00,579.8,116.0,552.6,110.5,27.2,5.4,0.556,1.54,16.4,0.19,0.771,0.5,13.83,13.8,0.579,0.611,1.0,0.99,18.9,94.5,78.75,94.0,0.495,W,1
0022100687,1610612737,Atlanta,Hawks,ATL,hawks,240:00,591.4,118.3,587.0,117.4,4.4,0.9,0.684,1.44,20.6,0.233,0.682,0.5,19.355,19.4,0.662,0.7,1.0,0.95,18.5,92.5,77.08,93.0,0.529,W,1
0022100687,1610612748,Miami,Heat,MIA,heat,240:00,587.0,117.4,591.4,118.3,-4.4,-0.9,0.732,2.0,22.2,0.318,0.767,0.5,16.304,16.3,0.571,0.598,1.0,1.0,18.5,92.5,77.08,92.0,0.471,L,0
0022100690,1610612749,Milwaukee,Bucks,MIL,bucks,240:00,489.6,97.9,473.7,94.7,15.9,3.2,0.588,2.5,15.4,0.254,0.8,0.518,8.333,8.3,0.42,0.469,1.0,0.991,19.1,95.5,79.58,96.0,0.513,W,1
0022100690,1610612741,Chicago,Bulls,CHI,bulls,240:00,473.7,94.7,489.6,97.9,-15.9,-3.2,0.677,2.1,16.5,0.2,0.746,0.482,10.526,10.5,0.406,0.471,1.0,0.972,19.1,95.5,79.58,95.0,0.487,L,0
0022100693,1610612762,Utah,Jazz,UTA,jazz,240:00,578.1,115.6,526.0,105.2,52.1,10.4,0.611,2.0,17.2,0.244,0.765,0.521,11.458,11.5,0.519,0.591,1.0,0.981,19.2,96.0,80.0,96.0,0.56,W,1
0022100693,1610612765,Detroit,Pistons,DET,pistons,240:00,526.0,105.2,578.1,115.6,-52.1,-10.4,0.579,2.0,16.9,0.235,0.756,0.479,11.458,11.5,0.511,0.537,1.0,0.972,19.2,96.0,80.0,96.0,0.44,L,0
0022100691,1610612759,San Antonio,Spurs,SAS,spurs,240:00,531.3,106.3,609.4,121.9,-78.1,-15.6,0.649,4.0,17.4,0.29,0.654,0.456,6.25,6.3,0.432,0.483,1.0,0.982,19.2,96.0,80.0,96.0,0.443,L,0
0022100691,1610612751,Brooklyn,Nets,BKN,nets,240:00,609.4,121.9,531.3,106.3,78.1,15.6,0.5,3.0,17.5,0.346,0.71,0.544,8.333,8.3,0.525,0.556,1.0,0.982,19.2,96.0,80.0,96.0,0.557,W,1
0022100682,1610612742,Dallas,Mavericks,DAL,mavericks,240:00,510.1,102.0,545.0,109.0,-34.9,-7.0,0.514,1.0,14.6,0.24,0.854,0.541,19.192,19.2,0.5,0.538,1.0,1.0,19.9,99.5,82.92,99.0,0.408,L,0
0022100682,1610612756,Phoenix,Suns,PHX,suns,240:00,545.0,109.0,510.1,102.0,34.9,7.0,0.641,3.57,18.9,0.146,0.76,0.459,7.0,7.0,0.5,0.562,1.0,0.972,19.9,99.5,82.92,100.0,0.592,W,1
0022100681,1610612752,New York,Knicks,NYK,knicks,240:00,484.0,96.8,542.6,108.5,-58.5,-11.7,0.724,1.4,15.9,0.327,0.875,0.565,15.957,16.0,0.435,0.49,1.0,0.982,18.8,94.0,78.33,94.0,0.42,L,0
0022100681,1610612740,New Orleans,Pelicans,NOP,pelicans,240:00,542.6,108.5,484.0,96.8,58.5,11.7,0.711,2.25,21.4,0.125,0.673,0.435,12.766,12.8,0.572,0.595,1.0,0.98,18.8,94.0,78.33,94.0,0.58,W,1
0022100683,1610612744,Golden State,Warriors,GSW,warriors,265:00,527.0,105.4,550.0,110.0,-23.0,-4.6,0.667,1.33,17.7,0.333,0.667,0.5,18.919,18.9,0.495,0.548,1.0,0.977,20.02,100.08,83.4,111.0,0.512,L,0
0022100683,1610612754,Indiana,Pacers,IND,pacers,265:00,550.0,110.0,527.0,105.4,23.0,4.6,0.561,1.28,15.1,0.333,0.667,0.5,16.364,16.4,0.511,0.55,1.0,0.953,20.02,100.08,83.4,110.0,0.488,W,1
0022100668,1610612755,Philadelphia,76ers,PHI,sixers,240:00,634.0,126.8,561.2,112.2,72.8,14.6,0.467,2.1,16.8,0.167,0.75,0.489,10.309,10.3,0.602,0.648,1.0,0.981,19.5,97.5,81.25,97.0,0.572,W,1
0022100668,1610612753,Orlando,Magic,ORL,magic,240:00,561.2,112.2,634.0,126.8,-72.8,-14.6,0.65,2.36,19.0,0.25,0.833,0.511,11.224,11.2,0.544,0.567,1.0,0.973,19.5,97.5,81.25,98.0,0.428,L,0
0022100673,1610612741,Chicago,Bulls,CHI,bulls,240:00,615.8,123.2,547.4,109.5,68.4,13.7,0.532,2.5,19.5,0.195,0.769,0.475,10.526,10.5,0.605,0.623,1.0,0.981,19.0,95.0,79.17,95.0,0.531,W,1
0022100673,1610612739,Cleveland,Cavaliers,CLE,cavaliers,240:00,547.4,109.5,615.8,123.2,-68.4,-13.7,0.675,1.8,20.6,0.231,0.805,0.525,15.789,15.8,0.578,0.6,1.0,0.971,19.0,95.0,79.17,95.0,0.469,L,0
0022100674,1610612749,Milwaukee,Bucks,MIL,bucks,240:00,583.3,116.7,527.8,105.6,55.6,11.1,0.63,1.93,19.1,0.288,0.701,0.521,13.889,13.9,0.541,0.591,1.0,0.984,21.6,108.0,90.0,108.0,0.576,W,1
0022100674,1610612763,Memphis,Grizzlies,MEM,grizzlies,240:00,527.8,105.6,583.3,116.7,-55.6,-11.1,0.591,2.6,17.0,0.299,0.712,0.479,9.259,9.3,0.458,0.487,1.0,0.984,21.6,108.0,90.0,108.0,0.424,L,0
0022100669,1610612764,Washington,Wizards,WAS,wizards,240:00,602.0,120.4,613.4,122.7,-11.4,-2.3,0.561,1.77,16.5,0.367,0.651,0.5,13.265,13.3,0.535,0.59,1.0,0.966,19.5,97.5,81.25,98.0,0.513,L,0
0022100669,1610612751,Brooklyn,Nets,BKN,nets,240:00,613.4,122.7,602.0,120.4,11.4,2.3,0.489,1.53,17.0,0.349,0.633,0.5,15.464,15.5,0.573,0.608,1.0,0.964,19.5,97.5,81.25,97.0,0.487,W,1
0022100671,1610612738,Boston,Celtics,BOS,celtics,240:00,525.8,105.2,560.6,112.1,-34.8,-7.0,0.692,1.93,20.0,0.216,0.674,0.433,14.433,14.4,0.511,0.533,1.0,1.0,19.6,98.0,81.67,97.0,0.442,L,0
0022100671,1610612766,Charlotte,Hornets,CHA,hornets,240:00,560.6,112.1,525.8,105.2,34.8,7.0,0.643,1.59,19.1,0.326,0.784,0.567,17.172,17.2,0.581,0.599,1.0,0.947,19.6,98.0,81.67,99.0,0.558,W,1
0022100679,1610612758,Sacramento,Kings,SAC,kings,240:00,668.4,133.7,678.6,135.7,-10.2,-2.0,0.5,3.14,16.5,0.292,0.646,0.469,7.143,7.1,0.595,0.634,1.0,0.991,19.6,98.0,81.67,98.0,0.497,L,0
0022100679,1610612765,Detroit,Pistons,DET,pistons,240:00,678.6,135.7,668.4,133.7,10.2,2.0,0.587,3.0,19.0,0.354,0.708,0.531,9.184,9.2,0.588,0.638,1.0,0.974,19.6,98.0,81.67,98.0,0.503,W,1
0022100676,1610612759,San Antonio,Spurs,SAS,spurs,240:00,584.2,116.8,475.2,95.0,108.9,21.8,0.681,3.56,21.9,0.255,0.661,0.478,8.911,8.9,0.568,0.578,1.0,0.982,20.2,101.0,84.17,101.0,0.653,W,1
0022100676,1610612760,Oklahoma City,Thunder,OKC,thunder,240:00,475.2,95.0,584.2,116.8,-108.9,-21.8,0.526,1.33,14.2,0.339,0.745,0.522,14.851,14.9,0.429,0.459,1.0,0.983,20.2,101.0,84.17,101.0,0.347,L,0
0022100670,1610612737,Atlanta,Hawks,ATL,hawks,240:00,663.4,132.7,604.0,120.8,59.4,11.9,0.756,2.83,23.6,0.262,0.596,0.455,11.881,11.9,0.61,0.667,1.0,0.991,20.2,101.0,84.17,101.0,0.595,W,1
0022100670,1610612750,Minnesota,Timberwolves,MIN,timberwolves,240:00,604.0,120.8,663.4,132.7,-59.4,-11.9,0.5,1.62,14.7,0.404,0.738,0.545,12.871,12.9,0.521,0.556,1.0,1.0,20.2,101.0,84.17,101.0,0.405,L,0
0022100680,1610612747,Los Angeles,Lakers,LAL,lakers,240:00,553.2,110.6,596.8,119.4,-43.6,-8.7,0.575,2.09,17.2,0.34,0.667,0.495,11.702,11.7,0.506,0.531,1.0,0.982,18.7,93.5,77.92,94.0,0.444,L,0
0022100680,1610612754,Indiana,Pacers,IND,pacers,240:00,596.8,119.4,553.2,110.6,43.6,8.7,0.636,2.15,20.4,0.333,0.66,0.505,13.978,14.0,0.55,0.575,1.0,0.982,18.7,93.5,77.92,93.0,0.556,W,1
0022100677,1610612762,Utah,Jazz,UTA,jazz,240:00,584.2,116.8,610.5,122.1,-26.3,-5.3,0.619,2.89,19.5,0.286,0.702,0.509,9.474,9.5,0.528,0.567,1.0,1.0,19.0,95.0,79.17,95.0,0.544,L,0
0022100677,1610612745,Houston,Rockets,HOU,rockets,240:00,610.5,122.1,584.2,116.8,26.3,5.3,0.585,2.67,17.6,0.298,0.714,0.491,9.474,9.5,0.542,0.56,1.0,0.982,19.0,95.0,79.17,95.0,0.456,W,1
0022100672,1610612748,Miami,Heat,MIA,heat,240:00,553.2,110.6,479.2,95.8,74.0,14.8,0.649,1.5,18.5,0.255,0.72,0.495,17.021,17.0,0.538,0.571,1.0,0.981,19.0,95.0,79.17,94.0,0.6,W,1
0022100672,1610612757,Portland,Trail Blazers,POR,blazers,240:00,479.2,95.8,553.2,110.6,-74.0,-14.8,0.576,1.06,14.7,0.28,0.745,0.505,18.75,18.8,0.494,0.522,1.0,0.945,19.0,95.0,79.17,96.0,0.4,L,0
0022100678,1610612743,Denver,Nuggets,DEN,nuggets,265:00,625.0,125.0,615.4,123.1,9.6,1.9,0.667,2.67,20.9,0.327,0.674,0.49,11.538,11.5,0.556,0.596,1.0,0.983,18.84,94.19,78.49,104.0,0.507,W,1
0022100678,1610612746,LA,Clippers,LAC,clippers,265:00,615.4,123.1,625.0,125.0,-9.6,-1.9,0.673,2.5,22.9,0.326,0.673,0.51,13.462,13.5,0.613,0.626,1.0,0.966,18.84,94.19,78.49,104.0,0.493,L,0
0022100675,1610612742,Dallas,Mavericks,DAL,mavericks,240:00,548.4,109.7,515.8,103.2,32.6,6.5,0.622,1.28,18.3,0.256,0.627,0.48,19.355,19.4,0.546,0.601,1.0,0.981,18.8,94.0,78.33,93.0,0.573,W,1
0022100675,1610612761,Toronto,Raptors,TOR,raptors,240:00,515.8,103.2,548.4,109.7,-32.6,-6.5,0.486,1.42,12.7,0.373,0.744,0.52,12.632,12.6,0.429,0.48,1.0,0.974,18.8,94.0,78.33,95.0,0.427,L,0
0022100666,1610612752,New York,Knicks,NYK,knicks,240:00,555.6,111.1,560.0,112.0,-4.4,-0.9,0.568,1.17,15.7,0.304,0.725,0.526,18.182,18.2,0.538,0.582,1.0,0.991,19.9,99.5,82.92,99.0,0.476,L,0
0022100666,1610612750,Minnesota,Timberwolves,MIN,timberwolves,240:00,560.0,112.0,555.6,111.1,4.4,0.9,0.6,1.62,15.6,0.275,0.696,0.474,13.0,13.0,0.512,0.573,1.0,0.965,19.9,99.5,82.92,100.0,0.524,W,1
0022100667,1610612744,Golden State,Warriors,GSW,warriors,240:00,520.4,104.1,438.8,87.8,81.6,16.3,0.765,2.0,19.0,0.25,0.741,0.509,13.265,13.3,0.494,0.538,1.0,0.982,19.6,98.0,81.67,98.0,0.638,W,1
0022100667,1610612765,Detroit,Pistons,DET,pistons,240:00,438.8,87.8,520.4,104.1,-81.6,-16.3,0.6,1.13,13.7,0.259,0.75,0.491,16.327,16.3,0.406,0.45,1.0,0.982,19.6,98.0,81.67,98.0,0.362,L,0
0022100658,1610612763,Memphis,Grizzlies,MEM,grizzlies,240:00,572.1,114.4,509.6,101.9,62.5,12.5,0.617,1.61,19.9,0.271,0.736,0.515,17.308,17.3,0.565,0.59,1.0,0.983,20.8,104.0,86.67,104.0,0.573,W,1
0022100658,1610612741,Chicago,Bulls,CHI,bulls,240:00,509.6,101.9,572.1,114.4,-62.5,-12.5,0.6,1.33,17.0,0.264,0.729,0.485,17.308,17.3,0.505,0.538,1.0,0.991,20.8,104.0,86.67,104.0,0.427,L,0
0022100662,1610612748,Miami,Heat,MIA,heat,240:00,565.2,113.0,538.0,107.6,27.2,5.4,0.526,1.67,15.9,0.298,0.661,0.495,13.043,13.0,0.512,0.561,1.0,0.981,18.4,92.0,76.67,92.0,0.561,W,1
0022100662,1610612761,Toronto,Raptors,TOR,raptors,240:00,538.0,107.6,565.2,113.0,-27.2,-5.4,0.649,2.0,17.8,0.339,0.702,0.505,13.043,13.0,0.483,0.508,1.0,0.973,18.4,92.0,76.67,92.0,0.439,L,0
0022100659,1610612746,LA,Clippers,LAC,clippers,240:00,674.8,135.0,652.0,130.4,22.8,4.6,0.711,2.46,21.8,0.3,0.612,0.472,12.621,12.6,0.659,0.71,1.0,0.957,20.5,102.5,85.42,103.0,0.538,W,1
0022100659,1610612754,Indiana,Pacers,IND,pacers,240:00,652.0,130.4,674.8,135.0,-22.8,-4.6,0.6,2.5,19.9,0.388,0.7,0.528,11.765,11.8,0.582,0.621,1.0,0.992,20.5,102.5,85.42,102.0,0.462,L,0
0022100657,1610612739,Cleveland,Cavaliers,CLE,cavaliers,240:00,581.6,116.3,551.5,110.3,30.1,6.0,0.619,1.63,19.3,0.3,0.786,0.549,16.327,16.3,0.586,0.632,1.0,0.963,19.5,97.5,81.25,98.0,0.544,W,1
0022100657,1610612751,Brooklyn,Nets,BKN,nets,240:00,551.5,110.3,581.6,116.3,-30.1,-6.0,0.659,1.93,20.3,0.214,0.7,0.451,14.433,14.4,0.566,0.588,1.0,0.981,19.5,97.5,81.25,97.0,0.456,L,0
0022100660,1610612737,Atlanta,Hawks,ATL,hawks,240:00,587.4,117.5,558.8,111.8,28.6,5.7,0.658,1.92,17.6,0.292,0.788,0.55,12.621,12.6,0.529,0.605,1.0,0.974,20.5,102.5,85.42,103.0,0.569,W,1
0022100660,1610612749,Milwaukee,Bucks,MIL,bucks,240:00,558.8,111.8,587.4,117.5,-28.6,-5.7,0.538,1.62,15.7,0.212,0.708,0.45,12.745,12.7,0.534,0.578,1.0,0.991,20.5,102.5,85.42,102.0,0.431,L,0
0022100664,1610612759,San Antonio,Spurs,SAS,spurs,240:00,563.2,112.6,636.8,127.4,-73.7,-14.7,0.512,1.75,15.7,0.358,0.694,0.52,12.632,12.6,0.495,0.526,1.0,1.0,19.0,95.0,79.17,95.0,0.411,L,0
0022100664,1610612756,Phoenix,Suns,PHX,suns,240:00,636.8,127.4,563.2,112.6,73.7,14.7,0.592,5.8,21.0,0.306,0.642,0.48,5.263,5.3,0.563,0.583,1.0,0.991,19.0,95.0,79.17,95.0,0.589,W,1
0022100655,1610612752,New York,Knicks,NYK,knicks,240:00,488.8,97.8,551.1,110.2,-62.4,-12.5,0.688,1.47,16.9,0.352,0.778,0.565,16.854,16.9,0.475,0.487,1.0,0.972,17.7,88.5,73.75,89.0,0.456,L,0
0022100655,1610612766,Charlotte,Hornets,CHA,hornets,240:00,551.1,110.2,488.8,97.8,62.4,12.5,0.639,3.29,18.7,0.222,0.648,0.435,7.955,8.0,0.5,0.519,1.0,0.99,17.7,88.5,73.75,88.0,0.544,W,1
0022100665,1610612747,Los Angeles,Lakers,LAL,lakers,240:00,526.0,105.2,494.8,99.0,31.3,6.3,0.395,1.15,12.1,0.245,0.704,0.477,13.542,13.5,0.506,0.525,1.0,0.972,19.2,96.0,80.0,96.0,0.512,W,1
0022100665,1610612762,Utah,Jazz,UTA,jazz,240:00,494.8,99.0,526.0,105.2,-31.3,-6.3,0.677,1.31,15.8,0.296,0.755,0.523,16.667,16.7,0.446,0.508,1.0,0.973,19.2,96.0,80.0,96.0,0.488,L,0
0022100663,1610612742,Dallas,Mavericks,DAL,mavericks,240:00,520.0,104.0,510.0,102.0,10.0,2.0,0.8,2.55,19.6,0.278,0.8,0.529,11.0,11.0,0.466,0.518,1.0,0.983,20.0,100.0,83.33,100.0,0.537,W,1
0022100663,1610612760,Oklahoma City,Thunder,OKC,thunder,240:00,510.0,102.0,520.0,104.0,-10.0,-2.0,0.556,1.54,15.6,0.2,0.722,0.471,13.0,13.0,0.5,0.545,1.0,1.0,20.0,100.0,83.33,100.0,0.463,L,0
0022100656,1610612764,Washington,Wizards,WAS,wizards,240:00,585.0,117.0,494.9,99.0,90.1,18.0,0.595,2.08,17.7,0.333,0.788,0.57,12.0,12.0,0.534,0.579,1.0,0.974,19.9,99.5,82.92,100.0,0.614,W,1
0022100656,1610612755,Philadelphia,76ers,PHI,sixers,240:00,494.9,99.0,585.0,117.0,-90.1,-18.0,0.543,1.58,14.7,0.212,0.667,0.43,12.121,12.1,0.448,0.505,1.0,0.991,19.9,99.5,82.92,99.0,0.386,L,0
0022100661,1610612753,Orlando,Magic,ORL,magic,240:00,431.4,86.3,480.4,96.1,-49.0,-9.8,0.618,1.31,15.4,0.25,0.759,0.491,15.686,15.7,0.422,0.445,1.0,1.0,20.4,102.0,85.0,102.0,0.436,L,0
0022100661,1610612757,Portland,Trail Blazers,POR,blazers,240:00,480.4,96.1,431.4,86.3,49.0,9.8,0.541,1.18,14.8,0.241,0.75,0.509,16.667,16.7,0.45,0.5,1.0,0.983,20.4,102.0,85.0,102.0,0.564,W,1
0022100654,1610612738,Boston,Celtics,BOS,celtics,240:00,536.1,107.2,469.4,93.9,66.7,13.3,0.579,1.57,17.5,0.163,0.782,0.51,14.433,14.4,0.538,0.586,1.0,0.99,19.5,97.5,81.25,97.0,0.565,W,1
0022100654,1610612740,New Orleans,Pelicans,NOP,pelicans,240:00,469.4,93.9,536.1,107.2,-66.7,-13.3,0.639,1.92,17.3,0.218,0.837,0.49,12.245,12.2,0.466,0.485,1.0,0.964,19.5,97.5,81.25,98.0,0.435,L,0
0022100653,1610612743,Denver,Nuggets,DEN,nuggets,240:00,520.4,104.1,631.3,126.3,-110.9,-22.2,0.762,3.56,23.2,0.148,0.791,0.433,9.184,9.2,0.5,0.518,1.0,0.991,19.7,98.5,82.08,98.0,0.401,L,0
0022100653,1610612762,Utah,Jazz,UTA,jazz,240:00,631.3,126.3,520.4,104.1,110.9,22.2,0.591,2.89,19.4,0.209,0.852,0.567,9.091,9.1,0.613,0.646,1.0,0.972,19.7,98.5,82.08,99.0,0.599,W,1
0022100617,1610612765,Detroit,Pistons,DET,pistons,240:00,534.7,106.9,675.0,135.0,-140.3,-28.1,0.658,2.27,18.5,0.176,0.675,0.396,10.891,10.9,0.518,0.557,1.0,0.955,20.1,100.5,83.75,101.0,0.386,L,0
0022100617,1610612756,Phoenix,Suns,PHX,suns,240:00,675.0,135.0,534.7,106.9,140.3,28.1,0.588,2.0,21.0,0.325,0.824,0.604,15.0,15.0,0.649,0.674,1.0,0.991,20.1,100.5,83.75,100.0,0.614,W,1
0022100652,1610612750,Minnesota,Timberwolves,MIN,timberwolves,240:00,577.7,115.5,476.0,95.2,101.7,20.3,0.667,1.88,21.0,0.2,0.804,0.505,15.534,15.5,0.582,0.596,1.0,0.982,20.7,103.5,86.25,103.0,0.588,W,1
0022100652,1610612744,Golden State,Warriors,GSW,warriors,240:00,476.0,95.2,577.7,115.5,-101.7,-20.3,0.625,1.33,15.0,0.196,0.8,0.495,14.423,14.4,0.47,0.522,1.0,0.982,20.7,103.5,86.25,104.0,0.412,L,0
0022100651,1610612758,Sacramento,Kings,SAC,kings,240:00,533.3,106.7,567.3,113.5,-34.0,-6.8,0.634,2.17,18.6,0.185,0.861,0.456,11.429,11.4,0.516,0.551,1.0,0.974,20.9,104.5,87.08,105.0,0.466,L,0
0022100651,1610612745,Houston,Rockets,HOU,rockets,240:00,567.3,113.5,533.3,106.7,34.0,6.8,0.537,0.96,16.8,0.139,0.815,0.544,22.115,22.1,0.645,0.682,1.0,0.982,20.9,104.5,87.08,104.0,0.534,W,1
0022100650,1610612742,Dallas,Mavericks,DAL,mavericks,240:00,574.5,114.9,489.4,97.9,85.1,17.0,0.5,1.6,12.9,0.292,0.814,0.538,10.638,10.6,0.487,0.57,1.0,0.972,18.8,94.0,78.33,94.0,0.595,W,1
0022100650,1610612753,Orlando,Magic,ORL,magic,240:00,489.4,97.9,574.5,114.9,-85.1,-17.0,0.432,0.94,13.6,0.186,0.708,0.462,18.085,18.1,0.526,0.547,1.0,0.961,18.8,94.0,78.33,94.0,0.405,L,0
0022100642,1610612764,Washington,Wizards,WAS,wizards,240:00,528.8,105.8,547.6,109.5,-18.8,-3.8,0.513,1.0,14.3,0.308,0.769,0.538,19.231,19.2,0.5,0.549,1.0,0.992,20.9,104.5,87.08,104.0,0.455,L,0
0022100642,1610612757,Portland,Trail Blazers,POR,blazers,240:00,547.6,109.5,528.8,105.8,18.8,3.8,0.487,1.46,14.0,0.231,0.692,0.462,12.381,12.4,0.535,0.573,1.0,0.957,20.9,104.5,87.08,105.0,0.545,W,1
0022100648,1610612759,San Antonio,Spurs,SAS,spurs,240:00,526.0,105.2,494.7,98.9,31.3,6.3,0.559,1.27,14.4,0.346,0.609,0.491,15.625,15.6,0.476,0.532,1.0,0.973,19.1,95.5,79.58,96.0,0.568,W,1
0022100648,1610612746,LA,Clippers,LAC,clippers,240:00,494.7,98.9,526.0,105.2,-31.3,-6.3,0.632,1.6,16.8,0.391,0.654,0.509,15.789,15.8,0.44,0.454,1.0,0.983,19.1,95.5,79.58,95.0,0.432,L,0
0022100644,1610612751,Brooklyn,Nets,BKN,nets,240:00,618.6,123.7,541.2,108.2,77.3,15.5,0.652,1.88,21.9,0.289,0.725,0.539,16.495,16.5,0.619,0.656,1.0,0.972,19.4,97.0,80.83,97.0,0.583,W,1
0022100644,1610612740,New Orleans,Pelicans,NOP,pelicans,240:00,541.2,108.2,618.6,123.7,-77.3,-15.5,0.675,2.25,19.6,0.275,0.711,0.461,12.371,12.4,0.511,0.538,1.0,0.973,19.4,97.0,80.83,97.0,0.417,L,0
0022100647,1610612738,Boston,Celtics,BOS,celtics,240:00,633.3,126.7,608.7,121.7,24.6,4.9,0.614,2.45,19.7,0.435,0.756,0.593,12.222,12.2,0.539,0.58,1.0,1.0,18.2,91.0,75.83,90.0,0.528,W,1
0022100647,1610612741,Chicago,Bulls,CHI,bulls,240:00,608.7,121.7,633.3,126.7,-24.6,-4.9,0.705,5.17,23.1,0.244,0.565,0.407,6.522,6.5,0.575,0.598,1.0,0.961,18.2,91.0,75.83,92.0,0.472,L,0
0022100649,1610612743,Denver,Nuggets,DEN,nuggets,240:00,700.0,140.0,500.0,100.0,200.0,40.0,0.745,5.83,24.8,0.25,0.84,0.564,6.316,6.3,0.643,0.675,1.0,0.991,19.1,95.5,79.58,95.0,0.655,W,1
0022100649,1610612747,Los Angeles,Lakers,LAL,lakers,240:00,500.0,100.0,700.0,140.0,-200.0,-40.0,0.583,1.91,16.8,0.16,0.75,0.436,11.458,11.5,0.5,0.531,1.0,0.962,19.1,95.5,79.58,96.0,0.345,L,0
0022100643,1610612737,Atlanta,Hawks,ATL,hawks,240:00,587.0,117.4,629.0,125.8,-42.1,-8.4,0.575,2.56,19.0,0.146,0.667,0.419,9.783,9.8,0.6,0.617,1.0,0.99,18.5,92.5,77.08,92.0,0.475,L,0
0022100643,1610612752,New York,Knicks,NYK,knicks,240:00,629.0,125.8,587.0,117.4,42.1,8.4,0.571,2.18,18.2,0.333,0.854,0.581,11.828,11.8,0.584,0.619,1.0,0.944,18.5,92.5,77.08,93.0,0.525,W,1
0022100641,1610612749,Milwaukee,Bucks,MIL,bucks,240:00,505.3,101.1,542.1,108.4,-36.8,-7.4,0.731,1.46,15.2,0.235,0.618,0.434,13.684,13.7,0.416,0.519,1.0,0.991,19.0,95.0,79.17,95.0,0.476,L,0
0022100641,1610612761,Toronto,Raptors,TOR,raptors,240:00,542.1,108.4,505.3,101.1,36.8,7.4,0.625,1.67,17.7,0.382,0.765,0.566,15.789,15.8,0.505,0.516,1.0,0.974,19.0,95.0,79.17,95.0,0.524,W,1
0022100645,1610612748,Miami,Heat,MIA,heat,240:00,521.3,104.3,573.7,114.7,-52.4,-10.5,0.727,2.4,17.9,0.281,0.78,0.49,10.638,10.6,0.436,0.494,1.0,0.982,18.9,94.5,78.75,94.0,0.455,L,0
0022100645,1610612755,Philadelphia,76ers,PHI,sixers,240:00,573.7,114.7,521.3,104.3,52.4,10.5,0.6,1.6,18.8,0.22,0.719,0.51,15.789,15.8,0.589,0.618,1.0,0.981,18.9,94.5,78.75,95.0,0.545,W,1
0022100646,1610612760,Oklahoma City,Thunder,OKC,thunder,240:00,525.8,105.2,563.2,112.6,-37.4,-7.5,0.472,1.06,13.1,0.34,0.765,0.561,16.495,16.5,0.494,0.55,1.0,0.956,19.2,96.0,80.0,97.0,0.459,L,0
0022100646,1610612739,Cleveland,Cavaliers,CLE,cavaliers,240:00,563.2,112.6,525.8,105.2,37.4,7.5,0.7,3.11,20.7,0.235,0.66,0.439,9.474,9.5,0.511,0.546,1.0,0.981,19.2,96.0,80.0,95.0,0.541,W,1
0022100633,1610612765,Detroit,Pistons,DET,pistons,240:00,578.7,115.7,488.8,97.8,89.9,18.0,0.579,2.75,18.2,0.25,0.65,0.481,8.989,9.0,0.519,0.565,1.0,0.99,17.8,89.0,74.17,89.0,0.652,W,1
0022100633,1610612761,Toronto,Raptors,TOR,raptors,240:00,488.8,97.8,578.7,115.7,-89.9,-18.0,0.643,1.64,14.1,0.35,0.75,0.519,12.36,12.4,0.385,0.442,1.0,0.982,17.8,89.0,74.17,89.0,0.348,L,0
0022100640,1610612758,Sacramento,Kings,SAC,kings,240:00,588.8,117.8,527.8,105.6,61.0,12.2,0.688,2.36,21.4,0.275,0.712,0.509,13.084,13.1,0.568,0.591,1.0,0.992,21.5,107.5,89.58,107.0,0.567,W,1
0022100640,1610612745,Houston,Rockets,HOU,rockets,240:00,527.8,105.6,588.8,117.8,-61.0,-12.2,0.568,1.47,16.9,0.288,0.725,0.491,15.741,15.7,0.5,0.528,1.0,0.984,21.5,107.5,89.58,108.0,0.433,L,0
0022100636,1610612748,Miami,Heat,MIA,heat,240:00,652.6,130.5,621.1,124.2,31.6,6.3,0.732,1.88,21.7,0.342,0.659,0.512,16.842,16.8,0.623,0.687,1.0,0.972,19.0,95.0,79.17,95.0,0.547,W,1
0022100636,1610612737,Atlanta,Hawks,ATL,hawks,240:00,621.1,124.2,652.6,130.5,-31.6,-6.3,0.684,1.63,19.1,0.341,0.658,0.488,16.842,16.8,0.582,0.64,1.0,0.973,19.0,95.0,79.17,95.0,0.453,L,0
0022100637,1610612741,Chicago,Bulls,CHI,bulls,240:00,500.0,100.0,726.3,145.3,-226.3,-45.3,0.703,1.86,19.3,0.264,0.674,0.448,14.583,14.6,0.483,0.506,1.0,0.982,19.1,95.5,79.58,96.0,0.299,L,0
0022100637,1610612744,Golden State,Warriors,GSW,warriors,240:00,726.3,145.3,500.0,100.0,226.3,45.3,0.736,5.57,26.4,0.326,0.736,0.552,7.368,7.4,0.665,0.68,1.0,0.991,19.1,95.5,79.58,95.0,0.701,W,1
0022100635,1610612755,Philadelphia,76ers,PHI,sixers,240:00,566.3,113.3,505.1,101.0,61.2,12.2,0.684,2.6,19.7,0.17,0.778,0.467,10.204,10.2,0.529,0.578,1.0,0.972,19.6,98.0,81.67,98.0,0.575,W,1
0022100635,1610612738,Boston,Celtics,BOS,celtics,240:00,505.1,101.0,566.3,113.3,-61.2,-12.2,0.541,1.0,15.6,0.222,0.83,0.533,20.408,20.4,0.545,0.576,1.0,0.972,19.6,98.0,81.67,98.0,0.425,L,0
0022100639,1610612763,Memphis,Grizzlies,MEM,grizzlies,240:00,429.3,85.9,565.7,113.1,-136.4,-27.3,0.559,1.27,14.6,0.211,0.681,0.423,15.152,15.2,0.421,0.449,1.0,0.973,19.8,99.0,82.5,99.0,0.351,L,0
0022100639,1610612742,Dallas,Mavericks,DAL,mavericks,240:00,565.7,113.1,429.3,85.9,136.4,27.3,0.638,2.0,21.0,0.319,0.789,0.577,15.152,15.2,0.56,0.571,1.0,0.973,19.8,99.0,82.5,99.0,0.649,W,1
0022100638,1610612759,San Antonio,Spurs,SAS,spurs,240:00,545.0,109.0,564.4,112.9,-19.4,-3.9,0.524,1.47,16.4,0.255,0.754,0.519,15.0,15.0,0.538,0.558,1.0,1.0,20.1,100.5,83.75,100.0,0.459,L,0
0022100638,1610612739,Cleveland,Cavaliers,CLE,cavaliers,240:00,564.4,112.9,545.0,109.0,19.4,3.9,0.522,2.67,17.3,0.246,0.745,0.481,8.911,8.9,0.526,0.54,1.0,0.991,20.1,100.5,83.75,101.0,0.541,W,1
0022100634,1610612754,Indiana,Pacers,IND,pacers,240:00,479.6,95.9,571.4,114.3,-91.8,-18.4,0.588,1.67,15.4,0.236,0.68,0.448,12.245,12.2,0.46,0.49,1.0,0.991,19.6,98.0,81.67,98.0,0.401,L,0
0022100634,1610612756,Phoenix,Suns,PHX,suns,240:00,571.4,114.3,479.6,95.9,91.8,18.4,0.6,1.6,17.4,0.32,0.764,0.552,15.306,15.3,0.517,0.571,1.0,0.982,19.6,98.0,81.67,98.0,0.599,W,1
0022100632,1610612766,Charlotte,Hornets,CHA,hornets,240:00,504.6,100.9,547.2,109.4,-42.5,-8.5,0.7,1.65,18.5,0.31,0.81,0.52,15.741,15.7,0.474,0.513,1.0,0.992,21.4,107.0,89.17,108.0,0.434,L,0
0022100632,1610612753,Orlando,Magic,ORL,magic,240:00,547.2,109.4,504.6,100.9,42.5,8.5,0.711,1.6,21.9,0.19,0.69,0.48,18.868,18.9,0.603,0.62,1.0,0.991,21.4,107.0,89.17,106.0,0.566,W,1
0022100631,1610612743,Denver,Nuggets,DEN,nuggets,240:00,693.1,138.6,534.7,106.9,158.4,31.7,0.673,2.19,24.5,0.242,0.75,0.553,15.842,15.8,0.753,0.763,1.0,0.981,20.2,101.0,84.17,101.0,0.623,W,1
0022100631,1610612757,Portland,Trail Blazers,POR,blazers,240:00,534.7,106.9,693.1,138.6,-158.4,-31.7,0.718,1.87,19.7,0.25,0.758,0.447,14.851,14.9,0.529,0.549,1.0,0.982,20.2,101.0,84.17,101.0,0.377,L,0
0022100627,1610612749,Milwaukee,Bucks,MIL,bucks,240:00,551.4,110.3,467.0,93.4,84.4,16.9,0.659,1.71,20.6,0.114,0.769,0.505,15.888,15.9,0.616,0.628,1.0,0.982,21.3,106.5,88.75,107.0,0.642,W,1
0022100627,1610612744,Golden State,Warriors,GSW,warriors,240:00,467.0,93.4,551.4,110.3,-84.4,-16.9,0.606,1.33,14.3,0.231,0.886,0.495,14.151,14.2,0.432,0.469,1.0,1.0,21.3,106.5,88.75,106.0,0.358,L,0
0022100629,1610612740,New Orleans,Pelicans,NOP,pelicans,240:00,576.5,115.3,454.1,90.8,122.4,24.5,0.535,3.83,17.2,0.232,0.863,0.533,6.122,6.1,0.515,0.543,1.0,0.982,19.6,98.0,81.67,98.0,0.613,W,1
0022100629,1610612746,LA,Clippers,LAC,clippers,240:00,454.1,90.8,576.5,115.3,-122.4,-24.5,0.613,1.27,15.3,0.137,0.768,0.467,15.306,15.3,0.444,0.496,1.0,0.981,19.6,98.0,81.67,98.0,0.387,L,0
0022100628,1610612763,Memphis,Grizzlies,MEM,grizzlies,240:00,557.7,111.5,524.3,104.9,33.4,6.7,0.524,1.57,15.3,0.345,0.69,0.522,13.462,13.5,0.5,0.54,1.0,0.984,20.7,103.5,86.25,104.0,0.587,W,1
0022100628,1610612750,Minnesota,Timberwolves,MIN,timberwolves,240:00,524.3,104.9,557.7,111.5,-33.4,-6.7,0.561,1.28,16.1,0.31,0.655,0.478,17.476,17.5,0.505,0.529,1.0,0.975,20.7,103.5,86.25,103.0,0.413,L,0
0022100630,1610612751,Brooklyn,Nets,BKN,nets,240:00,567.7,113.5,670.1,134.0,-102.4,-20.5,0.39,1.33,11.7,0.424,0.689,0.538,12.5,12.5,0.454,0.506,1.0,0.992,19.3,96.5,80.42,96.0,0.399,L,0
0022100630,1610612760,Oklahoma City,Thunder,OKC,thunder,240:00,670.1,134.0,567.7,113.5,102.4,20.5,0.681,2.91,22.4,0.311,0.576,0.462,11.34,11.3,0.626,0.657,1.0,0.982,19.3,96.5,80.42,97.0,0.601,W,1
0022100623,1610612759,San Antonio,Spurs,SAS,spurs,240:00,590.5,118.1,609.5,121.9,-19.0,-3.8,0.628,3.0,18.5,0.241,0.81,0.48,8.571,8.6,0.52,0.559,1.0,0.983,21.0,105.0,87.5,105.0,0.47,L,0
0022100623,1610612745,Houston,Rockets,HOU,rockets,240:00,609.5,121.9,590.5,118.1,19.0,3.8,0.511,1.64,17.0,0.19,0.759,0.52,13.333,13.3,0.646,0.666,1.0,0.991,21.0,105.0,87.5,105.0,0.53,W,1
0022100622,1610612752,New York,Knicks,NYK,knicks,240:00,574.5,114.9,457.0,91.4,117.5,23.5,0.571,2.67,18.2,0.286,0.863,0.58,9.574,9.6,0.533,0.559,1.0,0.972,18.7,93.5,77.92,94.0,0.634,W,1
0022100622,1610612742,Dallas,Mavericks,DAL,mavericks,240:00,457.0,91.4,574.5,114.9,-117.5,-23.5,0.5,1.23,13.8,0.137,0.714,0.42,13.978,14.0,0.462,0.492,1.0,0.99,18.7,93.5,77.92,93.0,0.366,L,0
0022100618,1610612754,Indiana,Pacers,IND,pacers,240:00,549.5,109.9,653.8,130.8,-104.4,-20.9,0.675,2.25,19.9,0.375,0.675,0.511,13.187,13.2,0.506,0.527,1.0,0.972,18.2,91.0,75.83,91.0,0.422,L,0
0022100618,1610612738,Boston,Celtics,BOS,celtics,240:00,653.8,130.8,549.5,109.9,104.4,20.9,0.575,1.77,18.3,0.325,0.625,0.489,14.286,14.3,0.628,0.669,1.0,0.971,18.2,91.0,75.83,91.0,0.578,W,1
0022100619,1610612755,Philadelphia,76ers,PHI,sixers,240:00,510.4,102.1,561.9,112.4,-51.4,-10.3,0.529,1.06,14.9,0.167,0.795,0.488,17.708,17.7,0.548,0.574,1.0,0.981,19.3,96.5,80.42,96.0,0.399,L,0
0022100619,1610612766,Charlotte,Hornets,CHA,hornets,240:00,561.9,112.4,510.4,102.1,51.4,10.3,0.63,2.42,21.5,0.205,0.833,0.512,12.371,12.4,0.573,0.589,1.0,0.953,19.3,96.5,80.42,97.0,0.601,W,1
0022100620,1610612764,Washington,Wizards,WAS,wizards,240:00,595.7,119.1,563.8,112.8,31.9,6.4,0.605,2.6,20.3,0.19,0.621,0.44,10.638,10.6,0.585,0.614,1.0,0.98,18.8,94.0,78.33,94.0,0.539,W,1
0022100620,1610612753,Orlando,Magic,ORL,magic,240:00,563.8,112.8,595.7,119.1,-31.9,-6.4,0.756,3.44,21.1,0.379,0.81,0.56,9.574,9.6,0.47,0.5,1.0,0.983,18.8,94.0,78.33,94.0,0.461,L,0
0022100626,1610612758,Sacramento,Kings,SAC,kings,240:00,625.0,125.0,580.0,116.0,45.0,9.0,0.571,2.15,20.0,0.286,0.667,0.51,13.0,13.0,0.612,0.642,1.0,0.973,20.0,100.0,83.33,100.0,0.579,W,1
0022100626,1610612747,Los Angeles,Lakers,LAL,lakers,240:00,580.0,116.0,625.0,125.0,-45.0,-9.0,0.595,2.78,17.5,0.333,0.714,0.49,9.0,9.0,0.51,0.534,1.0,1.0,20.0,100.0,83.33,100.0,0.421,L,0
0022100624,1610612762,Utah,Jazz,UTA,jazz,240:00,484.0,96.8,590.4,118.1,-106.4,-21.3,0.324,1.57,10.0,0.096,0.744,0.374,7.447,7.4,0.494,0.506,1.0,0.98,18.8,94.0,78.33,94.0,0.341,L,0
0022100624,1610612739,Cleveland,Cavaliers,CLE,cavaliers,240:00,590.4,118.1,484.0,96.8,106.4,21.3,0.651,1.87,21.4,0.256,0.904,0.626,15.957,16.0,0.599,0.627,1.0,0.971,18.8,94.0,78.33,94.0,0.659,W,1
0022100625,1610612741,Chicago,Bulls,CHI,bulls,240:00,549.0,109.8,676.5,135.3,-127.5,-25.5,0.579,1.29,16.2,0.255,0.769,0.488,16.667,16.7,0.537,0.592,1.0,0.982,20.4,102.0,85.0,102.0,0.365,L,0
0022100625,1610612751,Brooklyn,Nets,BKN,nets,240:00,676.5,135.3,549.0,109.8,127.5,25.5,0.714,3.5,24.1,0.231,0.745,0.512,9.804,9.8,0.661,0.695,1.0,0.982,20.4,102.0,85.0,102.0,0.635,W,1
0022100621,1610612737,Atlanta,Hawks,ATL,hawks,240:00,455.0,91.0,569.3,113.9,-114.3,-22.9,0.645,1.43,15.5,0.167,0.723,0.426,14.0,14.0,0.457,0.494,1.0,0.982,20.1,100.5,83.75,100.0,0.364,L,0
0022100621,1610612748,Miami,Heat,MIA,heat,240:00,569.3,113.9,455.0,91.0,114.3,22.9,0.651,1.87,19.7,0.277,0.833,0.574,14.851,14.9,0.567,0.598,1.0,0.956,20.1,100.5,83.75,101.0,0.636,W,1
0022100612,1610612764,Washington,Wizards,WAS,wizards,240:00,616.2,123.2,596.0,119.2,20.2,4.0,0.617,3.63,21.3,0.186,0.75,0.495,8.081,8.1,0.603,0.628,1.0,0.981,19.8,99.0,82.5,99.0,0.547,W,1
0022100612,1610612760,Oklahoma City,Thunder,OKC,thunder,240:00,596.0,119.2,616.2,123.2,-20.2,-4.0,0.489,4.6,17.0,0.25,0.814,0.505,5.051,5.1,0.536,0.564,1.0,0.982,19.8,99.0,82.5,99.0,0.453,L,0
0022100415,1610612741,Chicago,Bulls,CHI,bulls,240:00,652.0,130.4,422.3,84.5,229.6,45.9,0.66,1.83,21.7,0.386,0.734,0.593,17.647,17.6,0.641,0.663,1.0,0.983,20.5,102.5,85.42,102.0,0.759,W,1
0022100415,1610612765,Detroit,Pistons,DET,pistons,240:00,422.3,84.5,652.0,130.4,-229.6,-45.9,0.567,0.94,12.5,0.266,0.614,0.407,17.476,17.5,0.371,0.431,1.0,0.992,20.5,102.5,85.42,103.0,0.241,L,0
0022100615,1610612740,New Orleans,Pelicans,NOP,pelicans,240:00,633.7,126.7,618.8,123.8,14.9,3.0,0.786,1.57,22.4,0.351,0.708,0.553,20.792,20.8,0.658,0.694,1.0,0.974,20.2,101.0,84.17,101.0,0.517,W,1
0022100615,1610612750,Minnesota,Timberwolves,MIN,timberwolves,240:00,618.8,123.8,633.7,126.7,-14.9,-3.0,0.643,2.08,19.3,0.292,0.649,0.447,12.871,12.9,0.593,0.627,1.0,1.0,20.2,101.0,84.17,101.0,0.483,L,0
0022100616,1610612746,LA,Clippers,LAC,clippers,240:00,467.7,93.5,447.4,89.5,20.4,4.1,0.676,2.56,19.0,0.098,0.646,0.364,9.677,9.7,0.464,0.487,1.0,1.0,18.8,94.0,78.33,93.0,0.486,W,1
0022100616,1610612743,Denver,Nuggets,DEN,nuggets,240:00,447.4,89.5,467.7,93.5,-20.4,-4.1,0.75,1.2,17.6,0.354,0.902,0.636,21.053,21.1,0.425,0.479,1.0,0.955,18.8,94.0,78.33,95.0,0.514,L,0
0022100613,1610612761,Toronto,Raptors,TOR,raptors,240:00,516.3,103.3,544.0,108.8,-27.7,-5.5,0.417,0.94,11.2,0.466,0.675,0.551,17.391,17.4,0.449,0.475,1.0,0.958,18.3,91.5,76.25,92.0,0.418,L,0
0022100613,1610612756,Phoenix,Suns,PHX,suns,240:00,544.0,108.8,516.3,103.3,27.7,5.5,0.714,1.25,19.4,0.325,0.534,0.449,21.978,22.0,0.547,0.592,1.0,0.99,18.3,91.5,76.25,91.0,0.582,W,1
0022100614,1610612763,Memphis,Grizzlies,MEM,grizzlies,240:00,552.4,110.5,514.3,102.9,38.1,7.6,0.682,2.73,20.0,0.263,0.837,0.528,10.476,10.5,0.51,0.537,1.0,0.983,21.0,105.0,87.5,105.0,0.537,W,1
0022100614,1610612744,Golden State,Warriors,GSW,warriors,240:00,514.3,102.9,552.4,110.5,-38.1,-7.6,0.714,1.47,18.1,0.163,0.737,0.472,16.19,16.2,0.506,0.57,1.0,0.973,21.0,105.0,87.5,105.0,0.463,L,0
0022100486,1610612757,Portland,Trail Blazers,POR,blazers,240:00,575.8,115.2,551.0,110.2,24.7,4.9,0.575,1.53,16.8,0.347,0.706,0.53,15.152,15.2,0.552,0.585,1.0,0.974,19.7,98.5,82.08,99.0,0.541,W,1
0022100486,1610612751,Brooklyn,Nets,BKN,nets,240:00,551.0,110.2,575.8,115.2,-24.7,-4.9,0.548,1.53,16.9,0.294,0.653,0.47,15.306,15.3,0.527,0.553,1.0,0.991,19.7,98.5,82.08,98.0,0.459,L,0
0022100711,1610612745,Houston,Rockets,HOU,rockets,240:00,446.1,89.2,555.0,111.0,-108.9,-21.8,0.6,0.86,13.6,0.245,0.692,0.475,20.588,20.6,0.474,0.512,1.0,0.956,20.2,101.0,84.17,102.0,0.401,L,0
0022100711,1610612755,Philadelphia,76ers,PHI,sixers,240:00,555.0,111.0,446.1,89.2,108.9,21.8,0.535,1.53,16.5,0.308,0.755,0.525,15.0,15.0,0.511,0.545,1.0,0.991,20.2,101.0,84.17,100.0,0.599,W,1
0022100609,1610612738,Boston,Celtics,BOS,celtics,265:00,467.6,93.5,457.9,91.6,9.6,1.9,0.486,0.85,12.2,0.255,0.712,0.491,18.519,18.5,0.443,0.503,1.0,0.975,19.47,97.36,81.13,108.0,0.523,W,1
0022100609,1610612754,Indiana,Pacers,IND,pacers,265:00,457.9,91.6,467.6,93.5,-9.6,-1.9,0.611,1.1,15.1,0.288,0.745,0.509,18.692,18.7,0.441,0.483,1.0,0.952,19.47,97.36,81.13,107.0,0.477,L,0
0022100610,1610612752,New York,Knicks,NYK,knicks,240:00,572.2,114.4,505.3,101.1,66.9,13.4,0.575,1.53,17.2,0.311,0.724,0.544,15.464,15.5,0.567,0.6,1.0,0.964,19.2,96.0,80.0,97.0,0.59,W,1
0022100610,1610612759,San Antonio,Spurs,SAS,spurs,240:00,505.3,101.1,572.2,114.4,-66.9,-13.4,0.487,1.9,14.6,0.276,0.689,0.456,10.526,10.5,0.453,0.472,1.0,1.0,19.2,96.0,80.0,95.0,0.41,L,0
0022100608,1610612765,Detroit,Pistons,DET,pistons,240:00,623.8,124.8,574.3,114.9,49.5,9.9,0.625,2.5,21.1,0.244,0.727,0.483,11.881,11.9,0.618,0.641,1.0,0.973,20.2,101.0,84.17,101.0,0.541,W,1
0022100608,1610612762,Utah,Jazz,UTA,jazz,240:00,574.3,114.9,623.8,124.8,-49.5,-9.9,0.523,1.44,16.9,0.273,0.756,0.517,15.842,15.8,0.576,0.606,1.0,0.982,20.2,101.0,84.17,101.0,0.459,L,0
0022100607,1610612766,Charlotte,Hornets,CHA,hornets,240:00,509.9,102.0,490.1,98.0,19.8,4.0,0.605,1.64,16.5,0.276,0.75,0.491,13.861,13.9,0.464,0.5,1.0,1.0,20.2,101.0,84.17,101.0,0.507,W,1
0022100607,1610612749,Milwaukee,Bucks,MIL,bucks,240:00,490.1,98.0,509.9,102.0,-19.8,-4.0,0.676,1.25,18.1,0.25,0.724,0.509,19.802,19.8,0.518,0.544,1.0,0.982,20.2,101.0,84.17,101.0,0.493,L,0
0022100611,1610612758,Sacramento,Kings,SAC,kings,240:00,556.7,111.3,573.7,114.7,-17.0,-3.4,0.513,1.67,14.6,0.364,0.659,0.495,12.371,12.4,0.505,0.536,1.0,0.949,19.2,96.0,80.0,97.0,0.452,L,0
0022100611,1610612739,Cleveland,Cavaliers,CLE,cavaliers,240:00,573.7,114.7,556.7,111.3,17.0,3.4,0.674,1.71,20.9,0.341,0.636,0.505,17.895,17.9,0.552,0.582,1.0,0.991,19.2,96.0,80.0,95.0,0.548,W,1
0022100599,1610612761,Toronto,Raptors,TOR,raptors,240:00,576.9,115.4,567.4,113.5,9.5,1.9,0.5,1.38,14.2,0.36,0.762,0.543,14.286,14.3,0.506,0.56,1.0,0.954,18.0,90.0,75.0,91.0,0.512,W,1
0022100599,1610612740,New Orleans,Pelicans,NOP,pelicans,240:00,567.4,113.5,576.9,115.4,-9.5,-1.9,0.588,1.54,16.8,0.238,0.64,0.457,14.607,14.6,0.533,0.587,1.0,1.0,18.0,90.0,75.0,89.0,0.488,L,0
0022100598,1610612753,Orlando,Magic,ORL,magic,240:00,515.5,103.1,531.3,106.3,-15.8,-3.2,0.474,2.25,14.1,0.259,0.685,0.464,8.247,8.2,0.447,0.49,1.0,0.982,19.3,96.5,80.42,97.0,0.483,L,0
0022100598,1610612764,Washington,Wizards,WAS,wizards,240:00,531.3,106.3,515.5,103.1,15.8,3.2,0.639,1.77,16.9,0.315,0.741,0.536,13.542,13.5,0.472,0.517,1.0,0.982,19.3,96.5,80.42,96.0,0.517,W,1
0022100604,1610612744,Golden State,Warriors,GSW,warriors,240:00,521.7,104.3,445.7,89.1,76.1,15.2,0.615,1.6,16.9,0.433,0.739,0.566,16.304,16.3,0.454,0.473,1.0,0.975,18.4,92.0,76.67,92.0,0.544,W,1
0022100604,1610612739,Cleveland,Cavaliers,CLE,cavaliers,240:00,445.7,89.1,521.7,104.3,-76.1,-15.2,0.656,1.11,16.8,0.261,0.567,0.434,20.652,20.7,0.473,0.494,1.0,0.971,18.4,92.0,76.67,92.0,0.456,L,0
0022100602,1610612751,Brooklyn,Nets,BKN,nets,265:00,535.4,107.1,517.4,103.5,18.0,3.6,0.553,1.18,16.8,0.321,0.734,0.547,19.469,19.5,0.52,0.562,1.0,0.992,20.65,103.25,86.04,113.0,0.515,W,1
0022100602,1610612759,San Antonio,Spurs,SAS,spurs,265:00,517.4,103.5,535.4,107.1,-18.0,-3.6,0.717,2.2,20.2,0.266,0.679,0.453,13.043,13.0,0.491,0.518,1.0,0.985,20.65,103.25,86.04,115.0,0.485,L,0
0022100597,1610612746,LA,Clippers,LAC,clippers,240:00,563.8,112.8,494.7,98.9,69.1,13.8,0.545,1.85,18.0,0.327,0.818,0.559,13.83,13.8,0.543,0.557,1.0,0.982,18.8,94.0,78.33,94.0,0.543,W,1
0022100597,1610612737,Atlanta,Hawks,ATL,hawks,240:00,494.7,98.9,563.8,112.8,-69.1,-13.8,0.543,1.46,15.7,0.182,0.673,0.441,13.83,13.8,0.494,0.538,1.0,0.98,18.8,94.0,78.33,94.0,0.457,L,0
0022100606,1610612747,Los Angeles,Lakers,LAL,lakers,240:00,595.0,119.0,628.7,125.7,-33.7,-6.7,0.578,2.17,18.3,0.302,0.659,0.464,12.0,12.0,0.536,0.565,1.0,0.991,20.1,100.5,83.75,100.0,0.42,L,0
0022100606,1610612763,Memphis,Grizzlies,MEM,grizzlies,240:00,628.7,125.7,595.0,119.0,33.7,6.7,0.702,2.36,22.3,0.341,0.698,0.536,13.861,13.9,0.61,0.634,1.0,0.965,20.1,100.5,83.75,101.0,0.58,W,1
0022100601,1610612760,Oklahoma City,Thunder,OKC,thunder,240:00,527.8,105.6,550.0,110.0,-22.2,-4.4,0.763,3.22,22.0,0.25,0.6,0.43,10.0,10.0,0.483,0.509,1.0,0.99,18.0,90.0,75.0,90.0,0.51,L,0
0022100601,1610612743,Denver,Nuggets,DEN,nuggets,240:00,550.0,110.0,527.8,105.6,22.2,4.4,0.757,1.87,20.0,0.4,0.75,0.57,16.667,16.7,0.489,0.515,1.0,0.991,18.0,90.0,75.0,90.0,0.49,W,1
0022100600,1610612745,Houston,Rockets,HOU,rockets,240:00,564.2,112.8,646.8,129.4,-82.6,-16.5,0.674,2.38,20.1,0.268,0.667,0.469,11.927,11.9,0.546,0.563,1.0,0.984,21.8,109.0,90.83,109.0,0.425,L,0
0022100600,1610612750,Minnesota,Timberwolves,MIN,timberwolves,240:00,646.8,129.4,564.2,112.8,82.6,16.5,0.673,3.36,22.4,0.333,0.732,0.531,10.092,10.1,0.579,0.601,1.0,0.984,21.8,109.0,90.83,109.0,0.575,W,1
0022100605,1610612757,Portland,Trail Blazers,POR,blazers,240:00,520.2,104.0,444.4,88.9,75.8,15.2,0.703,1.53,19.0,0.264,0.815,0.542,17.172,17.2,0.517,0.544,1.0,0.991,19.8,99.0,82.5,99.0,0.541,W,1
0022100605,1610612758,Sacramento,Kings,SAC,kings,240:00,444.4,88.9,520.2,104.0,-75.8,-15.2,0.606,1.67,15.6,0.185,0.736,0.458,12.121,12.1,0.429,0.467,1.0,0.991,19.8,99.0,82.5,99.0,0.459,L,0
0022100603,1610612742,Dallas,Mavericks,DAL,mavericks,240:00,601.1,120.2,532.3,106.5,68.8,13.8,0.636,2.8,21.2,0.227,0.788,0.531,10.638,10.6,0.591,0.614,1.0,0.962,18.7,93.5,77.92,94.0,0.575,W,1
0022100603,1610612741,Chicago,Bulls,CHI,bulls,240:00,532.3,106.5,601.1,120.2,-68.8,-13.8,0.59,3.29,18.1,0.212,0.773,0.469,7.527,7.5,0.494,0.517,1.0,0.99,18.7,93.5,77.92,93.0,0.425,L,0
0022100594,1610612754,Indiana,Pacers,IND,pacers,240:00,625.0,125.0,570.7,114.1,54.3,10.9,0.682,3.0,21.7,0.205,0.778,0.512,10.0,10.0,0.638,0.664,1.0,0.972,19.9,99.5,82.92,100.0,0.585,W,1
0022100594,1610612762,Utah,Jazz,UTA,jazz,240:00,570.7,114.1,625.0,125.0,-54.3,-10.9,0.5,1.33,15.5,0.222,0.795,0.488,15.152,15.2,0.565,0.612,1.0,0.982,19.9,99.5,82.92,99.0,0.415,L,0
0022100591,1610612746,LA,Clippers,LAC,clippers,240:00,524.3,104.9,597.1,119.4,-72.8,-14.6,0.41,1.23,11.6,0.317,0.621,0.466,12.621,12.6,0.458,0.507,1.0,0.975,20.6,103.0,85.83,103.0,0.404,L,0
0022100591,1610612763,Memphis,Grizzlies,MEM,grizzlies,240:00,597.1,119.4,524.3,104.9,72.8,14.6,0.591,2.6,17.2,0.379,0.683,0.534,9.709,9.7,0.5,0.541,1.0,0.984,20.6,103.0,85.83,103.0,0.596,W,1
0022100596,1610612756,Phoenix,Suns,PHX,suns,240:00,500.0,100.0,615.0,123.0,-115.0,-23.0,0.8,1.5,17.9,0.2,0.711,0.442,16.0,16.0,0.468,0.545,1.0,0.964,20.0,100.0,83.33,100.0,0.396,L,0
0022100596,1610612748,Miami,Heat,MIA,heat,240:00,615.0,123.0,500.0,100.0,115.0,23.0,0.75,2.06,22.8,0.289,0.8,0.558,16.0,16.0,0.625,0.65,1.0,0.955,20.0,100.0,83.33,100.0,0.604,W,1
0022100592,1610612766,Charlotte,Hornets,CHA,hornets,240:00,558.8,111.8,519.6,103.9,39.2,7.8,0.659,2.64,19.7,0.283,0.727,0.496,10.784,10.8,0.525,0.535,1.0,0.983,20.4,102.0,85.0,102.0,0.527,W,1
0022100592,1610612749,Milwaukee,Bucks,MIL,bucks,240:00,519.6,103.9,558.8,111.8,-39.2,-7.8,0.6,1.4,15.2,0.273,0.717,0.504,14.706,14.7,0.456,0.522,1.0,0.991,20.4,102.0,85.0,102.0,0.473,L,0
0022100593,1610612765,Detroit,Pistons,DET,pistons,240:00,510.5,102.1,479.2,95.8,31.4,6.3,0.605,1.77,17.7,0.231,0.733,0.5,13.684,13.7,0.494,0.516,1.0,0.981,19.1,95.5,79.58,95.0,0.54,W,1
0022100593,1610612753,Orlando,Magic,ORL,magic,240:00,479.2,95.8,510.5,102.1,-31.4,-6.3,0.862,1.92,18.2,0.267,0.769,0.5,13.542,13.5,0.419,0.479,1.0,0.964,19.1,95.5,79.58,96.0,0.46,L,0
0022100595,1610612738,Boston,Celtics,BOS,celtics,240:00,575.6,115.1,441.2,88.2,134.4,26.9,0.722,2.17,21.0,0.286,0.704,0.521,13.953,14.0,0.553,0.593,1.0,0.949,17.1,85.5,71.25,86.0,0.709,W,1
0022100595,1610612752,New York,Knicks,NYK,knicks,240:00,441.2,88.2,575.6,115.1,-134.4,-26.9,0.448,0.93,11.4,0.296,0.714,0.479,16.471,16.5,0.437,0.438,1.0,0.96,17.1,85.5,71.25,85.0,0.291,L,0
0022100584,1610612761,Toronto,Raptors,TOR,raptors,240:00,622.4,124.5,556.7,111.3,65.7,13.1,0.578,2.89,17.7,0.397,0.727,0.539,9.184,9.2,0.51,0.55,1.0,0.959,19.5,97.5,81.25,98.0,0.579,W,1
0022100584,1610612762,Utah,Jazz,UTA,jazz,240:00,556.7,111.3,622.4,124.5,-65.7,-13.1,0.59,1.1,17.4,0.273,0.603,0.461,21.649,21.6,0.586,0.607,1.0,1.0,19.5,97.5,81.25,97.0,0.421,L,0
0022100587,1610612760,Oklahoma City,Thunder,OKC,thunder,240:00,509.7,101.9,649.0,129.8,-139.3,-27.9,0.722,1.3,17.8,0.304,0.711,0.485,19.417,19.4,0.489,0.53,1.0,0.992,20.7,103.5,86.25,103.0,0.348,L,0
0022100587,1610612750,Minnesota,Timberwolves,MIN,timberwolves,240:00,649.0,129.8,509.7,101.9,139.3,27.9,0.78,2.6,25.3,0.289,0.696,0.515,14.423,14.4,0.65,0.668,1.0,0.991,20.7,103.5,86.25,104.0,0.652,W,1
0022100589,1610612747,Los Angeles,Lakers,LAL,lakers,240:00,626.2,125.2,556.6,111.3,69.6,13.9,0.74,4.63,24.0,0.192,0.707,0.464,7.477,7.5,0.579,0.613,1.0,0.974,21.3,106.5,88.75,107.0,0.58,W,1
0022100589,1610612737,Atlanta,Hawks,ATL,hawks,240:00,556.6,111.3,626.2,125.2,-69.6,-13.9,0.674,1.93,19.2,0.293,0.808,0.536,14.151,14.2,0.516,0.547,1.0,0.992,21.3,106.5,88.75,106.0,0.42,L,0
0022100585,1610612741,Chicago,Bulls,CHI,bulls,240:00,619.0,123.8,586.5,117.3,32.5,6.5,0.708,2.27,22.5,0.267,0.75,0.506,14.286,14.3,0.61,0.648,1.0,0.983,20.9,104.5,87.08,105.0,0.518,W,1
0022100585,1610612764,Washington,Wizards,WAS,wizards,240:00,586.5,117.3,619.0,123.8,-32.5,-6.5,0.622,1.87,19.6,0.25,0.733,0.494,14.423,14.4,0.551,0.613,1.0,0.991,20.9,104.5,87.08,104.0,0.482,L,0
0022100586,1610612745,Houston,Rockets,HOU,rockets,240:00,504.8,101.0,625.0,125.0,-120.2,-24.0,0.459,1.31,13.1,0.161,0.708,0.413,12.381,12.4,0.494,0.531,1.0,0.982,20.9,104.5,87.08,105.0,0.37,L,0
0022100586,1610612742,Dallas,Mavericks,DAL,mavericks,240:00,625.0,125.0,504.8,101.0,120.2,24.0,0.694,2.13,22.4,0.292,0.839,0.587,15.385,15.4,0.639,0.635,1.0,0.975,20.9,104.5,87.08,104.0,0.63,W,1
0022100583,1610612751,Brooklyn,Nets,BKN,nets,240:00,561.9,112.4,623.7,124.7,-61.9,-12.4,0.548,2.09,16.9,0.32,0.636,0.486,11.34,11.3,0.489,0.541,1.0,0.973,19.4,97.0,80.83,97.0,0.513,L,0
0022100583,1610612749,Milwaukee,Bucks,MIL,bucks,240:00,623.7,124.7,561.9,112.4,61.9,12.4,0.477,1.91,15.3,0.364,0.68,0.514,11.34,11.3,0.542,0.575,1.0,0.983,19.4,97.0,80.83,97.0,0.487,W,1
0022100588,1610612743,Denver,Nuggets,DEN,nuggets,240:00,599.0,119.8,555.0,111.0,44.0,8.8,0.681,4.0,23.2,0.122,0.704,0.453,7.921,7.9,0.624,0.633,1.0,0.962,20.1,100.5,83.75,101.0,0.572,W,1
0022100588,1610612758,Sacramento,Kings,SAC,kings,240:00,555.0,111.0,599.0,119.8,-44.0,-8.8,0.525,1.75,15.3,0.296,0.878,0.547,12.0,12.0,0.495,0.541,1.0,0.974,20.1,100.5,83.75,100.0,0.428,L,0
0022100582,1610612755,Philadelphia,76ers,PHI,sixers,240:00,607.1,121.4,510.2,102.0,96.9,19.4,0.622,2.15,19.7,0.348,0.691,0.535,13.265,13.3,0.563,0.602,1.0,0.982,19.6,98.0,81.67,98.0,0.623,W,1
0022100582,1610612759,San Antonio,Spurs,SAS,spurs,240:00,510.2,102.0,607.1,121.4,-96.9,-19.4,0.579,1.83,16.1,0.309,0.652,0.465,12.245,12.2,0.462,0.496,1.0,0.983,19.6,98.0,81.67,98.0,0.377,L,0
0022100590,1610612757,Portland,Trail Blazers,POR,blazers,240:00,543.0,108.6,612.9,122.6,-69.9,-14.0,0.595,1.83,16.1,0.367,0.761,0.538,12.903,12.9,0.489,0.503,1.0,0.974,18.6,93.0,77.5,93.0,0.432,L,0
0022100590,1610612739,Cleveland,Cavaliers,CLE,cavaliers,240:00,612.9,122.6,543.0,108.6,69.9,14.0,0.564,2.44,17.5,0.239,0.633,0.462,9.677,9.7,0.594,0.614,1.0,0.971,18.6,93.0,77.5,93.0,0.568,W,1
0022100580,1610612740,New Orleans,Pelicans,NOP,pelicans,240:00,505.0,101.0,475.2,95.0,29.8,6.0,0.571,1.18,15.0,0.269,0.78,0.52,17.0,17.0,0.47,0.527,1.0,1.0,20.1,100.5,83.75,100.0,0.508,W,1
0022100580,1610612744,Golden State,Warriors,GSW,warriors,240:00,475.2,95.0,505.0,101.0,-29.8,-6.0,0.595,1.57,16.4,0.22,0.731,0.48,13.861,13.9,0.466,0.506,1.0,0.973,20.1,100.5,83.75,101.0,0.492,L,0
0022100579,1610612763,Memphis,Grizzlies,MEM,grizzlies,240:00,561.9,112.4,419.0,83.8,142.9,28.6,0.646,1.63,19.7,0.415,0.791,0.625,18.095,18.1,0.541,0.555,1.0,0.976,21.0,105.0,87.5,105.0,0.671,W,1
0022100579,1610612765,Detroit,Pistons,DET,pistons,240:00,419.0,83.8,561.9,112.4,-142.9,-28.6,0.676,1.77,16.2,0.209,0.585,0.375,12.381,12.4,0.394,0.42,1.0,0.966,21.0,105.0,87.5,105.0,0.329,L,0
0022100578,1610612752,New York,Knicks,NYK,knicks,240:00,600.0,120.0,583.3,116.7,16.7,3.3,0.575,2.09,17.6,0.346,0.767,0.537,12.222,12.2,0.544,0.559,1.0,0.954,18.0,90.0,75.0,90.0,0.484,W,1
0022100578,1610612738,Boston,Celtics,BOS,celtics,240:00,583.3,116.7,600.0,120.0,-16.7,-3.3,0.579,1.69,18.0,0.233,0.654,0.463,14.444,14.4,0.581,0.612,1.0,0.97,18.0,90.0,75.0,90.0,0.516,L,0
0022100581,1610612756,Phoenix,Suns,PHX,suns,240:00,540.8,108.2,449.5,89.9,91.3,18.3,0.5,2.75,15.4,0.354,0.754,0.541,8.163,8.2,0.458,0.476,1.0,0.983,19.7,98.5,82.08,98.0,0.563,W,1
0022100581,1610612746,LA,Clippers,LAC,clippers,240:00,449.5,89.9,540.8,108.2,-91.3,-18.3,0.645,1.54,15.2,0.246,0.646,0.459,13.131,13.1,0.395,0.459,1.0,0.973,19.7,98.5,82.08,99.0,0.437,L,0
0022100569,1610612764,Washington,Wizards,WAS,wizards,240:00,513.9,102.8,532.7,106.5,-18.8,-3.8,0.45,1.2,12.9,0.241,0.729,0.471,13.889,13.9,0.495,0.542,1.0,0.975,21.5,107.5,89.58,108.0,0.48,L,0
0022100569,1610612745,Houston,Rockets,HOU,rockets,240:00,532.7,106.5,513.9,102.8,18.8,3.8,0.375,0.71,11.1,0.271,0.759,0.529,19.626,19.6,0.524,0.575,1.0,0.983,21.5,107.5,89.58,107.0,0.52,W,1
0022100577,1610612758,Sacramento,Kings,SAC,kings,240:00,510.0,102.0,545.5,109.1,-35.5,-7.1,0.395,1.36,11.8,0.222,0.765,0.486,11.0,11.0,0.483,0.516,1.0,0.973,19.9,99.5,82.92,100.0,0.431,L,0
0022100577,1610612737,Atlanta,Hawks,ATL,hawks,240:00,545.5,109.1,510.0,102.0,35.5,7.1,0.513,2.0,15.4,0.235,0.778,0.514,10.101,10.1,0.5,0.544,1.0,0.991,19.9,99.5,82.92,99.0,0.569,W,1
0022100573,1610612749,Milwaukee,Bucks,MIL,bucks,240:00,544.1,108.8,568.0,113.6,-23.8,-4.8,0.579,1.22,15.9,0.292,0.72,0.51,17.647,17.6,0.547,0.575,1.0,0.974,20.5,102.5,85.42,102.0,0.491,L,0
0022100573,1610612761,Toronto,Raptors,TOR,raptors,240:00,568.0,113.6,544.1,108.8,23.8,4.8,0.571,1.6,17.3,0.28,0.708,0.49,14.563,14.6,0.562,0.585,1.0,0.983,20.5,102.5,85.42,103.0,0.509,W,1
0022100568,1610612753,Orlando,Magic,ORL,magic,240:00,519.6,103.9,574.3,114.9,-54.6,-10.9,0.55,1.16,15.8,0.314,0.761,0.526,18.627,18.6,0.511,0.536,1.0,0.983,20.3,101.5,84.58,102.0,0.405,L,0
0022100568,1610612755,Philadelphia,76ers,PHI,sixers,240:00,574.3,114.9,519.6,103.9,54.6,10.9,0.605,1.53,19.0,0.239,0.686,0.474,16.832,16.8,0.576,0.607,1.0,0.982,20.3,101.5,84.58,101.0,0.595,W,1
0022100571,1610612754,Indiana,Pacers,IND,pacers,240:00,605.0,121.0,638.6,127.7,-33.6,-6.7,0.634,1.53,19.1,0.244,0.744,0.488,17.0,17.0,0.579,0.641,1.0,0.982,20.1,100.5,83.75,100.0,0.436,L,0
0022100571,1610612751,Brooklyn,Nets,BKN,nets,240:00,638.6,127.7,605.0,121.0,33.6,6.7,0.571,2.33,20.1,0.256,0.756,0.513,11.881,11.9,0.599,0.653,1.0,0.973,20.1,100.5,83.75,101.0,0.564,W,1
0022100567,1610612766,Charlotte,Hornets,CHA,hornets,240:00,673.1,134.6,538.8,107.8,134.2,26.8,0.813,2.29,25.7,0.263,0.788,0.567,16.346,16.3,0.741,0.747,1.0,0.973,20.7,103.5,86.25,104.0,0.627,W,1
0022100567,1610612765,Detroit,Pistons,DET,pistons,240:00,538.8,107.8,673.1,134.6,-134.2,-26.8,0.605,2.0,18.6,0.212,0.737,0.433,12.621,12.6,0.543,0.551,1.0,0.982,20.7,103.5,86.25,103.0,0.373,L,0
0022100575,1610612743,Denver,Nuggets,DEN,nuggets,240:00,545.0,109.0,580.8,116.2,-35.8,-7.2,0.643,2.25,19.9,0.196,0.816,0.516,12.0,12.0,0.54,0.576,1.0,0.972,19.9,99.5,82.92,100.0,0.476,L,0
0022100575,1610612762,Utah,Jazz,UTA,jazz,240:00,580.8,116.2,545.0,109.0,35.8,7.2,0.512,3.14,16.9,0.184,0.804,0.484,7.071,7.1,0.543,0.575,1.0,0.991,19.9,99.5,82.92,99.0,0.524,W,1
0022100572,1610612742,Dallas,Mavericks,DAL,mavericks,240:00,515.6,103.1,431.6,86.3,84.0,16.8,0.667,1.83,16.5,0.288,0.784,0.518,12.5,12.5,0.448,0.503,1.0,0.991,19.1,95.5,79.58,96.0,0.56,W,1
0022100572,1610612744,Golden State,Warriors,GSW,warriors,240:00,431.6,86.3,515.6,103.1,-84.0,-16.8,0.606,1.18,15.9,0.216,0.712,0.482,17.895,17.9,0.438,0.466,1.0,0.981,19.1,95.5,79.58,95.0,0.44,L,0
0022100576,1610612757,Portland,Trail Blazers,POR,blazers,240:00,605.6,121.1,631.9,126.4,-26.3,-5.3,0.545,3.0,15.3,0.224,0.625,0.423,6.667,6.7,0.519,0.581,1.0,0.99,18.1,90.5,75.42,90.0,0.447,L,0
0022100576,1610612748,Miami,Heat,MIA,heat,240:00,631.9,126.4,605.6,121.1,26.3,5.3,0.784,2.64,21.2,0.375,0.776,0.577,12.088,12.1,0.567,0.607,1.0,0.991,18.1,90.5,75.42,91.0,0.553,W,1
0022100574,1610612750,Minnesota,Timberwolves,MIN,timberwolves,240:00,500.0,100.0,463.9,92.8,36.1,7.2,0.639,1.44,16.4,0.333,0.678,0.509,16.327,16.3,0.467,0.496,1.0,0.974,19.5,97.5,81.25,98.0,0.55,W,1
0022100574,1610612760,Oklahoma City,Thunder,OKC,thunder,240:00,463.9,92.8,500.0,100.0,-36.1,-7.2,0.636,1.17,15.3,0.322,0.667,0.491,18.557,18.6,0.417,0.46,1.0,0.983,19.5,97.5,81.25,97.0,0.45,L,0
0022100570,1610612738,Boston,Celtics,BOS,celtics,240:00,521.5,104.3,538.0,107.6,-16.5,-3.3,0.475,1.9,15.1,0.275,0.674,0.464,10.753,10.8,0.494,0.516,1.0,0.953,18.5,92.5,77.08,93.0,0.499,L,0
0022100570,1610612759,San Antonio,Spurs,SAS,spurs,240:00,538.0,107.6,521.5,104.3,16.5,3.3,0.476,1.11,15.9,0.326,0.725,0.536,19.565,19.6,0.534,0.549,1.0,0.991,18.5,92.5,77.08,92.0,0.501,W,1
0022100562,1610612739,Cleveland,Cavaliers,CLE,cavaliers,240:00,546.4,109.3,567.0,113.4,-20.6,-4.1,0.7,2.15,19.6,0.352,0.72,0.529,13.402,13.4,0.489,0.524,1.0,0.974,19.4,97.0,80.83,97.0,0.492,L,0
0022100562,1610612763,Memphis,Grizzlies,MEM,grizzlies,240:00,567.0,113.4,546.4,109.3,20.6,4.1,0.5,2.33,16.0,0.28,0.648,0.471,9.278,9.3,0.517,0.552,1.0,0.991,19.4,97.0,80.83,97.0,0.508,W,1
0022100565,1610612740,New Orleans,Pelicans,NOP,pelicans,240:00,555.6,111.1,621.2,124.2,-65.7,-13.1,0.778,2.33,19.3,0.339,0.829,0.546,12.121,12.1,0.461,0.534,1.0,0.991,19.8,99.0,82.5,99.0,0.439,L,0
0022100565,1610612756,Phoenix,Suns,PHX,suns,240:00,621.2,124.2,555.6,111.1,65.7,13.1,0.696,2.91,23.4,0.171,0.661,0.454,11.111,11.1,0.641,0.656,1.0,0.981,19.8,99.0,82.5,99.0,0.561,W,1
0022100566,1610612747,Los Angeles,Lakers,LAL,lakers,240:00,616.2,123.2,575.8,115.2,40.4,8.1,0.49,4.8,17.1,0.315,0.738,0.5,5.051,5.1,0.551,0.566,1.0,0.974,19.8,99.0,82.5,99.0,0.51,W,1
0022100566,1610612758,Sacramento,Kings,SAC,kings,240:00,575.8,115.2,616.2,123.2,-40.4,-8.1,0.721,1.72,22.0,0.262,0.685,0.5,18.182,18.2,0.602,0.627,1.0,0.982,19.8,99.0,82.5,99.0,0.49,L,0
0022100564,1610612752,New York,Knicks,NYK,knicks,240:00,577.8,115.6,528.1,105.6,49.7,9.9,0.436,1.7,14.0,0.333,0.745,0.559,11.111,11.1,0.525,0.563,1.0,0.981,17.9,89.5,74.58,90.0,0.582,W,1
0022100564,1610612754,Indiana,Pacers,IND,pacers,240:00,528.1,105.6,577.8,115.6,-49.7,-9.9,0.688,1.83,17.7,0.255,0.667,0.441,13.483,13.5,0.48,0.522,1.0,0.971,17.9,89.5,74.58,89.0,0.418,L,0
0022100563,1610612761,Toronto,Raptors,TOR,raptors,240:00,608.5,121.7,490.6,98.1,117.9,23.6,0.667,2.5,19.5,0.316,0.661,0.487,11.321,11.3,0.563,0.593,1.0,0.984,21.2,106.0,88.33,106.0,0.626,W,1
0022100563,1610612759,San Antonio,Spurs,SAS,spurs,240:00,490.6,98.1,608.5,121.7,-117.9,-23.6,0.659,1.35,17.9,0.339,0.684,0.513,18.868,18.9,0.479,0.503,1.0,0.992,21.2,106.0,88.33,106.0,0.374,L,0
0022100554,1610612751,Brooklyn,Nets,BKN,nets,240:00,525.3,105.1,596.0,119.2,-70.7,-14.1,0.757,2.15,20.4,0.204,0.534,0.383,13.131,13.1,0.506,0.557,1.0,0.972,19.8,99.0,82.5,99.0,0.463,L,0
0022100554,1610612763,Memphis,Grizzlies,MEM,grizzlies,240:00,596.0,119.2,525.3,105.1,70.7,14.1,0.5,1.85,16.0,0.466,0.796,0.617,13.131,13.1,0.52,0.53,1.0,0.976,19.8,99.0,82.5,99.0,0.537,W,1
0022100556,1610612749,Milwaukee,Bucks,MIL,bucks,240:00,535.4,107.1,586.7,117.3,-51.4,-10.3,0.538,2.63,16.0,0.222,0.74,0.471,8.081,8.1,0.484,0.521,1.0,0.991,19.7,98.5,82.08,99.0,0.482,L,0
0022100556,1610612765,Detroit,Pistons,DET,pistons,240:00,586.7,117.3,535.4,107.1,51.4,10.3,0.705,2.21,22.0,0.26,0.778,0.529,14.286,14.3,0.582,0.592,1.0,0.991,19.7,98.5,82.08,98.0,0.518,W,1
0022100558,1610612742,Dallas,Mavericks,DAL,mavericks,240:00,547.9,109.6,468.4,93.7,79.5,15.9,0.657,2.09,18.9,0.114,0.615,0.349,11.702,11.7,0.538,0.59,1.0,0.99,18.9,94.5,78.75,94.0,0.582,W,1
0022100558,1610612743,Denver,Nuggets,DEN,nuggets,240:00,468.4,93.7,547.9,109.6,-79.5,-15.9,0.677,0.81,16.0,0.385,0.886,0.651,27.368,27.4,0.507,0.558,1.0,0.964,18.9,94.5,78.75,95.0,0.418,L,0
0022100559,1610612744,Golden State,Warriors,GSW,warriors,240:00,558.3,111.7,529.4,105.9,28.8,5.8,0.867,3.25,25.8,0.188,0.685,0.451,11.65,11.7,0.565,0.588,1.0,0.973,20.5,102.5,85.42,103.0,0.578,W,1
0022100559,1610612748,Miami,Heat,MIA,heat,240:00,529.4,105.9,558.3,111.7,-28.8,-5.8,0.649,1.26,16.8,0.315,0.813,0.549,18.627,18.6,0.506,0.549,1.0,0.983,20.5,102.5,85.42,102.0,0.422,L,0
0022100560,1610612757,Portland,Trail Blazers,POR,blazers,240:00,686.9,137.4,661.6,132.3,25.3,5.1,0.617,2.9,20.4,0.318,0.714,0.512,10.101,10.1,0.629,0.671,1.0,0.973,19.8,99.0,82.5,99.0,0.526,W,1
0022100560,1610612737,Atlanta,Hawks,ATL,hawks,240:00,661.6,132.3,686.9,137.4,-25.3,-5.1,0.646,2.38,21.8,0.286,0.682,0.488,13.131,13.1,0.625,0.665,1.0,0.982,19.8,99.0,82.5,99.0,0.474,L,0
0022100553,1610612764,Washington,Wizards,WAS,wizards,240:00,596.2,119.2,576.2,115.2,20.0,4.0,0.65,1.73,18.3,0.255,0.754,0.529,14.423,14.4,0.552,0.616,1.0,1.0,20.9,104.5,87.08,104.0,0.527,W,1
0022100553,1610612766,Charlotte,Hornets,CHA,hornets,240:00,576.2,115.2,596.2,119.2,-20.0,-4.0,0.56,3.11,19.0,0.246,0.745,0.471,8.571,8.6,0.548,0.551,1.0,0.983,20.9,104.5,87.08,105.0,0.473,L,0
0022100552,1610612755,Philadelphia,76ers,PHI,sixers,240:00,645.6,129.1,543.3,108.7,102.4,20.5,0.66,2.36,21.9,0.319,0.772,0.567,13.592,13.6,0.609,0.643,1.0,0.975,20.7,103.5,86.25,103.0,0.601,W,1
0022100552,1610612745,Houston,Rockets,HOU,rockets,240:00,543.3,108.7,645.6,129.1,-102.4,-20.5,0.676,2.27,17.6,0.228,0.681,0.433,10.577,10.6,0.5,0.546,1.0,0.983,20.7,103.5,86.25,104.0,0.399,L,0
0022100555,1610612741,Chicago,Bulls,CHI,bulls,240:00,515.2,103.0,494.9,99.0,20.2,4.0,0.459,1.31,13.4,0.216,0.82,0.515,13.131,13.1,0.494,0.531,1.0,0.973,19.8,99.0,82.5,99.0,0.507,W,1
0022100555,1610612753,Orlando,Magic,ORL,magic,240:00,494.9,99.0,515.2,103.0,-20.2,-4.0,0.667,1.85,18.2,0.18,0.784,0.485,13.131,13.1,0.482,0.527,1.0,0.972,19.8,99.0,82.5,99.0,0.493,L,0
0022100561,1610612746,LA,Clippers,LAC,clippers,240:00,525.3,105.1,610.0,122.0,-84.7,-16.9,0.564,1.05,17.1,0.205,0.667,0.452,21.212,21.2,0.571,0.608,1.0,0.981,19.9,99.5,82.92,99.0,0.435,L,0
0022100561,1610612750,Minnesota,Timberwolves,MIN,timberwolves,240:00,610.0,122.0,525.3,105.1,84.7,16.9,0.694,2.0,22.8,0.333,0.795,0.548,17.0,17.0,0.613,0.629,1.0,0.974,19.9,99.5,82.92,100.0,0.565,W,1
0022100557,1610612740,New Orleans,Pelicans,NOP,pelicans,240:00,530.6,106.1,592.8,118.6,-62.2,-12.4,0.538,2.1,15.0,0.339,0.756,0.514,10.204,10.2,0.464,0.487,1.0,0.983,19.5,97.5,81.25,98.0,0.439,L,0
0022100557,1610612762,Utah,Jazz,UTA,jazz,240:00,592.8,118.6,530.6,106.1,62.2,12.4,0.537,1.47,16.9,0.244,0.661,0.486,15.464,15.5,0.594,0.622,1.0,0.981,19.5,97.5,81.25,97.0,0.561,W,1
0022100545,1610612761,Toronto,Raptors,TOR,raptors,240:00,600.0,120.0,530.3,106.1,69.7,13.9,0.512,1.24,15.0,0.435,0.756,0.593,17.0,17.0,0.552,0.605,1.0,0.975,19.9,99.5,82.92,100.0,0.566,W,1
0022100545,1610612752,New York,Knicks,NYK,knicks,240:00,530.3,106.1,600.0,120.0,-69.7,-13.9,0.629,1.22,16.7,0.244,0.565,0.407,18.182,18.2,0.526,0.581,1.0,0.982,19.9,99.5,82.92,99.0,0.434,L,0
0022100546,1610612738,Boston,Celtics,BOS,celtics,265:00,532.1,106.4,504.5,100.9,27.6,5.5,0.641,1.14,17.2,0.24,0.737,0.505,20.183,20.2,0.529,0.59,1.0,0.983,19.83,99.17,82.64,109.0,0.545,W,1
0022100546,1610612753,Orlando,Magic,ORL,magic,265:00,504.5,100.9,532.1,106.4,-27.6,-5.5,0.425,1.06,12.0,0.263,0.76,0.495,14.545,14.5,0.468,0.519,1.0,0.96,19.83,99.17,82.64,110.0,0.455,L,0
0022100548,1610612758,Sacramento,Kings,SAC,kings,240:00,592.8,118.6,576.5,115.3,16.3,3.3,0.775,1.94,22.6,0.225,0.593,0.444,16.495,16.5,0.596,0.64,1.0,0.991,19.5,97.5,81.25,97.0,0.524,W,1
0022100548,1610612748,Miami,Heat,MIA,heat,240:00,576.5,115.3,592.8,118.6,-16.3,-3.3,0.565,2.89,17.7,0.407,0.775,0.556,9.184,9.2,0.481,0.512,1.0,0.983,19.5,97.5,81.25,98.0,0.476,L,0
0022100549,1610612766,Charlotte,Hornets,CHA,hornets,240:00,471.4,94.3,633.3,126.7,-161.9,-32.4,0.692,1.5,19.3,0.18,0.588,0.386,17.143,17.1,0.512,0.525,1.0,0.982,21.0,105.0,87.5,105.0,0.37,L,0
0022100549,1610612756,Phoenix,Suns,PHX,suns,240:00,633.3,126.7,471.4,94.3,161.9,32.4,0.692,2.12,22.2,0.412,0.82,0.614,16.19,16.2,0.587,0.614,1.0,0.984,21.0,105.0,87.5,105.0,0.63,W,1
0022100551,1610612747,Los Angeles,Lakers,LAL,lakers,240:00,534.7,106.9,515.0,103.0,19.7,3.9,0.556,1.11,15.6,0.159,0.566,0.381,17.822,17.8,0.567,0.615,1.0,0.944,20.1,100.5,83.75,101.0,0.534,W,1
0022100551,1610612750,Minnesota,Timberwolves,MIN,timberwolves,240:00,515.0,103.0,534.7,106.9,-19.7,-3.9,0.512,0.88,14.6,0.434,0.841,0.619,24.0,24.0,0.495,0.52,1.0,0.984,20.1,100.5,83.75,100.0,0.466,L,0
0022100550,1610612760,Oklahoma City,Thunder,OKC,thunder,240:00,457.4,91.5,505.3,101.1,-47.9,-9.6,0.571,1.82,16.4,0.154,0.745,0.434,11.702,11.7,0.471,0.483,1.0,0.98,18.8,94.0,78.33,94.0,0.431,L,0
0022100550,1610612742,Dallas,Mavericks,DAL,mavericks,240:00,505.3,101.1,457.4,91.5,47.9,9.6,0.737,1.75,20.9,0.255,0.846,0.566,17.021,17.0,0.529,0.539,1.0,0.981,18.8,94.0,78.33,94.0,0.569,W,1
0022100547,1610612739,Cleveland,Cavaliers,CLE,cavaliers,240:00,568.4,113.7,547.4,109.5,21.1,4.2,0.634,2.36,19.0,0.34,0.75,0.541,11.579,11.6,0.5,0.538,1.0,0.964,19.0,95.0,79.17,95.0,0.559,W,1
0022100547,1610612754,Indiana,Pacers,IND,pacers,240:00,547.4,109.5,568.4,113.7,-21.1,-4.2,0.649,1.71,18.5,0.25,0.66,0.459,14.737,14.7,0.56,0.583,1.0,0.981,19.0,95.0,79.17,95.0,0.441,L,0
0022100540,1610612765,Detroit,Pistons,DET,pistons,265:00,522.3,104.5,517.9,103.6,4.5,0.9,0.439,0.86,11.5,0.413,0.672,0.543,18.75,18.8,0.45,0.506,1.0,0.971,20.29,101.43,84.53,112.0,0.517,W,1
0022100540,1610612759,San Antonio,Spurs,SAS,spurs,265:00,517.9,103.6,522.3,104.5,-4.5,-0.9,0.714,1.76,18.4,0.328,0.587,0.457,15.179,15.2,0.471,0.507,1.0,0.977,20.29,101.43,84.53,112.0,0.483,L,0
0022100541,1610612764,Washington,Wizards,WAS,wizards,240:00,572.1,114.4,582.5,116.5,-10.4,-2.1,0.565,2.17,18.8,0.174,0.844,0.505,11.538,11.5,0.563,0.604,1.0,0.964,20.7,103.5,86.25,104.0,0.541,L,0
0022100541,1610612741,Chicago,Bulls,CHI,bulls,240:00,582.5,116.5,572.1,114.4,10.4,2.1,0.415,1.13,13.4,0.156,0.826,0.495,14.563,14.6,0.589,0.632,1.0,0.991,20.7,103.5,86.25,103.0,0.459,W,1
0022100543,1610612745,Houston,Rockets,HOU,rockets,240:00,544.1,108.8,607.8,121.6,-63.7,-12.7,0.541,1.11,14.6,0.3,0.625,0.444,17.647,17.6,0.529,0.581,1.0,0.974,20.4,102.0,85.0,102.0,0.392,L,0
0022100543,1610612743,Denver,Nuggets,DEN,nuggets,240:00,607.8,121.6,544.1,108.8,63.7,12.7,0.717,1.83,22.1,0.375,0.7,0.556,17.647,17.6,0.593,0.633,1.0,0.991,20.4,102.0,85.0,102.0,0.608,W,1
0022100542,1610612751,Brooklyn,Nets,BKN,nets,240:00,557.7,111.5,576.9,115.4,-19.2,-3.8,0.619,1.73,17.4,0.339,0.82,0.566,14.423,14.4,0.49,0.537,1.0,0.984,20.8,104.0,86.67,104.0,0.5,L,0
0022100542,1610612746,LA,Clippers,LAC,clippers,240:00,576.9,115.4,557.7,111.5,19.2,3.8,0.548,2.09,16.9,0.18,0.661,0.434,10.577,10.6,0.57,0.602,1.0,0.973,20.8,104.0,86.67,104.0,0.5,W,1
0022100544,1610612762,Utah,Jazz,UTA,jazz,240:00,585.9,117.2,615.0,123.0,-29.1,-5.8,0.475,1.46,14.0,0.352,0.75,0.531,13.131,13.1,0.511,0.556,1.0,1.0,19.9,99.5,82.92,99.0,0.415,L,0
0022100544,1610612744,Golden State,Warriors,GSW,warriors,240:00,615.0,123.0,585.9,117.2,29.1,5.8,0.848,2.6,26.0,0.25,0.648,0.469,15.0,15.0,0.634,0.646,1.0,0.973,19.9,99.5,82.92,100.0,0.585,W,1
0022100539,1610612749,Milwaukee,Bucks,MIL,bucks,240:00,623.9,124.8,523.1,104.6,100.7,20.1,0.551,1.93,18.8,0.2,0.75,0.514,12.844,12.8,0.658,0.681,1.0,0.974,21.7,108.5,90.42,109.0,0.589,W,1
0022100539,1610612740,New Orleans,Pelicans,NOP,pelicans,240:00,523.1,104.6,623.9,124.8,-100.7,-20.1,0.718,1.87,18.5,0.25,0.8,0.486,13.889,13.9,0.495,0.522,1.0,0.992,21.7,108.5,90.42,108.0,0.411,L,0
0022100531,1610612758,Sacramento,Kings,SAC,kings,240:00,505.3,101.1,595.7,119.1,-90.5,-18.1,0.658,2.5,18.9,0.245,0.718,0.446,10.526,10.5,0.473,0.499,1.0,0.981,18.9,94.5,78.75,95.0,0.387,L,0
0022100531,1610612742,Dallas,Mavericks,DAL,mavericks,240:00,595.7,119.1,505.3,101.1,90.5,18.1,0.714,2.31,22.2,0.282,0.755,0.554,13.83,13.8,0.574,0.618,1.0,0.962,18.9,94.5,78.75,94.0,0.613,W,1
0022100535,1610612763,Memphis,Grizzlies,MEM,grizzlies,240:00,596.0,119.2,519.8,104.0,76.2,15.2,0.571,2.8,19.2,0.339,0.768,0.554,10.101,10.1,0.529,0.541,1.0,0.992,20.0,100.0,83.33,99.0,0.57,W,1
0022100535,1610612759,San Antonio,Spurs,SAS,spurs,240:00,519.8,104.0,596.0,119.2,-76.2,-15.2,0.615,2.18,17.4,0.232,0.661,0.446,10.891,10.9,0.5,0.522,1.0,0.965,20.0,100.0,83.33,101.0,0.43,L,0
0022100538,1610612747,Los Angeles,Lakers,LAL,lakers,240:00,695.0,139.0,530.0,106.0,165.0,33.0,0.574,3.86,20.3,0.15,0.632,0.454,7.0,7.0,0.665,0.708,1.0,0.981,20.0,100.0,83.33,100.0,0.679,W,1
0022100538,1610612757,Portland,Trail Blazers,POR,blazers,240:00,530.0,106.0,695.0,139.0,-165.0,-33.0,0.528,2.11,13.2,0.368,0.85,0.546,9.0,9.0,0.412,0.465,1.0,0.984,20.0,100.0,83.33,100.0,0.321,L,0
0022100530,1610612754,Indiana,Pacers,IND,pacers,240:00,530.0,106.0,534.7,106.9,-4.7,-0.9,0.605,1.35,16.0,0.368,0.765,0.556,17.0,17.0,0.462,0.511,1.0,0.992,20.1,100.5,83.75,100.0,0.476,L,0
0022100530,1610612741,Chicago,Bulls,CHI,bulls,240:00,534.7,106.9,530.0,106.0,4.7,0.9,0.629,2.0,16.3,0.235,0.632,0.444,10.891,10.9,0.477,0.544,1.0,0.965,20.1,100.5,83.75,101.0,0.524,W,1
0022100532,1610612745,Houston,Rockets,HOU,rockets,240:00,539.2,107.8,582.5,116.5,-43.3,-8.7,0.512,1.17,15.0,0.327,0.723,0.515,17.647,17.6,0.516,0.547,1.0,0.992,20.5,102.5,85.42,102.0,0.428,L,0
0022100532,1610612748,Miami,Heat,MIA,heat,240:00,582.5,116.5,539.2,107.8,43.3,8.7,0.525,1.5,15.4,0.277,0.673,0.485,13.592,13.6,0.547,0.602,1.0,0.983,20.5,102.5,85.42,103.0,0.572,W,1
0022100529,1610612738,Boston,Celtics,BOS,celtics,240:00,627.6,125.5,545.5,109.1,82.1,16.4,0.622,1.56,19.9,0.385,0.667,0.556,18.367,18.4,0.602,0.651,1.0,0.982,19.7,98.5,82.08,98.0,0.623,W,1
0022100529,1610612756,Phoenix,Suns,PHX,suns,240:00,545.5,109.1,627.6,125.5,-82.1,-16.4,0.488,2.0,14.4,0.333,0.615,0.444,10.101,10.1,0.465,0.504,1.0,0.966,19.7,98.5,82.08,99.0,0.377,L,0
0022100536,1610612760,Oklahoma City,Thunder,OKC,thunder,240:00,505.3,101.1,425.5,85.1,79.8,16.0,0.583,2.1,17.1,0.154,0.836,0.505,10.638,10.6,0.517,0.527,1.0,0.971,18.8,94.0,78.33,94.0,0.589,W,1
0022100536,1610612752,New York,Knicks,NYK,knicks,240:00,425.5,85.1,505.3,101.1,-79.8,-16.0,0.4,1.2,10.4,0.164,0.846,0.495,10.638,10.6,0.42,0.441,1.0,0.981,18.8,94.0,78.33,94.0,0.411,L,0
0022100533,1610612739,Cleveland,Cavaliers,CLE,cavaliers,240:00,621.1,124.2,643.6,128.7,-22.6,-4.5,0.563,3.0,20.6,0.25,0.741,0.532,9.474,9.5,0.619,0.624,1.0,0.99,18.9,94.5,78.75,95.0,0.52,L,0
0022100533,1610612737,Atlanta,Hawks,ATL,hawks,240:00,643.6,128.7,621.1,124.2,22.6,4.5,0.535,11.5,17.6,0.259,0.75,0.468,2.128,2.1,0.526,0.569,1.0,0.991,18.9,94.5,78.75,94.0,0.48,W,1
0022100537,1610612762,Utah,Jazz,UTA,jazz,240:00,600.0,120.0,540.0,108.0,60.0,12.0,0.486,1.0,13.6,0.333,0.759,0.573,18.0,18.0,0.545,0.625,1.0,0.982,20.0,100.0,83.33,100.0,0.573,W,1
0022100537,1610612750,Minnesota,Timberwolves,MIN,timberwolves,240:00,540.0,108.0,600.0,120.0,-60.0,-12.0,0.575,2.3,16.8,0.241,0.667,0.427,10.0,10.0,0.505,0.526,1.0,0.982,20.0,100.0,83.33,100.0,0.427,L,0
0022100534,1610612761,Toronto,Raptors,TOR,raptors,240:00,591.8,118.4,568.4,113.7,23.4,4.7,0.475,2.71,13.6,0.407,0.878,0.6,7.143,7.1,0.474,0.525,1.0,0.967,19.3,96.5,80.42,98.0,0.5,W,1
0022100534,1610612746,LA,Clippers,LAC,clippers,240:00,568.4,113.7,591.8,118.4,-23.4,-4.7,0.711,2.08,21.3,0.122,0.593,0.4,13.684,13.7,0.583,0.625,1.0,0.99,19.3,96.5,80.42,95.0,0.5,L,0
0022100527,1610612764,Washington,Wizards,WAS,wizards,240:00,578.9,115.8,489.5,97.9,89.5,17.9,0.6,3.38,20.1,0.25,0.755,0.515,8.421,8.4,0.55,0.564,1.0,0.972,19.0,95.0,79.17,95.0,0.607,W,1
0022100527,1610612739,Cleveland,Cavaliers,CLE,cavaliers,240:00,489.5,97.9,578.9,115.8,-89.5,-17.9,0.571,1.54,15.6,0.245,0.75,0.485,13.684,13.7,0.47,0.499,1.0,0.972,19.0,95.0,79.17,95.0,0.393,L,0
0022100526,1610612753,Orlando,Magic,ORL,magic,240:00,572.8,114.6,666.7,133.3,-93.9,-18.8,0.619,2.6,19.0,0.191,0.587,0.387,9.709,9.7,0.557,0.597,1.0,0.982,20.5,102.5,85.42,103.0,0.412,L,0
0022100526,1610612749,Milwaukee,Bucks,MIL,bucks,240:00,666.7,133.3,572.8,114.6,93.9,18.8,0.533,1.85,16.6,0.413,0.809,0.613,12.745,12.7,0.566,0.636,1.0,0.992,20.5,102.5,85.42,102.0,0.588,W,1
0022100525,1610612751,Brooklyn,Nets,BKN,nets,240:00,542.6,108.5,578.9,115.8,-36.4,-7.3,0.568,1.17,16.2,0.326,0.651,0.514,19.149,19.1,0.5,0.549,1.0,0.991,18.9,94.5,78.75,94.0,0.501,L,0
0022100525,1610612755,Philadelphia,76ers,PHI,sixers,240:00,578.9,115.8,542.6,108.5,36.4,7.3,0.524,2.75,15.9,0.349,0.674,0.486,8.421,8.4,0.485,0.506,1.0,0.974,18.9,94.5,78.75,95.0,0.499,W,1
0022100520,1610612763,Memphis,Grizzlies,MEM,grizzlies,240:00,547.4,109.5,515.6,103.1,31.7,6.3,0.514,1.38,14.0,0.302,0.708,0.495,13.684,13.7,0.471,0.532,1.0,0.991,19.1,95.5,79.58,95.0,0.562,W,1
0022100520,1610612747,Los Angeles,Lakers,LAL,lakers,240:00,515.6,103.1,547.4,109.5,-31.7,-6.3,0.615,1.33,17.9,0.292,0.698,0.505,18.75,18.8,0.541,0.553,1.0,0.973,19.1,95.5,79.58,96.0,0.438,L,0
0022100516,1610612765,Detroit,Pistons,DET,pistons,240:00,442.7,88.5,489.6,97.9,-46.9,-9.4,0.633,1.12,15.2,0.212,0.745,0.476,17.708,17.7,0.444,0.48,1.0,0.991,19.2,96.0,80.0,96.0,0.42,L,0
0022100516,1610612752,New York,Knicks,NYK,knicks,240:00,489.6,97.9,442.7,88.5,46.9,9.4,0.613,1.12,14.8,0.255,0.788,0.524,17.708,17.7,0.432,0.506,1.0,0.972,19.2,96.0,80.0,96.0,0.58,W,1
0022100524,1610612758,Sacramento,Kings,SAC,kings,240:00,527.8,105.6,522.2,104.4,5.6,1.1,0.583,1.4,17.6,0.2,0.733,0.482,16.667,16.7,0.547,0.582,1.0,0.969,18.0,90.0,75.0,90.0,0.498,W,1
0022100524,1610612742,Dallas,Mavericks,DAL,mavericks,240:00,522.2,104.4,527.8,105.6,-5.6,-1.1,0.605,1.77,18.4,0.267,0.8,0.518,14.444,14.4,0.525,0.542,1.0,0.961,18.0,90.0,75.0,90.0,0.502,L,0
0022100519,1610612741,Chicago,Bulls,CHI,bulls,240:00,635.9,127.2,557.1,111.4,78.8,15.8,0.731,2.53,25.7,0.206,0.712,0.512,14.563,14.6,0.679,0.699,1.0,0.982,20.8,104.0,86.67,103.0,0.602,W,1
0022100519,1610612737,Atlanta,Hawks,ATL,hawks,240:00,557.1,111.4,635.9,127.2,-78.8,-15.8,0.591,2.36,17.8,0.288,0.794,0.488,10.476,10.5,0.538,0.566,1.0,0.967,20.8,104.0,86.67,105.0,0.398,L,0
0022100523,1610612757,Portland,Trail Blazers,POR,blazers,240:00,541.2,108.2,625.0,125.0,-83.8,-16.8,0.622,2.09,16.9,0.296,0.694,0.485,11.34,11.3,0.5,0.533,1.0,0.973,19.3,96.5,80.42,97.0,0.426,L,0
0022100523,1610612762,Utah,Jazz,UTA,jazz,240:00,625.0,125.0,541.2,108.2,83.8,16.8,0.478,2.0,16.5,0.306,0.704,0.515,11.458,11.5,0.575,0.594,1.0,0.991,19.3,96.5,80.42,96.0,0.574,W,1
0022100522,1610612756,Phoenix,Suns,PHX,suns,240:00,586.7,117.3,489.9,98.0,96.8,19.4,0.537,1.47,15.8,0.38,0.655,0.528,15.306,15.3,0.528,0.568,1.0,0.983,19.7,98.5,82.08,98.0,0.629,W,1
0022100522,1610612760,Oklahoma City,Thunder,OKC,thunder,240:00,489.9,98.0,586.7,117.3,-96.8,-19.4,0.5,1.58,13.8,0.345,0.62,0.472,12.121,12.1,0.432,0.471,1.0,0.958,19.7,98.5,82.08,99.0,0.371,L,0
0022100517,1610612754,Indiana,Pacers,IND,pacers,240:00,514.3,102.9,557.7,111.5,-43.4,-8.7,0.694,1.39,17.2,0.273,0.787,0.51,17.143,17.1,0.517,0.547,1.0,0.975,20.9,104.5,87.08,105.0,0.431,L,0
0022100517,1610612766,Charlotte,Hornets,CHA,hornets,240:00,557.7,111.5,514.3,102.9,43.4,8.7,0.614,1.93,19.1,0.213,0.727,0.49,13.462,13.5,0.571,0.585,1.0,0.982,20.9,104.5,87.08,104.0,0.569,W,1
0022100518,1610612738,Boston,Celtics,BOS,celtics,240:00,465.9,93.2,511.2,102.2,-45.3,-9.1,0.543,2.38,14.3,0.388,0.612,0.483,9.091,9.1,0.366,0.387,1.0,0.991,17.7,88.5,73.75,88.0,0.425,L,0
0022100518,1610612746,LA,Clippers,LAC,clippers,240:00,511.2,102.2,465.9,93.2,45.3,9.1,0.515,1.06,13.6,0.388,0.612,0.517,17.978,18.0,0.475,0.514,1.0,0.954,17.7,88.5,73.75,89.0,0.575,W,1
0022100513,1610612740,New Orleans,Pelicans,NOP,pelicans,240:00,568.4,113.7,547.4,109.5,21.1,4.2,0.667,1.85,18.3,0.255,0.774,0.53,13.684,13.7,0.55,0.591,1.0,0.972,19.0,95.0,79.17,95.0,0.515,W,1
0022100513,1610612739,Cleveland,Cavaliers,CLE,cavaliers,240:00,547.4,109.5,568.4,113.7,-21.1,-4.2,0.73,3.38,20.1,0.226,0.745,0.47,8.421,8.4,0.5,0.54,1.0,0.972,19.0,95.0,79.17,95.0,0.485,L,0
0022100511,1610612745,Houston,Rockets,HOU,rockets,240:00,608.9,121.8,647.1,129.4,-38.1,-7.6,0.545,1.71,18.2,0.19,0.625,0.422,13.861,13.9,0.627,0.654,1.0,0.991,20.3,101.5,84.58,101.0,0.467,L,0
0022100511,1610612747,Los Angeles,Lakers,LAL,lakers,240:00,647.1,129.4,608.9,121.8,38.1,7.6,0.563,2.25,18.5,0.375,0.81,0.578,11.765,11.8,0.598,0.63,1.0,0.983,20.3,101.5,84.58,102.0,0.533,W,1
0022100510,1610612761,Toronto,Raptors,TOR,raptors,240:00,573.7,114.7,606.4,121.3,-32.7,-6.5,0.632,2.4,17.9,0.3,0.8,0.537,10.526,10.5,0.523,0.564,1.0,0.973,18.9,94.5,78.75,95.0,0.465,L,0
0022100510,1610612755,Philadelphia,76ers,PHI,sixers,240:00,606.4,121.3,573.7,114.7,32.7,6.5,0.676,2.88,18.4,0.2,0.7,0.463,8.511,8.5,0.532,0.608,1.0,1.0,18.9,94.5,78.75,94.0,0.535,W,1
0022100512,1610612750,Minnesota,Timberwolves,MIN,timberwolves,240:00,473.1,94.6,521.7,104.3,-48.6,-9.7,0.647,2.0,16.9,0.268,0.627,0.452,11.828,11.8,0.441,0.469,1.0,0.963,18.5,92.5,77.08,93.0,0.5,L,0
0022100512,1610612752,New York,Knicks,NYK,knicks,240:00,521.7,104.3,473.1,94.6,48.6,9.7,0.541,1.25,14.9,0.373,0.732,0.548,17.391,17.4,0.5,0.495,1.0,0.982,18.5,92.5,77.08,92.0,0.5,W,1
0022100509,1610612748,Miami,Heat,MIA,heat,240:00,633.0,126.6,589.5,117.9,43.5,8.7,0.634,3.25,19.1,0.302,0.667,0.469,8.511,8.5,0.533,0.583,1.0,0.982,18.9,94.5,78.75,94.0,0.546,W,1
0022100509,1610612764,Washington,Wizards,WAS,wizards,240:00,589.5,117.9,633.0,126.6,-43.5,-8.7,0.643,1.5,19.7,0.333,0.698,0.531,18.947,18.9,0.594,0.614,1.0,0.973,18.9,94.5,78.75,95.0,0.454,L,0
0022100514,1610612744,Golden State,Warriors,GSW,warriors,240:00,457.4,91.5,478.5,95.7,-21.0,-4.2,0.667,1.18,15.9,0.245,0.698,0.48,18.085,18.1,0.486,0.502,1.0,0.962,18.7,93.5,77.92,94.0,0.455,L,0
0022100514,1610612743,Denver,Nuggets,DEN,nuggets,240:00,478.5,95.7,457.4,91.5,21.0,4.2,0.706,1.5,18.0,0.302,0.755,0.52,17.204,17.2,0.458,0.485,1.0,0.982,18.7,93.5,77.92,93.0,0.545,W,1
0022100515,1610612758,Sacramento,Kings,SAC,kings,240:00,551.9,110.4,528.6,105.7,23.3,4.7,0.625,2.5,17.2,0.25,0.828,0.544,9.434,9.4,0.511,0.547,1.0,0.975,21.1,105.5,87.92,106.0,0.554,W,1
0022100515,1610612760,Oklahoma City,Thunder,OKC,thunder,240:00,528.6,105.7,551.9,110.4,-23.3,-4.7,0.457,1.78,12.2,0.172,0.75,0.456,8.571,8.6,0.45,0.524,1.0,1.0,21.1,105.5,87.92,105.0,0.446,L,0
0022100508,1610612753,Orlando,Magic,ORL,magic,240:00,550.0,110.0,628.7,125.7,-78.7,-15.7,0.632,1.85,18.0,0.2,0.78,0.477,13.0,13.0,0.53,0.582,1.0,0.991,20.1,100.5,83.75,100.0,0.421,L,0
0022100508,1610612749,Milwaukee,Bucks,MIL,bucks,240:00,628.7,125.7,550.0,110.0,78.7,15.7,0.66,2.38,22.1,0.22,0.8,0.523,12.871,12.9,0.653,0.671,1.0,0.972,20.1,100.5,83.75,101.0,0.579,W,1
0022100502,1610612737,Atlanta,Hawks,ATL,hawks,240:00,602.0,120.4,663.3,132.7,-61.2,-12.2,0.55,2.2,16.4,0.28,0.756,0.505,10.204,10.2,0.534,0.587,1.0,0.982,19.6,98.0,81.67,98.0,0.455,L,0
0022100502,1610612741,Chicago,Bulls,CHI,bulls,240:00,663.3,132.7,602.0,120.4,61.2,12.2,0.569,2.9,21.0,0.244,0.72,0.495,10.204,10.2,0.638,0.649,1.0,0.963,19.6,98.0,81.67,98.0,0.545,W,1
0022100503,1610612750,Minnesota,Timberwolves,MIN,timberwolves,240:00,540.0,108.0,515.0,103.0,25.0,5.0,0.75,2.14,21.0,0.264,0.705,0.5,14.0,14.0,0.522,0.549,1.0,0.991,20.0,100.0,83.33,100.0,0.544,W,1
0022100503,1610612738,Boston,Celtics,BOS,celtics,240:00,515.0,103.0,540.0,108.0,-25.0,-5.0,0.697,1.64,16.3,0.295,0.736,0.5,14.0,14.0,0.461,0.508,1.0,0.983,20.0,100.0,83.33,100.0,0.456,L,0
0022100506,1610612757,Portland,Trail Blazers,POR,blazers,240:00,596.9,119.4,680.4,136.1,-83.5,-16.7,0.543,1.73,14.6,0.294,0.634,0.446,11.224,11.2,0.5,0.582,1.0,1.0,19.5,97.5,81.25,98.0,0.386,L,0
0022100506,1610612742,Dallas,Mavericks,DAL,mavericks,240:00,680.4,136.1,596.9,119.4,83.5,16.7,0.792,2.92,25.3,0.366,0.706,0.554,13.402,13.4,0.643,0.67,1.0,0.991,19.5,97.5,81.25,97.0,0.614,W,1
0022100504,1610612759,San Antonio,Spurs,SAS,spurs,240:00,490.6,98.1,518.9,103.8,-28.3,-5.7,0.578,2.6,18.3,0.172,0.76,0.444,9.434,9.4,0.5,0.5,1.0,0.983,21.2,106.0,88.33,106.0,0.442,L,0
0022100504,1610612762,Utah,Jazz,UTA,jazz,240:00,518.9,103.8,490.6,98.1,28.3,5.7,0.487,1.27,13.9,0.24,0.828,0.556,14.151,14.2,0.506,0.554,1.0,0.966,21.2,106.0,88.33,106.0,0.558,W,1
0022100505,1610612756,Phoenix,Suns,PHX,suns,240:00,576.5,115.3,575.8,115.2,0.8,0.2,0.61,2.27,18.4,0.265,0.609,0.432,11.224,11.2,0.517,0.564,1.0,0.991,19.7,98.5,82.08,98.0,0.496,L,0
0022100505,1610612763,Memphis,Grizzlies,MEM,grizzlies,240:00,575.8,115.2,576.5,115.3,-0.8,-0.2,0.489,1.16,15.9,0.391,0.735,0.568,19.192,19.2,0.574,0.597,1.0,0.974,19.7,98.5,82.08,99.0,0.504,W,1
0022100507,1610612746,LA,Clippers,LAC,clippers,240:00,545.5,109.1,620.0,124.0,-74.5,-14.9,0.676,2.08,17.2,0.333,0.725,0.485,12.121,12.1,0.454,0.496,1.0,0.983,19.9,99.5,82.92,99.0,0.395,L,0
0022100507,1610612751,Brooklyn,Nets,BKN,nets,240:00,620.0,124.0,545.5,109.1,74.5,14.9,0.62,2.07,21.8,0.275,0.667,0.515,15.0,15.0,0.642,0.652,1.0,0.964,19.9,99.5,82.92,100.0,0.605,W,1
0022100501,1610612766,Charlotte,Hornets,CHA,hornets,240:00,591.3,118.3,480.6,96.1,110.8,22.2,0.702,2.06,22.8,0.19,0.731,0.489,15.385,15.4,0.636,0.653,1.0,0.991,20.7,103.5,86.25,104.0,0.635,W,1
0022100501,1610612745,Houston,Rockets,HOU,rockets,240:00,480.6,96.1,591.3,118.3,-110.8,-22.2,0.556,0.95,14.7,0.269,0.81,0.511,20.388,20.4,0.5,0.521,1.0,1.0,20.7,103.5,86.25,103.0,0.365,L,0
0022100497,1610612760,Oklahoma City,Thunder,OKC,thunder,240:00,557.1,111.4,533.3,106.7,23.8,4.8,0.585,2.0,17.4,0.18,0.772,0.495,11.429,11.4,0.552,0.587,1.0,0.982,21.0,105.0,87.5,105.0,0.504,W,1
0022100497,1610612740,New Orleans,Pelicans,NOP,pelicans,240:00,533.3,106.7,557.1,111.4,-23.8,-4.8,0.667,2.36,18.1,0.228,0.82,0.505,10.476,10.5,0.468,0.527,1.0,0.975,21.0,105.0,87.5,105.0,0.496,L,0
0022100500,1610612746,LA,Clippers,LAC,clippers,240:00,505.1,101.0,525.5,105.1,-20.5,-4.1,0.65,1.86,19.1,0.224,0.719,0.491,14.141,14.1,0.512,0.532,1.0,0.973,19.7,98.5,82.08,99.0,0.496,L,0
0022100500,1610612743,Denver,Nuggets,DEN,nuggets,240:00,525.5,105.1,505.1,101.0,20.5,4.1,0.744,2.07,20.3,0.281,0.776,0.509,14.286,14.3,0.489,0.516,1.0,0.991,19.7,98.5,82.08,98.0,0.504,W,1
0022100495,1610612764,Washington,Wizards,WAS,wizards,240:00,505.3,101.1,615.8,123.2,-110.5,-22.1,0.629,2.75,16.4,0.283,0.705,0.462,8.421,8.4,0.433,0.469,1.0,0.991,19.0,95.0,79.17,95.0,0.377,L,0
0022100495,1610612755,Philadelphia,76ers,PHI,sixers,240:00,615.8,123.2,505.3,101.1,110.5,22.1,0.581,1.92,18.8,0.295,0.717,0.538,13.684,13.7,0.57,0.611,1.0,0.981,19.0,95.0,79.17,95.0,0.623,W,1
0022100498,1610612759,San Antonio,Spurs,SAS,spurs,240:00,648.6,129.7,495.5,99.1,153.2,30.6,0.765,2.05,23.6,0.364,0.708,0.569,17.117,17.1,0.632,0.671,1.0,0.976,22.1,110.5,92.08,111.0,0.708,W,1
0022100498,1610612765,Detroit,Pistons,DET,pistons,240:00,495.5,99.1,648.6,129.7,-153.2,-30.6,0.421,1.14,11.0,0.292,0.636,0.431,12.727,12.7,0.429,0.482,1.0,0.992,22.1,110.5,92.08,110.0,0.292,L,0
0022100496,1610612758,Sacramento,Kings,SAC,kings,240:00,510.0,102.0,628.7,125.7,-118.7,-23.7,0.647,1.22,16.5,0.25,0.554,0.413,18.0,18.0,0.481,0.549,1.0,1.0,20.1,100.5,83.75,100.0,0.38,L,0
0022100496,1610612763,Memphis,Grizzlies,MEM,grizzlies,240:00,628.7,125.7,510.0,102.0,118.7,23.7,0.702,2.75,20.8,0.446,0.75,0.587,11.881,11.9,0.515,0.561,1.0,0.968,20.1,100.5,83.75,101.0,0.62,W,1
0022100499,1610612741,Chicago,Bulls,CHI,bulls,240:00,565.0,113.0,541.2,108.2,23.8,4.8,0.395,1.13,14.0,0.139,0.719,0.495,15.0,15.0,0.638,0.659,1.0,0.962,19.7,98.5,82.08,100.0,0.524,W,1
0022100499,1610612754,Indiana,Pacers,IND,pacers,240:00,541.2,108.2,565.0,113.0,-23.8,-4.8,0.561,2.56,16.9,0.281,0.861,0.505,9.278,9.3,0.479,0.509,1.0,1.0,19.7,98.5,82.08,97.0,0.476,L,0
0022100494,1610612739,Cleveland,Cavaliers,CLE,cavaliers,240:00,660.6,132.1,454.1,90.8,206.4,41.3,0.696,2.6,23.6,0.34,0.768,0.566,13.761,13.8,0.632,0.647,1.0,0.968,21.8,109.0,90.83,109.0,0.665,W,1
0022100494,1610612761,Toronto,Raptors,TOR,raptors,240:00,454.1,90.8,660.6,132.1,-206.4,-41.3,0.649,1.14,16.6,0.232,0.66,0.434,19.266,19.3,0.466,0.499,1.0,0.992,21.8,109.0,90.83,109.0,0.335,L,0
0022100493,1610612748,Miami,Heat,MIA,heat,240:00,516.7,103.3,456.0,91.2,60.6,12.1,0.778,2.0,20.1,0.368,0.744,0.53,15.556,15.6,0.461,0.48,1.0,0.982,18.1,90.5,75.42,90.0,0.552,W,1
0022100493,1610612753,Orlando,Magic,ORL,magic,240:00,456.0,91.2,516.7,103.3,-60.6,-12.1,0.548,0.89,14.3,0.256,0.632,0.47,20.879,20.9,0.5,0.522,1.0,0.961,18.1,90.5,75.42,91.0,0.448,L,0
0022100488,1610612752,New York,Knicks,NYK,knicks,240:00,537.2,107.4,472.8,94.6,64.4,12.9,0.737,2.8,21.1,0.216,0.782,0.509,10.638,10.6,0.565,0.559,1.0,0.962,18.6,93.0,77.5,94.0,0.576,W,1
0022100488,1610612737,Atlanta,Hawks,ATL,hawks,240:00,472.8,94.6,537.2,107.4,-64.4,-12.9,0.697,1.92,18.1,0.218,0.784,0.491,13.043,13.0,0.454,0.467,1.0,1.0,18.6,93.0,77.5,92.0,0.424,L,0
0022100490,1610612756,Phoenix,Suns,PHX,suns,240:00,569.1,113.8,617.0,123.4,-47.9,-9.6,0.5,1.54,16.1,0.256,0.689,0.477,13.83,13.8,0.548,0.594,1.0,0.981,18.8,94.0,78.33,94.0,0.445,L,0
0022100490,1610612744,Golden State,Warriors,GSW,warriors,240:00,617.0,123.4,569.1,113.8,47.9,9.6,0.667,2.55,20.7,0.311,0.744,0.523,11.702,11.7,0.576,0.615,1.0,0.963,18.8,94.0,78.33,94.0,0.555,W,1
0022100492,1610612762,Utah,Jazz,UTA,jazz,240:00,576.9,115.4,557.7,111.5,19.2,3.8,0.6,1.71,16.4,0.321,0.731,0.519,13.462,13.5,0.511,0.565,1.0,0.975,20.8,104.0,86.67,104.0,0.555,W,1
0022100492,1610612742,Dallas,Mavericks,DAL,mavericks,240:00,557.7,111.5,576.9,115.4,-19.2,-3.8,0.5,1.36,14.0,0.269,0.679,0.481,13.462,13.5,0.483,0.556,1.0,0.983,20.8,104.0,86.67,104.0,0.445,L,0
0022100489,1610612749,Milwaukee,Bucks,MIL,bucks,240:00,585.0,117.0,570.7,114.1,14.3,2.9,0.558,1.85,17.1,0.327,0.712,0.519,13.0,13.0,0.538,0.569,1.0,0.991,19.9,99.5,82.92,100.0,0.515,W,1
0022100489,1610612738,Boston,Celtics,BOS,celtics,240:00,570.7,114.1,585.0,117.0,-14.3,-2.9,0.632,1.71,17.5,0.288,0.673,0.481,14.141,14.1,0.522,0.567,1.0,1.0,19.9,99.5,82.92,99.0,0.485,L,0
0022100491,1610612747,Los Angeles,Lakers,LAL,lakers,240:00,563.7,112.7,598.0,119.6,-34.3,-6.9,0.725,2.07,19.0,0.379,0.776,0.561,13.725,13.7,0.469,0.531,1.0,0.976,20.4,102.0,85.0,102.0,0.467,L,0
0022100491,1610612751,Brooklyn,Nets,BKN,nets,240:00,598.0,119.6,563.7,112.7,34.3,6.9,0.721,2.58,21.5,0.224,0.621,0.439,11.765,11.8,0.562,0.605,1.0,0.965,20.4,102.0,85.0,102.0,0.533,W,1
0022100478,1610612755,Philadelphia,76ers,PHI,sixers,240:00,527.5,105.5,538.5,107.7,-11.0,-2.2,0.606,2.5,16.4,0.229,0.652,0.436,8.791,8.8,0.45,0.525,1.0,0.98,18.2,91.0,75.83,91.0,0.523,L,0
0022100478,1610612737,Atlanta,Hawks,ATL,hawks,240:00,538.5,107.7,527.5,105.5,11.0,2.2,0.541,1.25,15.7,0.348,0.771,0.564,17.582,17.6,0.494,0.542,1.0,0.925,18.2,91.0,75.83,91.0,0.477,W,1
0022100485,1610612744,Golden State,Warriors,GSW,warriors,240:00,582.5,116.5,541.7,108.3,40.8,8.2,0.75,1.58,21.4,0.318,0.667,0.51,19.588,19.6,0.604,0.628,1.0,0.973,19.3,96.5,80.42,97.0,0.57,W,1
0022100485,1610612763,Memphis,Grizzlies,MEM,grizzlies,240:00,541.7,108.3,582.5,116.5,-40.8,-8.2,0.474,1.38,13.6,0.333,0.682,0.49,13.542,13.5,0.467,0.517,1.0,0.991,19.3,96.5,80.42,96.0,0.43,L,0
0022100480,1610612752,New York,Knicks,NYK,knicks,240:00,609.4,121.9,652.6,130.5,-43.3,-8.7,0.405,2.43,13.2,0.308,0.846,0.538,7.292,7.3,0.522,0.567,1.0,0.973,19.1,95.5,79.58,96.0,0.42,L,0
0022100480,1610612764,Washington,Wizards,WAS,wizards,240:00,652.6,130.5,609.4,121.9,43.3,8.7,0.714,2.73,22.9,0.154,0.692,0.462,11.579,11.6,0.667,0.696,1.0,0.99,19.1,95.5,79.58,95.0,0.58,W,1
0022100487,1610612747,Los Angeles,Lakers,LAL,lakers,240:00,523.8,104.8,657.1,131.4,-133.3,-26.7,0.477,1.5,14.6,0.31,0.765,0.523,13.333,13.3,0.495,0.513,1.0,0.984,21.0,105.0,87.5,105.0,0.364,L,0
0022100487,1610612759,San Antonio,Spurs,SAS,spurs,240:00,657.1,131.4,523.8,104.8,133.3,26.7,0.717,5.5,22.0,0.235,0.69,0.477,5.714,5.7,0.579,0.63,1.0,0.983,21.0,105.0,87.5,105.0,0.636,W,1
0022100482,1610612743,Denver,Nuggets,DEN,nuggets,240:00,524.5,104.9,563.7,112.7,-39.2,-7.8,0.575,1.53,16.0,0.328,0.759,0.543,14.706,14.7,0.49,0.517,1.0,0.983,20.4,102.0,85.0,102.0,0.448,L,0
0022100482,1610612766,Charlotte,Hornets,CHA,hornets,240:00,563.7,112.7,524.5,104.9,39.2,7.8,0.718,2.55,19.4,0.241,0.672,0.457,10.784,10.8,0.5,0.55,1.0,0.991,20.4,102.0,85.0,102.0,0.552,W,1
0022100484,1610612762,Utah,Jazz,UTA,jazz,240:00,627.5,125.5,580.0,116.0,47.5,9.5,0.646,2.07,20.8,0.356,0.661,0.525,14.706,14.7,0.622,0.642,1.0,0.975,20.2,101.0,84.17,102.0,0.568,W,1
0022100484,1610612750,Minnesota,Timberwolves,MIN,timberwolves,240:00,580.0,116.0,627.5,125.5,-47.5,-9.5,0.644,2.07,19.6,0.339,0.644,0.475,14.0,14.0,0.53,0.546,1.0,1.0,20.2,101.0,84.17,100.0,0.432,L,0
0022100481,1610612742,Dallas,Mavericks,DAL,mavericks,240:00,494.8,99.0,531.3,106.3,-36.5,-7.3,0.714,2.27,19.1,0.185,0.813,0.48,11.458,11.5,0.477,0.508,1.0,0.981,19.2,96.0,80.0,96.0,0.431,L,0
0022100481,1610612749,Milwaukee,Bucks,MIL,bucks,240:00,531.3,106.3,494.8,99.0,36.5,7.3,0.703,2.17,20.0,0.188,0.815,0.52,12.5,12.5,0.512,0.556,1.0,0.99,19.2,96.0,80.0,96.0,0.569,W,1
0022100479,1610612748,Miami,Heat,MIA,heat,240:00,569.3,113.9,560.0,112.0,9.3,1.9,0.535,1.77,17.3,0.191,0.848,0.516,12.871,12.9,0.557,0.597,1.0,0.982,20.1,100.5,83.75,101.0,0.496,W,1
0022100479,1610612765,Detroit,Pistons,DET,pistons,240:00,560.0,112.0,569.3,113.9,-9.3,-1.9,0.639,1.44,17.7,0.152,0.809,0.484,16.0,16.0,0.563,0.615,1.0,0.991,20.1,100.5,83.75,100.0,0.504,L,0
0022100476,1610612754,Indiana,Pacers,IND,pacers,240:00,641.3,128.3,576.1,115.2,65.2,13.0,0.587,1.8,19.4,0.477,0.708,0.598,16.304,16.3,0.597,0.612,1.0,0.973,18.4,92.0,76.67,92.0,0.584,W,1
0022100476,1610612745,Houston,Rockets,HOU,rockets,240:00,576.1,115.2,641.3,128.3,-65.2,-13.0,0.457,1.23,13.1,0.292,0.523,0.402,14.13,14.1,0.531,0.58,1.0,0.972,18.4,92.0,76.67,92.0,0.416,L,0
0022100477,1610612753,Orlando,Magic,ORL,magic,240:00,547.4,109.5,572.9,114.6,-25.5,-5.1,0.5,2.11,15.0,0.255,0.725,0.49,9.474,9.5,0.483,0.535,1.0,0.981,19.1,95.5,79.58,95.0,0.461,L,0
0022100477,1610612740,New Orleans,Pelicans,NOP,pelicans,240:00,572.9,114.6,547.4,109.5,25.5,5.1,0.568,2.1,16.2,0.275,0.745,0.51,10.417,10.4,0.506,0.564,1.0,0.982,19.1,95.5,79.58,96.0,0.539,W,1
0022100483,1610612756,Phoenix,Suns,PHX,suns,240:00,559.4,111.9,500.0,100.0,59.4,11.9,0.578,1.86,18.7,0.245,0.705,0.5,13.861,13.9,0.565,0.572,1.0,0.982,20.2,101.0,84.17,101.0,0.584,W,1
0022100483,1610612760,Oklahoma City,Thunder,OKC,thunder,240:00,500.0,100.0,559.4,111.9,-59.4,-11.9,0.459,1.31,12.6,0.295,0.755,0.5,12.871,12.9,0.443,0.48,1.0,0.983,20.2,101.0,84.17,101.0,0.416,L,0
0022100473,1610612749,Milwaukee,Bucks,MIL,bucks,240:00,623.8,124.8,524.8,105.0,99.0,19.8,0.556,3.57,17.4,0.322,0.696,0.504,6.931,6.9,0.519,0.561,1.0,0.975,20.2,101.0,84.17,101.0,0.573,W,1
0022100473,1610612745,Houston,Rockets,HOU,rockets,240:00,524.8,105.0,623.8,124.8,-99.0,-19.8,0.639,1.53,16.4,0.304,0.678,0.496,14.851,14.9,0.494,0.532,1.0,0.974,20.2,101.0,84.17,101.0,0.427,L,0
0022100475,1610612758,Sacramento,Kings,SAC,kings,240:00,463.5,92.7,546.9,109.4,-83.3,-16.7,0.706,1.26,18.0,0.245,0.805,0.489,19.792,19.8,0.471,0.493,1.0,0.954,19.2,96.0,80.0,96.0,0.387,L,0
0022100475,1610612746,LA,Clippers,LAC,clippers,240:00,546.9,109.4,463.5,92.7,83.3,16.7,0.619,2.0,20.2,0.195,0.755,0.511,13.542,13.5,0.555,0.59,1.0,0.981,19.2,96.0,80.0,96.0,0.613,W,1
0022100471,1610612738,Boston,Celtics,BOS,celtics,240:00,555.0,111.0,500.0,100.0,55.0,11.0,0.558,1.85,17.5,0.269,0.667,0.477,13.0,13.0,0.527,0.555,1.0,0.991,20.1,100.5,83.75,100.0,0.553,W,1
0022100471,1610612739,Cleveland,Cavaliers,CLE,cavaliers,240:00,500.0,100.0,555.0,111.0,-55.0,-11.0,0.472,1.06,12.5,0.333,0.731,0.523,15.842,15.8,0.44,0.492,1.0,0.975,20.1,100.5,83.75,101.0,0.447,L,0
0022100470,1610612737,Atlanta,Hawks,ATL,hawks,240:00,515.8,103.2,553.2,110.6,-37.4,-7.5,0.656,1.5,16.0,0.3,0.776,0.535,14.737,14.7,0.475,0.528,1.0,0.982,18.9,94.5,78.75,95.0,0.466,L,0
0022100470,1610612753,Orlando,Magic,ORL,magic,240:00,553.2,110.6,515.8,103.2,37.4,7.5,0.711,2.7,20.5,0.224,0.7,0.465,10.638,10.6,0.512,0.547,1.0,0.99,18.9,94.5,78.75,94.0,0.534,W,1
0022100474,1610612760,Oklahoma City,Thunder,OKC,thunder,240:00,540.0,108.0,474.7,94.9,65.3,13.1,0.524,2.0,15.9,0.302,0.857,0.587,11.0,11.0,0.489,0.528,1.0,0.974,19.9,99.5,82.92,100.0,0.588,W,1
0022100474,1610612743,Denver,Nuggets,DEN,nuggets,240:00,474.7,94.9,540.0,108.0,-65.3,-13.1,0.636,1.91,16.4,0.143,0.698,0.413,11.111,11.1,0.47,0.492,1.0,0.991,19.9,99.5,82.92,99.0,0.412,L,0
0022100469,1610612747,Los Angeles,Lakers,LAL,lakers,240:00,428.6,85.7,514.3,102.9,-85.7,-17.1,0.412,0.93,10.9,0.161,0.811,0.477,14.286,14.3,0.431,0.463,1.0,0.974,21.0,105.0,87.5,105.0,0.365,L,0
0022100469,1610612756,Phoenix,Suns,PHX,suns,240:00,514.3,102.9,428.6,85.7,85.7,17.1,0.707,1.81,20.1,0.189,0.839,0.523,15.238,15.2,0.505,0.542,1.0,0.983,21.0,105.0,87.5,105.0,0.635,W,1
0022100466,1610612752,New York,Knicks,NYK,knicks,240:00,535.7,107.1,459.6,91.9,76.1,15.2,0.55,1.69,16.3,0.283,0.677,0.496,13.265,13.3,0.506,0.534,1.0,0.982,19.7,98.5,82.08,98.0,0.57,W,1
0022100466,1610612765,Detroit,Pistons,DET,pistons,240:00,459.6,91.9,535.7,107.1,-76.1,-15.2,0.647,1.57,15.7,0.323,0.717,0.504,14.141,14.1,0.404,0.445,1.0,0.966,19.7,98.5,82.08,99.0,0.43,L,0
0022100467,1610612740,New Orleans,Pelicans,NOP,pelicans,240:00,609.9,122.0,521.5,104.3,88.4,17.7,0.643,1.69,20.8,0.308,0.809,0.581,17.582,17.6,0.6,0.631,1.0,0.99,18.4,92.0,76.67,91.0,0.574,W,1
0022100467,1610612757,Portland,Trail Blazers,POR,blazers,240:00,521.5,104.3,609.9,122.0,-88.4,-17.7,0.514,1.64,15.0,0.191,0.692,0.419,11.828,11.8,0.532,0.562,1.0,0.951,18.4,92.0,76.67,93.0,0.426,L,0
0022100468,1610612742,Dallas,Mavericks,DAL,mavericks,240:00,600.0,120.0,542.6,108.5,57.4,11.5,0.714,2.73,21.4,0.319,0.8,0.554,11.579,11.6,0.552,0.593,1.0,0.964,18.9,94.5,78.75,95.0,0.577,W,1
0022100468,1610612750,Minnesota,Timberwolves,MIN,timberwolves,240:00,542.6,108.5,600.0,120.0,-57.4,-11.5,0.722,1.53,20.2,0.2,0.681,0.446,18.085,18.1,0.538,0.581,1.0,1.0,18.9,94.5,78.75,94.0,0.423,L,0
0022100465,1610612748,Miami,Heat,MIA,heat,240:00,651.0,130.2,505.3,101.1,145.8,29.2,0.638,2.73,20.8,0.36,0.696,0.538,11.458,11.5,0.611,0.626,1.0,0.974,19.1,95.5,79.58,96.0,0.624,W,1
0022100465,1610612754,Indiana,Pacers,IND,pacers,240:00,505.3,101.1,651.0,130.2,-145.8,-29.2,0.71,1.83,16.4,0.304,0.64,0.462,12.632,12.6,0.42,0.483,1.0,0.982,19.1,95.5,79.58,95.0,0.376,L,0
0022100457,1610612738,Boston,Celtics,BOS,celtics,240:00,509.9,102.0,545.5,109.1,-35.6,-7.1,0.421,0.89,12.2,0.304,0.889,0.561,17.822,17.8,0.506,0.554,1.0,0.974,20.0,100.0,83.33,101.0,0.449,L,0
0022100457,1610612755,Philadelphia,76ers,PHI,sixers,240:00,545.5,109.1,509.9,102.0,35.6,7.1,0.556,1.18,16.3,0.111,0.696,0.439,17.172,17.2,0.569,0.631,1.0,0.981,20.0,100.0,83.33,99.0,0.551,W,1
0022100462,1610612744,Golden State,Warriors,GSW,warriors,240:00,576.5,115.3,500.0,100.0,76.5,15.3,0.609,1.75,20.4,0.256,0.694,0.489,16.327,16.3,0.608,0.614,1.0,0.982,19.6,98.0,81.67,98.0,0.575,W,1
0022100462,1610612758,Sacramento,Kings,SAC,kings,240:00,500.0,100.0,576.5,115.3,-76.5,-15.3,0.622,1.1,16.9,0.306,0.744,0.511,21.429,21.4,0.524,0.544,1.0,0.965,19.6,98.0,81.67,98.0,0.425,L,0
0022100463,1610612746,LA,Clippers,LAC,clippers,240:00,455.4,91.1,568.6,113.7,-113.2,-22.6,0.529,1.2,13.8,0.2,0.554,0.392,14.851,14.9,0.443,0.48,1.0,0.982,20.3,101.5,84.58,101.0,0.358,L,0
0022100463,1610612759,San Antonio,Spurs,SAS,spurs,240:00,568.6,113.7,455.4,91.1,113.2,22.6,0.74,3.08,22.0,0.446,0.8,0.608,11.765,11.8,0.491,0.497,1.0,0.969,20.3,101.5,84.58,102.0,0.642,W,1
0022100461,1610612762,Utah,Jazz,UTA,jazz,240:00,528.3,105.7,481.1,96.2,47.2,9.4,0.618,1.24,13.8,0.368,0.774,0.562,16.038,16.0,0.438,0.499,1.0,0.985,21.2,106.0,88.33,106.0,0.532,W,1
0022100461,1610612766,Charlotte,Hornets,CHA,hornets,240:00,481.1,96.2,528.3,105.7,-47.2,-9.4,0.692,2.08,18.4,0.226,0.632,0.438,12.264,12.3,0.46,0.486,1.0,0.983,21.2,106.0,88.33,106.0,0.468,L,0
0022100460,1610612763,Memphis,Grizzlies,MEM,grizzlies,240:00,495.0,99.0,510.0,102.0,-15.0,-3.0,0.615,2.0,16.7,0.328,0.731,0.509,12.0,12.0,0.441,0.464,1.0,0.983,20.0,100.0,83.33,100.0,0.46,L,0
0022100460,1610612760,Oklahoma City,Thunder,OKC,thunder,240:00,510.0,102.0,495.0,99.0,15.0,3.0,0.667,1.71,17.4,0.269,0.672,0.491,14.0,14.0,0.494,0.529,1.0,0.974,20.0,100.0,83.33,100.0,0.54,W,1
0022100459,1610612741,Chicago,Bulls,CHI,bulls,240:00,707.4,141.5,627.7,125.5,79.8,16.0,0.702,4.13,23.6,0.333,0.73,0.519,8.511,8.5,0.625,0.675,1.0,0.991,18.8,94.0,78.33,94.0,0.542,W,1
0022100459,1610612745,Houston,Rockets,HOU,rockets,240:00,627.7,125.5,707.4,141.5,-79.8,-16.0,0.614,1.93,20.6,0.27,0.667,0.481,14.894,14.9,0.641,0.666,1.0,0.99,18.8,94.0,78.33,94.0,0.458,L,0
0022100448,1610612741,Chicago,Bulls,CHI,bulls,240:00,569.3,113.9,544.6,108.9,24.8,5.0,0.5,2.0,14.6,0.293,0.714,0.47,9.901,9.9,0.484,0.539,1.0,0.991,20.2,101.0,84.17,101.0,0.505,W,1
0022100448,1610612747,Los Angeles,Lakers,LAL,lakers,240:00,544.6,108.9,569.3,113.9,-24.8,-5.0,0.595,1.25,18.1,0.286,0.707,0.53,19.802,19.8,0.585,0.6,1.0,0.982,20.2,101.0,84.17,101.0,0.495,L,0
0022100451,1610612758,Sacramento,Kings,SAC,kings,240:00,623.7,124.7,587.6,117.5,36.1,7.2,0.5,1.92,17.2,0.326,0.652,0.489,12.371,12.4,0.582,0.612,1.0,0.982,19.4,97.0,80.83,97.0,0.497,W,1
0022100451,1610612759,San Antonio,Spurs,SAS,spurs,240:00,587.6,117.5,623.7,124.7,-36.1,-7.2,0.533,1.71,17.5,0.348,0.674,0.511,14.433,14.4,0.56,0.589,1.0,0.982,19.4,97.0,80.83,97.0,0.503,L,0
0022100455,1610612750,Minnesota,Timberwolves,MIN,timberwolves,240:00,590.4,118.1,570.7,114.1,19.8,4.0,0.722,2.89,20.3,0.196,0.766,0.484,9.574,9.6,0.565,0.612,1.0,0.971,18.6,93.0,77.5,94.0,0.521,W,1
0022100455,1610612742,Dallas,Mavericks,DAL,mavericks,240:00,570.7,114.1,590.4,118.1,-19.8,-4.0,0.75,2.25,20.8,0.234,0.804,0.516,13.043,13.0,0.512,0.573,1.0,0.981,18.6,93.0,77.5,92.0,0.479,L,0
0022100456,1610612756,Phoenix,Suns,PHX,suns,240:00,640.2,128.0,490.7,98.1,149.4,29.9,0.648,1.94,22.7,0.286,0.731,0.56,16.822,16.8,0.674,0.68,1.0,0.983,21.5,107.5,89.58,107.0,0.612,W,1
0022100456,1610612766,Charlotte,Hornets,CHA,hornets,240:00,490.7,98.1,640.2,128.0,-149.4,-29.9,0.722,2.89,17.2,0.269,0.714,0.44,8.333,8.3,0.41,0.472,1.0,0.984,21.5,107.5,89.58,108.0,0.388,L,0
0022100450,1610612763,Memphis,Grizzlies,MEM,grizzlies,240:00,520.8,104.2,558.5,111.7,-37.7,-7.5,0.629,2.75,16.4,0.288,0.625,0.424,8.333,8.3,0.434,0.49,1.0,0.982,19.0,95.0,79.17,96.0,0.453,L,0
0022100450,1610612757,Portland,Trail Blazers,POR,blazers,240:00,558.5,111.7,520.8,104.2,37.7,7.5,0.486,0.68,13.5,0.375,0.712,0.576,26.596,26.6,0.547,0.608,1.0,0.954,19.0,95.0,79.17,94.0,0.547,W,1
0022100449,1610612765,Detroit,Pistons,DET,pistons,240:00,526.3,105.3,473.7,94.7,52.6,10.5,0.686,1.6,18.8,0.205,0.824,0.537,15.789,15.8,0.52,0.567,1.0,0.962,19.0,95.0,79.17,95.0,0.596,W,1
0022100449,1610612748,Miami,Heat,MIA,heat,240:00,473.7,94.7,526.3,105.3,-52.6,-10.5,0.821,1.77,18.3,0.176,0.795,0.463,13.684,13.7,0.466,0.508,1.0,0.99,19.0,95.0,79.17,95.0,0.404,L,0
0022100447,1610612762,Utah,Jazz,UTA,jazz,240:00,509.9,102.0,545.0,109.0,-35.1,-7.0,0.486,1.06,13.4,0.22,0.778,0.51,15.842,15.8,0.519,0.547,1.0,0.982,20.1,100.5,83.75,101.0,0.429,L,0
0022100447,1610612764,Washington,Wizards,WAS,wizards,240:00,545.0,109.0,509.9,102.0,35.1,7.0,0.643,3.0,19.4,0.222,0.78,0.49,9.0,9.0,0.495,0.53,1.0,0.991,20.1,100.5,83.75,100.0,0.571,W,1
0022100445,1610612738,Boston,Celtics,BOS,celtics,240:00,587.6,117.5,545.9,109.2,41.7,8.3,0.548,1.77,17.3,0.271,0.787,0.526,13.402,13.4,0.567,0.591,1.0,0.982,19.5,97.5,81.25,97.0,0.531,W,1
0022100445,1610612752,New York,Knicks,NYK,knicks,240:00,545.9,109.2,587.6,117.5,-41.7,-8.3,0.514,1.29,14.3,0.213,0.729,0.474,14.286,14.3,0.519,0.574,1.0,0.972,19.5,97.5,81.25,98.0,0.469,L,0
0022100446,1610612749,Milwaukee,Bucks,MIL,bucks,240:00,459.2,91.8,607.1,121.4,-148.0,-29.6,0.514,1.06,13.7,0.273,0.696,0.465,17.347,17.3,0.461,0.48,1.0,0.982,19.6,98.0,81.67,98.0,0.33,L,0
0022100446,1610612739,Cleveland,Cavaliers,CLE,cavaliers,240:00,607.1,121.4,459.2,91.8,148.0,29.6,0.8,2.4,24.3,0.304,0.727,0.535,15.306,15.3,0.589,0.619,1.0,0.964,19.6,98.0,81.67,98.0,0.67,W,1
0022100442,1610612751,Brooklyn,Nets,BKN,nets,240:00,460.4,92.1,490.2,98.0,-29.8,-6.0,0.615,1.5,16.4,0.349,0.673,0.5,15.842,15.8,0.426,0.441,1.0,0.984,20.3,101.5,84.58,101.0,0.472,L,0
0022100442,1610612753,Orlando,Magic,ORL,magic,240:00,490.2,98.0,460.4,92.1,29.8,6.0,0.513,1.25,14.5,0.327,0.651,0.5,15.686,15.7,0.468,0.501,1.0,0.983,20.3,101.5,84.58,102.0,0.528,W,1
0022100444,1610612760,Oklahoma City,Thunder,OKC,thunder,240:00,541.7,108.3,536.5,107.3,5.2,1.0,0.535,1.44,16.8,0.353,0.796,0.57,16.667,16.7,0.533,0.539,1.0,0.974,19.2,96.0,80.0,96.0,0.491,W,1
0022100444,1610612746,LA,Clippers,LAC,clippers,240:00,536.5,107.3,541.7,108.3,-5.2,-1.0,0.703,2.0,19.7,0.204,0.647,0.43,13.542,13.5,0.542,0.564,1.0,0.972,19.2,96.0,80.0,96.0,0.509,L,0
0022100441,1610612765,Detroit,Pistons,DET,pistons,240:00,514.4,102.9,552.4,110.5,-38.0,-7.6,0.674,1.38,19.2,0.34,0.66,0.49,20.192,20.2,0.516,0.535,1.0,0.984,20.9,104.5,87.08,104.0,0.426,L,0
0022100441,1610612745,Houston,Rockets,HOU,rockets,240:00,552.4,110.5,514.4,102.9,38.0,7.6,0.587,1.42,18.2,0.34,0.66,0.51,18.095,18.1,0.57,0.577,1.0,0.992,20.9,104.5,87.08,105.0,0.574,W,1
0022100443,1610612761,Toronto,Raptors,TOR,raptors,240:00,626.3,125.3,520.8,104.2,105.5,21.1,0.578,2.36,19.1,0.294,0.66,0.469,11.579,11.6,0.578,0.594,1.0,0.982,19.1,95.5,79.58,95.0,0.56,W,1
0022100443,1610612744,Golden State,Warriors,GSW,warriors,240:00,520.8,104.2,626.3,125.3,-105.5,-21.1,0.703,1.3,18.8,0.34,0.706,0.531,20.833,20.8,0.538,0.567,1.0,0.973,19.1,95.5,79.58,96.0,0.44,L,0
0022100437,1610612762,Utah,Jazz,UTA,jazz,240:00,605.8,121.2,615.4,123.1,-9.6,-1.9,0.565,2.0,17.8,0.327,0.75,0.545,12.5,12.5,0.565,0.603,1.0,0.975,20.8,104.0,86.67,104.0,0.496,L,0
0022100437,1610612759,San Antonio,Spurs,SAS,spurs,240:00,615.4,123.1,605.8,121.2,9.6,1.9,0.54,3.86,18.9,0.25,0.673,0.455,6.731,6.7,0.575,0.593,1.0,0.991,20.8,104.0,86.67,104.0,0.504,W,1
0022100434,1610612737,Atlanta,Hawks,ATL,hawks,240:00,542.5,108.5,621.5,124.3,-79.0,-15.8,0.537,1.47,15.5,0.28,0.811,0.506,14.151,14.2,0.506,0.558,1.0,0.992,21.3,106.5,88.75,106.0,0.391,L,0
0022100434,1610612743,Denver,Nuggets,DEN,nuggets,240:00,621.5,124.3,542.5,108.5,79.0,15.8,0.7,2.06,23.5,0.189,0.72,0.494,15.888,15.9,0.68,0.708,1.0,0.947,21.3,106.5,88.75,107.0,0.609,W,1
0022100436,1610612750,Minnesota,Timberwolves,MIN,timberwolves,240:00,514.0,102.8,429.9,86.0,84.1,16.8,0.561,1.53,15.5,0.295,0.925,0.588,14.019,14.0,0.48,0.507,1.0,0.984,21.4,107.0,89.17,107.0,0.596,W,1
0022100436,1610612747,Los Angeles,Lakers,LAL,lakers,240:00,429.9,86.0,514.0,102.8,-84.1,-16.8,0.867,1.44,19.0,0.075,0.705,0.412,16.822,16.8,0.462,0.507,1.0,0.982,21.4,107.0,89.17,107.0,0.404,L,0
0022100435,1610612738,Boston,Celtics,BOS,celtics,240:00,545.9,109.2,578.1,115.6,-32.2,-6.4,0.556,1.25,14.9,0.327,0.679,0.505,16.327,16.3,0.53,0.565,1.0,0.974,19.4,97.0,80.83,98.0,0.462,L,0
0022100435,1610612744,Golden State,Warriors,GSW,warriors,240:00,578.1,115.6,545.9,109.2,32.2,6.4,0.692,1.93,19.3,0.321,0.673,0.495,14.583,14.6,0.522,0.559,1.0,0.982,19.4,97.0,80.83,96.0,0.538,W,1
0022100439,1610612757,Portland,Trail Blazers,POR,blazers,240:00,625.0,125.0,585.9,117.2,39.1,7.8,0.614,1.59,19.3,0.333,0.7,0.533,17.0,17.0,0.641,0.673,1.0,0.965,19.9,99.5,82.92,100.0,0.532,W,1
0022100439,1610612766,Charlotte,Hornets,CHA,hornets,240:00,585.9,117.2,625.0,125.0,-39.1,-7.8,0.659,2.23,20.4,0.3,0.667,0.467,13.131,13.1,0.549,0.58,1.0,1.0,19.9,99.5,82.92,99.0,0.468,L,0
0022100440,1610612758,Sacramento,Kings,SAC,kings,240:00,495.3,99.1,590.5,118.1,-95.2,-19.0,0.583,1.17,15.0,0.273,0.673,0.473,16.981,17.0,0.483,0.528,1.0,0.992,21.1,105.5,87.92,106.0,0.407,L,0
0022100440,1610612763,Memphis,Grizzlies,MEM,grizzlies,240:00,590.5,118.1,495.3,99.1,95.2,19.0,0.556,1.92,17.0,0.327,0.727,0.527,12.381,12.4,0.531,0.569,1.0,0.984,21.1,105.5,87.92,105.0,0.593,W,1
0022100438,1610612740,New Orleans,Pelicans,NOP,pelicans,265:00,532.1,106.4,523.4,104.7,8.7,1.7,0.81,1.7,21.5,0.308,0.767,0.554,18.349,18.3,0.545,0.568,1.0,0.976,19.56,97.81,81.51,109.0,0.58,W,1
0022100438,1610612749,Milwaukee,Bucks,MIL,bucks,265:00,523.4,104.7,532.1,106.4,-8.7,-1.7,0.356,1.23,11.7,0.233,0.692,0.446,12.15,12.1,0.5,0.517,1.0,0.992,19.56,97.81,81.51,107.0,0.42,L,0
0022100433,1610612753,Orlando,Magic,ORL,magic,240:00,558.5,111.7,625.0,125.0,-66.5,-13.3,0.535,2.09,17.7,0.283,0.659,0.467,11.702,11.7,0.545,0.562,1.0,0.972,18.6,93.0,77.5,94.0,0.462,L,0
0022100433,1610612748,Miami,Heat,MIA,heat,240:00,625.0,125.0,558.5,111.7,66.5,13.3,0.61,1.47,18.9,0.341,0.717,0.533,18.478,18.5,0.616,0.636,1.0,0.981,18.6,93.0,77.5,92.0,0.538,W,1
0022100429,1610612751,Brooklyn,Nets,BKN,nets,240:00,581.6,116.3,525.0,105.0,56.6,11.3,0.477,1.4,16.2,0.239,0.824,0.546,15.306,15.3,0.556,0.594,1.0,0.991,19.8,99.0,82.5,98.0,0.551,W,1
0022100429,1610612755,Philadelphia,76ers,PHI,sixers,240:00,525.0,105.0,581.6,116.3,-56.6,-11.3,0.487,2.11,15.1,0.176,0.761,0.454,9.0,9.0,0.494,0.537,1.0,0.991,19.8,99.0,82.5,100.0,0.449,L,0
0022100431,1610612745,Houston,Rockets,HOU,rockets,240:00,572.2,114.4,644.4,128.9,-72.2,-14.4,0.853,1.53,22.5,0.306,0.609,0.476,21.111,21.1,0.581,0.634,1.0,0.97,18.0,90.0,75.0,90.0,0.45,L,0
0022100431,1610612752,New York,Knicks,NYK,knicks,240:00,644.4,128.9,572.2,114.4,72.2,14.4,0.641,2.08,18.8,0.391,0.694,0.524,13.333,13.3,0.572,0.617,1.0,0.972,18.0,90.0,75.0,90.0,0.55,W,1
0022100432,1610612756,Phoenix,Suns,PHX,suns,240:00,590.0,118.0,485.1,97.0,104.9,21.0,0.595,1.25,18.5,0.263,0.844,0.578,20.0,20.0,0.589,0.652,1.0,0.982,20.1,100.5,83.75,100.0,0.603,W,1
0022100432,1610612764,Washington,Wizards,WAS,wizards,240:00,485.1,97.0,590.0,118.0,-104.9,-21.0,0.55,1.38,16.9,0.156,0.737,0.422,15.842,15.8,0.524,0.542,1.0,0.972,20.1,100.5,83.75,101.0,0.397,L,0
0022100428,1610612754,Indiana,Pacers,IND,pacers,240:00,604.0,120.8,565.0,113.0,39.0,7.8,0.578,2.89,18.8,0.277,0.837,0.544,8.911,8.9,0.533,0.59,1.0,0.982,20.1,100.5,83.75,101.0,0.549,W,1
0022100428,1610612765,Detroit,Pistons,DET,pistons,240:00,565.0,113.0,604.0,120.8,-39.0,-7.8,0.5,1.67,15.7,0.163,0.723,0.456,12.0,12.0,0.537,0.6,1.0,0.991,20.1,100.5,83.75,100.0,0.451,L,0
0022100422,1610612760,Oklahoma City,Thunder,OKC,thunder,240:00,561.2,112.2,570.7,114.1,-9.5,-1.9,0.564,2.75,16.8,0.222,0.761,0.47,8.163,8.2,0.489,0.543,1.0,1.0,19.7,98.5,82.08,98.0,0.473,L,0
0022100422,1610612740,New Orleans,Pelicans,NOP,pelicans,240:00,570.7,114.1,561.2,112.2,9.5,1.9,0.59,1.92,17.4,0.239,0.778,0.53,12.121,12.1,0.556,0.59,1.0,0.982,19.7,98.5,82.08,99.0,0.527,W,1
0022100425,1610612762,Utah,Jazz,UTA,jazz,240:00,613.9,122.8,515.0,103.0,98.9,19.8,0.553,2.6,19.1,0.2,0.787,0.5,9.901,9.9,0.612,0.634,1.0,0.964,20.1,100.5,83.75,101.0,0.605,W,1
0022100425,1610612746,LA,Clippers,LAC,clippers,240:00,515.0,103.0,613.9,122.8,-98.9,-19.8,0.6,1.5,17.9,0.213,0.8,0.5,16.0,16.0,0.529,0.549,1.0,0.991,20.1,100.5,83.75,100.0,0.395,L,0
0022100426,1610612757,Portland,Trail Blazers,POR,blazers,240:00,509.9,102.0,559.4,111.9,-49.5,-9.9,0.581,1.2,14.1,0.173,0.729,0.44,14.851,14.9,0.47,0.546,1.0,0.964,20.2,101.0,84.17,101.0,0.422,L,0
0022100426,1610612763,Memphis,Grizzlies,MEM,grizzlies,240:00,559.4,111.9,509.9,102.0,49.5,9.9,0.564,1.38,16.3,0.271,0.827,0.56,15.842,15.8,0.543,0.593,1.0,0.982,20.2,101.0,84.17,101.0,0.578,W,1
0022100418,1610612753,Orlando,Magic,ORL,magic,240:00,500.0,100.0,555.0,111.0,-55.0,-11.0,0.714,1.47,17.6,0.316,0.837,0.54,17.172,17.2,0.444,0.499,1.0,0.983,19.9,99.5,82.92,99.0,0.405,L,0
0022100418,1610612737,Atlanta,Hawks,ATL,hawks,240:00,555.0,111.0,500.0,100.0,55.0,11.0,0.595,1.92,18.9,0.163,0.684,0.46,13.0,13.0,0.559,0.603,1.0,0.972,19.9,99.5,82.92,100.0,0.595,W,1
0022100420,1610612742,Dallas,Mavericks,DAL,mavericks,265:00,486.0,97.2,514.4,102.9,-28.4,-5.7,0.564,2.0,15.4,0.246,0.87,0.539,10.28,10.3,0.459,0.493,1.0,0.967,19.11,95.55,79.62,107.0,0.471,L,0
0022100420,1610612747,Los Angeles,Lakers,LAL,lakers,265:00,514.4,102.9,486.0,97.2,28.4,5.7,0.615,1.71,17.8,0.13,0.754,0.461,13.462,13.5,0.517,0.546,1.0,1.0,19.11,95.55,79.62,104.0,0.529,W,1
0022100419,1610612755,Philadelphia,76ers,PHI,sixers,240:00,527.5,105.5,554.9,111.0,-27.5,-5.5,0.743,2.36,21.1,0.152,0.689,0.418,12.088,12.1,0.519,0.555,1.0,0.99,18.2,91.0,75.83,91.0,0.501,L,0
0022100419,1610612748,Miami,Heat,MIA,heat,240:00,554.9,111.0,527.5,105.5,27.5,5.5,0.714,1.39,19.5,0.311,0.848,0.582,19.78,19.8,0.564,0.591,1.0,0.981,18.2,91.0,75.83,91.0,0.499,W,1
0022100417,1610612739,Cleveland,Cavaliers,CLE,cavaliers,240:00,639.2,127.8,463.5,92.7,175.6,35.1,0.578,1.53,19.7,0.22,0.704,0.495,17.526,17.5,0.675,0.685,1.0,0.972,19.3,96.5,80.42,97.0,0.648,W,1
0022100417,1610612745,Houston,Rockets,HOU,rockets,240:00,463.5,92.7,639.2,127.8,-175.6,-35.1,0.667,1.18,15.2,0.296,0.78,0.505,17.708,17.7,0.417,0.476,1.0,0.982,19.3,96.5,80.42,96.0,0.352,L,0
0022100424,1610612743,Denver,Nuggets,DEN,nuggets,240:00,535.0,107.0,620.0,124.0,-85.0,-17.0,0.868,1.83,22.4,0.292,0.8,0.538,18.0,18.0,0.536,0.568,1.0,0.974,20.0,100.0,83.33,100.0,0.466,L,0
0022100424,1610612750,Minnesota,Timberwolves,MIN,timberwolves,240:00,620.0,124.0,535.0,107.0,85.0,17.0,0.533,2.0,18.0,0.2,0.708,0.462,12.0,12.0,0.642,0.652,1.0,0.972,20.0,100.0,83.33,100.0,0.534,W,1
0022100427,1610612758,Sacramento,Kings,SAC,kings,240:00,607.1,121.4,525.0,105.0,82.1,16.4,0.556,2.27,19.2,0.171,0.75,0.483,11.224,11.2,0.598,0.628,1.0,1.0,19.8,99.0,82.5,98.0,0.571,W,1
0022100427,1610612764,Washington,Wizards,WAS,wizards,240:00,525.0,105.0,607.1,121.4,-82.1,-16.4,0.476,1.82,15.3,0.25,0.829,0.517,11.0,11.0,0.5,0.534,1.0,0.964,19.8,99.0,82.5,100.0,0.429,L,0
0022100421,1610612749,Milwaukee,Bucks,MIL,bucks,240:00,600.0,120.0,510.3,102.1,89.7,17.9,0.568,2.78,19.1,0.229,0.689,0.452,9.474,9.5,0.567,0.59,1.0,0.991,19.2,96.0,80.0,95.0,0.556,W,1
0022100421,1610612754,Indiana,Pacers,IND,pacers,240:00,510.3,102.1,600.0,120.0,-89.7,-17.9,0.615,1.26,18.0,0.311,0.771,0.548,19.588,19.6,0.536,0.564,1.0,0.972,19.2,96.0,80.0,97.0,0.444,L,0
0022100423,1610612759,San Antonio,Spurs,SAS,spurs,240:00,586.7,117.3,668.4,133.7,-81.6,-16.3,0.692,3.38,19.7,0.235,0.73,0.443,8.163,8.2,0.5,0.569,1.0,0.991,19.6,98.0,81.67,98.0,0.428,L,0
0022100423,1610612766,Charlotte,Hornets,CHA,hornets,240:00,668.4,133.7,586.7,117.3,81.6,16.3,0.667,2.62,24.1,0.27,0.765,0.557,13.265,13.3,0.698,0.704,1.0,0.972,19.6,98.0,81.67,98.0,0.572,W,1
0022100416,1610612757,Portland,Trail Blazers,POR,blazers,265:00,509.5,101.9,528.6,105.7,-19.0,-3.8,0.575,1.64,16.2,0.254,0.755,0.481,13.333,13.3,0.484,0.506,1.0,0.992,19.02,95.09,79.25,105.0,0.451,L,0
0022100416,1610612756,Phoenix,Suns,PHX,suns,265:00,528.6,105.7,509.5,101.9,19.0,3.8,0.682,2.14,20.5,0.245,0.746,0.519,13.333,13.3,0.532,0.557,1.0,0.983,19.02,95.09,79.25,105.0,0.549,W,1
0022100414,1610612752,New York,Knicks,NYK,knicks,240:00,521.7,104.3,570.7,114.1,-48.9,-9.8,0.6,2.0,14.9,0.2,0.756,0.45,9.783,9.8,0.458,0.518,1.0,0.971,18.4,92.0,76.67,92.0,0.412,L,0
0022100414,1610612744,Golden State,Warriors,GSW,warriors,240:00,570.7,114.1,521.7,104.3,48.9,9.8,0.8,2.33,21.4,0.244,0.8,0.55,13.043,13.0,0.552,0.591,1.0,0.981,18.4,92.0,76.67,92.0,0.588,W,1
0022100413,1610612751,Brooklyn,Nets,BKN,nets,265:00,606.5,121.3,586.4,117.3,20.1,4.0,0.56,1.56,17.5,0.429,0.7,0.569,16.667,16.7,0.553,0.579,1.0,0.977,19.74,98.72,82.26,108.0,0.539,W,1
0022100413,1610612761,Toronto,Raptors,TOR,raptors,265:00,586.4,117.3,606.5,121.3,-20.1,-4.0,0.542,2.17,17.0,0.3,0.571,0.431,10.909,10.9,0.543,0.569,1.0,0.984,19.74,98.72,82.26,110.0,0.461,L,0
0022100409,1610612763,Memphis,Grizzlies,MEM,grizzlies,240:00,636.4,127.3,455.0,91.0,181.4,36.3,0.617,2.64,20.7,0.261,0.824,0.557,11.111,11.1,0.607,0.636,1.0,0.973,19.9,99.5,82.92,99.0,0.653,W,1
0022100409,1610612755,Philadelphia,76ers,PHI,sixers,240:00,455.0,91.0,636.4,127.3,-181.4,-36.3,0.595,1.47,16.9,0.176,0.739,0.443,15.0,15.0,0.47,0.498,1.0,0.981,19.9,99.5,82.92,100.0,0.347,L,0
0022100405,1610612754,Indiana,Pacers,IND,pacers,240:00,520.8,104.2,536.8,107.4,-16.0,-3.2,0.457,1.6,12.6,0.286,0.711,0.475,10.417,10.4,0.443,0.497,1.0,0.982,19.1,95.5,79.58,96.0,0.474,L,0
0022100405,1610612744,Golden State,Warriors,GSW,warriors,240:00,536.8,107.4,520.8,104.2,16.0,3.2,0.5,1.17,16.3,0.289,0.714,0.525,18.947,18.9,0.548,0.566,1.0,0.981,19.1,95.5,79.58,95.0,0.526,W,1
0022100406,1610612761,Toronto,Raptors,TOR,raptors,240:00,620.0,124.0,500.0,100.0,120.0,24.0,0.528,2.8,19.9,0.271,0.656,0.486,10.0,10.0,0.597,0.605,1.0,0.973,20.1,100.5,83.75,100.0,0.631,W,1
0022100406,1610612758,Sacramento,Kings,SAC,kings,240:00,500.0,100.0,620.0,124.0,-120.0,-24.0,0.553,1.24,14.7,0.344,0.729,0.514,16.832,16.8,0.463,0.489,1.0,0.975,20.1,100.5,83.75,101.0,0.369,L,0
0022100412,1610612746,LA,Clippers,LAC,clippers,240:00,572.2,114.4,489.7,97.9,82.5,16.5,0.558,1.41,18.3,0.263,0.656,0.505,17.526,17.5,0.609,0.63,1.0,0.972,19.4,97.0,80.83,97.0,0.615,W,1
0022100412,1610612756,Phoenix,Suns,PHX,suns,240:00,489.7,97.9,572.2,114.4,-82.5,-16.5,0.611,2.0,15.7,0.344,0.737,0.495,11.34,11.3,0.411,0.455,1.0,0.975,19.4,97.0,80.83,97.0,0.385,L,0
0022100410,1610612742,Dallas,Mavericks,DAL,mavericks,240:00,705.9,141.2,564.7,112.9,141.2,28.2,0.651,2.15,21.2,0.475,0.617,0.56,15.294,15.3,0.633,0.663,1.0,0.952,17.0,85.0,70.83,85.0,0.651,W,1
0022100410,1610612766,Charlotte,Hornets,CHA,hornets,240:00,564.7,112.9,705.9,141.2,-141.2,-28.2,0.647,2.2,17.1,0.383,0.525,0.44,11.765,11.8,0.471,0.497,1.0,0.972,17.0,85.0,70.83,85.0,0.349,L,0
0022100404,1610612739,Cleveland,Cavaliers,CLE,cavaliers,240:00,558.5,111.7,510.9,102.2,47.6,9.5,0.667,1.71,18.6,0.267,0.735,0.511,14.894,14.9,0.543,0.59,1.0,0.952,18.6,93.0,77.5,94.0,0.557,W,1
0022100404,1610612748,Miami,Heat,MIA,heat,240:00,510.9,102.2,558.5,111.7,-47.6,-9.5,0.684,1.63,19.8,0.265,0.733,0.489,17.391,17.4,0.524,0.528,1.0,0.981,18.6,93.0,77.5,92.0,0.443,L,0
0022100411,1610612743,Denver,Nuggets,DEN,nuggets,240:00,559.4,111.9,535.0,107.0,24.4,4.9,0.703,2.0,19.4,0.159,0.849,0.536,12.871,12.9,0.532,0.604,1.0,0.972,20.1,100.5,83.75,101.0,0.575,W,1
0022100411,1610612764,Washington,Wizards,WAS,wizards,240:00,535.0,107.0,559.4,111.9,-24.4,-4.9,0.61,2.5,18.8,0.151,0.841,0.464,10.0,10.0,0.522,0.539,1.0,0.991,20.1,100.5,83.75,100.0,0.425,L,0
0022100407,1610612737,Atlanta,Hawks,ATL,hawks,240:00,611.7,122.3,628.6,125.7,-16.9,-3.4,0.476,1.67,15.2,0.205,0.673,0.458,11.65,11.7,0.582,0.639,1.0,0.991,20.8,104.0,86.67,103.0,0.481,L,0
0022100407,1610612745,Houston,Rockets,HOU,rockets,240:00,628.6,125.7,611.7,122.3,16.9,3.4,0.587,2.45,18.5,0.327,0.795,0.542,10.476,10.5,0.578,0.612,1.0,0.992,20.8,104.0,86.67,105.0,0.519,W,1
0022100408,1610612738,Boston,Celtics,BOS,celtics,240:00,603.1,120.6,525.5,105.1,77.6,15.5,0.721,2.38,22.6,0.205,0.731,0.49,13.402,13.4,0.616,0.638,1.0,0.972,19.5,97.5,81.25,97.0,0.563,W,1
0022100408,1610612749,Milwaukee,Bucks,MIL,bucks,240:00,525.5,105.1,603.1,120.6,-77.6,-15.5,0.55,1.57,16.4,0.269,0.795,0.51,14.286,14.3,0.506,0.533,1.0,0.964,19.5,97.5,81.25,98.0,0.437,L,0
0022100398,1610612752,New York,Knicks,NYK,knicks,240:00,500.0,100.0,583.3,116.7,-83.3,-16.7,0.771,1.59,20.0,0.224,0.688,0.454,17.526,17.5,0.53,0.553,1.0,0.963,19.3,96.5,80.42,97.0,0.432,L,0
0022100398,1610612749,Milwaukee,Bucks,MIL,bucks,240:00,583.3,116.7,500.0,100.0,83.3,16.7,0.643,1.8,19.6,0.313,0.776,0.546,15.625,15.6,0.557,0.587,1.0,0.991,19.3,96.5,80.42,96.0,0.568,W,1
0022100399,1610612765,Detroit,Pistons,DET,pistons,240:00,504.9,101.0,552.4,110.5,-47.5,-9.5,0.615,1.14,16.7,0.309,0.667,0.476,20.388,20.4,0.5,0.52,1.0,0.983,20.8,104.0,86.67,103.0,0.411,L,0
0022100399,1610612751,Brooklyn,Nets,BKN,nets,240:00,552.4,110.5,504.9,101.0,47.5,9.5,0.683,1.56,19.2,0.333,0.691,0.524,17.143,17.1,0.534,0.592,1.0,0.983,20.8,104.0,86.67,105.0,0.589,W,1
0022100401,1610612759,San Antonio,Spurs,SAS,spurs,240:00,577.3,115.5,494.9,99.0,82.4,16.5,0.689,2.21,21.5,0.347,0.69,0.533,14.433,14.4,0.533,0.561,1.0,0.991,19.5,97.5,81.25,97.0,0.611,W,1
0022100401,1610612740,New Orleans,Pelicans,NOP,pelicans,240:00,494.9,99.0,577.3,115.5,-82.4,-16.5,0.6,1.71,17.4,0.31,0.653,0.467,14.286,14.3,0.468,0.482,1.0,0.991,19.5,97.5,81.25,98.0,0.389,L,0
0022100402,1610612757,Portland,Trail Blazers,POR,blazers,240:00,549.5,109.9,580.0,116.0,-30.5,-6.1,0.676,1.32,18.0,0.313,0.667,0.495,18.812,18.8,0.568,0.595,1.0,0.991,20.1,100.5,83.75,101.0,0.492,L,0
0022100402,1610612750,Minnesota,Timberwolves,MIN,timberwolves,240:00,580.0,116.0,549.5,109.9,30.5,6.1,0.605,1.35,16.4,0.333,0.688,0.505,17.0,17.0,0.529,0.585,1.0,0.991,20.1,100.5,83.75,100.0,0.508,W,1
0022100403,1610612747,Los Angeles,Lakers,LAL,lakers,240:00,540.8,108.2,484.5,96.9,56.3,11.3,0.585,1.71,18.2,0.222,0.661,0.471,14.286,14.3,0.565,0.579,1.0,0.963,19.5,97.5,81.25,98.0,0.615,W,1
0022100403,1610612753,Orlando,Magic,ORL,magic,240:00,484.5,96.9,540.8,108.2,-56.3,-11.3,0.515,0.89,12.7,0.339,0.778,0.529,19.588,19.6,0.449,0.488,1.0,0.974,19.5,97.5,81.25,97.0,0.385,L,0
0022100400,1610612760,Oklahoma City,Thunder,OKC,thunder,240:00,442.1,88.4,547.9,109.6,-105.8,-21.2,0.633,1.73,16.0,0.115,0.732,0.435,11.579,11.6,0.456,0.483,1.0,0.98,18.9,94.5,78.75,95.0,0.358,L,0
0022100400,1610612742,Dallas,Mavericks,DAL,mavericks,240:00,547.9,109.6,442.1,88.4,105.8,21.2,0.658,2.78,18.8,0.268,0.885,0.565,9.574,9.6,0.472,0.514,1.0,0.972,18.9,94.5,78.75,94.0,0.642,W,1
0022100397,1610612759,San Antonio,Spurs,SAS,spurs,240:00,571.4,114.3,641.4,128.3,-70.0,-14.0,0.683,1.65,19.4,0.353,0.702,0.52,17.347,17.3,0.517,0.55,1.0,0.991,19.7,98.5,82.08,98.0,0.424,L,0
0022100397,1610612743,Denver,Nuggets,DEN,nuggets,240:00,641.4,128.3,571.4,114.3,70.0,14.0,0.702,2.75,22.8,0.298,0.647,0.48,12.121,12.1,0.613,0.64,1.0,0.964,19.7,98.5,82.08,99.0,0.576,W,1
0022100395,1610612763,Memphis,Grizzlies,MEM,grizzlies,240:00,614.1,122.8,588.9,117.8,25.2,5.0,0.55,2.0,16.9,0.383,0.638,0.511,11.957,12.0,0.569,0.59,1.0,0.972,18.2,91.0,75.83,92.0,0.523,W,1
0022100395,1610612745,Houston,Rockets,HOU,rockets,240:00,588.9,117.8,614.1,122.8,-25.2,-5.0,0.658,1.56,18.9,0.362,0.617,0.489,17.778,17.8,0.565,0.59,1.0,0.991,18.2,91.0,75.83,90.0,0.477,L,0
0022100396,1610612755,Philadelphia,76ers,PHI,sixers,240:00,548.4,109.7,494.7,98.9,53.7,10.7,0.543,1.46,15.8,0.19,0.722,0.49,13.978,14.0,0.52,0.583,1.0,0.97,18.7,93.5,77.92,93.0,0.595,W,1
0022100396,1610612744,Golden State,Warriors,GSW,warriors,240:00,494.7,98.9,548.4,109.7,-53.7,-10.7,0.618,1.62,16.2,0.278,0.81,0.51,13.83,13.8,0.471,0.5,1.0,0.972,18.7,93.5,77.92,94.0,0.405,L,0
0022100394,1610612748,Miami,Heat,MIA,heat,240:00,627.7,125.5,494.6,98.9,133.0,26.6,0.804,3.7,25.2,0.333,0.727,0.544,10.638,10.6,0.597,0.608,1.0,0.955,18.7,93.5,77.92,94.0,0.681,W,1
0022100394,1610612741,Chicago,Bulls,CHI,bulls,240:00,494.6,98.9,627.7,125.5,-133.0,-26.6,0.71,1.38,16.9,0.273,0.667,0.456,17.204,17.2,0.476,0.501,1.0,0.972,18.7,93.5,77.92,93.0,0.319,L,0
0022100392,1610612764,Washington,Wizards,WAS,wizards,240:00,505.2,101.0,627.6,125.5,-122.4,-24.5,0.415,1.31,13.5,0.235,0.702,0.459,13.402,13.4,0.506,0.515,1.0,0.982,19.5,97.5,81.25,97.0,0.356,L,0
0022100392,1610612762,Utah,Jazz,UTA,jazz,240:00,627.6,125.5,505.2,101.0,122.4,24.5,0.583,3.11,20.0,0.298,0.765,0.541,9.184,9.2,0.586,0.612,1.0,0.964,19.5,97.5,81.25,98.0,0.644,W,1
0022100393,1610612739,Cleveland,Cavaliers,CLE,cavaliers,240:00,546.7,109.3,481.3,96.3,65.4,13.1,0.659,1.93,18.9,0.184,0.768,0.495,13.084,13.1,0.534,0.583,1.0,0.983,21.4,107.0,89.17,107.0,0.594,W,1
0022100393,1610612758,Sacramento,Kings,SAC,kings,240:00,481.3,96.3,546.7,109.3,-65.4,-13.1,0.463,1.12,13.8,0.232,0.816,0.505,15.888,15.9,0.478,0.502,1.0,0.992,21.4,107.0,89.17,107.0,0.406,L,0
0022100391,1610612746,LA,Clippers,LAC,clippers,240:00,582.4,116.5,565.2,113.0,17.2,3.4,0.643,3.38,20.6,0.25,0.745,0.485,8.791,8.8,0.554,0.56,1.0,0.981,18.3,91.5,76.25,91.0,0.5,W,1
0022100391,1610612753,Orlando,Magic,ORL,magic,240:00,565.2,113.0,582.4,116.5,-17.2,-3.4,0.6,1.91,16.8,0.255,0.75,0.515,11.957,12.0,0.513,0.574,1.0,0.971,18.3,91.5,76.25,92.0,0.5,L,0
0022100389,1610612760,Oklahoma City,Thunder,OKC,thunder,240:00,484.7,96.9,591.8,118.4,-107.1,-21.4,0.553,1.4,15.1,0.328,0.673,0.482,15.306,15.3,0.448,0.465,1.0,0.992,19.6,98.0,81.67,98.0,0.394,L,0
0022100389,1610612747,Los Angeles,Lakers,LAL,lakers,240:00,591.8,118.4,484.7,96.9,107.1,21.4,0.561,1.44,16.8,0.327,0.672,0.518,16.327,16.3,0.58,0.605,1.0,0.982,19.6,98.0,81.67,98.0,0.606,W,1
0022100386,1610612745,Houston,Rockets,HOU,rockets,240:00,564.4,112.9,602.9,120.6,-38.6,-7.7,0.714,1.88,20.7,0.275,0.682,0.463,15.842,15.8,0.579,0.583,1.0,0.991,20.3,101.5,84.58,101.0,0.44,L,0
0022100386,1610612749,Milwaukee,Bucks,MIL,bucks,240:00,602.9,120.6,564.4,112.9,38.6,7.7,0.452,1.27,14.1,0.318,0.725,0.537,14.706,14.7,0.596,0.633,1.0,0.974,20.3,101.5,84.58,102.0,0.56,W,1
0022100388,1610612740,New Orleans,Pelicans,NOP,pelicans,240:00,545.0,109.0,465.0,93.0,80.0,16.0,0.707,1.81,19.5,0.37,0.821,0.6,16.0,16.0,0.5,0.534,1.0,0.967,20.0,100.0,83.33,100.0,0.594,W,1
0022100388,1610612765,Detroit,Pistons,DET,pistons,240:00,465.0,93.0,545.0,109.0,-80.0,-16.0,0.629,1.69,16.8,0.179,0.63,0.4,13.0,13.0,0.456,0.488,1.0,0.982,20.0,100.0,83.33,100.0,0.406,L,0
0022100384,1610612737,Atlanta,Hawks,ATL,hawks,240:00,509.7,101.9,553.9,110.8,-44.2,-8.8,0.568,1.4,14.6,0.345,0.729,0.519,14.563,14.6,0.452,0.502,1.0,0.967,20.5,102.5,85.42,103.0,0.445,L,0
0022100384,1610612751,Brooklyn,Nets,BKN,nets,240:00,553.9,110.8,509.7,101.9,44.2,8.8,0.565,1.86,18.4,0.271,0.655,0.481,13.725,13.7,0.527,0.565,1.0,0.983,20.5,102.5,85.42,102.0,0.555,W,1
0022100385,1610612761,Toronto,Raptors,TOR,raptors,240:00,494.5,98.9,472.8,94.6,21.7,4.3,0.7,2.63,16.4,0.271,0.673,0.465,8.791,8.8,0.414,0.463,1.0,0.991,18.3,91.5,76.25,91.0,0.522,W,1
0022100385,1610612752,New York,Knicks,NYK,knicks,240:00,472.8,94.6,494.5,98.9,-21.7,-4.3,0.621,1.2,14.1,0.327,0.729,0.535,16.304,16.3,0.414,0.475,1.0,0.955,18.3,91.5,76.25,92.0,0.478,L,0
0022100387,1610612750,Minnesota,Timberwolves,MIN,timberwolves,240:00,509.6,101.9,585.7,117.1,-76.1,-15.2,0.667,1.71,16.8,0.254,0.78,0.47,13.462,13.5,0.451,0.508,1.0,0.992,20.9,104.5,87.08,104.0,0.389,L,0
0022100387,1610612739,Cleveland,Cavaliers,CLE,cavaliers,240:00,585.7,117.1,509.6,101.9,76.1,15.2,0.739,2.0,23.0,0.22,0.746,0.53,16.19,16.2,0.618,0.65,1.0,0.956,20.9,104.5,87.08,105.0,0.611,W,1
0022100383,1610612754,Indiana,Pacers,IND,pacers,240:00,588.9,117.8,511.0,102.2,77.9,15.6,0.683,2.15,20.7,0.37,0.674,0.522,14.444,14.4,0.546,0.574,1.0,0.972,18.1,90.5,75.42,90.0,0.584,W,1
0022100383,1610612742,Dallas,Mavericks,DAL,mavericks,240:00,511.0,102.2,588.9,117.8,-77.9,-15.6,0.462,1.29,14.5,0.326,0.63,0.478,15.385,15.4,0.488,0.521,1.0,0.953,18.1,90.5,75.42,91.0,0.416,L,0
0022100382,1610612766,Charlotte,Hornets,CHA,hornets,240:00,626.3,125.3,608.9,121.8,17.4,3.5,0.604,1.81,20.7,0.293,0.564,0.448,16.162,16.2,0.632,0.647,1.0,0.991,20.0,100.0,83.33,99.0,0.53,W,1
0022100382,1610612758,Sacramento,Kings,SAC,kings,240:00,608.9,121.8,626.3,125.3,-17.4,-3.5,0.458,1.57,15.1,0.436,0.707,0.552,13.861,13.9,0.545,0.567,1.0,0.984,20.0,100.0,83.33,101.0,0.47,L,0
0022100390,1610612756,Phoenix,Suns,PHX,suns,240:00,555.0,111.0,454.5,90.9,100.5,20.1,0.581,2.08,17.7,0.302,0.726,0.53,12.0,12.0,0.521,0.55,1.0,0.974,19.9,99.5,82.92,100.0,0.653,W,1
0022100390,1610612738,Boston,Celtics,BOS,celtics,240:00,454.5,90.9,555.0,111.0,-100.5,-20.1,0.371,1.0,10.1,0.274,0.698,0.47,13.131,13.1,0.398,0.435,1.0,0.991,19.9,99.5,82.92,99.0,0.347,L,0
0022100381,1610612759,San Antonio,Spurs,SAS,spurs,240:00,627.6,125.5,560.6,112.1,66.9,13.4,0.696,2.29,22.1,0.326,0.792,0.576,14.286,14.3,0.608,0.63,1.0,0.982,19.7,98.5,82.08,98.0,0.568,W,1
0022100381,1610612743,Denver,Nuggets,DEN,nuggets,240:00,560.6,112.1,627.6,125.5,-66.9,-13.4,0.69,3.22,21.2,0.208,0.674,0.424,9.091,9.1,0.527,0.557,1.0,0.981,19.7,98.5,82.08,99.0,0.432,L,0
0022100380,1610612763,Memphis,Grizzlies,MEM,grizzlies,240:00,540.0,108.0,465.7,93.1,74.3,14.9,0.683,2.15,19.4,0.281,0.795,0.505,13.0,13.0,0.511,0.53,1.0,0.983,20.2,101.0,84.17,100.0,0.555,W,1
0022100380,1610612747,Los Angeles,Lakers,LAL,lakers,240:00,465.7,93.1,540.0,108.0,-74.3,-14.9,0.722,1.18,19.0,0.205,0.719,0.495,21.569,21.6,0.538,0.556,1.0,0.973,20.2,101.0,84.17,102.0,0.445,L,0
0022100379,1610612755,Philadelphia,76ers,PHI,sixers,240:00,510.6,102.1,621.1,124.2,-110.4,-22.1,0.447,1.42,13.7,0.26,0.604,0.429,12.766,12.8,0.466,0.507,1.0,0.963,18.9,94.5,78.75,94.0,0.39,L,0
0022100379,1610612762,Utah,Jazz,UTA,jazz,240:00,621.1,124.2,510.6,102.1,110.4,22.1,0.512,1.83,16.2,0.396,0.74,0.571,12.632,12.6,0.555,0.581,1.0,0.965,18.9,94.5,78.75,95.0,0.61,W,1
0022100368,1610612765,Detroit,Pistons,DET,pistons,265:00,563.1,112.6,589.1,117.8,-26.0,-5.2,0.595,1.38,16.3,0.267,0.68,0.484,15.534,15.5,0.551,0.614,1.0,0.982,18.48,92.38,76.98,103.0,0.467,L,0
0022100368,1610612764,Washington,Wizards,WAS,wizards,265:00,589.1,117.8,563.1,112.6,26.0,5.2,0.643,1.59,18.9,0.32,0.733,0.516,16.832,16.8,0.545,0.593,1.0,1.0,18.48,92.38,76.98,101.0,0.533,W,1
0022100372,1610612745,Houston,Rockets,HOU,rockets,240:00,612.9,122.6,553.2,110.6,59.7,11.9,0.575,1.64,17.7,0.311,0.596,0.471,15.054,15.1,0.58,0.608,1.0,0.981,18.7,93.5,77.92,93.0,0.572,W,1
0022100372,1610612751,Brooklyn,Nets,BKN,nets,240:00,553.2,110.6,612.9,122.6,-59.7,-11.9,0.514,1.38,13.5,0.404,0.689,0.529,13.83,13.8,0.438,0.507,1.0,0.991,18.7,93.5,77.92,94.0,0.428,L,0
0022100378,1610612746,LA,Clippers,LAC,clippers,240:00,548.1,109.6,538.8,107.8,9.2,1.8,0.5,1.0,14.7,0.261,0.696,0.478,19.231,19.2,0.553,0.602,1.0,0.983,20.7,103.5,86.25,104.0,0.501,W,1
0022100378,1610612738,Boston,Celtics,BOS,celtics,240:00,538.8,107.8,548.1,109.6,-9.2,-1.8,0.634,1.13,18.2,0.304,0.739,0.522,22.33,22.3,0.535,0.583,1.0,0.974,20.7,103.5,86.25,103.0,0.499,L,0
0022100371,1610612761,Toronto,Raptors,TOR,raptors,240:00,556.1,111.2,561.2,112.2,-5.1,-1.0,0.643,2.08,19.3,0.283,0.745,0.5,13.265,13.3,0.532,0.547,1.0,0.982,19.6,98.0,81.67,98.0,0.473,L,0
0022100371,1610612760,Oklahoma City,Thunder,OKC,thunder,240:00,561.2,112.2,556.1,111.2,5.1,1.0,0.737,2.0,20.3,0.255,0.717,0.5,14.286,14.3,0.554,0.593,1.0,0.973,19.6,98.0,81.67,98.0,0.527,W,1
0022100369,1610612754,Indiana,Pacers,IND,pacers,240:00,635.4,127.1,531.3,106.3,104.2,20.8,0.587,2.45,19.7,0.333,0.68,0.522,11.458,11.5,0.593,0.629,1.0,0.964,19.2,96.0,80.0,96.0,0.62,W,1
0022100369,1610612752,New York,Knicks,NYK,knicks,240:00,531.3,106.3,635.4,127.1,-104.2,-20.8,0.472,1.31,13.2,0.32,0.667,0.478,13.542,13.5,0.471,0.531,1.0,0.982,19.2,96.0,80.0,96.0,0.38,L,0
0022100366,1610612766,Charlotte,Hornets,CHA,hornets,240:00,552.1,110.4,567.0,113.4,-14.9,-3.0,0.564,1.16,17.2,0.262,0.75,0.5,19.792,19.8,0.55,0.594,1.0,0.991,19.3,96.5,80.42,96.0,0.471,L,0
0022100366,1610612755,Philadelphia,76ers,PHI,sixers,240:00,567.0,113.4,552.1,110.4,14.9,3.0,0.639,1.35,17.7,0.25,0.738,0.5,17.526,17.5,0.567,0.624,1.0,0.963,19.3,96.5,80.42,97.0,0.529,W,1
0022100370,1610612748,Miami,Heat,MIA,heat,240:00,559.4,111.9,520.0,104.0,39.4,7.9,0.8,1.45,22.9,0.189,0.709,0.5,21.782,21.8,0.662,0.687,1.0,0.954,20.1,100.5,83.75,101.0,0.595,W,1
0022100370,1610612749,Milwaukee,Bucks,MIL,bucks,240:00,520.0,104.0,559.4,111.9,-39.4,-7.9,0.5,0.95,13.4,0.291,0.811,0.5,19.0,19.0,0.494,0.537,1.0,0.983,20.1,100.5,83.75,100.0,0.405,L,0
0022100374,1610612750,Minnesota,Timberwolves,MIN,timberwolves,240:00,500.0,100.0,653.8,130.8,-153.8,-30.8,0.5,1.19,13.8,0.258,0.816,0.47,15.385,15.4,0.489,0.507,1.0,0.983,20.8,104.0,86.67,104.0,0.337,L,0
0022100374,1610612762,Utah,Jazz,UTA,jazz,240:00,653.8,130.8,500.0,100.0,153.8,30.8,0.52,1.73,19.0,0.184,0.742,0.53,14.423,14.4,0.71,0.719,1.0,0.964,20.8,104.0,86.67,104.0,0.663,W,1
0022100377,1610612758,Sacramento,Kings,SAC,kings,240:00,703.0,140.6,643.6,128.7,59.4,11.9,0.453,3.0,17.0,0.378,0.627,0.51,7.921,7.9,0.624,0.657,1.0,0.991,20.2,101.0,84.17,101.0,0.547,W,1
0022100377,1610612753,Orlando,Magic,ORL,magic,240:00,643.6,128.7,703.0,140.6,-59.4,-11.9,0.604,2.23,19.5,0.373,0.622,0.49,12.871,12.9,0.577,0.607,1.0,0.983,20.2,101.0,84.17,101.0,0.453,L,0
0022100375,1610612740,New Orleans,Pelicans,NOP,pelicans,265:00,542.9,108.6,560.7,112.1,-17.9,-3.6,0.681,1.28,21.1,0.333,0.826,0.582,23.81,23.8,0.583,0.598,1.0,0.967,19.2,96.0,80.0,105.0,0.482,L,0
0022100375,1610612743,Denver,Nuggets,DEN,nuggets,265:00,560.7,112.1,542.9,108.6,17.9,3.6,0.622,2.33,19.6,0.174,0.667,0.418,11.215,11.2,0.563,0.601,1.0,0.957,19.2,96.0,80.0,107.0,0.518,W,1
0022100367,1610612739,Cleveland,Cavaliers,CLE,cavaliers,240:00,592.8,118.6,474.2,94.8,118.6,23.7,0.636,1.75,21.2,0.216,0.704,0.505,16.495,16.5,0.631,0.661,1.0,0.971,19.4,97.0,80.83,97.0,0.66,W,1
0022100367,1610612741,Chicago,Bulls,CHI,bulls,240:00,474.2,94.8,592.8,118.6,-118.6,-23.7,0.6,1.17,15.8,0.296,0.784,0.495,18.557,18.6,0.458,0.493,1.0,0.982,19.4,97.0,80.83,97.0,0.34,L,0
0022100373,1610612763,Memphis,Grizzlies,MEM,grizzlies,240:00,500.0,100.0,553.2,110.6,-53.2,-10.6,0.639,1.77,16.3,0.373,0.725,0.515,13.542,13.5,0.45,0.475,1.0,0.966,19.0,95.0,79.17,96.0,0.424,L,0
0022100373,1610612742,Dallas,Mavericks,DAL,mavericks,240:00,553.2,110.6,500.0,100.0,53.2,10.6,0.649,1.26,18.6,0.275,0.627,0.485,20.213,20.2,0.558,0.597,1.0,0.981,19.0,95.0,79.17,94.0,0.576,W,1
0022100376,1610612744,Golden State,Warriors,GSW,warriors,240:00,514.9,103.0,470.0,94.0,44.9,9.0,0.667,1.38,15.9,0.283,0.824,0.548,15.842,15.8,0.482,0.538,1.0,0.966,20.1,100.5,83.75,101.0,0.56,W,1
0022100376,1610612757,Portland,Trail Blazers,POR,blazers,240:00,470.0,94.0,514.9,103.0,-44.9,-9.0,0.727,1.5,18.0,0.176,0.717,0.452,16.0,16.0,0.463,0.509,1.0,0.991,20.1,100.5,83.75,100.0,0.44,L,0
0022100365,1610612747,Los Angeles,Lakers,LAL,lakers,240:00,590.9,118.2,515.2,103.0,75.8,15.2,0.521,1.56,17.4,0.426,0.804,0.622,16.162,16.2,0.559,0.582,1.0,0.966,19.8,99.0,82.5,99.0,0.562,W,1
0022100365,1610612738,Boston,Celtics,BOS,celtics,240:00,515.2,103.0,590.9,118.2,-75.8,-15.2,0.75,2.08,19.9,0.196,0.574,0.378,13.131,13.1,0.5,0.538,1.0,0.982,19.8,99.0,82.5,99.0,0.438,L,0
0022100364,1610612759,San Antonio,Spurs,SAS,spurs,240:00,573.7,114.7,636.8,127.4,-63.2,-12.6,0.732,3.0,21.3,0.296,0.653,0.466,10.526,10.5,0.511,0.541,1.0,0.991,19.0,95.0,79.17,95.0,0.459,L,0
0022100364,1610612752,New York,Knicks,NYK,knicks,240:00,636.8,127.4,573.7,114.7,63.2,12.6,0.512,2.0,16.4,0.347,0.704,0.534,11.579,11.6,0.571,0.609,1.0,0.982,19.0,95.0,79.17,95.0,0.541,W,1
0022100363,1610612742,Dallas,Mavericks,DAL,mavericks,240:00,538.0,107.6,548.4,109.7,-10.3,-2.1,0.583,5.25,16.7,0.236,0.762,0.464,4.348,4.3,0.45,0.497,1.0,0.99,18.5,92.5,77.08,92.0,0.449,L,0
0022100363,1610612751,Brooklyn,Nets,BKN,nets,240:00,548.4,109.7,538.0,107.6,10.3,2.1,0.667,2.33,21.5,0.238,0.764,0.536,12.903,12.9,0.554,0.575,1.0,0.98,18.5,92.5,77.08,93.0,0.551,W,1
0022100355,1610612754,Indiana,Pacers,IND,pacers,240:00,630.4,126.1,611.1,122.2,19.3,3.9,0.581,1.56,18.7,0.462,0.7,0.582,17.391,17.4,0.579,0.633,1.0,0.963,18.2,91.0,75.83,92.0,0.533,W,1
0022100355,1610612764,Washington,Wizards,WAS,wizards,240:00,611.1,122.2,630.4,126.1,-19.3,-3.9,0.581,2.08,19.7,0.3,0.538,0.418,13.333,13.3,0.574,0.609,1.0,1.0,18.2,91.0,75.83,90.0,0.467,L,0
0022100353,1610612766,Charlotte,Hornets,CHA,hornets,265:00,607.8,121.6,622.5,124.5,-14.7,-2.9,0.646,3.88,20.5,0.29,0.711,0.467,7.843,7.8,0.523,0.542,1.0,1.0,18.48,92.38,76.98,102.0,0.46,L,0
0022100353,1610612755,Philadelphia,76ers,PHI,sixers,265:00,622.5,124.5,607.8,121.6,14.7,2.9,0.609,1.87,19.6,0.289,0.71,0.533,14.706,14.7,0.615,0.642,1.0,0.974,18.48,92.38,76.98,102.0,0.54,W,1
0022100358,1610612749,Milwaukee,Bucks,MIL,bucks,240:00,549.0,109.8,509.8,102.0,39.2,7.8,0.525,1.24,15.4,0.277,0.836,0.578,16.667,16.7,0.541,0.58,1.0,0.983,20.4,102.0,85.0,102.0,0.525,W,1
0022100358,1610612739,Cleveland,Cavaliers,CLE,cavaliers,240:00,509.8,102.0,549.0,109.8,-39.2,-7.8,0.771,2.7,19.6,0.164,0.723,0.422,9.804,9.8,0.472,0.526,1.0,0.973,20.4,102.0,85.0,102.0,0.475,L,0
0022100360,1610612756,Phoenix,Suns,PHX,suns,240:00,534.7,106.9,514.9,103.0,19.8,4.0,0.628,1.59,18.4,0.352,0.704,0.528,16.832,16.8,0.511,0.53,1.0,0.983,20.2,101.0,84.17,101.0,0.489,W,1
0022100360,1610612759,San Antonio,Spurs,SAS,spurs,240:00,514.9,103.0,534.7,106.9,-19.8,-4.0,0.775,2.07,20.9,0.296,0.648,0.472,14.851,14.9,0.489,0.513,1.0,0.991,20.2,101.0,84.17,101.0,0.511,L,0
0022100357,1610612741,Chicago,Bulls,CHI,bulls,240:00,556.1,111.2,500.0,100.0,56.1,11.2,0.61,2.27,18.5,0.259,0.721,0.504,11.224,11.2,0.522,0.546,1.0,1.0,19.5,97.5,81.25,98.0,0.555,W,1
0022100357,1610612743,Denver,Nuggets,DEN,nuggets,240:00,500.0,100.0,556.1,111.2,-56.1,-11.2,0.789,2.73,20.8,0.279,0.741,0.496,11.34,11.3,0.453,0.473,1.0,0.982,19.5,97.5,81.25,97.0,0.445,L,0
0022100361,1610612744,Golden State,Warriors,GSW,warriors,240:00,605.8,121.2,456.7,91.3,149.0,29.8,0.651,1.87,19.4,0.25,0.864,0.543,14.423,14.4,0.609,0.632,1.0,0.974,20.8,104.0,86.67,104.0,0.635,W,1
0022100361,1610612753,Orlando,Magic,ORL,magic,240:00,456.7,91.3,605.8,121.2,-149.0,-29.8,0.545,0.78,14.1,0.136,0.75,0.457,22.115,22.1,0.507,0.554,1.0,0.964,20.8,104.0,86.67,104.0,0.365,L,0
0022100359,1610612750,Minnesota,Timberwolves,MIN,timberwolves,240:00,561.2,112.2,617.3,123.5,-56.1,-11.2,0.564,2.75,15.9,0.317,0.706,0.495,8.163,8.2,0.485,0.517,1.0,0.991,19.6,98.0,81.67,98.0,0.449,L,0
0022100359,1610612737,Atlanta,Hawks,ATL,hawks,240:00,617.3,123.5,561.2,112.2,56.1,11.2,0.775,2.58,21.5,0.294,0.683,0.505,12.245,12.2,0.583,0.615,1.0,0.965,19.6,98.0,81.67,98.0,0.551,W,1
0022100354,1610612765,Detroit,Pistons,DET,pistons,240:00,509.9,102.0,570.0,114.0,-60.1,-12.0,0.512,1.24,14.9,0.345,0.822,0.553,16.832,16.8,0.495,0.507,1.0,0.975,20.1,100.5,83.75,101.0,0.399,L,0
0022100354,1610612760,Oklahoma City,Thunder,OKC,thunder,240:00,570.0,114.0,509.9,102.0,60.1,12.0,0.537,2.0,16.9,0.178,0.655,0.447,11.0,11.0,0.555,0.599,1.0,0.991,20.1,100.5,83.75,100.0,0.601,W,1
0022100356,1610612748,Miami,Heat,MIA,heat,240:00,459.2,91.8,535.7,107.1,-76.5,-15.3,0.743,1.13,19.3,0.256,0.635,0.463,23.469,23.5,0.5,0.539,1.0,0.982,19.6,98.0,81.67,98.0,0.457,L,0
0022100356,1610612763,Memphis,Grizzlies,MEM,grizzlies,240:00,535.7,107.1,459.2,91.8,76.5,15.3,0.684,1.37,18.2,0.365,0.744,0.537,19.388,19.4,0.5,0.534,1.0,0.991,19.6,98.0,81.67,98.0,0.543,W,1
0022100362,1610612757,Portland,Trail Blazers,POR,blazers,240:00,454.5,90.9,515.2,103.0,-60.6,-12.1,0.457,0.89,13.0,0.196,0.75,0.49,18.182,18.2,0.475,0.513,1.0,0.991,19.8,99.0,82.5,99.0,0.485,L,0
0022100362,1610612746,LA,Clippers,LAC,clippers,240:00,515.2,103.0,454.5,90.9,60.6,12.1,0.439,1.38,14.0,0.25,0.804,0.51,13.131,13.1,0.505,0.52,1.0,1.0,19.8,99.0,82.5,99.0,0.515,W,1
0022100349,1610612739,Cleveland,Cavaliers,CLE,cavaliers,240:00,580.6,116.1,579.8,116.0,0.9,0.2,0.476,1.43,15.3,0.353,0.627,0.49,15.054,15.1,0.538,0.558,1.0,0.982,18.7,93.5,77.92,93.0,0.513,L,0
0022100349,1610612762,Utah,Jazz,UTA,jazz,240:00,579.8,116.0,580.6,116.1,-0.9,-0.2,0.6,1.41,17.8,0.373,0.647,0.51,18.085,18.1,0.556,0.577,1.0,1.0,18.7,93.5,77.92,94.0,0.487,W,1
0022100352,1610612745,Houston,Rockets,HOU,rockets,240:00,641.3,128.3,593.4,118.7,47.9,9.6,0.615,1.71,18.5,0.356,0.579,0.48,15.217,15.2,0.601,0.643,1.0,0.991,18.3,91.5,76.25,92.0,0.537,W,1
0022100352,1610612740,New Orleans,Pelicans,NOP,pelicans,240:00,593.4,118.7,641.3,128.3,-47.9,-9.6,0.475,2.38,14.2,0.421,0.644,0.52,8.791,8.8,0.479,0.514,1.0,0.983,18.3,91.5,76.25,91.0,0.463,L,0
0022100351,1610612761,Toronto,Raptors,TOR,raptors,240:00,554.3,110.9,483.9,96.8,70.5,14.1,0.579,2.75,17.3,0.26,0.844,0.537,8.696,8.7,0.494,0.534,1.0,0.99,18.5,92.5,77.08,92.0,0.531,W,1
0022100351,1610612764,Washington,Wizards,WAS,wizards,240:00,483.9,96.8,554.3,110.9,-70.5,-14.1,0.667,2.0,16.7,0.156,0.74,0.463,10.753,10.8,0.466,0.525,1.0,0.97,18.5,92.5,77.08,93.0,0.469,L,0
0022100350,1610612737,Atlanta,Hawks,ATL,hawks,240:00,635.0,127.0,650.0,130.0,-15.0,-3.0,0.604,2.64,20.4,0.298,0.841,0.56,11.0,11.0,0.608,0.629,1.0,0.982,20.0,100.0,83.33,100.0,0.493,L,0
0022100350,1610612766,Charlotte,Hornets,CHA,hornets,240:00,650.0,130.0,635.0,127.0,15.0,3.0,0.457,3.5,16.4,0.159,0.702,0.44,6.0,6.0,0.634,0.661,1.0,0.981,20.0,100.0,83.33,100.0,0.507,W,1
0022100342,1610612752,New York,Knicks,NYK,knicks,240:00,550.0,110.0,634.8,127.0,-84.8,-17.0,0.657,2.09,17.2,0.375,0.725,0.521,12.222,12.2,0.466,0.509,1.0,0.973,17.9,89.5,74.58,90.0,0.404,L,0
0022100342,1610612743,Denver,Nuggets,DEN,nuggets,240:00,634.8,127.0,550.0,110.0,84.8,17.0,0.682,2.31,23.3,0.275,0.625,0.479,14.607,14.6,0.643,0.655,1.0,1.0,17.9,89.5,74.58,89.0,0.596,W,1
0022100346,1610612744,Golden State,Warriors,GSW,warriors,240:00,540.4,108.1,554.5,110.9,-14.1,-2.8,0.65,2.0,18.8,0.25,0.766,0.495,13.131,13.1,0.517,0.539,1.0,0.991,20.0,100.0,83.33,99.0,0.455,L,0
0022100346,1610612759,San Antonio,Spurs,SAS,spurs,240:00,554.5,110.9,540.4,108.1,14.1,2.8,0.571,2.0,17.6,0.234,0.75,0.505,11.881,11.9,0.545,0.581,1.0,0.964,20.0,100.0,83.33,101.0,0.545,W,1
0022100343,1610612751,Brooklyn,Nets,BKN,nets,240:00,540.4,108.1,560.6,112.1,-20.2,-4.0,0.609,4.0,18.7,0.379,0.82,0.569,7.071,7.1,0.45,0.465,1.0,0.984,19.8,99.0,82.5,99.0,0.474,L,0
0022100343,1610612741,Chicago,Bulls,CHI,bulls,240:00,560.6,112.1,540.4,108.1,20.2,4.0,0.537,2.44,17.1,0.18,0.621,0.431,9.091,9.1,0.535,0.567,1.0,0.991,19.8,99.0,82.5,99.0,0.526,W,1
0022100344,1610612749,Milwaukee,Bucks,MIL,bucks,240:00,626.3,125.3,525.8,105.2,100.5,20.1,0.727,2.29,20.9,0.436,0.759,0.596,14.141,14.1,0.541,0.581,1.0,1.0,19.6,98.0,81.67,99.0,0.58,W,1
0022100344,1610612748,Miami,Heat,MIA,heat,240:00,525.8,105.2,626.3,125.3,-100.5,-20.1,0.853,1.93,20.9,0.241,0.564,0.404,15.464,15.5,0.506,0.539,1.0,0.991,19.6,98.0,81.67,97.0,0.42,L,0
0022100348,1610612758,Sacramento,Kings,SAC,kings,240:00,504.9,101.0,485.3,97.1,19.6,3.9,0.528,1.12,14.0,0.264,0.712,0.5,16.505,16.5,0.488,0.536,1.0,0.957,20.5,102.5,85.42,103.0,0.555,W,1
0022100348,1610612746,LA,Clippers,LAC,clippers,240:00,485.3,97.1,504.9,101.0,-19.6,-3.9,0.676,1.28,16.2,0.288,0.736,0.5,17.647,17.6,0.455,0.491,1.0,0.983,20.5,102.5,85.42,102.0,0.445,L,0
0022100347,1610612757,Portland,Trail Blazers,POR,blazers,240:00,596.9,119.4,747.4,149.5,-150.5,-30.1,0.524,2.44,16.4,0.28,0.641,0.438,9.184,9.2,0.517,0.568,1.0,0.982,19.5,97.5,81.25,98.0,0.383,L,0
0022100347,1610612738,Boston,Celtics,BOS,celtics,240:00,747.4,149.5,596.9,119.4,150.5,30.1,0.531,2.17,19.1,0.359,0.72,0.562,12.371,12.4,0.684,0.727,1.0,0.991,19.5,97.5,81.25,97.0,0.617,W,1
0022100345,1610612742,Dallas,Mavericks,DAL,mavericks,240:00,473.7,94.7,505.2,101.0,-31.5,-6.3,0.613,1.27,14.1,0.323,0.63,0.45,15.789,15.8,0.418,0.448,1.0,0.974,19.1,95.5,79.58,95.0,0.387,L,0
0022100345,1610612763,Memphis,Grizzlies,MEM,grizzlies,240:00,505.2,101.0,473.7,94.7,31.5,6.3,0.541,0.87,15.0,0.37,0.677,0.55,23.958,24.0,0.546,0.56,1.0,0.965,19.1,95.5,79.58,96.0,0.613,W,1
0022100338,1610612742,Dallas,Mavericks,DAL,mavericks,240:00,464.3,92.9,545.9,109.2,-81.6,-16.3,0.531,1.13,13.6,0.189,0.709,0.454,15.306,15.3,0.468,0.503,1.0,0.981,19.6,98.0,81.67,98.0,0.378,L,0
0022100338,1610612740,New Orleans,Pelicans,NOP,pelicans,240:00,545.9,109.2,464.3,92.9,81.6,16.3,0.811,3.0,20.8,0.291,0.811,0.546,10.204,10.2,0.478,0.523,1.0,0.982,19.6,98.0,81.67,98.0,0.622,W,1
0022100335,1610612737,Atlanta,Hawks,ATL,hawks,240:00,521.7,104.3,526.9,105.4,-5.1,-1.0,0.645,1.33,16.0,0.275,0.844,0.542,16.304,16.3,0.474,0.538,1.0,0.981,18.5,92.5,77.08,92.0,0.477,L,0
0022100335,1610612755,Philadelphia,76ers,PHI,sixers,240:00,526.9,105.4,521.7,104.3,5.1,1.0,0.579,2.0,18.0,0.156,0.725,0.458,11.828,11.8,0.525,0.554,1.0,0.97,18.5,92.5,77.08,93.0,0.523,W,1
0022100333,1610612754,Indiana,Pacers,IND,pacers,240:00,577.8,115.6,627.8,125.6,-50.0,-10.0,0.571,1.54,15.7,0.367,0.718,0.523,14.444,14.4,0.494,0.55,1.0,0.981,18.0,90.0,75.0,90.0,0.438,L,0
0022100333,1610612748,Miami,Heat,MIA,heat,240:00,627.8,125.6,577.8,115.6,50.0,10.0,0.558,1.85,19.2,0.282,0.633,0.477,14.444,14.4,0.63,0.652,1.0,0.98,18.0,90.0,75.0,90.0,0.563,W,1
0022100341,1610612747,Los Angeles,Lakers,LAL,lakers,240:00,618.3,123.7,633.0,126.6,-14.7,-2.9,0.622,2.33,20.1,0.367,0.738,0.538,12.903,12.9,0.567,0.579,1.0,0.982,18.7,93.5,77.92,93.0,0.483,L,0
0022100341,1610612746,LA,Clippers,LAC,clippers,240:00,633.0,126.6,618.3,123.7,14.7,2.9,0.683,2.8,21.1,0.262,0.633,0.462,10.638,10.6,0.605,0.65,1.0,0.962,18.7,93.5,77.92,94.0,0.517,W,1
0022100340,1610612744,Golden State,Warriors,GSW,warriors,240:00,584.2,116.8,480.0,96.0,104.2,20.8,0.667,1.76,20.5,0.313,0.768,0.558,16.832,16.8,0.592,0.606,1.0,0.966,20.1,100.5,83.75,101.0,0.604,W,1
0022100340,1610612756,Phoenix,Suns,PHX,suns,240:00,480.0,96.0,584.2,116.8,-104.2,-20.8,0.742,1.44,16.9,0.232,0.688,0.442,16.0,16.0,0.432,0.498,1.0,0.973,20.1,100.5,83.75,100.0,0.396,L,0
0022100339,1610612762,Utah,Jazz,UTA,jazz,240:00,691.9,138.4,643.6,128.7,48.4,9.7,0.578,1.3,19.0,0.316,0.795,0.573,20.202,20.2,0.722,0.752,1.0,0.991,20.0,100.0,83.33,99.0,0.504,W,1
0022100339,1610612738,Boston,Celtics,BOS,celtics,240:00,643.6,128.7,691.9,138.4,-48.4,-9.7,0.489,3.83,17.6,0.205,0.684,0.427,5.941,5.9,0.593,0.646,1.0,0.981,20.0,100.0,83.33,101.0,0.496,L,0
0022100334,1610612764,Washington,Wizards,WAS,wizards,240:00,531.6,106.3,604.2,120.8,-72.6,-14.5,0.553,2.1,17.4,0.133,0.642,0.408,10.526,10.5,0.524,0.559,1.0,0.97,19.1,95.5,79.58,95.0,0.425,L,0
0022100334,1610612739,Cleveland,Cavaliers,CLE,cavaliers,240:00,604.2,120.8,531.6,106.3,72.6,14.5,0.714,1.88,20.7,0.358,0.867,0.592,16.667,16.7,0.545,0.58,1.0,0.957,19.1,95.5,79.58,96.0,0.575,W,1
0022100336,1610612751,Brooklyn,Nets,BKN,nets,240:00,528.8,105.8,509.7,101.9,19.1,3.8,0.722,1.53,18.6,0.256,0.638,0.475,16.346,16.3,0.513,0.585,1.0,0.974,20.7,103.5,86.25,104.0,0.556,W,1
0022100336,1610612750,Minnesota,Timberwolves,MIN,timberwolves,240:00,509.7,101.9,528.8,105.8,-19.1,-3.8,0.611,1.22,15.1,0.362,0.744,0.525,17.476,17.5,0.457,0.507,1.0,0.968,20.7,103.5,86.25,103.0,0.444,L,0
0022100337,1610612745,Houston,Rockets,HOU,rockets,240:00,596.0,119.2,580.0,116.0,16.0,3.2,0.75,2.75,22.9,0.25,0.689,0.462,12.121,12.1,0.571,0.598,1.0,0.973,19.9,99.5,82.92,99.0,0.525,W,1
0022100337,1610612753,Orlando,Magic,ORL,magic,240:00,580.0,116.0,596.0,119.2,-16.0,-3.2,0.571,1.33,17.6,0.311,0.75,0.538,18.0,18.0,0.564,0.609,1.0,1.0,19.9,99.5,82.92,100.0,0.475,L,0
0022100328,1610612752,New York,Knicks,NYK,knicks,240:00,569.3,113.9,595.0,119.0,-25.7,-5.1,0.452,1.06,14.4,0.302,0.667,0.489,17.822,17.8,0.567,0.612,1.0,0.991,20.1,100.5,83.75,101.0,0.482,L,0
0022100328,1610612741,Chicago,Bulls,CHI,bulls,240:00,595.0,119.0,569.3,113.9,25.7,5.1,0.545,1.6,17.4,0.333,0.698,0.511,15.0,15.0,0.556,0.606,1.0,0.991,20.1,100.5,83.75,100.0,0.518,W,1
0022100330,1610612763,Memphis,Grizzlies,MEM,grizzlies,240:00,775.5,155.1,403.1,80.6,372.4,74.5,0.683,4.1,26.5,0.447,0.83,0.67,10.204,10.2,0.724,0.731,1.0,0.991,19.6,98.0,81.67,98.0,0.864,W,1
0022100330,1610612760,Oklahoma City,Thunder,OKC,thunder,240:00,403.1,80.6,775.5,155.1,-372.4,-74.5,0.56,0.7,11.7,0.17,0.553,0.33,20.408,20.4,0.401,0.461,1.0,0.991,19.6,98.0,81.67,98.0,0.136,L,0
0022100331,1610612756,Phoenix,Suns,PHX,suns,240:00,587.6,117.5,525.5,105.1,62.1,12.4,0.535,1.53,17.8,0.225,0.83,0.552,15.464,15.5,0.62,0.64,1.0,0.981,19.5,97.5,81.25,97.0,0.579,W,1
0022100331,1610612765,Detroit,Pistons,DET,pistons,240:00,525.5,105.1,587.6,117.5,-62.1,-12.4,0.556,1.54,15.9,0.17,0.775,0.448,13.265,13.3,0.519,0.563,1.0,0.972,19.5,97.5,81.25,98.0,0.421,L,0
0022100332,1610612757,Portland,Trail Blazers,POR,blazers,240:00,415.0,83.0,564.4,112.9,-149.4,-29.9,0.655,1.06,14.8,0.164,0.76,0.448,18.0,18.0,0.427,0.464,1.0,0.991,20.1,100.5,83.75,100.0,0.308,L,0
0022100332,1610612759,San Antonio,Spurs,SAS,spurs,240:00,564.4,112.9,415.0,83.0,149.4,29.9,0.727,2.29,22.4,0.24,0.836,0.552,13.861,13.9,0.56,0.581,1.0,0.973,20.1,100.5,83.75,101.0,0.692,W,1
0022100329,1610612761,Toronto,Raptors,TOR,raptors,240:00,544.9,109.0,516.7,103.3,28.3,5.7,0.622,1.64,17.3,0.389,0.596,0.495,15.73,15.7,0.5,0.515,1.0,0.982,17.9,89.5,74.58,89.0,0.541,W,1
0022100329,1610612749,Milwaukee,Bucks,MIL,bucks,240:00,516.7,103.3,544.9,109.0,-28.3,-5.7,0.5,1.07,12.4,0.404,0.611,0.505,16.667,16.7,0.441,0.484,1.0,0.965,17.9,89.5,74.58,90.0,0.459,L,0
0022100321,1610612764,Washington,Wizards,WAS,wizards,240:00,575.0,115.0,540.4,108.1,34.6,6.9,0.756,2.43,22.5,0.347,0.741,0.553,14.0,14.0,0.549,0.574,1.0,0.966,19.9,99.5,82.92,100.0,0.621,W,1
0022100321,1610612750,Minnesota,Timberwolves,MIN,timberwolves,240:00,540.4,108.1,575.0,115.0,-34.6,-6.9,0.405,1.15,11.7,0.259,0.653,0.447,13.131,13.1,0.483,0.538,1.0,0.982,19.9,99.5,82.92,99.0,0.379,L,0
0022100325,1610612740,New Orleans,Pelicans,NOP,pelicans,240:00,569.1,113.8,731.6,146.3,-162.4,-32.5,0.55,1.38,16.4,0.36,0.607,0.449,17.021,17.0,0.522,0.557,1.0,0.964,18.9,94.5,78.75,94.0,0.371,L,0
0022100325,1610612742,Dallas,Mavericks,DAL,mavericks,240:00,731.6,146.3,569.1,113.8,162.4,32.5,0.561,1.78,23.4,0.393,0.64,0.551,18.947,18.9,0.795,0.799,1.0,0.99,18.9,94.5,78.75,95.0,0.629,W,1
0022100322,1610612738,Boston,Celtics,BOS,celtics,240:00,473.1,94.6,472.8,94.6,0.3,0.1,0.545,1.38,15.0,0.188,0.772,0.505,13.978,14.0,0.487,0.514,1.0,0.971,18.5,92.5,77.08,93.0,0.514,W,1
0022100322,1610612755,Philadelphia,76ers,PHI,sixers,240:00,472.8,94.6,473.1,94.6,-0.3,-0.1,0.606,2.86,16.0,0.228,0.813,0.495,7.609,7.6,0.416,0.451,1.0,0.99,18.5,92.5,77.08,92.0,0.486,L,0
0022100319,1610612754,Indiana,Pacers,IND,pacers,240:00,560.6,112.1,587.6,117.5,-27.0,-5.4,0.523,2.3,17.3,0.229,0.837,0.516,10.101,10.1,0.544,0.572,1.0,0.964,19.6,98.0,81.67,99.0,0.48,L,0
0022100319,1610612737,Atlanta,Hawks,ATL,hawks,240:00,587.6,117.5,560.6,112.1,27.0,5.4,0.545,1.85,18.8,0.163,0.771,0.484,13.402,13.4,0.605,0.624,1.0,1.0,19.6,98.0,81.67,97.0,0.52,W,1
0022100327,1610612746,LA,Clippers,LAC,clippers,240:00,575.0,115.0,613.9,122.8,-38.9,-7.8,0.745,2.69,22.6,0.364,0.767,0.541,13.0,13.0,0.515,0.537,1.0,0.975,20.1,100.5,83.75,100.0,0.488,L,0
0022100327,1610612758,Sacramento,Kings,SAC,kings,240:00,613.9,122.8,575.0,115.0,38.9,7.8,0.609,2.33,20.1,0.233,0.636,0.459,11.881,11.9,0.608,0.64,1.0,0.964,20.1,100.5,83.75,101.0,0.512,W,1
0022100320,1610612753,Orlando,Magic,ORL,magic,240:00,545.5,109.1,520.2,104.0,25.3,5.1,0.591,2.0,20.3,0.1,0.83,0.494,13.131,13.1,0.58,0.604,1.0,0.98,19.8,99.0,82.5,99.0,0.57,W,1
0022100320,1610612743,Denver,Nuggets,DEN,nuggets,240:00,520.2,104.0,545.5,109.1,-25.3,-5.1,0.564,1.47,17.2,0.17,0.9,0.506,15.152,15.2,0.55,0.577,1.0,0.981,19.8,99.0,82.5,99.0,0.43,L,0
0022100324,1610612749,Milwaukee,Bucks,MIL,bucks,240:00,599.1,119.8,584.1,116.8,14.9,3.0,0.63,2.23,19.9,0.24,0.8,0.505,12.264,12.3,0.564,0.602,1.0,1.0,21.3,106.5,88.75,106.0,0.508,W,1
0022100324,1610612766,Charlotte,Hornets,CHA,hornets,240:00,584.1,116.8,599.1,119.8,-14.9,-3.0,0.698,1.76,21.0,0.2,0.76,0.495,15.888,15.9,0.615,0.649,1.0,0.991,21.3,106.5,88.75,107.0,0.492,L,0
0022100326,1610612760,Oklahoma City,Thunder,OKC,thunder,240:00,567.0,113.4,581.6,116.3,-14.6,-2.9,0.4,1.23,12.5,0.313,0.675,0.477,13.402,13.4,0.518,0.563,1.0,0.991,19.5,97.5,81.25,97.0,0.441,L,0
0022100326,1610612745,Houston,Rockets,HOU,rockets,240:00,581.6,116.3,567.0,113.4,14.6,2.9,0.625,1.32,18.5,0.325,0.688,0.523,19.388,19.4,0.601,0.643,1.0,0.973,19.5,97.5,81.25,98.0,0.559,W,1
0022100323,1610612748,Miami,Heat,MIA,heat,240:00,462.0,92.4,596.8,119.4,-134.8,-27.0,0.656,1.62,16.7,0.232,0.75,0.42,14.13,14.1,0.447,0.468,1.0,0.971,18.5,92.5,77.08,92.0,0.292,L,0
0022100323,1610612739,Cleveland,Cavaliers,CLE,cavaliers,240:00,596.8,119.4,462.0,92.4,134.8,27.0,0.73,1.29,21.1,0.25,0.768,0.58,22.581,22.6,0.662,0.71,1.0,0.97,18.5,92.5,77.08,93.0,0.708,W,1
0022100316,1610612756,Phoenix,Suns,PHX,suns,240:00,541.7,108.3,500.0,100.0,41.7,8.3,0.651,2.15,21.1,0.213,0.608,0.418,13.542,13.5,0.563,0.566,1.0,0.981,19.2,96.0,80.0,96.0,0.551,W,1
0022100316,1610612744,Golden State,Warriors,GSW,warriors,240:00,500.0,100.0,541.7,108.3,-41.7,-8.3,0.694,1.09,17.9,0.392,0.787,0.582,23.958,24.0,0.5,0.521,1.0,0.983,19.2,96.0,80.0,96.0,0.449,L,0
0022100315,1610612761,Toronto,Raptors,TOR,raptors,240:00,459.6,91.9,494.9,99.0,-35.4,-7.1,0.389,0.78,10.9,0.291,0.627,0.465,18.182,18.2,0.451,0.473,1.0,0.991,19.8,99.0,82.5,99.0,0.4,L,0
0022100315,1610612763,Memphis,Grizzlies,MEM,grizzlies,240:00,494.9,99.0,459.6,91.9,35.4,7.1,0.5,1.06,12.9,0.373,0.709,0.535,17.172,17.2,0.441,0.483,1.0,0.983,19.8,99.0,82.5,99.0,0.6,W,1
0022100318,1610612758,Sacramento,Kings,SAC,kings,240:00,469.4,93.9,603.1,120.6,-133.7,-26.7,0.629,1.1,16.8,0.224,0.66,0.444,20.408,20.4,0.481,0.519,1.0,0.972,19.5,97.5,81.25,98.0,0.403,L,0
0022100318,1610612747,Los Angeles,Lakers,LAL,lakers,240:00,603.1,120.6,469.4,93.9,133.7,26.7,0.457,1.4,15.6,0.34,0.776,0.556,15.464,15.5,0.56,0.58,1.0,0.991,19.5,97.5,81.25,97.0,0.597,W,1
0022100314,1610612751,Brooklyn,Nets,BKN,nets,240:00,608.7,121.7,585.1,117.0,23.6,4.7,0.659,3.0,20.6,0.283,0.66,0.473,9.783,9.8,0.529,0.583,1.0,1.01,18.6,93.0,77.5,92.0,0.531,W,1
0022100314,1610612752,New York,Knicks,NYK,knicks,240:00,585.1,117.0,608.7,121.7,-23.6,-4.7,0.614,2.45,19.7,0.34,0.717,0.527,11.702,11.7,0.544,0.571,1.0,0.964,18.6,93.0,77.5,94.0,0.469,L,0
0022100317,1610612757,Portland,Trail Blazers,POR,blazers,240:00,555.6,111.1,464.6,92.9,90.9,18.2,0.585,2.18,17.3,0.298,0.755,0.509,11.111,11.1,0.5,0.529,1.0,0.983,19.8,99.0,82.5,99.0,0.575,W,1
0022100317,1610612765,Detroit,Pistons,DET,pistons,240:00,464.6,92.9,555.6,111.1,-90.9,-18.2,0.586,0.89,13.4,0.245,0.702,0.491,19.192,19.2,0.441,0.516,1.0,0.982,19.8,99.0,82.5,99.0,0.425,L,0
0022100305,1610612755,Philadelphia,76ers,PHI,sixers,240:00,495.1,99.0,466.0,93.2,29.1,5.8,0.615,2.18,17.0,0.242,0.815,0.509,10.784,10.8,0.454,0.481,1.0,0.983,20.5,102.5,85.42,102.0,0.511,W,1
0022100305,1610612753,Orlando,Magic,ORL,magic,240:00,466.0,93.2,495.1,99.0,-29.1,-5.8,0.541,1.67,15.0,0.185,0.758,0.491,11.65,11.7,0.456,0.49,1.0,0.973,20.5,102.5,85.42,103.0,0.489,L,0
0022100313,1610612746,LA,Clippers,LAC,clippers,240:00,559.1,111.8,668.5,133.7,-109.3,-21.9,0.459,1.13,14.8,0.132,0.646,0.419,16.129,16.1,0.611,0.64,1.0,0.969,18.5,92.5,77.08,93.0,0.405,L,0
0022100313,1610612740,New Orleans,Pelicans,NOP,pelicans,240:00,668.5,133.7,559.1,111.8,109.3,21.9,0.625,3.75,21.6,0.354,0.868,0.581,8.696,8.7,0.585,0.609,1.0,0.982,18.5,92.5,77.08,92.0,0.595,W,1
0022100312,1610612762,Utah,Jazz,UTA,jazz,240:00,678.9,135.8,563.2,112.6,115.8,23.2,0.638,6.0,22.1,0.262,0.745,0.527,5.263,5.3,0.635,0.651,1.0,0.981,19.0,95.0,79.17,95.0,0.613,W,1
0022100312,1610612757,Portland,Trail Blazers,POR,blazers,240:00,563.2,112.6,678.9,135.8,-115.8,-23.2,0.452,2.11,15.0,0.255,0.738,0.473,9.474,9.5,0.522,0.543,1.0,0.981,19.0,95.0,79.17,95.0,0.387,L,0
0022100311,1610612759,San Antonio,Spurs,SAS,spurs,240:00,644.4,128.9,544.0,108.8,100.5,20.1,0.571,2.8,20.6,0.383,0.698,0.55,11.111,11.1,0.576,0.586,1.0,0.991,18.1,90.5,75.42,90.0,0.579,W,1
0022100311,1610612764,Washington,Wizards,WAS,wizards,240:00,544.0,108.8,644.4,128.9,-100.5,-20.1,0.634,3.71,19.8,0.302,0.617,0.45,7.692,7.7,0.495,0.507,1.0,0.981,18.1,90.5,75.42,91.0,0.421,L,0
0022100307,1610612741,Chicago,Bulls,CHI,bulls,240:00,665.0,133.0,601.0,120.2,64.0,12.8,0.66,3.18,24.3,0.237,0.804,0.548,11.0,11.0,0.674,0.683,1.0,0.982,19.9,99.5,82.92,100.0,0.556,W,1
0022100307,1610612766,Charlotte,Hornets,CHA,hornets,240:00,601.0,120.2,665.0,133.0,-64.0,-12.8,0.548,2.56,17.6,0.196,0.763,0.452,9.091,9.1,0.58,0.612,1.0,0.991,19.9,99.5,82.92,99.0,0.444,L,0
0022100310,1610612742,Dallas,Mavericks,DAL,mavericks,240:00,480.0,96.0,575.8,115.2,-95.8,-19.2,0.513,2.0,15.5,0.17,0.778,0.416,10.0,10.0,0.506,0.502,1.0,0.972,19.9,99.5,82.92,100.0,0.394,L,0
0022100310,1610612739,Cleveland,Cavaliers,CLE,cavaliers,240:00,575.8,115.2,480.0,96.0,95.8,19.2,0.644,1.45,21.3,0.222,0.83,0.584,20.202,20.2,0.625,0.648,1.0,0.981,19.9,99.5,82.92,99.0,0.606,W,1
0022100309,1610612750,Minnesota,Timberwolves,MIN,timberwolves,240:00,500.0,100.0,490.0,98.0,10.0,2.0,0.694,1.79,18.5,0.204,0.719,0.481,14.0,14.0,0.494,0.535,1.0,0.964,20.0,100.0,83.33,100.0,0.506,W,1
0022100309,1610612754,Indiana,Pacers,IND,pacers,240:00,490.0,98.0,500.0,100.0,-10.0,-2.0,0.75,1.93,18.9,0.281,0.796,0.519,14.0,14.0,0.445,0.489,1.0,0.974,20.0,100.0,83.33,100.0,0.494,L,0
0022100306,1610612748,Miami,Heat,MIA,heat,240:00,596.8,119.4,652.2,130.4,-55.4,-11.1,0.744,3.56,23.0,0.314,0.853,0.529,9.677,9.7,0.555,0.569,1.0,0.991,18.5,92.5,77.08,93.0,0.451,L,0
0022100306,1610612743,Denver,Nuggets,DEN,nuggets,240:00,652.2,130.4,596.8,119.4,55.4,11.1,0.744,2.46,24.8,0.147,0.686,0.471,14.13,14.1,0.703,0.721,1.0,0.99,18.5,92.5,77.08,92.0,0.549,W,1
0022100308,1610612745,Houston,Rockets,HOU,rockets,240:00,500.0,100.0,432.0,86.4,68.0,13.6,0.775,2.21,21.2,0.241,0.867,0.559,13.725,13.7,0.495,0.506,1.0,0.983,20.5,102.5,85.42,102.0,0.587,W,1
0022100308,1610612760,Oklahoma City,Thunder,OKC,thunder,240:00,432.0,86.4,500.0,100.0,-68.0,-13.6,0.516,1.23,12.7,0.133,0.759,0.441,12.621,12.6,0.397,0.452,1.0,0.982,20.5,102.5,85.42,103.0,0.413,L,0
0022100301,1610612754,Indiana,Pacers,IND,pacers,240:00,500.0,100.0,590.0,118.0,-90.0,-18.0,0.553,1.62,15.7,0.25,0.702,0.456,13.0,13.0,0.478,0.505,1.0,0.991,20.0,100.0,83.33,100.0,0.379,L,0
0022100301,1610612749,Milwaukee,Bucks,MIL,bucks,240:00,590.0,118.0,500.0,100.0,90.0,18.0,0.587,1.93,19.1,0.298,0.75,0.544,14.0,14.0,0.556,0.592,1.0,0.982,20.0,100.0,83.33,100.0,0.621,W,1
0022100303,1610612763,Memphis,Grizzlies,MEM,grizzlies,240:00,598.1,119.6,476.4,95.3,121.7,24.3,0.6,3.0,19.5,0.309,0.761,0.563,9.346,9.3,0.543,0.567,1.0,0.976,21.3,106.5,88.75,107.0,0.661,W,1
0022100303,1610612758,Sacramento,Kings,SAC,kings,240:00,476.4,95.3,598.1,119.6,-121.7,-24.3,0.515,2.13,12.1,0.239,0.691,0.437,7.547,7.5,0.387,0.446,1.0,0.992,21.3,106.5,88.75,106.0,0.339,L,0
0022100302,1610612761,Toronto,Raptors,TOR,raptors,240:00,500.0,100.0,556.1,111.2,-56.1,-11.2,0.543,1.73,14.5,0.25,0.62,0.418,11.34,11.3,0.446,0.485,1.0,0.982,19.5,97.5,81.25,97.0,0.401,L,0
0022100302,1610612738,Boston,Celtics,BOS,celtics,240:00,556.1,111.2,500.0,100.0,56.1,11.2,0.706,1.33,17.0,0.38,0.75,0.582,18.367,18.4,0.488,0.57,1.0,0.966,19.5,97.5,81.25,98.0,0.599,W,1
0022100300,1610612746,LA,Clippers,LAC,clippers,240:00,450.0,90.0,525.0,105.0,-75.0,-15.0,0.563,0.72,13.3,0.34,0.706,0.525,25.0,25.0,0.456,0.495,1.0,0.974,20.0,100.0,83.33,100.0,0.391,L,0
0022100300,1610612744,Golden State,Warriors,GSW,warriors,240:00,525.0,105.0,450.0,90.0,75.0,15.0,0.658,1.47,18.0,0.294,0.66,0.475,17.0,17.0,0.541,0.549,1.0,0.982,20.0,100.0,83.33,100.0,0.609,W,1
0022100304,1610612747,Los Angeles,Lakers,LAL,lakers,240:00,534.0,106.8,509.6,101.9,24.4,4.9,0.744,2.67,22.5,0.143,0.725,0.44,11.65,11.7,0.552,0.567,1.0,0.991,20.7,103.5,86.25,103.0,0.533,W,1
0022100304,1610612765,Detroit,Pistons,DET,pistons,240:00,509.6,101.9,534.0,106.8,-24.4,-4.9,0.763,1.71,19.7,0.275,0.857,0.56,16.346,16.3,0.5,0.544,1.0,0.975,20.7,103.5,86.25,104.0,0.467,L,0
0022100297,1610612745,Houston,Rockets,HOU,rockets,265:00,669.7,133.9,650.0,130.0,19.7,3.9,0.706,2.4,22.4,0.354,0.643,0.51,13.761,13.8,0.658,0.672,1.0,0.976,19.83,99.17,82.64,109.0,0.511,W,1
0022100297,1610612766,Charlotte,Hornets,CHA,hornets,265:00,650.0,130.0,669.7,133.9,-19.7,-3.9,0.646,2.82,19.4,0.357,0.646,0.49,10.0,10.0,0.563,0.615,1.0,0.969,19.83,99.17,82.64,110.0,0.489,L,0
0022100292,1610612755,Philadelphia,76ers,PHI,sixers,290:00,535.7,107.1,535.4,107.1,0.3,0.1,0.692,1.69,17.4,0.274,0.7,0.464,14.286,14.3,0.484,0.545,1.0,0.984,18.62,93.1,77.59,112.0,0.5,L,0
0022100292,1610612750,Minnesota,Timberwolves,MIN,timberwolves,290:00,535.4,107.1,535.7,107.1,-0.3,-0.1,0.458,1.05,14.8,0.3,0.726,0.536,18.584,18.6,0.573,0.587,1.0,0.976,18.62,93.1,77.59,113.0,0.5,W,1
0022100293,1610612737,Atlanta,Hawks,ATL,hawks,240:00,489.1,97.8,526.6,105.3,-37.5,-7.5,0.545,2.57,14.2,0.279,0.796,0.509,7.609,7.6,0.403,0.442,1.0,0.991,18.6,93.0,77.5,92.0,0.452,L,0
0022100293,1610612752,New York,Knicks,NYK,knicks,240:00,526.6,105.3,489.1,97.8,37.5,7.5,0.556,2.0,16.1,0.204,0.721,0.491,10.638,10.6,0.506,0.54,1.0,0.971,18.6,93.0,77.5,94.0,0.548,W,1
0022100299,1610612762,Utah,Jazz,UTA,jazz,240:00,628.7,125.7,525.0,105.0,103.7,20.7,0.533,1.33,18.0,0.205,0.684,0.49,17.822,17.8,0.688,0.708,1.0,0.982,20.1,100.5,83.75,101.0,0.571,W,1
0022100299,1610612740,New Orleans,Pelicans,NOP,pelicans,240:00,525.0,105.0,628.7,125.7,-103.7,-20.7,0.675,1.8,18.6,0.316,0.795,0.51,15.0,15.0,0.473,0.513,1.0,0.975,20.1,100.5,83.75,100.0,0.429,L,0
0022100298,1610612742,Dallas,Mavericks,DAL,mavericks,240:00,587.6,117.5,631.6,126.3,-44.0,-8.8,0.548,3.29,17.4,0.24,0.75,0.453,7.216,7.2,0.551,0.578,1.0,0.963,19.2,96.0,80.0,97.0,0.438,L,0
0022100298,1610612764,Washington,Wizards,WAS,wizards,240:00,631.6,126.3,587.6,117.5,44.0,8.8,0.622,1.87,21.2,0.25,0.76,0.547,15.789,15.8,0.635,0.671,1.0,0.99,19.2,96.0,80.0,95.0,0.562,W,1
0022100295,1610612739,Cleveland,Cavaliers,CLE,cavaliers,240:00,535.7,107.1,479.2,95.8,56.5,11.3,0.683,2.15,20.4,0.255,0.786,0.533,13.265,13.3,0.533,0.551,1.0,0.982,19.4,97.0,80.83,98.0,0.569,W,1
0022100295,1610612753,Orlando,Magic,ORL,magic,240:00,479.2,95.8,535.7,107.1,-56.5,-11.3,0.6,2.33,16.3,0.214,0.745,0.467,9.375,9.4,0.443,0.469,1.0,0.991,19.4,97.0,80.83,96.0,0.431,L,0
0022100296,1610612741,Chicago,Bulls,CHI,bulls,240:00,536.1,107.2,545.9,109.2,-9.8,-2.0,0.579,0.96,16.4,0.341,0.78,0.574,23.711,23.7,0.537,0.576,1.0,0.991,19.5,97.5,81.25,97.0,0.478,L,0
0022100296,1610612748,Miami,Heat,MIA,heat,240:00,545.9,109.2,536.1,107.2,9.8,2.0,0.622,2.3,17.6,0.22,0.659,0.426,10.204,10.2,0.512,0.559,1.0,0.981,19.5,97.5,81.25,98.0,0.522,W,1
0022100294,1610612751,Brooklyn,Nets,BKN,nets,240:00,529.7,105.9,548.5,109.7,-18.8,-3.8,0.595,1.25,18.1,0.273,0.717,0.515,19.802,19.8,0.542,0.574,1.0,1.0,20.4,102.0,85.0,101.0,0.522,L,0
0022100294,1610612756,Phoenix,Suns,PHX,suns,240:00,548.5,109.7,529.7,105.9,18.8,3.8,0.415,1.31,12.7,0.283,0.727,0.485,12.621,12.6,0.516,0.558,1.0,0.974,20.4,102.0,85.0,103.0,0.478,W,1
0022100285,1610612763,Memphis,Grizzlies,MEM,grizzlies,240:00,500.0,100.0,653.5,130.7,-153.5,-30.7,0.73,2.08,19.3,0.224,0.718,0.423,13.0,13.0,0.473,0.503,1.0,0.991,20.1,100.5,83.75,100.0,0.344,L,0
0022100285,1610612737,Atlanta,Hawks,ATL,hawks,240:00,653.5,130.7,500.0,100.0,153.5,30.7,0.635,2.75,22.9,0.282,0.776,0.577,11.881,11.9,0.657,0.672,1.0,0.982,20.1,100.5,83.75,101.0,0.656,W,1
0022100287,1610612759,San Antonio,Spurs,SAS,spurs,240:00,500.0,100.0,458.3,91.7,41.7,8.3,0.553,1.91,16.3,0.25,0.77,0.531,11.458,11.5,0.471,0.503,1.0,0.972,19.2,96.0,80.0,96.0,0.589,W,1
0022100287,1610612738,Boston,Celtics,BOS,celtics,240:00,458.3,91.7,500.0,100.0,-41.7,-8.3,0.588,1.82,15.4,0.23,0.75,0.469,11.458,11.5,0.424,0.446,1.0,0.982,19.2,96.0,80.0,96.0,0.411,L,0
0022100284,1610612754,Indiana,Pacers,IND,pacers,240:00,600.0,120.0,516.0,103.2,84.0,16.8,0.66,2.38,20.9,0.431,0.714,0.579,13.684,13.7,0.541,0.56,1.0,0.966,18.9,94.5,78.75,95.0,0.615,W,1
0022100284,1610612761,Toronto,Raptors,TOR,raptors,240:00,516.0,103.2,600.0,120.0,-84.0,-16.8,0.459,1.55,13.4,0.286,0.569,0.421,11.702,11.7,0.455,0.491,1.0,0.982,18.9,94.5,78.75,94.0,0.385,L,0
0022100290,1610612744,Golden State,Warriors,GSW,warriors,240:00,608.2,121.6,515.0,103.0,93.2,18.6,0.66,2.07,22.3,0.268,0.765,0.543,15.464,15.5,0.609,0.627,1.0,1.0,19.7,98.5,82.08,97.0,0.581,W,1
0022100290,1610612757,Portland,Trail Blazers,POR,blazers,240:00,515.0,103.0,608.2,121.6,-93.2,-18.6,0.639,2.3,17.0,0.235,0.732,0.457,10.0,10.0,0.494,0.536,1.0,0.955,19.7,98.5,82.08,100.0,0.419,L,0
0022100280,1610612746,LA,Clippers,LAC,clippers,240:00,514.4,102.9,466.0,93.2,48.4,9.7,0.667,1.73,18.2,0.25,0.759,0.518,14.423,14.4,0.489,0.538,1.0,0.966,20.7,103.5,86.25,104.0,0.57,W,1
0022100280,1610612765,Detroit,Pistons,DET,pistons,240:00,466.0,93.2,514.4,102.9,-48.4,-9.7,0.515,1.13,12.7,0.241,0.75,0.482,14.563,14.6,0.411,0.473,1.0,0.991,20.7,103.5,86.25,103.0,0.43,L,0
0022100288,1610612743,Denver,Nuggets,DEN,nuggets,240:00,567.7,113.5,625.0,125.0,-57.3,-11.5,0.6,3.0,18.2,0.231,0.71,0.41,8.333,8.3,0.527,0.555,1.0,0.981,19.2,96.0,80.0,96.0,0.422,L,0
0022100288,1610612749,Milwaukee,Bucks,MIL,bucks,240:00,625.0,125.0,567.7,113.5,57.3,11.5,0.522,1.09,18.6,0.29,0.769,0.59,22.917,22.9,0.74,0.733,1.0,0.952,19.2,96.0,80.0,96.0,0.578,W,1
0022100286,1610612760,Oklahoma City,Thunder,OKC,thunder,240:00,515.6,103.1,531.6,106.3,-16.0,-3.2,0.605,2.3,16.9,0.298,0.854,0.531,10.417,10.4,0.463,0.494,1.0,0.965,19.1,95.5,79.58,96.0,0.468,L,0
0022100286,1610612764,Washington,Wizards,WAS,wizards,240:00,531.6,106.3,515.6,103.1,16.0,3.2,0.447,1.13,14.4,0.146,0.702,0.469,15.789,15.8,0.544,0.59,1.0,0.99,19.1,95.5,79.58,95.0,0.532,W,1
0022100283,1610612753,Orlando,Magic,ORL,magic,240:00,440.0,88.0,627.6,125.5,-187.6,-37.5,0.6,1.2,13.7,0.236,0.805,0.479,15.0,15.0,0.419,0.472,1.0,0.947,19.8,99.0,82.5,100.0,0.315,L,0
0022100283,1610612741,Chicago,Bulls,CHI,bulls,240:00,627.6,125.5,440.0,88.0,187.6,37.5,0.667,2.29,23.2,0.195,0.764,0.521,14.286,14.3,0.657,0.661,1.0,0.991,19.8,99.0,82.5,98.0,0.685,W,1
0022100289,1610612762,Utah,Jazz,UTA,jazz,240:00,505.2,101.0,505.2,101.0,0.1,0.0,0.472,0.94,13.6,0.261,0.731,0.51,18.75,18.8,0.531,0.552,1.0,0.981,19.3,96.5,80.42,96.0,0.466,L,0
0022100289,1610612740,New Orleans,Pelicans,NOP,pelicans,240:00,505.2,101.0,505.2,101.0,-0.1,0.0,0.711,1.93,19.7,0.269,0.739,0.49,14.433,14.4,0.489,0.517,1.0,0.982,19.3,96.5,80.42,97.0,0.534,W,1
0022100281,1610612766,Charlotte,Hornets,CHA,hornets,240:00,639.4,127.9,558.3,111.7,81.2,16.2,0.653,2.0,22.4,0.2,0.69,0.49,15.385,15.4,0.688,0.703,1.0,0.982,20.7,103.5,86.25,104.0,0.586,W,1
0022100281,1610612750,Minnesota,Timberwolves,MIN,timberwolves,240:00,558.3,111.7,639.4,127.9,-81.2,-16.2,0.533,2.0,16.6,0.31,0.8,0.51,11.65,11.7,0.505,0.531,1.0,0.992,20.7,103.5,86.25,103.0,0.414,L,0
0022100291,1610612747,Los Angeles,Lakers,LAL,lakers,315:00,543.7,108.7,568.5,113.7,-24.9,-5.0,0.627,1.68,18.8,0.218,0.643,0.456,15.079,15.1,0.574,0.599,1.0,0.964,19.05,95.24,79.37,126.0,0.511,L,0
0022100291,1610612758,Sacramento,Kings,SAC,kings,315:00,568.5,113.7,543.7,108.7,24.9,5.0,0.593,2.13,17.7,0.357,0.782,0.544,12.097,12.1,0.508,0.531,1.0,0.966,19.05,95.24,79.37,124.0,0.489,W,1
0022100282,1610612752,New York,Knicks,NYK,knicks,240:00,494.9,99.0,614.6,122.9,-119.7,-23.9,0.382,0.81,9.7,0.39,0.923,0.602,16.327,16.3,0.435,0.477,1.0,0.959,19.4,97.0,80.83,98.0,0.332,L,0
0022100282,1610612756,Phoenix,Suns,PHX,suns,240:00,614.6,122.9,494.9,99.0,119.7,23.9,0.636,2.55,22.0,0.077,0.61,0.398,11.458,11.5,0.639,0.669,1.0,1.0,19.4,97.0,80.83,96.0,0.668,W,1
0022100271,1610612745,Houston,Rockets,HOU,rockets,240:00,551.4,110.3,523.1,104.6,28.3,5.7,0.643,1.23,18.9,0.227,0.83,0.557,20.561,20.6,0.601,0.63,1.0,0.991,21.5,107.5,89.58,107.0,0.525,W,1
0022100271,1610612741,Chicago,Bulls,CHI,bulls,240:00,523.1,104.6,551.4,110.3,-28.3,-5.7,0.591,1.86,18.3,0.17,0.773,0.443,12.963,13.0,0.536,0.558,1.0,0.974,21.5,107.5,89.58,108.0,0.475,L,0
0022100268,1610612754,Indiana,Pacers,IND,pacers,265:00,537.0,107.4,553.6,110.7,-16.5,-3.3,0.595,2.27,16.8,0.246,0.768,0.488,10.185,10.2,0.466,0.506,1.0,1.0,19.92,99.62,83.02,108.0,0.449,L,0
0022100268,1610612747,Los Angeles,Lakers,LAL,lakers,265:00,553.6,110.7,537.0,107.4,16.5,3.3,0.476,1.67,13.9,0.232,0.754,0.512,10.714,10.7,0.521,0.575,1.0,0.952,19.92,99.62,83.02,112.0,0.551,W,1
0022100267,1610612739,Cleveland,Cavaliers,CLE,cavaliers,240:00,563.7,112.7,582.5,116.5,-18.8,-3.8,0.512,2.2,15.8,0.298,0.711,0.48,9.804,9.8,0.505,0.532,1.0,1.0,20.5,102.5,85.42,102.0,0.445,L,0
0022100267,1610612756,Phoenix,Suns,PHX,suns,240:00,582.5,116.5,563.7,112.7,18.8,3.8,0.578,1.73,18.4,0.289,0.702,0.52,14.563,14.6,0.57,0.61,1.0,0.983,20.5,102.5,85.42,103.0,0.555,W,1
0022100277,1610612759,San Antonio,Spurs,SAS,spurs,240:00,530.0,106.0,626.3,125.3,-96.3,-19.3,0.628,2.25,18.4,0.351,0.744,0.52,12.0,12.0,0.49,0.508,1.0,0.975,19.9,99.5,82.92,100.0,0.406,L,0
0022100277,1610612737,Atlanta,Hawks,ATL,hawks,240:00,626.3,125.3,530.0,106.0,96.3,19.3,0.578,2.36,19.1,0.256,0.649,0.48,11.111,11.1,0.58,0.629,1.0,0.991,19.9,99.5,82.92,99.0,0.594,W,1
0022100278,1610612744,Golden State,Warriors,GSW,warriors,240:00,568.6,113.7,475.2,95.0,93.4,18.7,0.762,2.0,22.9,0.143,0.787,0.483,15.686,15.7,0.619,0.64,1.0,0.981,20.3,101.5,84.58,102.0,0.612,W,1
0022100278,1610612755,Philadelphia,76ers,PHI,sixers,240:00,475.2,95.0,568.6,113.7,-93.4,-18.7,0.5,0.81,13.3,0.213,0.857,0.517,20.792,20.8,0.475,0.535,1.0,0.964,20.3,101.5,84.58,101.0,0.388,L,0
0022100273,1610612749,Milwaukee,Bucks,MIL,bucks,240:00,558.8,111.8,460.4,92.1,98.4,19.7,0.548,1.44,16.8,0.255,0.81,0.573,15.686,15.7,0.569,0.603,1.0,0.965,20.3,101.5,84.58,102.0,0.646,W,1
0022100273,1610612765,Detroit,Pistons,DET,pistons,240:00,460.4,92.1,558.8,111.8,-98.4,-19.7,0.471,1.78,12.5,0.19,0.745,0.427,8.911,8.9,0.416,0.45,1.0,0.991,20.3,101.5,84.58,101.0,0.354,L,0
0022100276,1610612760,Oklahoma City,Thunder,OKC,thunder,240:00,525.3,105.1,550.0,110.0,-24.7,-4.9,0.568,1.62,16.5,0.152,0.82,0.5,13.131,13.1,0.543,0.567,1.0,0.981,19.9,99.5,82.92,99.0,0.459,L,0
0022100276,1610612762,Utah,Jazz,UTA,jazz,240:00,550.0,110.0,525.3,105.1,24.7,4.9,0.487,1.9,14.8,0.18,0.848,0.5,10.0,10.0,0.541,0.58,1.0,0.963,19.9,99.5,82.92,100.0,0.541,W,1
0022100272,1610612763,Memphis,Grizzlies,MEM,grizzlies,240:00,601.1,120.2,663.2,132.6,-62.1,-12.4,0.595,1.67,18.8,0.333,0.644,0.494,15.957,16.0,0.567,0.605,1.0,0.981,18.9,94.5,78.75,94.0,0.464,L,0
0022100272,1610612761,Toronto,Raptors,TOR,raptors,240:00,663.2,132.6,601.1,120.2,62.1,12.4,0.532,2.5,18.4,0.356,0.667,0.506,10.526,10.5,0.607,0.641,1.0,0.982,18.9,94.5,78.75,95.0,0.536,W,1
0022100279,1610612758,Sacramento,Kings,SAC,kings,240:00,618.8,123.8,593.1,118.6,25.7,5.1,0.467,1.5,15.3,0.326,0.667,0.505,13.861,13.9,0.593,0.619,1.0,0.983,20.3,101.5,84.58,101.0,0.505,W,1
0022100279,1610612757,Portland,Trail Blazers,POR,blazers,240:00,593.1,118.6,618.8,123.8,-25.7,-5.1,0.614,1.8,18.5,0.333,0.674,0.495,14.706,14.7,0.532,0.576,1.0,0.975,20.3,101.5,84.58,102.0,0.495,L,0
0022100270,1610612738,Boston,Celtics,BOS,celtics,240:00,530.6,106.1,627.6,125.5,-96.9,-19.4,0.735,2.27,18.0,0.288,0.711,0.471,11.224,11.2,0.434,0.503,1.0,0.991,19.6,98.0,81.67,98.0,0.39,L,0
0022100270,1610612751,Brooklyn,Nets,BKN,nets,240:00,627.6,125.5,530.6,106.1,96.9,19.4,0.674,2.9,20.7,0.289,0.712,0.529,10.204,10.2,0.588,0.626,1.0,0.973,19.6,98.0,81.67,98.0,0.61,W,1
0022100275,1610612740,New Orleans,Pelicans,NOP,pelicans,240:00,593.5,118.7,472.2,94.4,121.2,24.2,0.75,3.0,21.3,0.278,0.741,0.509,10.28,10.3,0.521,0.577,1.0,0.984,21.5,107.5,89.58,107.0,0.653,W,1
0022100275,1610612764,Washington,Wizards,WAS,wizards,240:00,472.2,94.4,593.5,118.7,-121.2,-24.2,0.639,1.21,15.9,0.259,0.722,0.491,17.593,17.6,0.47,0.511,1.0,0.975,21.5,107.5,89.58,108.0,0.347,L,0
0022100274,1610612750,Minnesota,Timberwolves,MIN,timberwolves,240:00,553.9,110.8,485.6,97.1,68.3,13.7,0.632,1.33,16.8,0.309,0.851,0.559,17.647,17.6,0.505,0.553,1.0,0.983,20.6,103.0,85.83,102.0,0.556,W,1
0022100274,1610612748,Miami,Heat,MIA,heat,240:00,485.6,97.1,553.9,110.8,-68.3,-13.7,0.758,1.19,18.4,0.149,0.691,0.441,20.192,20.2,0.547,0.582,1.0,0.964,20.6,103.0,85.83,104.0,0.444,L,0
0022100269,1610612753,Orlando,Magic,ORL,magic,240:00,500.0,100.0,540.8,108.2,-40.8,-8.2,0.605,1.53,16.8,0.273,0.768,0.523,15.152,15.2,0.489,0.508,1.0,0.974,19.7,98.5,82.08,99.0,0.437,L,0
0022100269,1610612766,Charlotte,Hornets,CHA,hornets,240:00,540.8,108.2,500.0,100.0,40.8,8.2,0.667,2.6,19.0,0.232,0.727,0.477,10.204,10.2,0.484,0.518,1.0,1.0,19.7,98.5,82.08,98.0,0.563,W,1
0022100266,1610612746,LA,Clippers,LAC,clippers,265:00,514.9,103.0,560.0,112.0,-45.1,-9.0,0.486,0.89,12.5,0.34,0.686,0.51,18.812,18.8,0.471,0.532,1.0,0.958,18.2,91.02,75.85,101.0,0.438,L,0
0022100266,1610612742,Dallas,Mavericks,DAL,mavericks,265:00,560.0,112.0,514.9,103.0,45.1,9.0,0.564,1.47,15.9,0.314,0.66,0.49,15.0,15.0,0.506,0.555,1.0,0.974,18.2,91.02,75.85,100.0,0.562,W,1
0022100264,1610612752,New York,Knicks,NYK,knicks,240:00,530.0,106.0,495.0,99.0,35.0,7.0,0.622,1.35,17.4,0.191,0.726,0.495,17.0,17.0,0.543,0.581,1.0,0.963,20.1,100.5,83.75,100.0,0.546,W,1
0022100264,1610612747,Los Angeles,Lakers,LAL,lakers,240:00,495.0,99.0,530.0,106.0,-35.0,-7.0,0.676,1.92,16.3,0.274,0.809,0.505,11.881,11.9,0.434,0.48,1.0,0.975,20.1,100.5,83.75,101.0,0.454,L,0
0022100265,1610612757,Portland,Trail Blazers,POR,blazers,240:00,633.0,126.6,537.6,107.5,95.3,19.1,0.556,2.78,18.8,0.311,0.78,0.535,9.574,9.6,0.597,0.615,1.0,0.981,18.7,93.5,77.92,94.0,0.567,W,1
0022100265,1610612743,Denver,Nuggets,DEN,nuggets,240:00,537.6,107.5,633.0,126.6,-95.3,-19.1,0.684,1.37,20.3,0.22,0.689,0.465,20.43,20.4,0.583,0.604,1.0,0.971,18.7,93.5,77.92,93.0,0.433,L,0
0022100263,1610612765,Detroit,Pistons,DET,pistons,240:00,489.4,97.9,531.9,106.4,-42.6,-8.5,0.629,1.47,17.3,0.216,0.674,0.426,15.957,16.0,0.476,0.51,1.0,0.971,18.8,94.0,78.33,94.0,0.405,L,0
0022100263,1610612748,Miami,Heat,MIA,heat,240:00,531.9,106.4,489.4,97.9,42.6,8.5,0.629,1.29,17.1,0.326,0.784,0.574,18.085,18.1,0.52,0.563,1.0,0.981,18.8,94.0,78.33,94.0,0.595,W,1
0022100256,1610612738,Boston,Celtics,BOS,celtics,240:00,514.3,102.9,432.7,86.5,81.6,16.3,0.487,1.27,13.8,0.259,0.893,0.582,14.286,14.3,0.489,0.538,1.0,0.958,20.9,104.5,87.08,105.0,0.613,W,1
0022100256,1610612745,Houston,Rockets,HOU,rockets,240:00,432.7,86.5,514.3,102.9,-81.6,-16.3,0.613,1.27,14.7,0.107,0.741,0.418,14.423,14.4,0.44,0.481,1.0,0.973,20.9,104.5,87.08,104.0,0.388,L,0
0022100262,1610612758,Sacramento,Kings,SAC,kings,240:00,505.4,101.1,548.4,109.7,-43.0,-8.6,0.515,1.21,13.5,0.32,0.731,0.529,15.054,15.1,0.456,0.507,1.0,0.972,18.6,93.0,77.5,93.0,0.438,L,0
0022100262,1610612755,Philadelphia,76ers,PHI,sixers,240:00,548.4,109.7,505.4,101.1,43.0,8.6,0.528,2.71,15.1,0.269,0.68,0.471,7.527,7.5,0.476,0.526,1.0,0.981,18.6,93.0,77.5,93.0,0.562,W,1
0022100258,1610612749,Milwaukee,Bucks,MIL,bucks,240:00,621.2,124.2,464.6,92.9,156.6,31.3,0.636,2.15,19.2,0.377,0.677,0.539,13.131,13.1,0.564,0.588,1.0,0.983,19.8,99.0,82.5,99.0,0.674,W,1
0022100258,1610612753,Orlando,Magic,ORL,magic,240:00,464.6,92.9,621.2,124.2,-156.6,-31.3,0.471,1.0,11.9,0.323,0.623,0.461,16.162,16.2,0.425,0.456,1.0,0.983,19.8,99.0,82.5,99.0,0.326,L,0
0022100257,1610612741,Chicago,Bulls,CHI,bulls,240:00,409.6,81.9,573.7,114.7,-164.1,-32.8,0.419,1.44,11.3,0.14,0.667,0.389,9.574,9.6,0.4,0.42,1.0,0.99,18.9,94.5,78.75,94.0,0.279,L,0
0022100257,1610612754,Indiana,Pacers,IND,pacers,240:00,573.7,114.7,409.6,81.9,164.1,32.8,0.675,2.08,19.6,0.333,0.86,0.611,13.684,13.7,0.517,0.557,1.0,0.982,18.9,94.5,78.75,95.0,0.721,W,1
0022100253,1610612739,Cleveland,Cavaliers,CLE,cavaliers,240:00,538.5,107.7,573.5,114.7,-35.1,-7.0,0.667,1.6,16.4,0.362,0.784,0.56,14.423,14.4,0.462,0.53,1.0,0.967,20.6,103.0,85.83,104.0,0.473,L,0
0022100253,1610612751,Brooklyn,Nets,BKN,nets,240:00,573.5,114.7,538.5,107.7,35.1,7.0,0.711,3.2,22.1,0.216,0.638,0.44,9.804,9.8,0.532,0.568,1.0,0.991,20.6,103.0,85.83,102.0,0.527,W,1
0022100261,1610612762,Utah,Jazz,UTA,jazz,240:00,590.0,118.0,589.1,117.8,0.9,0.2,0.634,1.86,18.7,0.26,0.667,0.471,14.0,14.0,0.569,0.602,1.0,0.982,20.1,100.5,83.75,100.0,0.493,L,0
0022100261,1610612763,Memphis,Grizzlies,MEM,grizzlies,240:00,589.1,117.8,590.0,118.0,-0.9,-0.2,0.571,3.43,17.0,0.333,0.74,0.529,6.931,6.9,0.511,0.557,1.0,0.983,20.1,100.5,83.75,101.0,0.507,W,1
0022100260,1610612759,San Antonio,Spurs,SAS,spurs,240:00,555.0,111.0,569.3,113.9,-14.3,-2.9,0.469,1.53,16.5,0.327,0.717,0.516,15.0,15.0,0.554,0.555,1.0,0.991,20.1,100.5,83.75,100.0,0.479,L,0
0022100260,1610612756,Phoenix,Suns,PHX,suns,240:00,569.3,113.9,555.0,111.0,14.3,2.9,0.556,1.67,18.1,0.283,0.673,0.484,14.851,14.9,0.58,0.605,1.0,0.973,20.1,100.5,83.75,101.0,0.521,W,1
0022100255,1610612737,Atlanta,Hawks,ATL,hawks,240:00,607.5,121.5,531.6,106.3,75.9,15.2,0.595,3.13,19.7,0.2,0.621,0.437,8.602,8.6,0.563,0.601,1.0,0.99,18.8,94.0,78.33,93.0,0.564,W,1
0022100255,1610612760,Oklahoma City,Thunder,OKC,thunder,240:00,531.6,106.3,607.5,121.5,-75.9,-15.2,0.615,2.4,17.0,0.379,0.8,0.563,10.526,10.5,0.454,0.49,1.0,0.949,18.8,94.0,78.33,95.0,0.436,L,0
0022100259,1610612740,New Orleans,Pelicans,NOP,pelicans,240:00,484.8,97.0,550.0,110.0,-65.2,-13.0,0.649,1.04,16.8,0.385,0.594,0.5,23.232,23.2,0.455,0.5,1.0,0.975,19.9,99.5,82.92,99.0,0.445,L,0
0022100259,1610612750,Minnesota,Timberwolves,MIN,timberwolves,240:00,550.0,110.0,484.8,97.0,65.2,13.0,0.525,1.75,14.4,0.406,0.615,0.5,12.0,12.0,0.45,0.49,1.0,0.984,19.9,99.5,82.92,100.0,0.555,W,1
0022100254,1610612764,Washington,Wizards,WAS,wizards,240:00,495.2,99.0,534.3,106.9,-39.1,-7.8,0.639,1.28,15.1,0.431,0.842,0.635,17.308,17.3,0.431,0.486,1.0,0.969,20.6,103.0,85.83,104.0,0.517,L,0
0022100254,1610612766,Charlotte,Hornets,CHA,hornets,240:00,534.3,106.9,495.2,99.0,39.1,7.8,0.525,2.1,15.9,0.158,0.569,0.365,9.804,9.8,0.522,0.537,1.0,1.0,20.6,103.0,85.83,102.0,0.483,W,1
0022100252,1610612744,Golden State,Warriors,GSW,warriors,240:00,613.4,122.7,547.4,109.5,66.0,13.2,0.795,1.94,22.3,0.268,0.646,0.5,16.495,16.5,0.633,0.664,1.0,0.963,19.2,96.0,80.0,97.0,0.62,W,1
0022100252,1610612761,Toronto,Raptors,TOR,raptors,240:00,547.4,109.5,613.4,122.7,-66.0,-13.2,0.641,2.27,17.5,0.354,0.732,0.5,11.579,11.6,0.47,0.482,1.0,0.992,19.2,96.0,80.0,95.0,0.38,L,0
0022100249,1610612765,Detroit,Pistons,DET,pistons,240:00,557.7,111.5,587.4,117.5,-29.7,-5.9,0.628,2.45,18.8,0.259,0.688,0.461,10.577,10.6,0.515,0.546,1.0,1.0,20.7,103.5,86.25,104.0,0.441,L,0
0022100249,1610612747,Los Angeles,Lakers,LAL,lakers,240:00,587.4,117.5,557.7,111.5,29.7,5.9,0.644,2.23,19.7,0.313,0.741,0.539,12.621,12.6,0.543,0.582,1.0,0.992,20.7,103.5,86.25,103.0,0.559,W,1
0022100248,1610612746,LA,Clippers,LAC,clippers,240:00,533.0,106.6,500.0,100.0,33.0,6.6,0.5,1.2,15.1,0.238,0.755,0.516,16.484,16.5,0.56,0.585,1.0,0.97,18.2,91.0,75.83,91.0,0.533,W,1
0022100248,1610612742,Dallas,Mavericks,DAL,mavericks,240:00,500.0,100.0,533.0,106.6,-33.0,-6.6,0.618,2.1,16.9,0.245,0.762,0.484,10.989,11.0,0.446,0.5,1.0,0.981,18.2,91.0,75.83,91.0,0.467,L,0
0022100251,1610612756,Phoenix,Suns,PHX,suns,240:00,642.9,128.6,489.9,98.0,153.0,30.6,0.739,2.62,23.8,0.256,0.733,0.534,13.265,13.3,0.592,0.64,1.0,0.972,19.7,98.5,82.08,98.0,0.691,W,1
0022100251,1610612743,Denver,Nuggets,DEN,nuggets,240:00,489.9,98.0,642.9,128.6,-153.0,-30.6,0.606,2.0,14.8,0.267,0.744,0.466,10.101,10.1,0.428,0.474,1.0,0.974,19.7,98.5,82.08,99.0,0.309,L,0
0022100250,1610612741,Chicago,Bulls,CHI,bulls,240:00,579.8,116.0,547.9,109.6,31.9,6.4,0.568,2.1,15.8,0.34,0.686,0.51,10.638,10.6,0.483,0.546,1.0,0.973,18.8,94.0,78.33,94.0,0.533,W,1
0022100250,1610612752,New York,Knicks,NYK,knicks,240:00,547.9,109.6,579.8,116.0,-31.9,-6.4,0.457,1.14,12.8,0.314,0.66,0.49,14.894,14.9,0.458,0.527,1.0,0.991,18.8,94.0,78.33,94.0,0.467,L,0
0022100244,1610612749,Milwaukee,Bucks,MIL,bucks,240:00,562.5,112.5,519.2,103.8,43.3,8.7,0.676,1.79,17.7,0.24,0.82,0.559,13.462,13.5,0.567,0.595,1.0,0.983,20.8,104.0,86.67,104.0,0.588,W,1
0022100244,1610612753,Orlando,Magic,ORL,magic,240:00,519.2,103.8,562.5,112.5,-43.3,-8.7,0.667,2.6,18.6,0.18,0.76,0.441,9.615,9.6,0.495,0.518,1.0,0.991,20.8,104.0,86.67,104.0,0.412,L,0
0022100245,1610612750,Minnesota,Timberwolves,MIN,timberwolves,240:00,704.1,140.8,489.7,97.9,214.4,42.9,0.571,2.15,19.2,0.426,0.661,0.553,13.265,13.3,0.648,0.668,1.0,0.983,19.5,97.5,81.25,98.0,0.717,W,1
0022100245,1610612763,Memphis,Grizzlies,MEM,grizzlies,240:00,489.7,97.9,704.1,140.8,-214.4,-42.9,0.724,1.31,15.3,0.339,0.574,0.447,16.495,16.5,0.404,0.483,1.0,0.974,19.5,97.5,81.25,97.0,0.283,L,0
0022100240,1610612754,Indiana,Pacers,IND,pacers,240:00,538.8,107.8,456.3,91.3,82.5,16.5,0.667,2.55,20.1,0.176,0.774,0.481,10.68,10.7,0.538,0.561,1.0,0.982,20.6,103.0,85.83,103.0,0.582,W,1
0022100240,1610612740,New Orleans,Pelicans,NOP,pelicans,240:00,456.3,91.3,538.8,107.8,-82.5,-16.5,0.486,1.06,12.9,0.226,0.824,0.519,15.534,15.5,0.432,0.488,1.0,0.983,20.6,103.0,85.83,103.0,0.418,L,0
0022100242,1610612737,Atlanta,Hawks,ATL,hawks,240:00,580.8,116.2,541.2,108.2,39.6,7.9,0.558,2.0,18.3,0.214,0.651,0.476,12.121,12.1,0.598,0.63,1.0,0.972,19.6,98.0,81.67,99.0,0.579,W,1
0022100242,1610612766,Charlotte,Hornets,CHA,hornets,240:00,541.2,108.2,580.8,116.2,-39.6,-7.9,0.605,2.6,17.9,0.349,0.786,0.524,10.309,10.3,0.471,0.483,1.0,1.0,19.6,98.0,81.67,97.0,0.421,L,0
0022100247,1610612758,Sacramento,Kings,SAC,kings,240:00,546.9,109.4,627.6,125.5,-80.7,-16.1,0.488,2.5,15.7,0.208,0.63,0.404,8.333,8.3,0.505,0.524,1.0,1.0,19.4,97.0,80.83,96.0,0.425,L,0
0022100247,1610612762,Utah,Jazz,UTA,jazz,240:00,627.6,125.5,546.9,109.4,80.7,16.1,0.435,1.54,15.0,0.37,0.792,0.596,13.265,13.3,0.599,0.624,1.0,0.965,19.4,97.0,80.83,98.0,0.575,W,1
0022100243,1610612738,Boston,Celtics,BOS,celtics,240:00,584.2,116.8,558.5,111.7,25.7,5.1,0.683,4.0,21.2,0.188,0.683,0.463,7.368,7.4,0.563,0.589,1.0,0.971,18.9,94.5,78.75,95.0,0.577,W,1
0022100243,1610612760,Oklahoma City,Thunder,OKC,thunder,240:00,558.5,111.7,584.2,116.8,-25.7,-5.1,0.59,2.3,16.9,0.317,0.813,0.537,10.638,10.6,0.5,0.51,1.0,0.982,18.9,94.5,78.75,94.0,0.423,L,0
0022100239,1610612752,New York,Knicks,NYK,knicks,240:00,524.8,105.0,490.1,98.0,34.7,6.9,0.758,1.67,18.8,0.152,0.688,0.426,14.851,14.9,0.538,0.593,1.0,0.954,20.2,101.0,84.17,101.0,0.566,W,1
0022100239,1610612745,Houston,Rockets,HOU,rockets,240:00,490.1,98.0,524.8,105.0,-34.7,-6.9,0.553,0.95,15.3,0.313,0.848,0.574,21.782,21.8,0.512,0.528,1.0,0.983,20.2,101.0,84.17,101.0,0.434,L,0
0022100241,1610612764,Washington,Wizards,WAS,wizards,240:00,565.9,113.2,537.6,107.5,28.3,5.7,0.611,1.1,17.6,0.3,0.659,0.488,21.978,22.0,0.561,0.612,1.0,0.99,18.4,92.0,76.67,91.0,0.522,W,1
0022100241,1610612748,Miami,Heat,MIA,heat,240:00,537.6,107.5,565.9,113.2,-28.3,-5.7,0.553,1.5,16.3,0.341,0.7,0.512,15.054,15.1,0.512,0.557,1.0,0.944,18.4,92.0,76.67,93.0,0.478,L,0
0022100246,1610612757,Portland,Trail Blazers,POR,blazers,240:00,614.6,122.9,578.1,115.6,36.5,7.3,0.575,1.77,18.1,0.225,0.833,0.537,13.542,13.5,0.594,0.655,1.0,0.981,19.2,96.0,80.0,96.0,0.537,W,1
0022100246,1610612755,Philadelphia,76ers,PHI,sixers,240:00,578.1,115.6,614.6,122.9,-36.5,-7.3,0.585,2.0,19.0,0.167,0.775,0.463,12.5,12.5,0.568,0.615,1.0,0.98,19.2,96.0,80.0,96.0,0.463,L,0
0022100238,1610612758,Sacramento,Kings,SAC,kings,240:00,468.4,93.7,568.4,113.7,-100.0,-20.0,0.469,1.0,11.9,0.276,0.625,0.434,15.789,15.8,0.435,0.468,1.0,0.973,19.0,95.0,79.17,95.0,0.36,L,0
0022100238,1610612761,Toronto,Raptors,TOR,raptors,240:00,568.4,113.7,468.4,93.7,100.0,20.0,0.526,1.18,15.0,0.375,0.724,0.566,17.895,17.9,0.524,0.571,1.0,0.965,19.0,95.0,79.17,95.0,0.64,W,1
0022100234,1610612749,Milwaukee,Bucks,MIL,bucks,240:00,484.8,97.0,454.1,90.8,30.8,6.2,0.677,1.62,16.3,0.204,0.762,0.504,13.131,13.1,0.446,0.508,1.0,0.981,19.7,98.5,82.08,99.0,0.602,W,1
0022100234,1610612760,Oklahoma City,Thunder,OKC,thunder,240:00,454.1,90.8,484.8,97.0,-30.8,-6.2,0.531,1.42,13.2,0.238,0.796,0.496,12.245,12.2,0.418,0.444,1.0,1.0,19.7,98.5,82.08,98.0,0.398,L,0
0022100235,1610612740,New Orleans,Pelicans,NOP,pelicans,240:00,500.0,100.0,435.5,87.1,64.5,12.9,0.5,1.46,15.2,0.26,0.807,0.551,13.83,13.8,0.511,0.519,1.0,0.981,18.7,93.5,77.92,94.0,0.574,W,1
0022100235,1610612746,LA,Clippers,LAC,clippers,240:00,435.5,87.1,500.0,100.0,-64.5,-12.9,0.647,1.83,17.6,0.193,0.74,0.449,12.903,12.9,0.428,0.439,1.0,0.99,18.7,93.5,77.92,93.0,0.426,L,0
0022100232,1610612738,Boston,Celtics,BOS,celtics,240:00,650.0,130.0,545.5,109.1,104.5,20.9,0.5,1.57,15.3,0.449,0.833,0.639,14.0,14.0,0.563,0.621,1.0,0.959,19.9,99.5,82.92,100.0,0.62,W,1
0022100232,1610612747,Los Angeles,Lakers,LAL,lakers,240:00,545.5,109.1,650.0,130.0,-104.5,-20.9,0.513,1.67,15.7,0.167,0.551,0.361,12.121,12.1,0.536,0.571,1.0,0.991,19.9,99.5,82.92,99.0,0.38,L,0
0022100233,1610612751,Brooklyn,Nets,BKN,nets,240:00,586.7,117.3,582.5,116.5,4.3,0.9,0.463,1.73,14.2,0.333,0.66,0.495,11.224,11.2,0.505,0.564,1.0,0.974,19.5,97.5,81.25,98.0,0.513,W,1
0022100233,1610612753,Orlando,Magic,ORL,magic,240:00,582.5,116.5,586.7,117.3,-4.3,-0.9,0.65,2.0,18.6,0.34,0.667,0.505,13.402,13.4,0.528,0.565,1.0,0.991,19.5,97.5,81.25,97.0,0.487,L,0
0022100231,1610612765,Detroit,Pistons,DET,pistons,240:00,548.4,109.7,570.7,114.1,-22.3,-4.5,0.656,1.62,16.2,0.333,0.581,0.447,13.978,14.0,0.488,0.547,1.0,0.972,18.5,92.5,77.08,93.0,0.464,L,0
0022100231,1610612744,Golden State,Warriors,GSW,warriors,240:00,570.7,114.1,548.4,109.7,22.3,4.5,0.579,1.16,16.7,0.419,0.667,0.553,20.652,20.7,0.55,0.588,1.0,0.982,18.5,92.5,77.08,92.0,0.536,W,1
0022100236,1610612743,Denver,Nuggets,DEN,nuggets,240:00,551.0,110.2,587.6,117.5,-36.6,-7.3,0.615,1.71,18.2,0.227,0.635,0.448,14.286,14.3,0.561,0.595,1.0,0.944,19.5,97.5,81.25,98.0,0.476,L,0
0022100236,1610612741,Chicago,Bulls,CHI,bulls,240:00,587.6,117.5,551.0,110.2,36.6,7.3,0.463,1.73,14.1,0.365,0.773,0.552,11.34,11.3,0.484,0.55,1.0,0.991,19.5,97.5,81.25,97.0,0.524,W,1
0022100230,1610612766,Charlotte,Hornets,CHA,hornets,240:00,576.2,115.2,556.6,111.3,19.6,3.9,0.636,1.65,20.1,0.15,0.824,0.527,16.19,16.2,0.617,0.648,1.0,0.991,21.1,105.5,87.92,105.0,0.546,W,1
0022100230,1610612754,Indiana,Pacers,IND,pacers,240:00,556.6,111.3,576.2,115.2,-19.6,-3.9,0.463,1.9,14.3,0.176,0.85,0.473,9.434,9.4,0.528,0.578,1.0,0.982,21.1,105.5,87.92,106.0,0.454,L,0
0022100237,1610612756,Phoenix,Suns,PHX,suns,240:00,554.5,110.9,520.0,104.0,34.5,6.9,0.636,1.56,19.9,0.279,0.8,0.571,17.822,17.8,0.6,0.614,1.0,0.965,20.1,100.5,83.75,101.0,0.542,W,1
0022100237,1610612742,Dallas,Mavericks,DAL,mavericks,240:00,520.0,104.0,554.5,110.9,-34.5,-6.9,0.676,2.5,18.4,0.2,0.721,0.429,10.0,10.0,0.478,0.519,1.0,0.991,20.1,100.5,83.75,100.0,0.458,L,0
0022100229,1610612762,Utah,Jazz,UTA,jazz,240:00,607.1,121.4,525.5,105.1,81.6,16.3,0.773,1.42,23.4,0.389,0.679,0.565,24.49,24.5,0.669,0.694,1.0,0.982,19.6,98.0,81.67,98.0,0.604,W,1
0022100229,1610612761,Toronto,Raptors,TOR,raptors,240:00,525.5,105.1,607.1,121.4,-81.6,-16.3,0.615,1.85,17.3,0.321,0.611,0.435,13.265,13.3,0.468,0.507,1.0,0.983,19.6,98.0,81.67,98.0,0.396,L,0
0022100227,1610612750,Minnesota,Timberwolves,MIN,timberwolves,240:00,611.7,122.3,473.7,94.7,138.0,27.6,0.732,2.31,22.1,0.277,0.769,0.535,13.83,13.8,0.599,0.621,1.0,0.991,18.9,94.5,78.75,94.0,0.582,W,1
0022100227,1610612759,San Antonio,Spurs,SAS,spurs,240:00,473.7,94.7,611.7,122.3,-138.0,-27.6,0.743,2.17,19.5,0.231,0.723,0.465,12.632,12.6,0.452,0.487,1.0,0.972,18.9,94.5,78.75,95.0,0.418,L,0
0022100228,1610612743,Denver,Nuggets,DEN,nuggets,240:00,478.5,95.7,553.8,110.8,-75.3,-15.1,0.688,2.0,16.8,0.276,0.822,0.515,11.828,11.8,0.427,0.463,1.0,0.972,18.6,93.0,77.5,93.0,0.43,L,0
0022100228,1610612755,Philadelphia,76ers,PHI,sixers,240:00,553.8,110.8,478.5,95.7,75.3,15.1,0.512,2.2,17.9,0.178,0.724,0.485,10.753,10.8,0.571,0.57,1.0,0.97,18.6,93.0,77.5,93.0,0.57,W,1
0022100225,1610612748,Miami,Heat,MIA,heat,240:00,595.7,119.1,521.5,104.3,74.2,14.8,0.659,4.5,20.8,0.214,0.833,0.524,6.383,6.4,0.561,0.605,1.0,0.971,18.7,93.5,77.92,94.0,0.597,W,1
0022100225,1610612764,Washington,Wizards,WAS,wizards,240:00,521.5,104.3,595.7,119.1,-74.2,-14.8,0.658,1.47,20.0,0.167,0.786,0.476,18.28,18.3,0.591,0.596,1.0,0.99,18.7,93.5,77.92,93.0,0.403,L,0
0022100224,1610612739,Cleveland,Cavaliers,CLE,cavaliers,240:00,489.0,97.8,577.8,115.6,-88.8,-17.8,0.647,1.1,16.8,0.375,0.814,0.582,21.978,22.0,0.5,0.511,1.0,0.954,18.1,90.5,75.42,91.0,0.381,L,0
0022100224,1610612744,Golden State,Warriors,GSW,warriors,240:00,577.8,115.6,489.0,97.8,88.8,17.8,0.878,3.27,27.1,0.186,0.625,0.418,12.222,12.2,0.584,0.601,1.0,1.0,18.1,90.5,75.42,90.0,0.619,W,1
0022100226,1610612763,Memphis,Grizzlies,MEM,grizzlies,240:00,618.6,123.7,562.5,112.5,56.1,11.2,0.538,2.33,19.9,0.356,0.75,0.559,12.371,12.4,0.599,0.608,1.0,0.965,19.3,96.5,80.42,97.0,0.572,W,1
0022100226,1610612746,LA,Clippers,LAC,clippers,240:00,562.5,112.5,618.6,123.7,-56.1,-11.2,0.571,1.71,18.2,0.25,0.644,0.441,14.583,14.6,0.556,0.577,1.0,0.981,19.3,96.5,80.42,96.0,0.428,L,0
0022100223,1610612757,Portland,Trail Blazers,POR,blazers,240:00,571.4,114.3,551.5,110.3,19.9,4.0,0.703,1.53,18.6,0.383,0.756,0.565,17.347,17.3,0.506,0.581,1.0,0.982,19.5,97.5,81.25,98.0,0.547,W,1
0022100223,1610612741,Chicago,Bulls,CHI,bulls,240:00,551.5,110.3,571.4,114.3,-19.9,-4.0,0.59,1.53,17.6,0.244,0.617,0.435,15.464,15.5,0.548,0.583,1.0,0.991,19.5,97.5,81.25,97.0,0.453,L,0
0022100220,1610612750,Minnesota,Timberwolves,MIN,timberwolves,240:00,557.3,111.5,510.5,102.1,46.8,9.4,0.488,1.18,15.4,0.326,0.5,0.429,17.708,17.7,0.561,0.595,1.0,0.973,19.1,95.5,79.58,96.0,0.609,W,1
0022100220,1610612758,Sacramento,Kings,SAC,kings,240:00,510.5,102.1,557.3,111.5,-46.8,-9.4,0.559,0.95,13.1,0.5,0.674,0.571,21.053,21.1,0.419,0.466,1.0,0.96,19.1,95.5,79.58,95.0,0.391,L,0
0022100222,1610612756,Phoenix,Suns,PHX,suns,240:00,546.9,109.4,515.8,103.2,31.1,6.2,0.659,3.38,19.7,0.255,0.83,0.537,8.333,8.3,0.511,0.529,1.0,0.964,19.1,95.5,79.58,96.0,0.532,W,1
0022100222,1610612742,Dallas,Mavericks,DAL,mavericks,240:00,515.8,103.2,546.9,109.4,-31.1,-6.2,0.737,2.8,21.2,0.17,0.745,0.463,10.526,10.5,0.505,0.523,1.0,0.99,19.1,95.5,79.58,95.0,0.468,L,0
0022100218,1610612752,New York,Knicks,NYK,knicks,240:00,494.9,99.0,525.3,105.1,-30.3,-6.1,0.676,1.39,18.1,0.269,0.621,0.455,18.182,18.2,0.511,0.525,1.0,0.982,19.8,99.0,82.5,99.0,0.486,L,0
0022100218,1610612753,Orlando,Magic,ORL,magic,240:00,525.3,105.1,494.9,99.0,30.3,6.1,0.513,1.33,14.2,0.379,0.731,0.545,15.152,15.2,0.464,0.5,1.0,0.959,19.8,99.0,82.5,99.0,0.514,W,1
0022100217,1610612748,Miami,Heat,MIA,heat,240:00,588.5,117.7,521.3,104.3,67.3,13.5,0.69,2.64,20.9,0.311,0.727,0.517,11.458,11.5,0.569,0.598,1.0,0.955,19.0,95.0,79.17,96.0,0.584,W,1
0022100217,1610612740,New Orleans,Pelicans,NOP,pelicans,240:00,521.3,104.3,588.5,117.7,-67.3,-13.5,0.545,1.06,14.5,0.273,0.689,0.483,18.085,18.1,0.507,0.561,1.0,0.991,19.0,95.0,79.17,94.0,0.416,L,0
0022100219,1610612749,Milwaukee,Bucks,MIL,bucks,240:00,524.0,104.8,495.1,99.0,28.9,5.8,0.55,1.47,16.3,0.196,0.772,0.5,14.423,14.4,0.529,0.559,1.0,0.982,20.7,103.5,86.25,104.0,0.555,W,1
0022100219,1610612747,Los Angeles,Lakers,LAL,lakers,240:00,495.1,99.0,524.0,104.8,-28.9,-5.8,0.6,1.85,17.1,0.228,0.804,0.5,12.621,12.6,0.479,0.504,1.0,0.991,20.7,103.5,86.25,103.0,0.445,L,0
0022100216,1610612751,Brooklyn,Nets,BKN,nets,240:00,545.0,109.0,495.0,99.0,50.0,10.0,0.763,2.42,21.2,0.17,0.727,0.471,12.0,12.0,0.53,0.58,1.0,0.972,20.0,100.0,83.33,100.0,0.562,W,1
0022100216,1610612739,Cleveland,Cavaliers,CLE,cavaliers,240:00,495.0,99.0,545.0,109.0,-50.0,-10.0,0.571,1.43,14.9,0.273,0.83,0.529,14.0,14.0,0.455,0.504,1.0,0.982,20.0,100.0,83.33,100.0,0.438,L,0
0022100213,1610612766,Charlotte,Hornets,CHA,hornets,240:00,521.5,104.3,467.7,93.5,53.8,10.8,0.714,2.73,21.4,0.321,0.746,0.539,11.828,11.8,0.49,0.492,1.0,0.991,18.6,93.0,77.5,93.0,0.568,W,1
0022100213,1610612764,Washington,Wizards,WAS,wizards,240:00,467.7,93.5,521.5,104.3,-53.8,-10.8,0.697,2.09,17.7,0.254,0.679,0.461,11.828,11.8,0.411,0.448,1.0,0.991,18.6,93.0,77.5,93.0,0.432,L,0
0022100214,1610612765,Detroit,Pistons,DET,pistons,240:00,500.0,100.0,458.8,91.8,41.2,8.2,0.471,1.23,13.1,0.224,0.771,0.495,13.402,13.4,0.475,0.525,1.0,0.981,19.4,97.0,80.83,97.0,0.577,W,1
0022100214,1610612754,Indiana,Pacers,IND,pacers,240:00,458.8,91.8,500.0,100.0,-41.2,-8.2,0.424,0.78,11.6,0.229,0.776,0.505,18.557,18.6,0.475,0.509,1.0,0.991,19.4,97.0,80.83,97.0,0.423,L,0
0022100215,1610612737,Atlanta,Hawks,ATL,hawks,240:00,578.9,115.8,521.1,104.2,57.9,11.6,0.683,2.0,21.2,0.214,0.729,0.489,14.737,14.7,0.586,0.619,1.0,0.952,19.0,95.0,79.17,95.0,0.56,W,1
0022100215,1610612738,Boston,Celtics,BOS,celtics,240:00,521.1,104.2,578.9,115.8,-57.9,-11.6,0.649,1.71,18.3,0.271,0.786,0.511,14.737,14.7,0.506,0.541,1.0,0.991,19.0,95.0,79.17,95.0,0.44,L,0
0022100221,1610612760,Oklahoma City,Thunder,OKC,thunder,240:00,495.1,99.0,440.6,88.1,54.5,10.9,0.439,1.29,13.3,0.273,0.783,0.539,13.725,13.7,0.5,0.51,1.0,0.94,20.3,101.5,84.58,102.0,0.597,W,1
0022100221,1610612745,Houston,Rockets,HOU,rockets,240:00,440.6,88.1,495.1,99.0,-54.5,-10.9,0.5,1.14,12.3,0.217,0.727,0.461,13.861,13.9,0.422,0.452,1.0,0.991,20.3,101.5,84.58,101.0,0.403,L,0
0022100212,1610612746,LA,Clippers,LAC,clippers,240:00,490.7,98.1,429.9,86.0,60.8,12.2,0.432,0.76,11.9,0.224,0.855,0.558,19.444,19.4,0.506,0.56,1.0,0.966,21.5,107.5,89.58,108.0,0.552,W,1
0022100212,1610612759,San Antonio,Spurs,SAS,spurs,240:00,429.9,86.0,490.7,98.1,-60.8,-12.2,0.634,1.63,18.4,0.145,0.776,0.442,14.953,15.0,0.458,0.469,1.0,0.991,21.5,107.5,89.58,107.0,0.448,L,0
0022100211,1610612762,Utah,Jazz,UTA,jazz,240:00,606.1,121.2,425.0,85.0,181.1,36.2,0.587,2.45,19.9,0.208,0.864,0.57,11.111,11.1,0.607,0.616,1.0,0.972,19.9,99.5,82.92,99.0,0.665,W,1
0022100211,1610612755,Philadelphia,76ers,PHI,sixers,240:00,425.0,85.0,606.1,121.2,-181.1,-36.2,0.576,2.11,15.1,0.136,0.792,0.43,9.0,9.0,0.4,0.436,1.0,0.972,19.9,99.5,82.92,100.0,0.335,L,0
0022100210,1610612751,Brooklyn,Nets,BKN,nets,240:00,471.4,94.3,562.5,112.5,-91.1,-18.2,0.618,1.75,15.4,0.175,0.75,0.412,11.429,11.4,0.443,0.496,1.0,0.965,20.9,104.5,87.08,105.0,0.404,L,0
0022100210,1610612744,Golden State,Warriors,GSW,warriors,240:00,562.5,112.5,471.4,94.3,91.1,18.2,0.61,1.14,18.0,0.25,0.825,0.588,21.154,21.2,0.601,0.641,1.0,0.991,20.9,104.5,87.08,104.0,0.596,W,1
0022100208,1610612757,Portland,Trail Blazers,POR,blazers,240:00,627.7,125.5,607.5,121.5,20.1,4.0,0.543,1.79,19.5,0.263,0.694,0.506,14.894,14.9,0.659,0.669,1.0,0.961,18.7,93.5,77.92,94.0,0.553,W,1
0022100208,1610612761,Toronto,Raptors,TOR,raptors,240:00,607.5,121.5,627.7,125.5,-20.1,-4.0,0.488,1.82,15.7,0.306,0.737,0.494,11.828,11.8,0.545,0.583,1.0,1.0,18.7,93.5,77.92,93.0,0.447,L,0
0022100201,1610612764,Washington,Wizards,WAS,wizards,240:00,564.5,112.9,531.9,106.4,32.6,6.5,0.59,3.83,18.5,0.167,0.787,0.474,6.452,6.5,0.524,0.553,1.0,0.98,18.7,93.5,77.92,93.0,0.551,W,1
0022100201,1610612740,New Orleans,Pelicans,NOP,pelicans,240:00,531.9,106.4,564.5,112.9,-32.6,-6.5,0.667,1.67,16.1,0.213,0.833,0.526,12.766,12.8,0.48,0.562,1.0,0.971,18.7,93.5,77.92,94.0,0.449,L,0
0022100203,1610612752,New York,Knicks,NYK,knicks,240:00,511.1,102.2,466.7,93.3,44.4,8.9,0.595,1.83,17.5,0.275,0.75,0.523,13.333,13.3,0.494,0.509,1.0,0.962,18.0,90.0,75.0,90.0,0.548,W,1
0022100203,1610612754,Indiana,Pacers,IND,pacers,240:00,466.7,93.3,511.1,102.2,-44.4,-8.9,0.5,1.78,13.3,0.25,0.725,0.477,10.0,10.0,0.419,0.451,1.0,0.952,18.0,90.0,75.0,90.0,0.452,L,0
0022100199,1610612739,Cleveland,Cavaliers,CLE,cavaliers,240:00,479.2,95.8,505.2,101.0,-26.0,-5.2,0.563,1.29,14.8,0.176,0.837,0.479,14.583,14.6,0.482,0.511,1.0,0.99,19.3,96.5,80.42,96.0,0.413,L,0
0022100199,1610612738,Boston,Celtics,BOS,celtics,240:00,505.2,101.0,479.2,95.8,26.0,5.2,0.639,1.64,18.3,0.163,0.824,0.521,14.433,14.4,0.526,0.565,1.0,0.981,19.3,96.5,80.42,97.0,0.587,W,1
0022100205,1610612763,Memphis,Grizzlies,MEM,grizzlies,240:00,641.5,128.3,481.1,96.2,160.4,32.1,0.635,3.3,22.1,0.217,0.698,0.495,9.434,9.4,0.625,0.649,1.0,0.983,21.2,106.0,88.33,106.0,0.676,W,1
0022100205,1610612745,Houston,Rockets,HOU,rockets,240:00,481.1,96.2,641.5,128.3,-160.4,-32.1,0.667,1.33,16.3,0.302,0.783,0.505,16.981,17.0,0.437,0.479,1.0,0.992,21.2,106.0,88.33,106.0,0.324,L,0
0022100207,1610612760,Oklahoma City,Thunder,OKC,thunder,240:00,459.2,91.8,520.2,104.0,-61.0,-12.2,0.765,1.3,19.4,0.204,0.756,0.468,20.408,20.4,0.5,0.515,1.0,0.991,19.7,98.5,82.08,98.0,0.435,L,0
0022100207,1610612748,Miami,Heat,MIA,heat,240:00,520.2,104.0,459.2,91.8,61.0,12.2,0.595,1.16,16.7,0.244,0.796,0.532,19.192,19.2,0.561,0.587,1.0,0.955,19.7,98.5,82.08,99.0,0.565,W,1
0022100204,1610612742,Dallas,Mavericks,DAL,mavericks,240:00,596.8,119.4,537.2,107.4,59.5,11.9,0.667,3.33,22.6,0.208,0.739,0.468,9.677,9.7,0.578,0.588,1.0,0.981,18.7,93.5,77.92,93.0,0.55,W,1
0022100204,1610612743,Denver,Nuggets,DEN,nuggets,240:00,537.2,107.4,596.8,119.4,-59.5,-11.9,0.5,1.67,16.0,0.261,0.792,0.532,12.766,12.8,0.53,0.552,1.0,0.971,18.7,93.5,77.92,94.0,0.45,L,0
0022100202,1610612737,Atlanta,Hawks,ATL,hawks,240:00,632.4,126.5,549.5,109.9,82.8,16.6,0.681,2.91,22.1,0.262,0.696,0.51,10.784,10.8,0.635,0.651,1.0,0.973,20.3,101.5,84.58,102.0,0.616,W,1
0022100202,1610612753,Orlando,Magic,ORL,magic,240:00,549.5,109.9,632.4,126.5,-82.8,-16.6,0.698,1.88,20.3,0.304,0.738,0.49,15.842,15.8,0.537,0.549,1.0,0.983,20.3,101.5,84.58,101.0,0.384,L,0
0022100209,1610612747,Los Angeles,Lakers,LAL,lakers,240:00,490.5,98.1,576.2,115.2,-85.7,-17.1,0.528,1.0,14.2,0.227,0.881,0.547,18.095,18.1,0.494,0.556,1.0,0.965,21.0,105.0,87.5,105.0,0.44,L,0
0022100209,1610612741,Chicago,Bulls,CHI,bulls,240:00,576.2,115.2,490.5,98.1,85.7,17.1,0.633,1.82,22.0,0.119,0.773,0.453,16.19,16.2,0.635,0.645,1.0,0.973,21.0,105.0,87.5,105.0,0.56,W,1
0022100200,1610612765,Detroit,Pistons,DET,pistons,240:00,519.4,103.9,632.4,126.5,-112.9,-22.6,0.59,1.28,15.8,0.368,0.681,0.51,17.476,17.5,0.474,0.517,1.0,0.976,20.5,102.5,85.42,103.0,0.399,L,0
0022100200,1610612758,Sacramento,Kings,SAC,kings,240:00,632.4,126.5,519.4,103.9,112.9,22.6,0.615,2.29,21.5,0.319,0.632,0.49,13.725,13.7,0.612,0.627,1.0,0.983,20.5,102.5,85.42,102.0,0.601,W,1
0022100206,1610612750,Minnesota,Timberwolves,MIN,timberwolves,240:00,461.5,92.3,485.3,97.1,-23.8,-4.8,0.581,0.86,12.9,0.305,0.75,0.522,20.192,20.2,0.441,0.495,1.0,0.943,20.6,103.0,85.83,104.0,0.453,L,0
0022100206,1610612756,Phoenix,Suns,PHX,suns,240:00,485.3,97.1,461.5,92.3,23.8,4.8,0.656,1.4,15.3,0.25,0.695,0.478,14.706,14.7,0.418,0.491,1.0,0.991,20.6,103.0,85.83,102.0,0.547,W,1
0022100193,1610612737,Atlanta,Hawks,ATL,hawks,240:00,618.6,123.7,515.5,103.1,103.1,20.6,0.447,1.62,15.1,0.42,0.833,0.622,13.402,13.4,0.562,0.584,1.0,0.975,19.4,97.0,80.83,97.0,0.568,W,1
0022100193,1610612749,Milwaukee,Bucks,MIL,bucks,240:00,515.5,103.1,618.6,123.7,-103.1,-20.6,0.632,2.18,18.8,0.167,0.58,0.378,11.34,11.3,0.536,0.549,1.0,0.99,19.4,97.0,80.83,97.0,0.432,L,0
0022100196,1610612760,Oklahoma City,Thunder,OKC,thunder,240:00,480.0,96.0,612.2,122.4,-132.2,-26.4,0.556,1.43,15.2,0.241,0.833,0.5,14.0,14.0,0.478,0.506,1.0,0.973,19.8,99.0,82.5,100.0,0.365,L,0
0022100196,1610612751,Brooklyn,Nets,BKN,nets,240:00,612.2,122.4,480.0,96.0,132.2,26.4,0.756,2.07,22.8,0.167,0.759,0.5,15.306,15.3,0.61,0.658,1.0,0.981,19.8,99.0,82.5,98.0,0.635,W,1
0022100198,1610612746,LA,Clippers,LAC,clippers,240:00,450.0,90.0,500.0,100.0,-50.0,-10.0,0.552,0.8,12.5,0.231,0.816,0.515,20.0,20.0,0.426,0.499,1.0,0.973,20.0,100.0,83.33,100.0,0.441,L,0
0022100198,1610612741,Chicago,Bulls,CHI,bulls,240:00,500.0,100.0,450.0,90.0,50.0,10.0,0.5,1.27,14.8,0.184,0.769,0.485,15.0,15.0,0.506,0.543,1.0,0.972,20.0,100.0,83.33,100.0,0.559,W,1
0022100197,1610612743,Denver,Nuggets,DEN,nuggets,240:00,681.3,136.3,516.3,103.3,165.0,33.0,0.617,2.64,21.2,0.378,0.778,0.578,12.088,12.1,0.628,0.645,1.0,0.972,18.3,91.5,76.25,91.0,0.611,W,1
0022100197,1610612757,Portland,Trail Blazers,POR,blazers,240:00,516.3,103.3,681.3,136.3,-165.0,-33.0,0.629,1.69,17.7,0.222,0.622,0.422,14.13,14.1,0.519,0.554,1.0,0.961,18.3,91.5,76.25,92.0,0.389,L,0
0022100194,1610612766,Charlotte,Hornets,CHA,hornets,240:00,530.0,106.0,510.0,102.0,20.0,4.0,0.548,1.77,17.7,0.146,0.732,0.462,13.0,13.0,0.557,0.568,1.0,0.963,20.0,100.0,83.33,100.0,0.492,W,1
0022100194,1610612744,Golden State,Warriors,GSW,warriors,240:00,510.0,102.0,530.0,106.0,-20.0,-4.0,0.816,2.07,21.4,0.268,0.854,0.538,15.0,15.0,0.472,0.505,1.0,1.0,20.0,100.0,83.33,100.0,0.508,L,0
0022100192,1610612747,Los Angeles,Lakers,LAL,lakers,240:00,581.6,116.3,546.4,109.3,35.2,7.0,0.651,1.75,20.4,0.256,0.698,0.5,16.327,16.3,0.608,0.63,1.0,0.954,19.5,97.5,81.25,98.0,0.551,W,1
0022100192,1610612759,San Antonio,Spurs,SAS,spurs,240:00,546.4,109.3,581.6,116.3,-35.2,-7.0,0.7,1.87,19.9,0.302,0.744,0.5,15.464,15.5,0.533,0.549,1.0,0.991,19.5,97.5,81.25,97.0,0.449,L,0
0022100195,1610612745,Houston,Rockets,HOU,rockets,240:00,436.3,87.3,558.3,111.7,-122.0,-24.4,0.543,0.83,14.3,0.222,0.724,0.482,22.549,22.5,0.453,0.479,1.0,0.991,20.5,102.5,85.42,102.0,0.359,L,0
0022100195,1610612756,Phoenix,Suns,PHX,suns,240:00,558.3,111.7,436.3,87.3,122.0,24.4,0.452,1.9,13.8,0.276,0.778,0.518,9.709,9.7,0.505,0.543,1.0,0.966,20.5,102.5,85.42,103.0,0.641,W,1
0022100186,1610612754,Indiana,Pacers,IND,pacers,240:00,614.6,122.9,601.1,120.2,13.5,2.7,0.702,2.2,23.9,0.256,0.585,0.446,15.625,15.6,0.659,0.666,1.0,0.981,19.0,95.0,79.17,96.0,0.581,W,1
0022100186,1610612755,Philadelphia,76ers,PHI,sixers,240:00,601.1,120.2,614.6,122.9,-13.5,-2.7,0.421,1.14,12.1,0.415,0.744,0.554,14.894,14.9,0.494,0.555,1.0,1.0,19.0,95.0,79.17,94.0,0.419,L,0
0022100185,1610612762,Utah,Jazz,UTA,jazz,240:00,535.7,107.1,572.2,114.4,-36.5,-7.3,0.657,1.35,16.8,0.302,0.636,0.454,17.347,17.3,0.512,0.547,1.0,0.974,19.5,97.5,81.25,98.0,0.468,L,0
0022100185,1610612748,Miami,Heat,MIA,heat,240:00,572.2,114.4,535.7,107.1,36.5,7.3,0.548,1.1,17.0,0.364,0.698,0.546,21.649,21.6,0.571,0.603,1.0,0.982,19.5,97.5,81.25,97.0,0.532,W,1
0022100191,1610612746,LA,Clippers,LAC,clippers,240:00,614.3,122.9,490.4,98.1,123.9,24.8,0.66,2.5,22.6,0.326,0.746,0.575,13.333,13.3,0.616,0.626,1.0,0.975,20.9,104.5,87.08,105.0,0.647,W,1
0022100191,1610612750,Minnesota,Timberwolves,MIN,timberwolves,240:00,490.4,98.1,614.3,122.9,-123.9,-24.8,0.625,2.27,17.1,0.254,0.674,0.425,10.577,10.6,0.446,0.468,1.0,0.983,20.9,104.5,87.08,104.0,0.353,L,0
0022100187,1610612753,Orlando,Magic,ORL,magic,240:00,479.2,95.8,541.7,108.3,-62.5,-12.5,0.677,1.62,15.4,0.306,0.767,0.495,13.542,13.5,0.408,0.456,1.0,0.991,19.2,96.0,80.0,96.0,0.38,L,0
0022100187,1610612764,Washington,Wizards,WAS,wizards,240:00,541.7,108.3,479.2,95.8,62.5,12.5,0.69,1.81,21.5,0.233,0.694,0.505,16.667,16.7,0.571,0.588,1.0,0.972,19.2,96.0,80.0,96.0,0.62,W,1
0022100188,1610612740,New Orleans,Pelicans,NOP,pelicans,240:00,615.4,123.1,548.9,109.8,66.5,13.3,0.763,2.07,21.8,0.357,0.673,0.532,15.385,15.4,0.57,0.622,1.0,1.0,18.3,91.5,76.25,91.0,0.556,W,1
0022100188,1610612763,Memphis,Grizzlies,MEM,grizzlies,240:00,548.9,109.8,615.4,123.1,-66.5,-13.3,0.553,2.33,16.2,0.327,0.643,0.468,9.783,9.8,0.477,0.519,1.0,0.972,18.3,91.5,76.25,92.0,0.444,L,0
0022100190,1610612739,Cleveland,Cavaliers,CLE,cavaliers,240:00,478.9,95.8,468.4,93.7,10.5,2.1,0.548,1.55,13.9,0.196,0.711,0.438,11.579,11.6,0.444,0.502,1.0,0.981,19.0,95.0,79.17,95.0,0.48,W,1
0022100190,1610612738,Boston,Celtics,BOS,celtics,240:00,468.4,93.7,478.9,95.8,-10.5,-2.1,0.606,1.0,15.7,0.289,0.804,0.563,21.053,21.1,0.462,0.518,1.0,0.981,19.0,95.0,79.17,95.0,0.52,L,0
0022100189,1610612761,Toronto,Raptors,TOR,raptors,240:00,623.7,124.7,661.5,132.3,-37.7,-7.5,0.477,1.62,15.2,0.417,0.703,0.541,13.402,13.4,0.58,0.601,1.0,0.974,19.3,96.5,80.42,97.0,0.428,L,0
0022100189,1610612765,Detroit,Pistons,DET,pistons,240:00,661.5,132.3,623.7,124.7,37.7,7.5,0.791,2.43,24.1,0.297,0.583,0.459,14.583,14.6,0.639,0.689,1.0,0.981,19.3,96.5,80.42,96.0,0.572,W,1
0022100178,1610612763,Memphis,Grizzlies,MEM,grizzlies,240:00,447.6,89.5,572.1,114.4,-124.5,-24.9,0.514,1.27,13.3,0.299,0.875,0.539,14.286,14.3,0.413,0.435,1.0,0.984,20.9,104.5,87.08,105.0,0.362,L,0
0022100178,1610612756,Phoenix,Suns,PHX,suns,240:00,572.1,114.4,447.6,89.5,124.5,24.9,0.609,2.33,20.3,0.125,0.701,0.461,11.538,11.5,0.585,0.607,1.0,0.991,20.9,104.5,87.08,104.0,0.638,W,1
0022100180,1610612760,Oklahoma City,Thunder,OKC,thunder,240:00,530.3,106.1,520.2,104.0,10.1,2.0,0.31,1.3,10.1,0.31,0.678,0.496,10.101,10.1,0.475,0.497,1.0,0.991,19.8,99.0,82.5,99.0,0.488,W,1
0022100180,1610612758,Sacramento,Kings,SAC,kings,240:00,520.2,104.0,530.3,106.1,-10.1,-2.0,0.526,1.43,14.6,0.322,0.69,0.504,14.141,14.1,0.474,0.503,1.0,0.983,19.8,99.0,82.5,99.0,0.512,L,0
0022100183,1610612744,Golden State,Warriors,GSW,warriors,240:00,589.1,117.8,465.0,93.0,124.1,24.8,0.6,1.69,18.5,0.367,0.783,0.568,15.842,15.8,0.565,0.595,1.0,0.975,20.1,100.5,83.75,101.0,0.635,W,1
0022100183,1610612741,Chicago,Bulls,CHI,bulls,240:00,465.0,93.0,589.1,117.8,-124.1,-24.8,0.529,0.9,14.1,0.217,0.633,0.432,20.0,20.0,0.487,0.53,1.0,0.991,20.1,100.5,83.75,100.0,0.365,L,0
0022100175,1610612738,Boston,Celtics,BOS,celtics,265:00,592.2,118.4,553.9,110.8,38.3,7.7,0.468,1.29,15.1,0.42,0.709,0.571,16.505,16.5,0.552,0.587,1.0,0.968,18.57,92.83,77.36,103.0,0.568,W,1
0022100175,1610612749,Milwaukee,Bucks,MIL,bucks,265:00,553.9,110.8,592.2,118.4,-38.3,-7.7,0.523,1.77,16.3,0.291,0.58,0.429,12.745,12.7,0.531,0.549,1.0,0.966,18.57,92.83,77.36,102.0,0.432,L,0
0022100184,1610612747,Los Angeles,Lakers,LAL,lakers,240:00,432.3,86.5,551.5,110.3,-119.3,-23.9,0.586,0.85,13.3,0.268,0.623,0.44,20.833,20.8,0.409,0.457,1.0,0.982,19.3,96.5,80.42,96.0,0.391,L,0
0022100184,1610612750,Minnesota,Timberwolves,MIN,timberwolves,240:00,551.5,110.3,432.3,86.5,119.3,23.9,0.558,1.5,17.0,0.377,0.732,0.56,16.495,16.5,0.521,0.539,1.0,0.966,19.3,96.5,80.42,97.0,0.609,W,1
0022100174,1610612766,Charlotte,Hornets,CHA,hornets,240:00,514.9,103.0,480.0,96.0,34.9,7.0,0.641,1.79,17.6,0.286,0.661,0.478,13.861,13.9,0.489,0.517,1.0,0.957,20.1,100.5,83.75,101.0,0.599,W,1
0022100174,1610612752,New York,Knicks,NYK,knicks,240:00,480.0,96.0,514.9,103.0,-34.9,-7.0,0.472,0.89,12.4,0.339,0.714,0.522,19.0,19.0,0.457,0.476,1.0,1.0,20.1,100.5,83.75,100.0,0.401,L,0
0022100179,1610612740,New Orleans,Pelicans,NOP,pelicans,240:00,577.3,115.5,612.2,122.4,-34.9,-7.0,0.605,1.63,18.7,0.34,0.744,0.533,16.495,16.5,0.563,0.589,1.0,0.973,19.5,97.5,81.25,97.0,0.463,L,0
0022100179,1610612751,Brooklyn,Nets,BKN,nets,240:00,612.2,122.4,577.3,115.5,34.9,7.0,0.659,2.25,19.9,0.256,0.66,0.467,12.245,12.2,0.61,0.639,1.0,0.963,19.5,97.5,81.25,98.0,0.537,W,1
0022100182,1610612743,Denver,Nuggets,DEN,nuggets,240:00,552.6,110.5,516.1,103.2,36.5,7.3,0.65,3.25,19.1,0.278,0.724,0.509,8.421,8.4,0.5,0.531,1.0,0.955,18.8,94.0,78.33,95.0,0.572,W,1
0022100182,1610612737,Atlanta,Hawks,ATL,hawks,240:00,516.1,103.2,552.6,110.5,-36.5,-7.3,0.526,2.5,15.5,0.276,0.722,0.491,8.602,8.6,0.435,0.469,1.0,1.0,18.8,94.0,78.33,93.0,0.428,L,0
0022100176,1610612739,Cleveland,Cavaliers,CLE,cavaliers,240:00,510.4,102.1,398.0,79.6,112.5,22.5,0.692,1.29,20.3,0.227,0.74,0.5,21.875,21.9,0.561,0.57,1.0,0.981,19.4,97.0,80.83,96.0,0.618,W,1
0022100176,1610612765,Detroit,Pistons,DET,pistons,240:00,398.0,79.6,510.4,102.1,-112.5,-22.5,0.621,0.78,14.0,0.26,0.773,0.5,23.469,23.5,0.424,0.46,1.0,0.964,19.4,97.0,80.83,98.0,0.382,L,0
0022100177,1610612745,Houston,Rockets,HOU,rockets,240:00,460.0,92.0,525.3,105.1,-65.3,-13.1,0.382,1.0,10.5,0.196,0.741,0.474,13.0,13.0,0.441,0.475,1.0,0.982,19.9,99.5,82.92,100.0,0.424,L,0
0022100177,1610612757,Portland,Trail Blazers,POR,blazers,240:00,525.3,105.1,460.0,92.0,65.3,13.1,0.618,1.5,15.6,0.259,0.804,0.526,14.141,14.1,0.454,0.517,1.0,0.982,19.9,99.5,82.92,99.0,0.576,W,1
0022100181,1610612759,San Antonio,Spurs,SAS,spurs,240:00,550.5,110.1,608.9,121.8,-58.4,-11.7,0.732,2.31,22.1,0.149,0.702,0.452,13.131,13.1,0.565,0.587,1.0,1.0,20.0,100.0,83.33,99.0,0.455,L,0
0022100181,1610612742,Dallas,Mavericks,DAL,mavericks,240:00,608.9,121.8,550.5,110.1,58.4,11.7,0.652,5.0,20.5,0.298,0.851,0.548,5.941,5.9,0.55,0.568,1.0,0.983,20.0,100.0,83.33,101.0,0.545,W,1
0022100172,1610612762,Utah,Jazz,UTA,jazz,240:00,505.1,101.0,560.6,112.1,-55.6,-11.1,0.564,1.83,17.1,0.163,0.636,0.413,12.121,12.1,0.524,0.537,1.0,0.972,19.8,99.0,82.5,99.0,0.472,L,0
0022100172,1610612754,Indiana,Pacers,IND,pacers,240:00,560.6,112.1,505.1,101.0,55.6,11.1,0.442,1.46,14.0,0.364,0.837,0.587,13.131,13.1,0.505,0.532,1.0,0.966,19.8,99.0,82.5,99.0,0.528,W,1
0022100171,1610612755,Philadelphia,76ers,PHI,sixers,240:00,561.9,112.4,592.8,118.6,-30.9,-6.2,0.725,2.42,20.9,0.271,0.611,0.451,12.371,12.4,0.517,0.566,1.0,0.982,19.4,97.0,80.83,97.0,0.498,L,0
0022100171,1610612761,Toronto,Raptors,TOR,raptors,240:00,592.8,118.6,561.9,112.4,30.9,6.2,0.595,2.08,17.5,0.389,0.729,0.549,12.371,12.4,0.51,0.556,1.0,0.975,19.4,97.0,80.83,97.0,0.502,W,1
0022100173,1610612746,LA,Clippers,LAC,clippers,240:00,565.7,113.1,556.1,111.2,9.5,1.9,0.465,1.67,14.9,0.306,0.618,0.471,12.121,12.1,0.533,0.569,1.0,0.974,19.7,98.5,82.08,99.0,0.554,W,1
0022100173,1610612748,Miami,Heat,MIA,heat,240:00,556.1,111.2,565.7,113.1,-9.5,-1.9,0.419,1.2,13.1,0.382,0.694,0.529,15.306,15.3,0.49,0.522,1.0,0.992,19.7,98.5,82.08,98.0,0.446,L,0
0022100164,1610612763,Memphis,Grizzlies,MEM,grizzlies,240:00,504.7,100.9,551.4,110.3,-46.7,-9.3,0.6,1.69,17.2,0.354,0.78,0.539,14.953,15.0,0.463,0.475,1.0,0.985,21.4,107.0,89.17,107.0,0.438,L,0
0022100164,1610612766,Charlotte,Hornets,CHA,hornets,240:00,551.4,110.3,504.7,100.9,46.7,9.3,0.78,1.88,21.3,0.22,0.646,0.461,15.888,15.9,0.539,0.587,1.0,0.983,21.4,107.0,89.17,107.0,0.563,W,1
0022100162,1610612745,Houston,Rockets,HOU,rockets,240:00,520.0,104.0,565.7,113.1,-45.7,-9.1,0.486,1.06,12.9,0.302,0.655,0.486,16.0,16.0,0.5,0.536,1.0,0.957,19.9,99.5,82.92,100.0,0.46,L,0
0022100162,1610612765,Detroit,Pistons,DET,pistons,240:00,565.7,113.1,520.0,104.0,45.7,9.1,0.548,1.64,16.2,0.345,0.698,0.514,14.141,14.1,0.515,0.534,1.0,0.992,19.9,99.5,82.92,99.0,0.54,W,1
0022100160,1610612738,Boston,Celtics,BOS,celtics,240:00,525.3,105.1,449.0,89.8,76.3,15.3,0.5,1.4,15.1,0.352,0.818,0.561,15.152,15.2,0.5,0.517,1.0,0.975,19.7,98.5,82.08,99.0,0.544,W,1
0022100160,1610612761,Toronto,Raptors,TOR,raptors,240:00,449.0,89.8,525.3,105.1,-76.3,-15.3,0.606,1.11,15.9,0.182,0.648,0.439,18.367,18.4,0.468,0.515,1.0,0.981,19.7,98.5,82.08,98.0,0.456,L,0
0022100169,1610612744,Golden State,Warriors,GSW,warriors,240:00,608.9,121.8,550.0,110.0,58.9,11.8,0.575,1.44,15.8,0.489,0.61,0.557,15.842,15.8,0.535,0.599,1.0,0.984,20.1,100.5,83.75,101.0,0.606,W,1
0022100169,1610612750,Minnesota,Timberwolves,MIN,timberwolves,240:00,550.0,110.0,608.9,121.8,-58.9,-11.8,0.769,1.76,19.6,0.39,0.511,0.443,17.0,17.0,0.5,0.53,1.0,0.984,20.1,100.5,83.75,100.0,0.394,L,0
0022100167,1610612743,Denver,Nuggets,DEN,nuggets,240:00,561.1,112.2,532.6,106.5,28.5,5.7,0.528,1.9,15.6,0.255,0.674,0.454,11.111,11.1,0.5,0.544,1.0,1.0,18.2,91.0,75.83,90.0,0.483,W,1
0022100167,1610612754,Indiana,Pacers,IND,pacers,240:00,532.6,106.5,561.1,112.2,-28.5,-5.7,0.55,1.47,17.1,0.326,0.745,0.546,16.304,16.3,0.542,0.552,1.0,0.935,18.2,91.0,75.83,92.0,0.517,L,0
0022100166,1610612759,San Antonio,Spurs,SAS,spurs,240:00,660.2,132.0,568.0,113.6,92.2,18.4,0.694,4.25,22.5,0.306,0.733,0.511,7.767,7.8,0.63,0.644,1.0,0.983,20.6,103.0,85.83,103.0,0.6,W,1
0022100166,1610612758,Sacramento,Kings,SAC,kings,240:00,568.0,113.6,660.2,132.0,-92.2,-18.4,0.426,1.33,14.9,0.267,0.694,0.489,14.563,14.6,0.571,0.597,1.0,0.991,20.6,103.0,85.83,103.0,0.4,L,0
0022100158,1610612739,Cleveland,Cavaliers,CLE,cavaliers,240:00,505.4,101.1,521.5,104.3,-16.1,-3.2,0.6,1.4,17.4,0.174,0.735,0.463,16.129,16.1,0.52,0.551,1.0,0.98,18.6,93.0,77.5,93.0,0.463,L,0
0022100158,1610612764,Washington,Wizards,WAS,wizards,240:00,521.5,104.3,505.4,101.1,16.1,3.2,0.714,2.08,19.1,0.265,0.826,0.537,12.903,12.9,0.476,0.53,1.0,0.981,18.6,93.0,77.5,93.0,0.537,W,1
0022100165,1610612740,New Orleans,Pelicans,NOP,pelicans,240:00,500.0,100.0,545.5,109.1,-45.5,-9.1,0.706,2.4,16.4,0.338,0.679,0.484,10.0,10.0,0.397,0.45,1.0,0.984,19.9,99.5,82.92,100.0,0.46,L,0
0022100165,1610612760,Oklahoma City,Thunder,OKC,thunder,240:00,545.5,109.1,500.0,100.0,45.5,9.1,0.622,1.28,16.5,0.321,0.662,0.516,18.182,18.2,0.483,0.539,1.0,0.991,19.9,99.5,82.92,99.0,0.54,W,1
0022100170,1610612747,Los Angeles,Lakers,LAL,lakers,265:00,535.7,107.1,522.3,104.5,13.4,2.7,0.565,1.13,17.2,0.26,0.75,0.527,20.536,20.5,0.598,0.606,1.0,0.968,20.29,101.43,84.53,112.0,0.503,W,1
0022100170,1610612748,Miami,Heat,MIA,heat,265:00,522.3,104.5,535.7,107.1,-13.4,-2.7,0.65,1.86,17.0,0.25,0.74,0.473,12.5,12.5,0.469,0.525,1.0,0.984,20.29,101.43,84.53,112.0,0.497,L,0
0022100163,1610612741,Chicago,Bulls,CHI,bulls,240:00,596.9,119.4,545.9,109.2,51.0,10.2,0.578,2.36,19.5,0.222,0.813,0.527,11.224,11.2,0.59,0.615,1.0,0.991,19.6,98.0,81.67,98.0,0.547,W,1
0022100163,1610612742,Dallas,Mavericks,DAL,mavericks,240:00,545.9,109.2,596.9,119.4,-51.0,-10.2,0.605,1.92,17.7,0.188,0.778,0.473,12.245,12.2,0.53,0.572,1.0,0.991,19.6,98.0,81.67,98.0,0.453,L,0
0022100168,1610612756,Phoenix,Suns,PHX,suns,240:00,607.1,121.4,550.5,110.1,56.6,11.3,0.551,2.45,19.6,0.283,0.653,0.474,11.224,11.2,0.58,0.599,1.0,0.973,19.7,98.5,82.08,98.0,0.548,W,1
0022100168,1610612757,Portland,Trail Blazers,POR,blazers,240:00,550.5,110.1,607.1,121.4,-56.6,-11.3,0.545,1.5,17.1,0.347,0.717,0.526,16.162,16.2,0.522,0.556,1.0,0.957,19.7,98.5,82.08,99.0,0.452,L,0
0022100161,1610612752,New York,Knicks,NYK,knicks,240:00,526.3,105.3,589.5,117.9,-63.2,-12.6,0.528,1.73,15.3,0.204,0.667,0.44,11.579,11.6,0.53,0.553,1.0,0.962,19.0,95.0,79.17,95.0,0.453,L,0
0022100161,1610612749,Milwaukee,Bucks,MIL,bucks,240:00,589.5,117.9,526.3,105.3,63.2,12.6,0.725,1.93,20.6,0.333,0.796,0.56,15.789,15.8,0.589,0.596,1.0,0.964,19.0,95.0,79.17,95.0,0.547,W,1
0022100159,1610612753,Orlando,Magic,ORL,magic,240:00,432.7,86.5,580.2,116.0,-147.5,-29.5,0.543,1.12,13.7,0.262,0.804,0.495,16.346,16.3,0.402,0.439,1.0,1.0,21.0,105.0,87.5,104.0,0.332,L,0
0022100159,1610612751,Brooklyn,Nets,BKN,nets,240:00,580.2,116.0,432.7,86.5,147.5,29.5,0.63,1.93,20.1,0.196,0.738,0.505,14.151,14.2,0.593,0.624,1.0,0.965,21.0,105.0,87.5,106.0,0.668,W,1
0022100155,1610612755,Philadelphia,76ers,PHI,sixers,240:00,556.1,111.2,590.0,118.0,-33.9,-6.8,0.5,3.0,15.4,0.279,0.691,0.474,7.143,7.1,0.476,0.503,1.0,1.0,19.8,99.0,82.5,98.0,0.438,L,0
0022100155,1610612749,Milwaukee,Bucks,MIL,bucks,240:00,590.0,118.0,556.1,111.2,33.9,6.8,0.477,2.33,15.3,0.309,0.721,0.526,9.0,9.0,0.542,0.566,1.0,0.966,19.8,99.0,82.5,100.0,0.563,W,1
0022100156,1610612762,Utah,Jazz,UTA,jazz,240:00,597.8,119.6,532.6,106.5,65.2,13.0,0.512,1.4,16.5,0.333,0.765,0.57,16.304,16.3,0.599,0.625,1.0,0.972,18.4,92.0,76.67,92.0,0.58,W,1
0022100156,1610612737,Atlanta,Hawks,ATL,hawks,240:00,532.6,106.5,597.8,119.6,-65.2,-13.0,0.595,1.69,17.6,0.235,0.667,0.43,14.13,14.1,0.541,0.548,1.0,0.971,18.4,92.0,76.67,92.0,0.42,L,0
0022100157,1610612746,LA,Clippers,LAC,clippers,240:00,603.1,120.6,567.7,113.5,35.4,7.1,0.568,3.13,19.4,0.159,0.8,0.5,8.247,8.2,0.612,0.627,1.0,0.971,19.3,96.5,80.42,97.0,0.514,W,1
0022100157,1610612757,Portland,Trail Blazers,POR,blazers,240:00,567.7,113.5,603.1,120.6,-35.4,-7.1,0.674,2.9,21.5,0.2,0.841,0.5,10.417,10.4,0.549,0.566,1.0,0.981,19.3,96.5,80.42,96.0,0.486,L,0
0022100150,1610612742,Dallas,Mavericks,DAL,mavericks,240:00,574.5,114.9,494.6,98.9,79.8,16.0,0.628,2.08,20.5,0.279,0.731,0.526,13.83,13.8,0.588,0.595,1.0,0.971,18.7,93.5,77.92,94.0,0.584,W,1
0022100150,1610612740,New Orleans,Pelicans,NOP,pelicans,240:00,494.6,98.9,574.5,114.9,-79.8,-16.0,0.73,1.93,20.1,0.269,0.721,0.474,15.054,15.1,0.477,0.501,1.0,0.981,18.7,93.5,77.92,93.0,0.416,L,0
0022100154,1610612747,Los Angeles,Lakers,LAL,lakers,265:00,557.5,111.5,544.2,108.8,13.3,2.7,0.682,2.0,19.5,0.208,0.733,0.487,13.274,13.3,0.555,0.592,1.0,0.976,20.47,102.34,85.28,113.0,0.555,W,1
0022100154,1610612766,Charlotte,Hornets,CHA,hornets,265:00,544.2,108.8,557.5,111.5,-13.3,-2.7,0.535,1.28,15.1,0.267,0.792,0.513,15.929,15.9,0.505,0.552,1.0,0.977,20.47,102.34,85.28,113.0,0.445,L,0
0022100153,1610612758,Sacramento,Kings,SAC,kings,240:00,495.2,99.0,519.0,103.8,-23.8,-4.8,0.486,0.75,13.2,0.277,0.8,0.546,22.857,22.9,0.512,0.557,1.0,0.983,21.0,105.0,87.5,105.0,0.435,L,0
0022100153,1610612756,Phoenix,Suns,PHX,suns,240:00,519.0,103.8,495.2,99.0,23.8,4.8,0.636,1.87,19.7,0.2,0.723,0.454,14.286,14.3,0.538,0.557,1.0,0.982,21.0,105.0,87.5,105.0,0.565,W,1
0022100151,1610612743,Denver,Nuggets,DEN,nuggets,240:00,601.1,120.2,516.1,103.2,84.9,17.0,0.667,2.8,19.9,0.365,0.816,0.584,10.638,10.6,0.527,0.556,1.0,0.965,18.7,93.5,77.92,94.0,0.59,W,1
0022100151,1610612748,Miami,Heat,MIA,heat,240:00,516.1,103.2,601.1,120.2,-84.9,-17.0,0.71,1.69,17.7,0.184,0.635,0.416,13.978,14.0,0.481,0.539,1.0,0.99,18.7,93.5,77.92,93.0,0.41,L,0
0022100147,1610612755,Philadelphia,76ers,PHI,sixers,240:00,510.6,102.1,542.1,108.4,-31.5,-6.3,0.571,2.22,15.6,0.25,0.673,0.454,9.574,9.6,0.456,0.49,1.0,0.981,18.9,94.5,78.75,94.0,0.47,L,0
0022100147,1610612752,New York,Knicks,NYK,knicks,240:00,542.1,108.4,510.6,102.1,31.5,6.3,0.625,1.92,18.4,0.327,0.75,0.546,13.684,13.7,0.511,0.532,1.0,0.982,18.9,94.5,78.75,95.0,0.53,W,1
0022100148,1610612741,Chicago,Bulls,CHI,bulls,240:00,584.2,116.8,475.0,95.0,109.2,21.8,0.457,2.33,15.1,0.327,0.815,0.569,8.911,8.9,0.515,0.552,1.0,0.983,20.1,100.5,83.75,101.0,0.605,W,1
0022100148,1610612751,Brooklyn,Nets,BKN,nets,240:00,475.0,95.0,584.2,116.8,-109.2,-21.8,0.559,1.27,14.7,0.185,0.673,0.431,15.0,15.0,0.459,0.503,1.0,0.982,20.1,100.5,83.75,100.0,0.395,L,0
0022100152,1610612744,Golden State,Warriors,GSW,warriors,240:00,622.5,124.5,543.3,108.7,79.3,15.9,0.705,2.21,21.2,0.265,0.733,0.489,13.725,13.7,0.576,0.625,1.0,0.991,20.6,103.0,85.83,102.0,0.574,W,1
0022100152,1610612737,Atlanta,Hawks,ATL,hawks,240:00,543.3,108.7,622.5,124.5,-79.3,-15.9,0.553,1.17,15.3,0.267,0.735,0.511,17.308,17.3,0.567,0.605,1.0,0.966,20.6,103.0,85.83,104.0,0.426,L,0
0022100149,1610612763,Memphis,Grizzlies,MEM,grizzlies,265:00,601.0,120.2,561.9,112.4,39.1,7.8,0.609,1.75,18.9,0.347,0.678,0.528,15.385,15.4,0.56,0.604,1.0,0.967,18.93,94.64,78.87,104.0,0.58,W,1
0022100149,1610612750,Minnesota,Timberwolves,MIN,timberwolves,265:00,561.9,112.4,601.0,120.2,-39.1,-7.8,0.561,1.44,15.6,0.322,0.653,0.472,15.238,15.2,0.51,0.551,1.0,0.968,18.93,94.64,78.87,105.0,0.42,L,0
0022100141,1610612753,Orlando,Magic,ORL,magic,240:00,551.5,110.3,515.5,103.1,36.1,7.2,0.558,1.85,18.5,0.222,0.561,0.412,13.402,13.4,0.563,0.583,1.0,0.991,19.4,97.0,80.83,97.0,0.545,W,1
0022100141,1610612762,Utah,Jazz,UTA,jazz,240:00,515.5,103.1,551.5,110.3,-36.1,-7.2,0.618,1.17,14.8,0.439,0.778,0.588,18.557,18.6,0.427,0.491,1.0,0.983,19.4,97.0,80.83,97.0,0.455,L,0
0022100139,1610612761,Toronto,Raptors,TOR,raptors,240:00,547.9,109.6,617.0,123.4,-69.1,-13.8,0.561,2.88,18.1,0.208,0.707,0.438,8.511,8.5,0.511,0.543,1.0,0.981,18.8,94.0,78.33,94.0,0.451,L,0
0022100139,1610612751,Brooklyn,Nets,BKN,nets,240:00,617.0,123.4,547.9,109.6,69.1,13.8,0.707,1.81,21.5,0.293,0.792,0.562,17.021,17.0,0.619,0.653,1.0,0.972,18.8,94.0,78.33,94.0,0.549,W,1
0022100144,1610612760,Oklahoma City,Thunder,OKC,thunder,240:00,490.1,98.0,465.3,93.1,24.8,5.0,0.6,1.4,15.0,0.3,0.77,0.537,14.851,14.9,0.436,0.482,1.0,0.975,20.2,101.0,84.17,101.0,0.493,W,1
0022100144,1610612759,San Antonio,Spurs,SAS,spurs,240:00,465.3,93.1,490.1,98.0,-24.8,-5.0,0.707,2.9,20.1,0.23,0.7,0.463,9.901,9.9,0.44,0.452,1.0,0.983,20.2,101.0,84.17,101.0,0.507,L,0
0022100145,1610612744,Golden State,Warriors,GSW,warriors,240:00,582.5,116.5,524.5,104.9,58.0,11.6,0.705,1.82,21.4,0.256,0.72,0.505,16.505,16.5,0.606,0.64,1.0,0.956,20.5,102.5,85.42,103.0,0.584,W,1
0022100145,1610612745,Houston,Rockets,HOU,rockets,240:00,524.5,104.9,582.5,116.5,-58.0,-11.6,0.472,0.81,12.8,0.28,0.744,0.495,20.588,20.6,0.519,0.562,1.0,0.991,20.5,102.5,85.42,102.0,0.416,L,0
0022100143,1610612758,Sacramento,Kings,SAC,kings,240:00,478.9,95.8,484.5,96.9,-5.6,-1.1,0.645,1.67,15.9,0.204,0.596,0.386,12.632,12.6,0.429,0.486,1.0,1.0,19.2,96.0,80.0,95.0,0.5,L,0
0022100143,1610612754,Indiana,Pacers,IND,pacers,240:00,484.5,96.9,478.9,95.8,5.6,1.1,0.351,0.62,10.1,0.404,0.796,0.614,21.649,21.6,0.482,0.517,1.0,0.948,19.2,96.0,80.0,97.0,0.5,W,1
0022100146,1610612746,LA,Clippers,LAC,clippers,240:00,571.4,114.3,509.6,101.9,61.8,12.4,0.585,1.2,16.9,0.283,0.719,0.536,19.048,19.0,0.581,0.63,1.0,0.975,20.9,104.5,87.08,105.0,0.598,W,1
0022100146,1610612766,Charlotte,Hornets,CHA,hornets,240:00,509.6,101.9,571.4,114.3,-61.8,-12.4,0.488,1.54,14.1,0.281,0.717,0.464,12.5,12.5,0.455,0.487,1.0,0.984,20.9,104.5,87.08,104.0,0.402,L,0
0022100142,1610612764,Washington,Wizards,WAS,wizards,240:00,510.1,102.0,474.7,94.9,35.4,7.1,0.585,1.26,18.5,0.175,0.683,0.48,19.192,19.2,0.574,0.582,1.0,0.991,19.8,99.0,82.5,99.0,0.55,W,1
0022100142,1610612749,Milwaukee,Bucks,MIL,bucks,240:00,474.7,94.9,510.1,102.0,-35.4,-7.1,0.459,1.31,12.6,0.317,0.825,0.52,13.131,13.1,0.447,0.461,1.0,0.966,19.8,99.0,82.5,99.0,0.45,L,0
0022100140,1610612752,New York,Knicks,NYK,knicks,240:00,545.0,109.0,642.9,128.6,-97.9,-19.6,0.538,1.91,16.2,0.188,0.667,0.411,11.0,11.0,0.512,0.57,1.0,0.954,19.8,99.0,82.5,100.0,0.431,L,0
0022100140,1610612739,Cleveland,Cavaliers,CLE,cavaliers,240:00,642.9,128.6,545.0,109.0,97.9,19.6,0.633,1.82,21.7,0.333,0.813,0.589,17.347,17.3,0.65,0.664,1.0,0.982,19.8,99.0,82.5,98.0,0.569,W,1
0022100133,1610612743,Denver,Nuggets,DEN,nuggets,240:00,489.7,97.9,479.6,95.9,10.1,2.0,0.528,1.73,15.0,0.204,0.818,0.48,11.34,11.3,0.455,0.492,1.0,0.991,19.5,97.5,81.25,97.0,0.479,W,1
0022100133,1610612745,Houston,Rockets,HOU,rockets,240:00,479.6,95.9,489.7,97.9,-10.1,-2.0,0.543,1.12,15.2,0.182,0.796,0.52,17.347,17.3,0.52,0.549,1.0,0.962,19.5,97.5,81.25,98.0,0.521,L,0
0022100134,1610612748,Miami,Heat,MIA,heat,240:00,648.4,129.7,625.0,125.0,23.4,4.7,0.638,2.14,22.9,0.294,0.791,0.571,15.385,15.4,0.673,0.69,1.0,0.99,18.3,91.5,76.25,91.0,0.515,W,1
0022100134,1610612762,Utah,Jazz,UTA,jazz,240:00,625.0,125.0,648.4,129.7,-23.4,-4.7,0.605,4.33,20.5,0.209,0.706,0.429,6.522,6.5,0.608,0.629,1.0,0.97,18.3,91.5,76.25,92.0,0.485,L,0
0022100136,1610612742,Dallas,Mavericks,DAL,mavericks,240:00,575.3,115.1,559.1,111.8,16.1,3.2,0.463,1.27,15.7,0.243,0.723,0.512,16.129,16.1,0.609,0.636,1.0,0.98,18.6,93.0,77.5,93.0,0.53,W,1
0022100136,1610612738,Boston,Celtics,BOS,celtics,240:00,559.1,111.8,575.3,115.1,-16.1,-3.2,0.476,1.82,16.0,0.277,0.757,0.488,11.828,11.8,0.541,0.559,1.0,0.99,18.6,93.0,77.5,93.0,0.47,L,0
0022100135,1610612741,Chicago,Bulls,CHI,bulls,240:00,546.9,109.4,593.8,118.8,-46.9,-9.4,0.541,2.22,14.8,0.357,0.769,0.526,9.375,9.4,0.44,0.499,1.0,0.991,19.2,96.0,80.0,96.0,0.435,L,0
0022100135,1610612755,Philadelphia,76ers,PHI,sixers,240:00,593.8,118.8,546.9,109.4,46.9,9.4,0.512,1.57,17.3,0.231,0.643,0.474,14.583,14.6,0.611,0.638,1.0,0.981,19.2,96.0,80.0,96.0,0.565,W,1
0022100138,1610612757,Portland,Trail Blazers,POR,blazers,240:00,490.7,98.1,420.6,84.1,70.1,14.0,0.611,1.83,15.5,0.21,0.75,0.475,11.215,11.2,0.458,0.497,1.0,0.975,21.4,107.0,89.17,107.0,0.556,W,1
0022100138,1610612747,Los Angeles,Lakers,LAL,lakers,240:00,420.6,84.1,490.7,98.1,-70.1,-14.0,0.645,1.05,14.2,0.25,0.79,0.525,17.757,17.8,0.394,0.447,1.0,1.0,21.4,107.0,89.17,107.0,0.444,L,0
0022100137,1610612756,Phoenix,Suns,PHX,suns,240:00,570.8,114.2,557.1,111.4,13.6,2.7,0.578,2.17,18.8,0.13,0.719,0.456,11.321,11.3,0.591,0.622,1.0,0.973,21.1,105.5,87.92,106.0,0.55,W,1
0022100137,1610612737,Atlanta,Hawks,ATL,hawks,240:00,557.1,111.4,570.8,114.2,-13.6,-2.7,0.429,1.5,12.9,0.281,0.87,0.544,11.429,11.4,0.5,0.546,1.0,0.992,21.1,105.5,87.92,105.0,0.45,L,0
0022100128,1610612749,Milwaukee,Bucks,MIL,bucks,240:00,490.0,98.0,565.0,113.0,-75.0,-15.0,0.576,1.27,15.1,0.173,0.561,0.376,15.0,15.0,0.5,0.537,1.0,1.0,20.0,100.0,83.33,100.0,0.408,L,0
0022100128,1610612752,New York,Knicks,NYK,knicks,240:00,565.0,113.0,490.0,98.0,75.0,15.0,0.39,1.07,11.3,0.439,0.827,0.624,15.0,15.0,0.479,0.526,1.0,0.976,20.0,100.0,83.33,100.0,0.592,W,1
0022100125,1610612753,Orlando,Magic,ORL,magic,240:00,445.0,89.0,505.0,101.0,-60.0,-12.0,0.657,1.28,17.0,0.218,0.78,0.486,18.0,18.0,0.461,0.476,1.0,0.991,20.1,100.5,83.75,100.0,0.425,L,0
0022100125,1610612759,San Antonio,Spurs,SAS,spurs,240:00,505.0,101.0,445.0,89.0,60.0,12.0,0.575,1.77,17.0,0.22,0.782,0.514,12.871,12.9,0.478,0.521,1.0,0.982,20.1,100.5,83.75,101.0,0.575,W,1
0022100131,1610612757,Portland,Trail Blazers,POR,blazers,240:00,572.9,114.6,552.1,110.4,20.8,4.2,0.675,1.93,20.6,0.186,0.787,0.5,14.583,14.6,0.591,0.621,1.0,0.971,19.2,96.0,80.0,96.0,0.525,W,1
0022100131,1610612754,Indiana,Pacers,IND,pacers,240:00,552.1,110.4,572.9,114.6,-20.8,-4.2,0.651,2.55,20.9,0.213,0.814,0.5,11.458,11.5,0.568,0.574,1.0,0.981,19.2,96.0,80.0,96.0,0.475,L,0
0022100126,1610612764,Washington,Wizards,WAS,wizards,240:00,569.3,113.9,430.7,86.1,138.6,27.7,0.694,1.79,23.4,0.263,0.79,0.59,18.812,18.8,0.643,0.641,1.0,0.973,20.2,101.0,84.17,101.0,0.679,W,1
0022100126,1610612763,Memphis,Grizzlies,MEM,grizzlies,240:00,430.7,86.1,569.3,113.9,-138.6,-27.7,0.559,2.11,14.3,0.21,0.737,0.41,8.911,8.9,0.385,0.42,1.0,0.982,20.2,101.0,84.17,101.0,0.321,L,0
0022100130,1610612744,Golden State,Warriors,GSW,warriors,240:00,630.0,126.0,438.1,87.6,191.9,38.4,0.766,3.27,24.3,0.267,0.719,0.52,11.0,11.0,0.626,0.648,1.0,0.955,19.7,98.5,82.08,100.0,0.729,W,1
0022100130,1610612740,New Orleans,Pelicans,NOP,pelicans,240:00,438.1,87.6,630.0,126.0,-191.9,-38.4,0.742,1.21,16.9,0.281,0.733,0.48,19.588,19.6,0.415,0.447,1.0,0.982,19.7,98.5,82.08,97.0,0.271,L,0
0022100124,1610612765,Detroit,Pistons,DET,pistons,240:00,459.2,91.8,480.0,96.0,-20.8,-4.2,0.515,1.21,13.5,0.196,0.841,0.48,14.286,14.3,0.443,0.474,1.0,0.991,19.8,99.0,82.5,98.0,0.436,L,0
0022100124,1610612751,Brooklyn,Nets,BKN,nets,240:00,480.0,96.0,459.2,91.8,20.8,4.2,0.694,1.47,18.9,0.159,0.804,0.52,17.0,17.0,0.519,0.557,1.0,0.953,19.8,99.0,82.5,100.0,0.564,W,1
0022100127,1610612761,Toronto,Raptors,TOR,raptors,240:00,554.9,111.0,566.7,113.3,-11.7,-2.3,0.476,2.0,14.7,0.439,0.596,0.51,10.989,11.0,0.485,0.49,1.0,0.966,18.1,90.5,75.42,91.0,0.489,L,0
0022100127,1610612739,Cleveland,Cavaliers,CLE,cavaliers,240:00,566.7,113.3,554.9,111.0,11.7,2.3,0.579,1.22,16.8,0.404,0.561,0.49,20.0,20.0,0.518,0.558,1.0,0.991,18.1,90.5,75.42,90.0,0.511,W,1
0022100129,1610612750,Minnesota,Timberwolves,MIN,timberwolves,240:00,403.8,80.8,504.9,101.0,-101.0,-20.2,0.548,0.77,12.8,0.2,0.673,0.426,21.154,21.2,0.444,0.456,1.0,0.966,20.7,103.5,86.25,104.0,0.266,L,0
0022100129,1610612746,LA,Clippers,LAC,clippers,240:00,504.9,101.0,403.8,80.8,101.0,20.2,0.5,1.06,12.9,0.327,0.8,0.574,16.505,16.5,0.443,0.509,1.0,0.992,20.7,103.5,86.25,103.0,0.734,W,1
0022100132,1610612758,Sacramento,Kings,SAC,kings,240:00,679.6,135.9,528.8,105.8,150.8,30.2,0.604,1.61,19.9,0.359,0.815,0.624,17.476,17.5,0.678,0.711,1.0,0.991,20.7,103.5,86.25,103.0,0.617,W,1
0022100132,1610612766,Charlotte,Hornets,CHA,hornets,240:00,528.8,105.8,679.6,135.9,-150.8,-30.2,0.674,2.9,20.6,0.185,0.641,0.376,9.615,9.6,0.527,0.543,1.0,0.991,20.7,103.5,86.25,104.0,0.383,L,0
0022100121,1610612748,Miami,Heat,MIA,heat,240:00,433.3,86.7,522.0,104.4,-88.6,-17.7,0.643,1.0,14.2,0.339,0.708,0.51,20.0,20.0,0.401,0.436,1.0,0.982,18.1,90.5,75.42,90.0,0.372,L,0
0022100121,1610612738,Boston,Celtics,BOS,celtics,240:00,522.0,104.4,433.3,86.7,88.6,17.7,0.516,1.0,13.2,0.292,0.661,0.49,17.582,17.6,0.5,0.547,1.0,0.971,18.1,90.5,75.42,91.0,0.628,W,1
0022100122,1610612756,Phoenix,Suns,PHX,suns,240:00,585.7,117.1,528.6,105.7,57.1,11.4,0.659,2.42,19.7,0.265,0.725,0.5,11.429,11.4,0.548,0.596,1.0,0.983,21.0,105.0,87.5,105.0,0.579,W,1
0022100122,1610612745,Houston,Rockets,HOU,rockets,240:00,528.6,105.7,585.7,117.1,-57.1,-11.4,0.658,1.32,17.4,0.275,0.735,0.5,18.095,18.1,0.494,0.553,1.0,0.975,21.0,105.0,87.5,105.0,0.421,L,0
0022100120,1610612737,Atlanta,Hawks,ATL,hawks,240:00,521.3,104.3,617.0,123.4,-95.7,-19.1,0.514,2.0,14.8,0.2,0.674,0.419,9.574,9.6,0.47,0.524,1.0,0.981,18.8,94.0,78.33,94.0,0.394,L,0
0022100120,1610612762,Utah,Jazz,UTA,jazz,240:00,617.0,123.4,521.3,104.3,95.7,19.1,0.732,1.76,21.7,0.326,0.8,0.581,18.085,18.1,0.611,0.637,1.0,0.963,18.8,94.0,78.33,94.0,0.606,W,1
0022100123,1610612747,Los Angeles,Lakers,LAL,lakers,240:00,520.0,104.0,535.0,107.0,-15.0,-3.0,0.564,1.57,15.7,0.316,0.704,0.505,14.0,14.0,0.479,0.512,1.0,0.975,20.0,100.0,83.33,100.0,0.479,L,0
0022100123,1610612760,Oklahoma City,Thunder,OKC,thunder,240:00,535.0,107.0,520.0,104.0,15.0,3.0,0.622,1.44,16.7,0.296,0.684,0.495,16.0,16.0,0.511,0.543,1.0,0.991,20.0,100.0,83.33,100.0,0.521,W,1
0022100119,1610612765,Detroit,Pistons,DET,pistons,240:00,532.6,106.5,592.4,118.5,-59.8,-12.0,0.6,1.91,16.4,0.302,0.617,0.45,11.957,12.0,0.466,0.514,1.0,1.0,18.4,92.0,76.67,92.0,0.436,L,0
0022100119,1610612755,Philadelphia,76ers,PHI,sixers,240:00,592.4,118.5,532.6,106.5,59.8,12.0,0.537,1.47,16.8,0.383,0.698,0.55,16.304,16.3,0.566,0.588,1.0,0.963,18.4,92.0,76.67,92.0,0.564,W,1
0022100116,1610612759,San Antonio,Spurs,SAS,spurs,240:00,514.3,102.9,514.2,102.8,0.1,0.0,0.581,1.67,18.2,0.146,0.644,0.421,14.286,14.3,0.528,0.558,1.0,1.0,21.1,105.5,87.92,105.0,0.524,L,0
0022100116,1610612742,Dallas,Mavericks,DAL,mavericks,240:00,514.2,102.8,514.3,102.9,-0.1,0.0,0.525,1.11,14.3,0.356,0.854,0.579,17.925,17.9,0.473,0.515,1.0,0.984,21.1,105.5,87.92,106.0,0.476,W,1
0022100117,1610612744,Golden State,Warriors,GSW,warriors,240:00,542.9,108.6,438.1,87.6,104.8,21.0,0.786,1.94,22.4,0.184,0.803,0.527,16.19,16.2,0.593,0.607,1.0,0.965,21.0,105.0,87.5,105.0,0.636,W,1
0022100117,1610612766,Charlotte,Hornets,CHA,hornets,240:00,438.1,87.6,542.9,108.6,-104.8,-21.0,0.529,1.13,13.4,0.197,0.816,0.473,15.238,15.2,0.429,0.463,1.0,0.983,21.0,105.0,87.5,105.0,0.364,L,0
0022100115,1610612750,Minnesota,Timberwolves,MIN,timberwolves,240:00,580.8,116.2,617.6,123.5,-36.8,-7.4,0.628,1.59,18.9,0.333,0.774,0.5,17.172,17.2,0.532,0.569,1.0,0.991,20.1,100.5,83.75,99.0,0.427,L,0
0022100115,1610612746,LA,Clippers,LAC,clippers,240:00,617.6,123.5,580.8,116.2,36.8,7.4,0.702,1.57,23.2,0.226,0.667,0.5,20.588,20.6,0.737,0.756,1.0,0.945,20.1,100.5,83.75,102.0,0.573,W,1
0022100113,1610612751,Brooklyn,Nets,BKN,nets,240:00,568.0,113.6,519.2,103.8,48.7,9.7,0.791,2.13,23.4,0.167,0.745,0.476,15.534,15.5,0.614,0.627,1.0,0.964,20.7,103.5,86.25,103.0,0.537,W,1
0022100113,1610612737,Atlanta,Hawks,ATL,hawks,240:00,519.2,103.8,568.0,113.6,-48.7,-9.7,0.561,1.64,16.4,0.255,0.833,0.524,13.462,13.5,0.505,0.537,1.0,0.974,20.7,103.5,86.25,104.0,0.463,L,0
0022100109,1610612754,Indiana,Pacers,IND,pacers,240:00,572.2,114.4,510.4,102.1,61.7,12.3,0.619,2.0,18.8,0.32,0.741,0.538,13.402,13.4,0.549,0.571,1.0,0.964,19.3,96.5,80.42,97.0,0.554,W,1
0022100109,1610612752,New York,Knicks,NYK,knicks,240:00,510.4,102.1,572.2,114.4,-61.7,-12.3,0.639,2.3,17.3,0.259,0.68,0.462,10.417,10.4,0.443,0.496,1.0,0.991,19.3,96.5,80.42,96.0,0.446,L,0
0022100108,1610612739,Cleveland,Cavaliers,CLE,cavaliers,240:00,563.2,112.6,547.4,109.5,15.8,3.2,0.744,1.53,22.0,0.216,0.759,0.538,20.0,20.0,0.628,0.653,1.0,0.961,19.0,95.0,79.17,95.0,0.541,W,1
0022100108,1610612757,Portland,Trail Blazers,POR,blazers,240:00,547.4,109.5,563.2,112.6,-15.8,-3.2,0.6,2.67,18.2,0.241,0.784,0.462,9.474,9.5,0.517,0.533,1.0,0.981,19.0,95.0,79.17,95.0,0.459,L,0
0022100118,1610612758,Sacramento,Kings,SAC,kings,240:00,583.3,116.7,515.6,103.1,67.7,13.5,0.643,3.38,21.3,0.105,0.7,0.443,8.333,8.3,0.588,0.624,1.0,0.98,19.2,96.0,80.0,96.0,0.596,W,1
0022100118,1610612740,New Orleans,Pelicans,NOP,pelicans,240:00,515.6,103.1,583.3,116.7,-67.7,-13.5,0.649,1.41,17.9,0.3,0.895,0.557,17.708,17.7,0.5,0.535,1.0,0.982,19.2,96.0,80.0,96.0,0.404,L,0
0022100114,1610612763,Memphis,Grizzlies,MEM,grizzlies,240:00,568.4,113.7,557.9,111.6,10.5,2.1,0.667,2.33,21.9,0.143,0.694,0.44,12.632,12.6,0.617,0.62,1.0,0.98,19.0,95.0,79.17,95.0,0.523,W,1
0022100114,1610612743,Denver,Nuggets,DEN,nuggets,240:00,557.9,111.6,568.4,113.7,-10.5,-2.1,0.558,2.0,17.9,0.306,0.857,0.56,12.632,12.6,0.516,0.548,1.0,0.973,19.0,95.0,79.17,95.0,0.477,L,0
0022100112,1610612764,Washington,Wizards,WAS,wizards,240:00,515.5,103.1,567.7,113.5,-52.2,-10.4,0.559,1.46,14.8,0.245,0.72,0.485,13.402,13.4,0.487,0.548,1.0,0.963,19.3,96.5,80.42,97.0,0.5,L,0
0022100112,1610612761,Toronto,Raptors,TOR,raptors,240:00,567.7,113.5,515.5,103.1,52.2,10.4,0.415,1.42,13.4,0.28,0.755,0.515,12.5,12.5,0.523,0.563,1.0,0.964,19.3,96.5,80.42,96.0,0.5,W,1
0022100110,1610612753,Orlando,Magic,ORL,magic,240:00,420.2,84.0,484.2,96.8,-64.0,-12.8,0.556,1.0,12.2,0.237,0.808,0.505,15.957,16.0,0.375,0.426,1.0,0.991,18.9,94.5,78.75,94.0,0.358,L,0
0022100110,1610612738,Boston,Celtics,BOS,celtics,240:00,484.2,96.8,420.2,84.0,64.0,12.8,0.727,2.18,18.6,0.192,0.763,0.495,11.579,11.6,0.481,0.511,1.0,0.971,18.9,94.5,78.75,95.0,0.642,W,1
0022100111,1610612755,Philadelphia,76ers,PHI,sixers,240:00,530.9,106.2,505.2,101.0,25.8,5.2,0.632,1.71,18.9,0.136,0.773,0.455,14.433,14.4,0.571,0.597,1.0,0.981,19.4,97.0,80.83,97.0,0.508,W,1
0022100111,1610612741,Chicago,Bulls,CHI,bulls,240:00,505.2,101.0,530.9,106.2,-25.8,-5.2,0.5,1.19,15.1,0.227,0.864,0.545,16.495,16.5,0.5,0.545,1.0,0.981,19.4,97.0,80.83,97.0,0.492,L,0
0022100104,1610612742,Dallas,Mavericks,DAL,mavericks,240:00,578.9,115.8,657.9,131.6,-78.9,-15.8,0.459,1.7,13.5,0.264,0.744,0.479,10.526,10.5,0.524,0.563,1.0,0.972,19.0,95.0,79.17,95.0,0.388,L,0
0022100104,1610612748,Miami,Heat,MIA,heat,240:00,657.9,131.6,578.9,115.8,78.9,15.8,0.581,3.57,19.1,0.256,0.736,0.521,7.368,7.4,0.596,0.65,1.0,0.972,19.0,95.0,79.17,95.0,0.612,W,1
0022100106,1610612756,Phoenix,Suns,PHX,suns,240:00,554.5,110.9,500.0,100.0,54.5,10.9,0.744,1.68,22.5,0.225,0.679,0.49,18.812,18.8,0.579,0.623,1.0,0.973,20.1,100.5,83.75,101.0,0.572,W,1
0022100106,1610612740,New Orleans,Pelicans,NOP,pelicans,240:00,500.0,100.0,554.5,110.9,-54.5,-10.9,0.583,1.17,15.1,0.321,0.775,0.51,18.0,18.0,0.467,0.51,1.0,0.983,20.1,100.5,83.75,100.0,0.428,L,0
0022100105,1610612762,Utah,Jazz,UTA,jazz,240:00,572.1,114.4,538.1,107.6,34.0,6.8,0.372,0.94,11.2,0.414,0.789,0.6,16.346,16.3,0.51,0.541,1.0,0.992,20.9,104.5,87.08,104.0,0.507,W,1
0022100105,1610612758,Sacramento,Kings,SAC,kings,240:00,538.1,107.6,572.1,114.4,-34.0,-6.8,0.571,2.18,17.4,0.211,0.586,0.4,10.476,10.5,0.516,0.546,1.0,1.0,20.9,104.5,87.08,105.0,0.493,L,0
0022100103,1610612765,Detroit,Pistons,DET,pistons,240:00,449.5,89.9,585.0,117.0,-135.5,-27.1,0.7,1.5,15.1,0.294,0.705,0.455,14.141,14.1,0.366,0.419,1.0,1.0,19.9,99.5,82.92,99.0,0.281,L,0
0022100103,1610612749,Milwaukee,Bucks,MIL,bucks,240:00,585.0,117.0,449.5,89.9,135.5,27.1,0.667,1.65,19.9,0.295,0.706,0.545,17.0,17.0,0.601,0.627,1.0,0.956,19.9,99.5,82.92,100.0,0.719,W,1
0022100107,1610612747,Los Angeles,Lakers,LAL,lakers,240:00,556.1,111.2,541.7,108.3,14.4,2.9,0.531,1.53,17.7,0.326,0.708,0.521,15.888,15.9,0.559,0.584,1.0,0.983,21.5,107.5,89.58,107.0,0.548,W,1
0022100107,1610612745,Houston,Rockets,HOU,rockets,240:00,541.7,108.3,556.1,111.2,-14.4,-2.9,0.563,1.08,18.1,0.292,0.674,0.479,23.148,23.1,0.615,0.608,1.0,0.967,21.5,107.5,89.58,108.0,0.453,L,0
0022100100,1610612763,Memphis,Grizzlies,MEM,grizzlies,240:00,535.4,107.1,494.9,99.0,40.5,8.1,0.455,1.54,14.7,0.321,0.83,0.575,13.131,13.1,0.521,0.53,1.0,0.966,19.7,98.5,82.08,99.0,0.506,W,1
0022100100,1610612743,Denver,Nuggets,DEN,nuggets,240:00,494.9,99.0,535.4,107.1,-40.5,-8.1,0.692,2.25,20.3,0.17,0.679,0.425,12.245,12.2,0.494,0.513,1.0,1.0,19.7,98.5,82.08,98.0,0.494,L,0
0022100102,1610612746,LA,Clippers,LAC,clippers,240:00,500.0,100.0,470.0,94.0,30.0,6.0,0.514,1.29,13.4,0.293,0.732,0.509,14.141,14.1,0.462,0.493,1.0,0.974,19.9,99.5,82.92,99.0,0.519,W,1
0022100102,1610612760,Oklahoma City,Thunder,OKC,thunder,240:00,470.0,94.0,500.0,100.0,-30.0,-6.0,0.486,1.06,12.9,0.268,0.707,0.491,16.0,16.0,0.45,0.484,1.0,0.974,19.9,99.5,82.92,100.0,0.481,L,0
0022100096,1610612755,Philadelphia,76ers,PHI,sixers,240:00,607.5,121.5,547.9,109.6,59.7,11.9,0.791,3.09,25.2,0.195,0.66,0.443,11.828,11.8,0.596,0.627,1.0,0.98,18.7,93.5,77.92,93.0,0.579,W,1
0022100096,1610612757,Portland,Trail Blazers,POR,blazers,240:00,547.9,109.6,607.5,121.5,-59.7,-11.9,0.525,1.4,16.2,0.34,0.805,0.557,15.957,16.0,0.548,0.56,1.0,0.972,18.7,93.5,77.92,94.0,0.421,L,0
0022100097,1610612737,Atlanta,Hawks,ATL,hawks,240:00,614.6,122.9,584.2,116.8,30.4,6.1,0.632,2.18,17.8,0.333,0.778,0.556,11.458,11.5,0.536,0.616,1.0,0.973,19.1,95.5,79.58,96.0,0.551,W,1
0022100097,1610612764,Washington,Wizards,WAS,wizards,240:00,584.2,116.8,614.6,122.9,-30.4,-6.1,0.659,2.25,20.5,0.222,0.667,0.444,12.632,12.6,0.552,0.597,1.0,0.99,19.1,95.5,79.58,95.0,0.449,L,0
0022100099,1610612752,New York,Knicks,NYK,knicks,240:00,536.1,107.2,576.5,115.3,-40.4,-8.1,0.571,1.18,15.9,0.2,0.661,0.455,17.526,17.5,0.566,0.601,1.0,0.981,19.5,97.5,81.25,97.0,0.457,L,0
0022100099,1610612761,Toronto,Raptors,TOR,raptors,240:00,576.5,115.3,536.1,107.2,40.4,8.1,0.558,2.67,17.0,0.339,0.8,0.545,9.184,9.2,0.505,0.537,1.0,0.966,19.5,97.5,81.25,98.0,0.543,W,1
0022100094,1610612766,Charlotte,Hornets,CHA,hornets,240:00,550.0,110.0,565.0,113.0,-15.0,-3.0,0.643,1.59,17.9,0.433,0.528,0.478,17.0,17.0,0.49,0.511,1.0,1.0,20.0,100.0,83.33,100.0,0.476,L,0
0022100094,1610612739,Cleveland,Cavaliers,CLE,cavaliers,240:00,565.0,113.0,550.0,110.0,15.0,3.0,0.538,1.31,14.6,0.472,0.567,0.522,16.0,16.0,0.483,0.529,1.0,1.0,20.0,100.0,83.33,100.0,0.524,W,1
0022100101,1610612750,Minnesota,Timberwolves,MIN,timberwolves,240:00,489.9,98.0,575.0,115.0,-85.1,-17.0,0.583,1.5,14.9,0.323,0.702,0.482,14.141,14.1,0.443,0.46,1.0,0.975,19.9,99.5,82.92,99.0,0.377,L,0
0022100101,1610612753,Orlando,Magic,ORL,magic,240:00,575.0,115.0,489.9,98.0,85.1,17.0,0.568,1.31,15.7,0.298,0.677,0.518,16.0,16.0,0.555,0.604,1.0,0.982,19.9,99.5,82.92,100.0,0.623,W,1
0022100095,1610612754,Indiana,Pacers,IND,pacers,240:00,661.6,132.3,590.0,118.0,71.6,14.3,0.712,2.31,24.7,0.333,0.689,0.517,16.162,16.2,0.67,0.68,1.0,0.973,19.9,99.5,82.92,99.0,0.535,W,1
0022100095,1610612759,San Antonio,Spurs,SAS,spurs,240:00,590.0,118.0,661.6,132.3,-71.6,-14.3,0.723,2.0,23.1,0.311,0.667,0.483,17.0,17.0,0.607,0.62,1.0,0.973,19.9,99.5,82.92,100.0,0.465,L,0
0022100098,1610612738,Boston,Celtics,BOS,celtics,240:00,558.8,111.8,633.7,126.7,-74.8,-15.0,0.476,2.22,14.6,0.263,0.676,0.426,8.824,8.8,0.516,0.544,1.0,0.974,20.3,101.5,84.58,102.0,0.401,L,0
0022100098,1610612741,Chicago,Bulls,CHI,bulls,240:00,633.7,126.7,558.8,111.8,74.8,15.0,0.612,1.67,21.1,0.324,0.737,0.574,17.822,17.8,0.645,0.681,1.0,0.964,20.3,101.5,84.58,101.0,0.599,W,1
0022100092,1610612751,Brooklyn,Nets,BKN,nets,240:00,603.1,120.6,474.0,94.8,129.1,25.8,0.638,1.5,22.9,0.179,0.843,0.608,20.619,20.6,0.743,0.74,1.0,0.97,19.3,96.5,80.42,97.0,0.661,W,1
0022100092,1610612765,Detroit,Pistons,DET,pistons,240:00,474.0,94.8,603.1,120.6,-129.1,-25.8,0.656,1.4,16.8,0.157,0.821,0.392,15.625,15.6,0.481,0.513,1.0,0.99,19.3,96.5,80.42,96.0,0.339,L,0
0022100093,1610612747,Los Angeles,Lakers,LAL,lakers,240:00,461.2,92.2,416.7,83.3,44.5,8.9,0.564,1.57,15.8,0.23,0.706,0.446,13.592,13.6,0.453,0.467,1.0,0.957,20.5,102.5,85.42,103.0,0.569,W,1
0022100093,1610612745,Houston,Rockets,HOU,rockets,240:00,416.7,83.3,461.2,92.2,-44.5,-8.9,0.563,0.67,13.3,0.294,0.77,0.554,26.471,26.5,0.461,0.479,1.0,0.974,20.5,102.5,85.42,102.0,0.431,L,0
0022100090,1610612766,Charlotte,Hornets,CHA,hornets,240:00,644.3,128.9,582.5,116.5,61.9,12.4,0.783,4.0,24.7,0.271,0.648,0.471,9.278,9.3,0.629,0.636,1.0,0.973,19.4,97.0,80.83,97.0,0.554,W,1
0022100090,1610612757,Portland,Trail Blazers,POR,blazers,240:00,582.5,116.5,644.3,128.9,-61.9,-12.4,0.698,2.5,20.7,0.352,0.729,0.529,12.371,12.4,0.531,0.555,1.0,0.991,19.4,97.0,80.83,97.0,0.446,L,0
0022100089,1610612742,Dallas,Mavericks,DAL,mavericks,240:00,541.2,108.2,510.3,102.1,30.9,6.2,0.6,2.4,17.8,0.259,0.633,0.456,10.309,10.3,0.511,0.531,1.0,0.973,19.4,97.0,80.83,97.0,0.535,W,1
0022100089,1610612758,Sacramento,Kings,SAC,kings,240:00,510.3,102.1,541.2,108.2,-30.9,-6.2,0.526,1.54,14.4,0.367,0.741,0.544,13.402,13.4,0.432,0.472,1.0,0.975,19.4,97.0,80.83,97.0,0.465,L,0
0022100091,1610612749,Milwaukee,Bucks,MIL,bucks,240:00,516.3,103.3,581.5,116.3,-65.2,-13.0,0.41,1.45,12.6,0.333,0.762,0.515,11.957,12.0,0.469,0.482,1.0,0.964,18.4,92.0,76.67,92.0,0.383,L,0
0022100091,1610612762,Utah,Jazz,UTA,jazz,240:00,581.5,116.3,516.3,103.3,65.2,13.0,0.371,1.0,11.5,0.238,0.667,0.485,14.13,14.1,0.547,0.616,1.0,0.99,18.4,92.0,76.67,92.0,0.617,W,1
0022100086,1610612744,Golden State,Warriors,GSW,warriors,240:00,504.9,101.0,402.0,80.4,102.9,20.6,0.769,1.88,20.8,0.218,0.855,0.536,15.686,15.7,0.538,0.539,1.0,0.974,20.4,102.0,85.0,102.0,0.604,W,1
0022100086,1610612760,Oklahoma City,Thunder,OKC,thunder,240:00,402.0,80.4,504.9,101.0,-102.9,-20.6,0.483,0.88,11.4,0.145,0.782,0.464,15.686,15.7,0.398,0.444,1.0,0.991,20.4,102.0,85.0,102.0,0.396,L,0
0022100080,1610612740,New Orleans,Pelicans,NOP,pelicans,240:00,590.9,118.2,621.2,124.2,-30.3,-6.1,0.714,2.5,20.5,0.333,0.805,0.543,12.121,12.1,0.516,0.57,1.0,0.974,19.8,99.0,82.5,99.0,0.484,L,0
0022100080,1610612752,New York,Knicks,NYK,knicks,240:00,621.2,124.2,590.9,118.2,30.3,6.1,0.524,1.83,17.1,0.195,0.667,0.457,12.121,12.1,0.636,0.668,1.0,0.981,19.8,99.0,82.5,99.0,0.516,W,1
0022100084,1610612763,Memphis,Grizzlies,MEM,grizzlies,240:00,515.0,103.0,645.0,129.0,-130.0,-26.0,0.765,1.86,19.0,0.236,0.628,0.408,14.0,14.0,0.477,0.53,1.0,1.0,20.0,100.0,83.33,100.0,0.389,L,0
0022100084,1610612748,Miami,Heat,MIA,heat,240:00,645.0,129.0,515.0,103.0,130.0,26.0,0.674,1.72,21.1,0.372,0.764,0.592,18.0,18.0,0.642,0.669,1.0,0.983,20.0,100.0,83.33,100.0,0.611,W,1
0022100079,1610612765,Detroit,Pistons,DET,pistons,240:00,550.0,110.0,525.5,105.1,24.5,4.9,0.722,1.63,17.8,0.393,0.72,0.547,16.0,16.0,0.483,0.538,1.0,0.958,19.8,99.0,82.5,100.0,0.549,W,1
0022100079,1610612753,Orlando,Magic,ORL,magic,240:00,525.5,105.1,550.0,110.0,-24.5,-4.9,0.553,1.17,15.8,0.28,0.607,0.453,18.367,18.4,0.529,0.55,1.0,0.991,19.8,99.0,82.5,98.0,0.451,L,0
0022100082,1610612755,Philadelphia,76ers,PHI,sixers,240:00,610.0,122.0,474.7,94.9,135.3,27.1,0.522,2.0,18.3,0.2,0.613,0.451,12.0,12.0,0.605,0.646,1.0,0.981,19.9,99.5,82.92,100.0,0.649,W,1
0022100082,1610612737,Atlanta,Hawks,ATL,hawks,240:00,474.7,94.9,610.0,122.0,-135.3,-27.1,0.667,1.26,16.3,0.387,0.8,0.549,19.192,19.2,0.421,0.455,1.0,0.992,19.9,99.5,82.92,99.0,0.351,L,0
0022100078,1610612764,Washington,Wizards,WAS,wizards,290:00,475.2,95.0,466.7,93.3,8.5,1.7,0.5,1.46,12.3,0.217,0.803,0.504,10.744,10.7,0.413,0.48,1.0,0.971,19.94,99.72,83.1,121.0,0.51,W,1
0022100078,1610612738,Boston,Celtics,BOS,celtics,290:00,466.7,93.3,475.2,95.0,-8.5,-1.7,0.523,1.92,14.8,0.197,0.783,0.496,10.0,10.0,0.421,0.475,1.0,0.977,19.94,99.72,83.1,120.0,0.49,L,0
0022100083,1610612741,Chicago,Bulls,CHI,bulls,240:00,514.4,102.9,480.6,96.1,33.8,6.8,0.41,1.78,12.2,0.222,0.684,0.459,8.654,8.7,0.456,0.513,1.0,0.983,20.7,103.5,86.25,104.0,0.555,W,1
0022100083,1610612762,Utah,Jazz,UTA,jazz,240:00,480.6,96.1,514.4,102.9,-33.8,-6.8,0.429,0.75,11.0,0.316,0.778,0.541,19.417,19.4,0.44,0.493,1.0,0.992,20.7,103.5,86.25,103.0,0.445,L,0
0022100088,1610612756,Phoenix,Suns,PHX,suns,240:00,490.3,98.1,451.0,90.2,39.3,7.9,0.692,1.8,19.1,0.22,0.804,0.528,14.563,14.6,0.5,0.527,1.0,0.956,20.5,102.5,85.42,103.0,0.606,W,1
0022100088,1610612739,Cleveland,Cavaliers,CLE,cavaliers,240:00,451.0,90.2,490.3,98.1,-39.3,-7.9,0.583,1.11,15.7,0.196,0.78,0.472,18.627,18.6,0.473,0.489,1.0,0.991,20.5,102.5,85.42,102.0,0.394,L,0
0022100087,1610612750,Minnesota,Timberwolves,MIN,timberwolves,240:00,474.0,94.8,479.4,95.9,-5.4,-1.1,0.6,1.05,15.6,0.327,0.623,0.472,20.833,20.8,0.466,0.489,1.0,0.991,19.3,96.5,80.42,96.0,0.428,L,0
0022100087,1610612743,Denver,Nuggets,DEN,nuggets,240:00,479.4,95.9,474.0,94.8,5.4,1.1,0.667,1.33,17.0,0.377,0.673,0.528,18.557,18.6,0.46,0.489,1.0,0.974,19.3,96.5,80.42,97.0,0.572,W,1
0022100081,1610612754,Indiana,Pacers,IND,pacers,240:00,474.7,94.9,489.9,98.0,-15.2,-3.0,0.714,1.25,18.4,0.24,0.673,0.467,20.202,20.2,0.512,0.534,1.0,0.973,19.8,99.0,82.5,99.0,0.516,L,0
0022100081,1610612761,Toronto,Raptors,TOR,raptors,240:00,489.9,98.0,474.7,94.9,15.2,3.0,0.462,1.0,13.3,0.327,0.76,0.533,18.182,18.2,0.484,0.499,1.0,0.957,19.8,99.0,82.5,99.0,0.484,W,1
0022100085,1610612749,Milwaukee,Bucks,MIL,bucks,240:00,430.6,86.1,476.6,95.3,-46.1,-9.2,0.556,0.95,14.6,0.182,0.825,0.509,19.444,19.4,0.461,0.484,1.0,0.974,21.5,107.5,89.58,108.0,0.408,L,0
0022100085,1610612759,San Antonio,Spurs,SAS,spurs,240:00,476.6,95.3,430.6,86.1,46.1,9.2,0.718,2.8,19.4,0.175,0.818,0.491,9.346,9.3,0.447,0.483,1.0,0.991,21.5,107.5,89.58,107.0,0.592,W,1
0022100071,1610612761,Toronto,Raptors,TOR,raptors,240:00,591.4,118.3,579.8,116.0,11.6,2.3,0.419,2.25,14.8,0.239,0.653,0.453,8.602,8.6,0.552,0.575,1.0,0.981,18.7,93.5,77.92,93.0,0.541,W,1
0022100071,1610612753,Orlando,Magic,ORL,magic,240:00,579.8,116.0,591.4,118.3,-11.6,-2.3,0.585,1.41,17.8,0.347,0.761,0.547,18.085,18.1,0.563,0.58,1.0,0.973,18.7,93.5,77.92,94.0,0.459,L,0
0022100074,1610612740,New Orleans,Pelicans,NOP,pelicans,240:00,539.6,107.9,559.4,111.9,-19.8,-4.0,0.429,1.8,13.1,0.302,0.878,0.529,9.901,9.9,0.474,0.5,1.0,0.992,20.2,101.0,84.17,101.0,0.441,L,0
0022100074,1610612758,Sacramento,Kings,SAC,kings,240:00,559.4,111.9,539.6,107.9,19.8,4.0,0.475,1.36,15.2,0.122,0.698,0.471,13.861,13.9,0.556,0.621,1.0,0.981,20.2,101.0,84.17,101.0,0.559,W,1
0022100076,1610612757,Portland,Trail Blazers,POR,blazers,240:00,549.5,109.9,464.6,92.9,84.9,17.0,0.512,1.5,14.9,0.344,0.877,0.602,13.861,13.9,0.515,0.528,1.0,0.992,20.0,100.0,83.33,101.0,0.588,W,1
0022100076,1610612746,LA,Clippers,LAC,clippers,240:00,464.6,92.9,549.5,109.9,-84.9,-17.0,0.5,1.31,13.8,0.123,0.656,0.398,13.131,13.1,0.477,0.489,1.0,0.991,20.0,100.0,83.33,99.0,0.412,L,0
0022100073,1610612748,Miami,Heat,MIA,heat,240:00,575.8,115.2,500.0,100.0,75.8,15.2,0.535,1.28,16.1,0.438,0.763,0.617,18.182,18.2,0.522,0.574,1.0,0.975,19.8,99.0,82.5,99.0,0.601,W,1
0022100073,1610612766,Charlotte,Hornets,CHA,hornets,240:00,500.0,100.0,575.8,115.2,-75.8,-15.2,0.6,1.91,15.7,0.237,0.563,0.383,11.111,11.1,0.461,0.497,1.0,0.982,19.8,99.0,82.5,99.0,0.399,L,0
0022100075,1610612743,Denver,Nuggets,DEN,nuggets,240:00,524.8,105.0,378.8,75.8,146.0,29.2,0.651,1.4,20.1,0.238,0.877,0.606,19.802,19.8,0.584,0.597,1.0,0.955,20.0,100.0,83.33,101.0,0.73,W,1
0022100075,1610612742,Dallas,Mavericks,DAL,mavericks,240:00,378.8,75.8,524.8,105.0,-146.0,-29.2,0.609,0.93,11.7,0.123,0.762,0.394,15.152,15.2,0.346,0.417,1.0,0.991,20.0,100.0,83.33,99.0,0.27,L,0
0022100077,1610612747,Los Angeles,Lakers,LAL,lakers,240:00,601.1,120.2,543.0,108.6,58.1,11.6,0.522,1.09,17.6,0.462,0.615,0.549,23.404,23.4,0.619,0.639,1.0,0.955,18.7,93.5,77.92,94.0,0.559,W,1
0022100077,1610612739,Cleveland,Cavaliers,CLE,cavaliers,240:00,543.0,108.6,601.1,120.2,-58.1,-11.6,0.757,1.87,19.9,0.385,0.538,0.451,16.129,16.1,0.494,0.522,1.0,0.991,18.7,93.5,77.92,93.0,0.441,L,0
0022100072,1610612751,Brooklyn,Nets,BKN,nets,240:00,514.7,102.9,485.1,97.0,29.6,5.9,0.588,1.11,15.0,0.224,0.702,0.481,17.647,17.6,0.487,0.558,1.0,0.982,20.3,101.5,84.58,102.0,0.576,W,1
0022100072,1610612754,Indiana,Pacers,IND,pacers,240:00,485.1,97.0,514.7,102.9,-29.6,-5.9,0.541,1.43,14.7,0.298,0.776,0.519,13.861,13.9,0.441,0.475,1.0,1.009,20.3,101.5,84.58,101.0,0.424,L,0
0022100065,1610612755,Philadelphia,76ers,PHI,sixers,240:00,555.6,111.1,515.2,103.0,40.4,8.1,0.579,1.05,16.7,0.282,0.727,0.543,21.212,21.2,0.579,0.635,1.0,0.973,19.8,99.0,82.5,99.0,0.581,W,1
0022100065,1610612765,Detroit,Pistons,DET,pistons,240:00,515.2,103.0,555.6,111.1,-40.4,-8.1,0.629,1.57,16.3,0.273,0.718,0.457,14.141,14.1,0.483,0.521,1.0,0.973,19.8,99.0,82.5,99.0,0.419,L,0
0022100067,1610612741,Chicago,Bulls,CHI,bulls,240:00,547.9,109.6,553.2,110.6,-5.3,-1.1,0.694,3.57,19.8,0.163,0.729,0.443,7.447,7.4,0.494,0.55,1.0,0.99,18.8,94.0,78.33,94.0,0.525,L,0
0022100067,1610612752,New York,Knicks,NYK,knicks,240:00,553.2,110.6,547.9,109.6,5.3,1.1,0.41,1.23,13.2,0.271,0.837,0.557,13.83,13.8,0.524,0.554,1.0,1.0,18.8,94.0,78.33,94.0,0.475,W,1
0022100068,1610612745,Houston,Rockets,HOU,rockets,240:00,437.5,87.5,586.5,117.3,-149.0,-29.8,0.484,1.36,11.4,0.212,0.644,0.387,10.577,10.6,0.374,0.433,1.0,0.991,20.8,104.0,86.67,104.0,0.293,L,0
0022100068,1610612762,Utah,Jazz,UTA,jazz,240:00,586.5,117.3,437.5,87.5,149.0,29.8,0.585,1.2,16.7,0.356,0.788,0.613,19.231,19.2,0.576,0.621,1.0,0.95,20.8,104.0,86.67,104.0,0.707,W,1
0022100070,1610612744,Golden State,Warriors,GSW,warriors,265:00,467.6,93.5,477.1,95.4,-9.5,-1.9,0.744,1.26,19.7,0.208,0.724,0.477,21.296,21.3,0.511,0.53,1.0,0.983,19.65,98.26,81.89,108.0,0.463,L,0
0022100070,1610612763,Memphis,Grizzlies,MEM,grizzlies,265:00,477.1,95.4,467.6,93.5,9.5,1.9,0.641,1.39,16.7,0.276,0.792,0.523,16.514,16.5,0.464,0.504,1.0,0.968,19.65,98.26,81.89,109.0,0.537,W,1
0022100066,1610612764,Washington,Wizards,WAS,wizards,240:00,604.0,120.8,549.5,109.9,54.5,10.9,0.565,2.89,18.1,0.309,0.864,0.556,8.911,8.9,0.53,0.564,1.0,0.958,20.2,101.0,84.17,101.0,0.521,W,1
0022100066,1610612737,Atlanta,Hawks,ATL,hawks,240:00,549.5,109.9,604.0,120.8,-54.5,-10.9,0.542,2.0,19.5,0.136,0.691,0.444,12.871,12.9,0.58,0.589,1.0,0.981,20.2,101.0,84.17,101.0,0.479,L,0
0022100069,1610612742,Dallas,Mavericks,DAL,mavericks,240:00,541.7,108.3,515.6,103.1,26.0,5.2,0.439,1.38,14.2,0.269,0.717,0.495,13.542,13.5,0.562,0.549,1.0,0.982,19.2,96.0,80.0,96.0,0.479,W,1
0022100069,1610612759,San Antonio,Spurs,SAS,spurs,240:00,515.6,103.1,541.7,108.3,-26.0,-5.2,0.538,1.4,15.9,0.283,0.731,0.505,15.625,15.6,0.511,0.523,1.0,0.982,19.2,96.0,80.0,96.0,0.521,L,0
0022100056,1610612738,Boston,Celtics,BOS,celtics,240:00,540.4,108.1,580.0,116.0,-39.6,-7.9,0.486,1.38,13.8,0.275,0.636,0.442,13.131,13.1,0.494,0.55,1.0,1.0,19.9,99.5,82.92,99.0,0.444,L,0
0022100056,1610612764,Washington,Wizards,WAS,wizards,240:00,580.0,116.0,540.4,108.1,39.6,7.9,0.419,1.13,13.6,0.364,0.725,0.558,16.0,16.0,0.565,0.599,1.0,0.982,19.9,99.5,82.92,100.0,0.556,W,1
0022100062,1610612756,Phoenix,Suns,PHX,suns,240:00,524.5,104.9,550.0,110.0,-25.5,-5.1,0.548,2.09,16.3,0.327,0.768,0.556,10.784,10.8,0.484,0.517,1.0,0.975,20.2,101.0,84.17,102.0,0.52,L,0
0022100062,1610612758,Sacramento,Kings,SAC,kings,240:00,550.0,110.0,524.5,104.9,25.5,5.1,0.667,2.33,19.9,0.232,0.673,0.444,12.0,12.0,0.521,0.541,1.0,0.991,20.2,101.0,84.17,100.0,0.48,W,1
0022100057,1610612751,Brooklyn,Nets,BKN,nets,240:00,451.5,90.3,519.6,103.9,-68.2,-13.6,0.636,1.31,16.3,0.113,0.65,0.398,15.534,15.5,0.471,0.51,1.0,0.972,20.5,102.5,85.42,103.0,0.439,L,0
0022100057,1610612748,Miami,Heat,MIA,heat,240:00,519.6,103.9,451.5,90.3,68.2,13.6,0.553,1.4,14.6,0.35,0.887,0.602,14.706,14.7,0.438,0.493,1.0,0.984,20.5,102.5,85.42,102.0,0.561,W,1
0022100064,1610612746,LA,Clippers,LAC,clippers,240:00,411.5,82.3,479.2,95.8,-67.7,-13.5,0.613,1.36,15.0,0.2,0.62,0.391,14.583,14.6,0.408,0.426,1.0,0.981,19.2,96.0,80.0,96.0,0.365,L,0
0022100064,1610612739,Cleveland,Cavaliers,CLE,cavaliers,240:00,479.2,95.8,411.5,82.3,67.7,13.5,0.364,0.57,9.4,0.38,0.8,0.609,21.875,21.9,0.426,0.495,1.0,0.983,19.2,96.0,80.0,96.0,0.635,W,1
0022100059,1610612740,New Orleans,Pelicans,NOP,pelicans,240:00,521.1,104.2,536.8,107.4,-15.8,-3.2,0.6,2.4,18.2,0.259,0.638,0.455,10.526,10.5,0.489,0.511,1.0,0.981,19.0,95.0,79.17,95.0,0.494,L,0
0022100059,1610612737,Atlanta,Hawks,ATL,hawks,240:00,536.8,107.4,521.1,104.2,15.8,3.2,0.525,1.91,15.3,0.362,0.741,0.545,11.579,11.6,0.458,0.493,1.0,0.983,19.0,95.0,79.17,95.0,0.506,W,1
0022100055,1610612753,Orlando,Magic,ORL,magic,240:00,544.1,108.8,588.2,117.6,-44.1,-8.8,0.512,1.16,16.1,0.289,0.707,0.488,18.627,18.6,0.574,0.592,1.0,0.974,20.4,102.0,85.0,102.0,0.407,L,0
0022100055,1610612766,Charlotte,Hornets,CHA,hornets,240:00,588.2,117.6,544.1,108.8,44.1,8.8,0.512,1.29,16.3,0.293,0.711,0.512,16.667,16.7,0.602,0.641,1.0,0.973,20.4,102.0,85.0,102.0,0.593,W,1
0022100058,1610612761,Toronto,Raptors,TOR,raptors,240:00,608.2,121.6,515.5,103.1,92.8,18.6,0.478,1.83,15.3,0.431,0.643,0.52,12.371,12.4,0.53,0.544,1.0,0.967,19.4,97.0,80.83,97.0,0.564,W,1
0022100058,1610612754,Indiana,Pacers,IND,pacers,240:00,515.5,103.1,608.2,121.6,-92.8,-18.6,0.5,0.83,14.5,0.357,0.569,0.48,23.711,23.7,0.544,0.578,1.0,0.973,19.4,97.0,80.83,97.0,0.436,L,0
0022100060,1610612749,Milwaukee,Bucks,MIL,bucks,240:00,540.0,108.0,565.0,113.0,-25.0,-5.0,0.564,2.44,16.2,0.276,0.673,0.458,9.0,9.0,0.484,0.518,1.0,0.991,20.0,100.0,83.33,100.0,0.462,L,0
0022100060,1610612750,Minnesota,Timberwolves,MIN,timberwolves,240:00,565.0,113.0,540.0,108.0,25.0,5.0,0.674,1.71,20.0,0.327,0.724,0.542,17.0,17.0,0.544,0.574,1.0,0.983,20.0,100.0,83.33,100.0,0.538,W,1
0022100061,1610612760,Oklahoma City,Thunder,OKC,thunder,240:00,585.7,117.1,552.9,110.6,32.8,6.6,0.488,1.31,15.2,0.261,0.75,0.511,15.238,15.2,0.587,0.623,1.0,0.974,20.9,104.5,87.08,105.0,0.518,W,1
0022100061,1610612747,Los Angeles,Lakers,LAL,lakers,240:00,552.9,110.6,585.7,117.1,-32.8,-6.6,0.63,1.71,20.0,0.25,0.739,0.489,16.346,16.3,0.56,0.586,1.0,0.991,20.9,104.5,87.08,104.0,0.482,L,0
0022100063,1610612757,Portland,Trail Blazers,POR,blazers,240:00,585.9,117.2,480.0,96.0,105.9,21.2,0.564,1.57,16.2,0.3,0.567,0.453,14.141,14.1,0.554,0.594,1.0,0.982,19.9,99.5,82.92,99.0,0.659,W,1
0022100063,1610612763,Memphis,Grizzlies,MEM,grizzlies,240:00,480.0,96.0,585.9,117.2,-105.9,-21.2,0.771,1.23,17.4,0.433,0.7,0.547,22.0,22.0,0.453,0.46,1.0,0.977,19.9,99.5,82.92,100.0,0.341,L,0
0022100050,1610612752,New York,Knicks,NYK,knicks,240:00,595.7,119.1,532.3,106.5,63.5,12.7,0.585,1.6,17.9,0.34,0.739,0.538,15.957,16.0,0.563,0.598,1.0,0.945,18.7,93.5,77.92,94.0,0.533,W,1
0022100050,1610612755,Philadelphia,76ers,PHI,sixers,240:00,532.3,106.5,595.7,119.1,-63.5,-12.7,0.667,1.6,18.6,0.261,0.66,0.462,16.129,16.1,0.512,0.553,1.0,0.981,18.7,93.5,77.92,93.0,0.467,L,0
0022100053,1610612759,San Antonio,Spurs,SAS,spurs,265:00,521.6,104.3,525.2,105.0,-3.7,-0.7,0.688,2.06,19.8,0.269,0.768,0.496,13.793,13.8,0.505,0.514,1.0,0.993,21.28,106.42,88.68,116.0,0.488,L,0
0022100053,1610612747,Los Angeles,Lakers,LAL,lakers,265:00,525.2,105.0,521.6,104.3,3.7,0.7,0.4,1.54,13.2,0.232,0.731,0.504,10.924,10.9,0.514,0.545,1.0,0.977,21.28,106.42,88.68,119.0,0.512,W,1
0022100052,1610612742,Dallas,Mavericks,DAL,mavericks,240:00,552.4,110.5,504.8,101.0,47.6,9.5,0.581,1.67,17.4,0.269,0.759,0.519,14.286,14.3,0.527,0.558,1.0,0.983,21.0,105.0,87.5,105.0,0.544,W,1
0022100052,1610612745,Houston,Rockets,HOU,rockets,240:00,504.8,101.0,552.4,110.5,-47.6,-9.5,0.667,1.41,16.9,0.241,0.731,0.481,16.19,16.2,0.512,0.544,1.0,0.983,21.0,105.0,87.5,105.0,0.456,L,0
0022100051,1610612760,Oklahoma City,Thunder,OKC,thunder,240:00,500.0,100.0,535.4,107.1,-35.4,-7.1,0.528,1.36,15.0,0.216,0.778,0.479,14.286,14.3,0.488,0.524,1.0,0.991,19.7,98.5,82.08,98.0,0.418,L,0
0022100051,1610612744,Golden State,Warriors,GSW,warriors,240:00,535.4,107.1,500.0,100.0,35.4,7.1,0.769,2.0,21.7,0.222,0.784,0.521,15.152,15.2,0.554,0.583,1.0,0.981,19.7,98.5,82.08,99.0,0.582,W,1
0022100054,1610612762,Utah,Jazz,UTA,jazz,240:00,604.0,120.8,539.2,107.8,64.7,12.9,0.455,1.43,14.9,0.289,0.818,0.551,13.861,13.9,0.588,0.624,1.0,0.982,20.3,101.5,84.58,101.0,0.542,W,1
0022100054,1610612743,Denver,Nuggets,DEN,nuggets,240:00,539.2,107.8,604.0,120.8,-64.7,-12.9,0.452,1.46,14.8,0.182,0.711,0.449,12.745,12.7,0.566,0.588,1.0,0.982,20.3,101.5,84.58,102.0,0.458,L,0
0022100048,1610612743,Denver,Nuggets,DEN,nuggets,240:00,443.9,88.8,510.3,102.1,-66.4,-13.3,0.6,0.95,15.6,0.309,0.766,0.52,22.449,22.4,0.459,0.477,1.0,0.974,19.5,97.5,81.25,98.0,0.39,L,0
0022100048,1610612739,Cleveland,Cavaliers,CLE,cavaliers,240:00,510.3,102.1,443.9,88.8,66.4,13.3,0.684,1.63,19.4,0.234,0.691,0.48,16.495,16.5,0.506,0.545,1.0,0.972,19.5,97.5,81.25,97.0,0.61,W,1
0022100046,1610612761,Toronto,Raptors,TOR,raptors,240:00,545.5,109.1,572.2,114.4,-26.7,-5.3,0.675,1.29,18.6,0.422,0.857,0.632,21.212,21.2,0.554,0.588,1.0,0.949,19.6,98.0,81.67,99.0,0.49,L,0
0022100046,1610612741,Chicago,Bulls,CHI,bulls,240:00,572.2,114.4,545.5,109.1,26.7,5.3,0.615,1.85,18.9,0.143,0.578,0.368,13.402,13.4,0.556,0.612,1.0,1.0,19.6,98.0,81.67,97.0,0.51,W,1
0022100047,1610612750,Minnesota,Timberwolves,MIN,timberwolves,240:00,480.4,96.1,529.7,105.9,-49.3,-9.9,0.645,1.82,14.7,0.238,0.66,0.425,10.784,10.8,0.428,0.481,1.0,0.983,20.3,101.5,84.58,102.0,0.434,L,0
0022100047,1610612740,New Orleans,Pelicans,NOP,pelicans,240:00,529.7,105.9,480.4,96.1,49.3,9.9,0.487,0.95,13.9,0.34,0.762,0.575,19.802,19.8,0.506,0.551,1.0,0.966,20.3,101.5,84.58,101.0,0.566,W,1
0022100042,1610612754,Indiana,Pacers,IND,pacers,240:00,509.3,101.9,566.7,113.3,-57.3,-11.5,0.575,1.21,16.0,0.28,0.848,0.552,17.757,17.8,0.522,0.559,1.0,0.967,21.2,106.0,88.33,107.0,0.423,L,0
0022100042,1610612749,Milwaukee,Bucks,MIL,bucks,240:00,566.7,113.3,509.3,101.9,57.3,11.5,0.585,1.71,17.6,0.152,0.72,0.448,13.333,13.3,0.547,0.603,1.0,0.991,21.2,106.0,88.33,105.0,0.578,W,1
0022100045,1610612748,Miami,Heat,MIA,heat,240:00,551.5,110.3,454.5,90.9,97.0,19.4,0.683,2.55,20.7,0.217,0.745,0.495,11.34,11.3,0.506,0.561,1.0,0.991,19.6,98.0,81.67,97.0,0.634,W,1
0022100045,1610612753,Orlando,Magic,ORL,magic,240:00,454.5,90.9,551.5,110.3,-97.0,-19.4,0.636,1.17,15.9,0.255,0.783,0.505,18.182,18.2,0.481,0.504,1.0,0.955,19.6,98.0,81.67,99.0,0.366,L,0
0022100043,1610612737,Atlanta,Hawks,ATL,hawks,240:00,586.5,117.3,504.9,101.0,81.7,16.3,0.522,1.5,16.8,0.333,0.788,0.577,15.385,15.4,0.578,0.615,1.0,0.95,20.7,103.5,86.25,104.0,0.579,W,1
0022100043,1610612765,Detroit,Pistons,DET,pistons,240:00,504.9,101.0,586.5,117.3,-81.7,-16.3,0.65,1.86,18.6,0.212,0.667,0.423,13.592,13.6,0.489,0.526,1.0,0.991,20.7,103.5,86.25,103.0,0.421,L,0
0022100049,1610612746,LA,Clippers,LAC,clippers,240:00,504.3,100.9,377.2,75.4,127.2,25.4,0.841,2.18,23.3,0.14,0.815,0.49,14.783,14.8,0.548,0.572,1.0,0.975,22.9,114.5,95.42,115.0,0.702,W,1
0022100049,1610612757,Portland,Trail Blazers,POR,blazers,240:00,377.2,75.4,504.3,100.9,-127.2,-25.4,0.469,0.5,10.8,0.185,0.86,0.51,26.316,26.3,0.424,0.463,1.0,0.992,22.9,114.5,95.42,114.0,0.298,L,0
0022100044,1610612751,Brooklyn,Nets,BKN,nets,240:00,504.9,101.0,432.7,86.5,72.2,14.4,0.575,2.56,17.2,0.148,0.762,0.479,8.738,8.7,0.479,0.512,1.0,0.991,20.7,103.5,86.25,103.0,0.605,W,1
0022100044,1610612764,Washington,Wizards,WAS,wizards,240:00,432.7,86.5,504.9,101.0,-72.2,-14.4,0.485,1.33,12.1,0.238,0.852,0.521,11.538,11.5,0.395,0.434,1.0,1.0,20.7,103.5,86.25,104.0,0.395,L,0
0022100041,1610612766,Charlotte,Hornets,CHA,hornets,265:00,570.8,114.2,608.7,121.7,-37.9,-7.6,0.565,1.86,16.7,0.274,0.755,0.496,12.389,12.4,0.539,0.559,1.0,1.0,20.65,103.25,86.04,113.0,0.414,L,0
0022100041,1610612738,Boston,Celtics,BOS,celtics,265:00,608.7,121.7,570.8,114.2,37.9,7.6,0.66,2.75,20.8,0.245,0.726,0.504,10.435,10.4,0.589,0.625,1.0,0.984,20.65,103.25,86.04,115.0,0.586,W,1
0022100037,1610612745,Houston,Rockets,HOU,rockets,240:00,489.9,98.0,529.7,105.9,-39.8,-8.0,0.625,1.0,15.7,0.174,0.796,0.495,20.202,20.2,0.52,0.567,1.0,0.981,20.0,100.0,83.33,99.0,0.44,L,0
0022100037,1610612738,Boston,Celtics,BOS,celtics,240:00,529.7,105.9,489.9,98.0,39.8,8.0,0.579,1.83,16.7,0.204,0.826,0.505,11.881,11.9,0.529,0.564,1.0,0.964,20.0,100.0,83.33,101.0,0.56,W,1
0022100038,1610612760,Oklahoma City,Thunder,OKC,thunder,240:00,530.9,106.2,592.8,118.6,-61.9,-12.4,0.6,2.18,18.5,0.196,0.735,0.474,11.34,11.3,0.524,0.558,1.0,0.981,19.4,97.0,80.83,97.0,0.48,L,0
0022100038,1610612755,Philadelphia,76ers,PHI,sixers,240:00,592.8,118.6,530.9,106.2,61.9,12.4,0.61,2.08,18.5,0.265,0.804,0.526,12.371,12.4,0.563,0.594,1.0,0.982,19.4,97.0,80.83,97.0,0.52,W,1
0022100035,1610612751,Brooklyn,Nets,BKN,nets,240:00,465.7,93.1,549.5,109.9,-83.8,-16.8,0.474,1.06,14.0,0.2,0.731,0.471,16.667,16.7,0.489,0.515,1.0,0.982,20.3,101.5,84.58,102.0,0.423,L,0
0022100035,1610612766,Charlotte,Hornets,CHA,hornets,240:00,549.5,109.9,465.7,93.1,83.8,16.8,0.605,2.17,18.6,0.269,0.8,0.529,11.881,11.9,0.511,0.542,1.0,1.0,20.3,101.5,84.58,101.0,0.577,W,1
0022100036,1610612752,New York,Knicks,NYK,knicks,240:00,504.9,101.0,534.0,106.8,-29.1,-5.8,0.541,1.67,14.1,0.294,0.745,0.496,11.65,11.7,0.435,0.468,1.0,0.992,20.6,103.0,85.83,103.0,0.444,L,0
0022100036,1610612753,Orlando,Magic,ORL,magic,240:00,534.0,106.8,504.9,101.0,29.1,5.8,0.611,1.69,15.9,0.255,0.706,0.504,12.621,12.6,0.477,0.534,1.0,0.991,20.6,103.0,85.83,103.0,0.556,W,1
0022100039,1610612758,Sacramento,Kings,SAC,kings,240:00,529.7,105.9,595.0,119.0,-65.3,-13.1,0.619,1.37,18.7,0.277,0.709,0.51,18.812,18.8,0.576,0.583,1.0,0.982,20.1,100.5,83.75,101.0,0.444,L,0
0022100039,1610612744,Golden State,Warriors,GSW,warriors,240:00,595.0,119.0,529.7,105.9,65.3,13.1,0.605,3.71,18.3,0.291,0.723,0.49,7.0,7.0,0.51,0.553,1.0,0.983,20.1,100.5,83.75,100.0,0.556,W,1
0022100040,1610612747,Los Angeles,Lakers,LAL,lakers,240:00,593.1,118.6,584.2,116.8,9.0,1.8,0.644,1.71,20.6,0.262,0.561,0.434,16.667,16.7,0.631,0.646,1.0,0.991,20.3,101.5,84.58,102.0,0.539,W,1
0022100040,1610612763,Memphis,Grizzlies,MEM,grizzlies,240:00,584.2,116.8,593.1,118.6,-9.0,-1.8,0.556,1.47,16.6,0.439,0.738,0.566,16.832,16.8,0.515,0.547,1.0,0.992,20.3,101.5,84.58,101.0,0.461,L,0
0022100034,1610612746,LA,Clippers,LAC,clippers,240:00,581.6,116.3,606.1,121.2,-24.4,-4.9,0.535,3.29,16.5,0.31,0.673,0.477,7.143,7.1,0.5,0.535,1.0,0.983,19.7,98.5,82.08,98.0,0.464,L,0
0022100034,1610612763,Memphis,Grizzlies,MEM,grizzlies,240:00,606.1,121.2,581.6,116.3,24.4,4.9,0.619,2.36,18.4,0.327,0.69,0.523,11.111,11.1,0.55,0.594,1.0,0.974,19.7,98.5,82.08,99.0,0.536,W,1
0022100027,1610612739,Cleveland,Cavaliers,CLE,cavaliers,240:00,520.6,104.1,489.7,97.9,30.9,6.2,0.622,2.3,17.0,0.268,0.683,0.487,10.309,10.3,0.455,0.501,1.0,0.991,19.4,97.0,80.83,97.0,0.585,W,1
0022100027,1610612737,Atlanta,Hawks,ATL,hawks,240:00,489.7,97.9,520.6,104.1,-30.9,-6.2,0.526,2.22,14.6,0.317,0.732,0.513,9.278,9.3,0.434,0.45,1.0,0.983,19.4,97.0,80.83,97.0,0.415,L,0
0022100031,1610612750,Minnesota,Timberwolves,MIN,timberwolves,240:00,452.8,90.6,423.8,84.8,29.0,5.8,0.564,1.1,15.3,0.288,0.59,0.442,18.868,18.9,0.469,0.478,1.0,0.975,21.1,105.5,87.92,106.0,0.572,W,1
0022100031,1610612740,New Orleans,Pelicans,NOP,pelicans,240:00,423.8,84.8,452.8,90.6,-29.0,-5.8,0.484,0.5,10.3,0.41,0.712,0.558,28.571,28.6,0.399,0.449,1.0,0.969,21.1,105.5,87.92,105.0,0.428,L,0
0022100033,1610612757,Portland,Trail Blazers,POR,blazers,240:00,656.9,131.4,514.7,102.9,142.2,28.4,0.471,2.67,17.6,0.222,0.837,0.543,8.824,8.8,0.654,0.66,1.0,0.991,20.4,102.0,85.0,102.0,0.611,W,1
0022100033,1610612756,Phoenix,Suns,PHX,suns,240:00,514.7,102.9,656.9,131.4,-142.2,-28.4,0.628,1.93,19.7,0.163,0.778,0.457,13.725,13.7,0.534,0.549,1.0,1.0,20.4,102.0,85.0,102.0,0.389,L,0
0022100029,1610612761,Toronto,Raptors,TOR,raptors,240:00,510.8,102.2,553.8,110.8,-43.0,-8.6,0.5,1.42,13.5,0.291,0.707,0.504,12.903,12.9,0.465,0.499,1.0,0.982,18.6,93.0,77.5,93.0,0.445,L,0
0022100029,1610612742,Dallas,Mavericks,DAL,mavericks,240:00,553.8,110.8,510.8,102.2,43.0,8.6,0.632,2.67,17.9,0.293,0.709,0.496,9.677,9.7,0.495,0.521,1.0,0.982,18.6,93.0,77.5,93.0,0.555,W,1
0022100032,1610612759,San Antonio,Spurs,SAS,spurs,240:00,538.8,107.8,587.4,117.5,-48.5,-9.7,0.604,2.23,20.1,0.269,0.744,0.473,12.621,12.6,0.535,0.546,1.0,0.983,20.6,103.0,85.83,103.0,0.479,L,0
0022100032,1610612749,Milwaukee,Bucks,MIL,bucks,240:00,587.4,117.5,538.8,107.8,48.5,9.7,0.477,0.95,15.7,0.256,0.731,0.527,21.359,21.4,0.62,0.653,1.0,0.965,20.6,103.0,85.83,103.0,0.521,W,1
0022100030,1610612741,Chicago,Bulls,CHI,bulls,240:00,475.5,95.1,410.0,82.0,65.5,13.1,0.686,1.85,18.2,0.14,0.714,0.443,12.745,12.7,0.482,0.525,1.0,0.972,20.2,101.0,84.17,102.0,0.634,W,1
0022100030,1610612765,Detroit,Pistons,DET,pistons,240:00,410.0,82.0,475.5,95.1,-65.5,-13.1,0.412,0.61,10.8,0.286,0.86,0.557,23.0,23.0,0.415,0.433,1.0,0.974,20.2,101.0,84.17,100.0,0.366,L,0
0022100028,1610612754,Indiana,Pacers,IND,pacers,265:00,481.1,96.2,421.3,84.3,59.8,12.0,0.474,1.13,12.9,0.262,0.737,0.492,15.094,15.1,0.443,0.48,1.0,0.992,19.38,96.91,80.75,106.0,0.583,W,1
0022100028,1610612748,Miami,Heat,MIA,heat,265:00,421.3,84.3,481.1,96.2,-59.8,-12.0,0.514,0.82,12.9,0.263,0.738,0.508,20.37,20.4,0.434,0.468,1.0,0.967,19.38,96.91,80.75,108.0,0.417,L,0
0022100023,1610612745,Houston,Rockets,HOU,rockets,240:00,590.5,118.1,441.7,88.3,148.7,29.7,0.604,1.71,19.7,0.32,0.774,0.571,16.19,16.2,0.595,0.613,1.0,0.992,20.8,104.0,86.67,105.0,0.709,W,1
0022100023,1610612760,Oklahoma City,Thunder,OKC,thunder,240:00,441.7,88.3,590.5,118.1,-148.7,-29.7,0.647,1.16,15.8,0.226,0.68,0.429,18.447,18.4,0.451,0.464,1.0,1.0,20.8,104.0,86.67,103.0,0.291,L,0
0022100018,1610612753,Orlando,Magic,ORL,magic,240:00,494.8,99.0,617.3,123.5,-122.5,-24.5,0.727,1.26,18.0,0.24,0.8,0.52,19.588,19.6,0.5,0.536,1.0,0.982,19.5,97.5,81.25,97.0,0.397,L,0
0022100018,1610612752,New York,Knicks,NYK,knicks,240:00,617.3,123.5,494.8,99.0,122.5,24.5,0.773,3.09,24.1,0.2,0.76,0.48,11.224,11.2,0.636,0.634,1.0,0.991,19.5,97.5,81.25,98.0,0.603,W,1
0022100021,1610612755,Philadelphia,76ers,PHI,sixers,240:00,561.9,112.4,587.6,117.5,-25.8,-5.2,0.395,1.7,13.6,0.224,0.66,0.438,10.309,10.3,0.549,0.569,1.0,0.963,19.4,97.0,80.83,97.0,0.449,L,0
0022100021,1610612751,Brooklyn,Nets,BKN,nets,240:00,587.6,117.5,561.9,112.4,25.8,5.2,0.634,2.0,18.7,0.34,0.776,0.563,13.402,13.4,0.534,0.578,1.0,0.973,19.4,97.0,80.83,97.0,0.551,W,1
0022100026,1610612758,Sacramento,Kings,SAC,kings,240:00,490.3,98.1,534.0,106.8,-43.7,-8.7,0.513,1.33,14.0,0.344,0.667,0.496,14.563,14.6,0.434,0.467,1.0,0.992,20.6,103.0,85.83,103.0,0.458,L,0
0022100026,1610612762,Utah,Jazz,UTA,jazz,240:00,534.0,106.8,490.3,98.1,43.7,8.7,0.432,0.84,11.8,0.333,0.656,0.504,18.447,18.4,0.5,0.549,1.0,0.975,20.6,103.0,85.83,103.0,0.542,W,1
0022100019,1610612764,Washington,Wizards,WAS,wizards,265:00,642.9,128.6,638.1,127.6,4.8,1.0,0.49,2.67,17.5,0.178,0.714,0.457,8.571,8.6,0.622,0.659,1.0,0.973,19.02,95.09,79.25,105.0,0.503,W,1
0022100019,1610612754,Indiana,Pacers,IND,pacers,265:00,638.1,127.6,642.9,128.6,-4.8,-1.0,0.538,2.33,19.0,0.286,0.822,0.543,11.429,11.4,0.613,0.633,1.0,0.983,19.02,95.09,79.25,105.0,0.497,L,0
0022100017,1610612739,Cleveland,Cavaliers,CLE,cavaliers,240:00,528.3,105.7,580.2,116.0,-51.9,-10.4,0.605,1.37,18.6,0.186,0.705,0.448,17.925,17.9,0.565,0.603,1.0,0.974,21.2,106.0,88.33,106.0,0.444,L,0
0022100017,1610612766,Charlotte,Hornets,CHA,hornets,240:00,580.2,116.0,528.3,105.7,51.9,10.4,0.667,1.78,21.2,0.295,0.814,0.552,16.981,17.0,0.599,0.624,1.0,0.983,21.2,106.0,88.33,106.0,0.556,W,1
0022100024,1610612743,Denver,Nuggets,DEN,nuggets,240:00,495.1,99.0,470.6,94.1,24.6,4.9,0.591,1.24,18.7,0.227,0.795,0.511,20.388,20.4,0.564,0.57,1.0,0.973,20.5,102.5,85.42,103.0,0.519,W,1
0022100024,1610612759,San Antonio,Spurs,SAS,spurs,240:00,470.6,94.1,495.1,99.0,-24.6,-4.9,0.6,1.2,17.9,0.205,0.773,0.489,19.608,19.6,0.512,0.532,1.0,1.0,20.5,102.5,85.42,102.0,0.481,L,0
0022100025,1610612747,Los Angeles,Lakers,LAL,lakers,240:00,525.0,105.0,563.7,112.7,-38.7,-7.7,0.735,1.56,17.9,0.268,0.783,0.5,16.0,16.0,0.483,0.532,1.0,1.0,20.2,101.0,84.17,100.0,0.406,L,0
0022100025,1610612756,Phoenix,Suns,PHX,suns,240:00,563.7,112.7,525.0,105.0,38.7,7.7,0.738,2.58,21.7,0.217,0.732,0.5,11.765,11.8,0.547,0.585,1.0,0.955,20.2,101.0,84.17,102.0,0.594,W,1
0022100022,1610612741,Chicago,Bulls,CHI,bulls,240:00,621.4,124.3,543.7,108.7,77.7,15.5,0.681,2.29,21.9,0.267,0.787,0.533,13.592,13.6,0.607,0.64,1.0,0.991,20.6,103.0,85.83,103.0,0.58,W,1
0022100022,1610612740,New Orleans,Pelicans,NOP,pelicans,240:00,543.7,108.7,621.4,124.3,-77.7,-15.5,0.619,1.53,18.8,0.213,0.733,0.467,16.505,16.5,0.569,0.595,1.0,0.982,20.6,103.0,85.83,103.0,0.42,L,0
0022100020,1610612738,Boston,Celtics,BOS,celtics,240:00,410.9,82.2,569.3,113.9,-158.4,-31.7,0.594,0.76,14.4,0.231,0.603,0.427,24.752,24.8,0.457,0.478,1.0,0.982,20.2,101.0,84.17,101.0,0.309,L,0
0022100020,1610612761,Toronto,Raptors,TOR,raptors,240:00,569.3,113.9,410.9,82.2,158.4,31.7,0.524,1.83,15.1,0.397,0.769,0.573,11.881,11.9,0.47,0.526,1.0,0.976,20.2,101.0,84.17,101.0,0.691,W,1
0022100014,1610612737,Atlanta,Hawks,ATL,hawks,240:00,543.3,108.7,418.3,83.7,125.0,25.0,0.689,2.38,21.7,0.16,0.81,0.522,12.5,12.5,0.559,0.577,1.0,0.982,20.8,104.0,86.67,104.0,0.693,W,1
0022100014,1610612742,Dallas,Mavericks,DAL,mavericks,240:00,418.3,83.7,543.3,108.7,-125.0,-25.0,0.516,1.07,12.2,0.19,0.84,0.478,14.423,14.4,0.403,0.441,1.0,0.991,20.8,104.0,86.67,104.0,0.307,L,0
0022100015,1610612748,Miami,Heat,MIA,heat,240:00,640.2,128.0,452.4,90.5,187.8,37.6,0.549,2.55,18.5,0.302,0.893,0.606,10.28,10.3,0.609,0.625,1.0,0.976,21.2,106.0,88.33,107.0,0.718,W,1
0022100015,1610612749,Milwaukee,Bucks,MIL,bucks,240:00,452.4,90.5,640.2,128.0,-187.8,-37.6,0.594,1.27,14.6,0.107,0.698,0.394,14.286,14.3,0.452,0.491,1.0,1.0,21.2,106.0,88.33,105.0,0.282,L,0
0022100016,1610612744,Golden State,Warriors,GSW,warriors,240:00,563.7,112.7,543.3,108.7,20.5,4.1,0.628,1.29,19.1,0.273,0.793,0.569,20.588,20.6,0.608,0.62,1.0,1.0,20.6,103.0,85.83,102.0,0.545,W,1
0022100016,1610612746,LA,Clippers,LAC,clippers,240:00,543.3,108.7,563.7,112.7,-20.5,-4.1,0.571,3.43,17.3,0.207,0.727,0.431,6.731,6.7,0.51,0.537,1.0,0.974,20.6,103.0,85.83,104.0,0.455,L,0
0022100004,1610612765,Detroit,Pistons,DET,pistons,240:00,449.0,89.8,479.6,95.9,-30.6,-6.1,0.472,1.0,13.2,0.263,0.74,0.486,17.347,17.3,0.433,0.46,1.0,0.982,19.6,98.0,81.67,98.0,0.455,L,0
0022100004,1610612741,Chicago,Bulls,CHI,bulls,240:00,479.6,95.9,449.0,89.8,30.6,6.1,0.486,1.06,14.1,0.26,0.737,0.514,17.347,17.3,0.471,0.508,1.0,0.991,19.6,98.0,81.67,98.0,0.545,W,1
0022100009,1610612740,New Orleans,Pelicans,NOP,pelicans,240:00,489.9,98.0,590.9,118.2,-101.0,-20.2,0.718,2.0,20.0,0.236,0.795,0.485,14.141,14.1,0.489,0.5,1.0,0.973,19.8,99.0,82.5,99.0,0.4,L,0
0022100009,1610612755,Philadelphia,76ers,PHI,sixers,240:00,590.9,118.2,489.9,98.0,101.0,20.2,0.545,1.85,18.2,0.205,0.764,0.515,13.131,13.1,0.594,0.624,1.0,0.981,19.8,99.0,82.5,99.0,0.6,W,1
0022100011,1610612762,Utah,Jazz,UTA,jazz,240:00,557.3,111.5,452.6,90.5,104.7,20.9,0.45,1.8,14.2,0.275,0.705,0.509,10.417,10.4,0.516,0.548,1.0,0.982,19.1,95.5,79.58,96.0,0.627,W,1
0022100011,1610612760,Oklahoma City,Thunder,OKC,thunder,240:00,452.6,90.5,557.3,111.5,-104.7,-20.9,0.559,1.27,14.4,0.295,0.725,0.491,15.789,15.8,0.412,0.435,1.0,0.991,19.1,95.5,79.58,95.0,0.373,L,0
0022100005,1610612752,New York,Knicks,NYK,knicks,290:00,552.0,110.4,540.3,108.1,11.7,2.3,0.529,1.42,16.1,0.281,0.704,0.516,15.2,15.2,0.567,0.59,1.0,0.95,20.61,103.03,85.86,125.0,0.521,W,1
0022100005,1610612738,Boston,Celtics,BOS,celtics,290:00,540.3,108.1,552.0,110.4,-11.7,-2.3,0.708,1.89,19.0,0.296,0.719,0.484,14.516,14.5,0.5,0.527,1.0,0.993,20.61,103.03,85.86,124.0,0.479,L,0
0022100007,1610612763,Memphis,Grizzlies,MEM,grizzlies,240:00,628.6,125.7,581.7,116.3,46.8,9.4,0.528,2.33,18.8,0.34,0.837,0.594,11.429,11.4,0.6,0.627,1.0,0.95,20.9,104.5,87.08,105.0,0.544,W,1
0022100007,1610612739,Cleveland,Cavaliers,CLE,cavaliers,240:00,581.7,116.3,628.6,125.7,-46.8,-9.4,0.809,3.45,25.5,0.163,0.66,0.406,10.577,10.6,0.581,0.599,1.0,0.982,20.9,104.5,87.08,104.0,0.456,L,0
0022100013,1610612757,Portland,Trail Blazers,POR,blazers,240:00,570.8,114.2,584.9,117.0,-14.2,-2.8,0.556,1.92,17.6,0.245,0.796,0.534,12.264,12.3,0.548,0.589,1.0,0.983,21.2,106.0,88.33,106.0,0.51,L,0
0022100013,1610612758,Sacramento,Kings,SAC,kings,240:00,584.9,117.0,570.8,114.2,14.2,2.8,0.571,2.4,17.0,0.204,0.755,0.466,9.434,9.4,0.549,0.592,1.0,0.983,21.2,106.0,88.33,106.0,0.49,W,1
0022100008,1610612750,Minnesota,Timberwolves,MIN,timberwolves,240:00,574.1,114.8,490.7,98.1,83.3,16.7,0.619,1.44,17.6,0.292,0.686,0.495,16.667,16.7,0.575,0.616,1.0,0.984,21.6,108.0,90.0,108.0,0.626,W,1
0022100008,1610612745,Houston,Rockets,HOU,rockets,240:00,490.7,98.1,574.1,114.8,-83.3,-16.7,0.525,0.88,14.5,0.314,0.708,0.505,22.222,22.2,0.517,0.543,1.0,0.984,21.6,108.0,90.0,108.0,0.374,L,0
0022100012,1610612756,Phoenix,Suns,PHX,suns,240:00,485.1,97.0,544.6,108.9,-59.4,-11.9,0.639,1.28,16.7,0.259,0.829,0.505,17.822,17.8,0.494,0.519,1.0,0.983,20.2,101.0,84.17,101.0,0.428,L,0
0022100012,1610612743,Denver,Nuggets,DEN,nuggets,240:00,544.6,108.9,485.1,97.0,59.4,11.9,0.568,1.32,18.8,0.171,0.741,0.495,18.812,18.8,0.633,0.632,1.0,0.963,20.2,101.0,84.17,101.0,0.572,W,1
0022100010,1610612759,San Antonio,Spurs,SAS,spurs,240:00,640.6,128.1,510.5,102.1,130.1,26.0,0.653,4.0,21.6,0.385,0.66,0.524,8.333,8.3,0.566,0.581,1.0,0.983,19.1,95.5,79.58,96.0,0.629,W,1
0022100010,1610612753,Orlando,Magic,ORL,magic,240:00,510.5,102.1,640.6,128.1,-130.1,-26.0,0.486,1.06,13.2,0.34,0.615,0.476,16.842,16.8,0.459,0.505,1.0,1.0,19.1,95.5,79.58,95.0,0.371,L,0
0022100006,1610612761,Toronto,Raptors,TOR,raptors,240:00,387.9,77.6,462.3,92.5,-74.4,-14.9,0.467,0.74,9.9,0.304,0.8,0.5,17.757,17.8,0.345,0.389,1.0,0.984,21.3,106.5,88.75,107.0,0.3,L,0
0022100006,1610612764,Washington,Wizards,WAS,wizards,240:00,462.3,92.5,387.9,77.6,74.4,14.9,0.556,0.91,14.8,0.2,0.696,0.5,20.755,20.8,0.475,0.53,1.0,0.983,21.3,106.5,88.75,106.0,0.7,W,1
0022100003,1610612766,Charlotte,Hornets,CHA,hornets,240:00,580.2,116.0,570.1,114.0,10.1,2.0,0.63,3.63,18.6,0.333,0.745,0.513,7.547,7.5,0.491,0.517,1.0,1.0,21.3,106.5,88.75,106.0,0.48,W,1
0022100003,1610612754,Indiana,Pacers,IND,pacers,240:00,570.1,114.0,580.2,116.0,-10.1,-2.0,0.69,1.71,19.7,0.255,0.667,0.487,15.888,15.9,0.561,0.607,1.0,0.992,21.3,106.5,88.75,107.0,0.52,L,0
0022100001,1610612749,Milwaukee,Bucks,MIL,bucks,240:00,622.5,124.5,509.8,102.0,112.7,22.5,0.521,3.13,17.4,0.293,0.824,0.541,7.843,7.8,0.538,0.562,1.0,0.983,20.4,102.0,85.0,102.0,0.593,W,1
0022100001,1610612751,Brooklyn,Nets,BKN,nets,240:00,509.8,102.0,622.5,124.5,-112.7,-22.5,0.514,1.46,14.8,0.176,0.707,0.459,12.745,12.7,0.542,0.552,1.0,0.982,20.4,102.0,85.0,102.0,0.407,L,0
0022100002,1610612747,Los Angeles,Lakers,LAL,lakers,240:00,508.9,101.8,535.4,107.1,-26.5,-5.3,0.467,1.17,14.7,0.189,0.759,0.477,16.071,16.1,0.553,0.551,1.0,0.984,22.5,112.5,93.75,112.0,0.422,L,0
0022100002,1610612744,Golden State,Warriors,GSW,warriors,240:00,535.4,107.1,508.9,101.8,26.5,5.3,0.732,1.76,19.2,0.241,0.811,0.523,15.044,15.0,0.516,0.57,1.0,0.976,22.5,112.5,93.75,113.0,0.578,W,1
