gameId,teamId,teamCity,teamName,teamTricode,teamSlug,minutes,estimatedOffensiveRating,offensiveRating,estimatedDefensiveRating,defensiveRating,estimatedNetRating,netRating,assistPercentage,assistToTurnover,assistRatio,offensiveReboundPercentage,defensiveReboundPercentage,reboundPercentage,estimatedTeamTurnoverPercentage,turnoverRatio,effectiveFieldGoalPercentage,trueShootingPercentage,usagePercentage,estimatedUsagePercentage,estimatedPace,pace,pacePer40,possessions,PIE
0022401191,1610612755,Philadelphia,76ers,PHI,sixers,240:00,476.6,95.3,570.1,114.0,-93.5,-18.7,0.556,1.33,14.2,0.233,0.661,0.445,14.019,14.0,0.447,0.494,1.0,0.975,21.4,107.0,89.17,107.0,0.405
0022401191,1610612741,Chicago,Bulls,CHI,bulls,240:00,570.1,114.0,476.6,95.3,93.5,18.7,0.617,2.23,18.6,0.339,0.767,0.555,12.15,12.1,0.519,0.546,1.0,0.976,21.4,107.0,89.17,107.0,0.595
0022401186,1610612737,Atlanta,Hawks,ATL,hawks,240:00,590.9,118.2,530.3,106.1,60.6,12.1,0.681,2.0,22.5,0.262,0.735,0.516,16.162,16.2,0.631,0.633,1.0,0.973,19.8,99.0,82.5,99.0,0.538
0022401186,1610612753,Orlando,Magic,ORL,magic,240:00,530.3,106.1,590.9,118.2,-60.6,-12.1,0.625,1.67,18.2,0.265,0.738,0.484,15.152,15.2,0.54,0.555,1.0,0.973,19.8,99.0,82.5,99.0,0.462
0022401194,1610612763,Memphis,Grizzlies,MEM,grizzlies,240:00,647.1,129.4,475.5,95.1,171.6,34.3,0.596,2.58,20.0,0.423,0.725,0.573,11.765,11.8,0.572,0.597,1.0,0.984,20.4,102.0,85.0,102.0,0.665
0022401194,1610612742,Dallas,Mavericks,DAL,mavericks,240:00,475.5,95.1,647.1,129.4,-171.6,-34.3,0.526,1.11,14.7,0.275,0.577,0.427,17.647,17.6,0.466,0.502,1.0,0.991,20.4,102.0,85.0,102.0,0.335
0022401189,1610612739,Cleveland,Cavaliers,CLE,cavaliers,290:00,475.8,95.2,496.1,99.2,-20.3,-4.1,0.477,0.95,12.4,0.316,0.736,0.52,17.742,17.7,0.461,0.473,1.0,0.986,20.77,103.86,86.55,124.0,0.397
0022401189,1610612754,Indiana,Pacers,IND,pacers,290:00,496.1,99.2,475.8,95.2,20.3,4.1,0.563,2.08,16.0,0.264,0.684,0.48,10.236,10.2,0.445,0.49,1.0,0.993,20.77,103.86,86.55,127.0,0.603
0022401193,1610612745,Houston,Rockets,HOU,rockets,240:00,566.3,113.3,636.4,127.3,-70.0,-14.0,0.711,3.2,21.5,0.328,0.682,0.48,10.204,10.2,0.51,0.523,1.0,0.991,19.7,98.5,82.08,98.0,0.407
0022401193,1610612743,Denver,Nuggets,DEN,nuggets,240:00,636.4,127.3,566.3,113.3,70.0,14.0,0.622,3.11,20.0,0.318,0.672,0.52,9.091,9.1,0.568,0.62,1.0,0.991,19.7,98.5,82.08,99.0,0.593
0022401199,1610612757,Portland,Trail Blazers,POR,blazers,240:00,598.9,119.8,445.1,89.0,153.8,30.8,0.643,1.69,18.2,0.492,0.627,0.554,17.582,17.6,0.516,0.518,1.0,0.967,18.2,91.0,75.83,91.0,0.616
0022401199,1610612747,Los Angeles,Lakers,LAL,lakers,240:00,445.1,89.0,598.9,119.8,-153.8,-30.8,0.677,1.0,16.0,0.373,0.508,0.446,23.077,23.1,0.444,0.47,1.0,0.973,18.2,91.0,75.83,91.0,0.384
0022401198,1610612744,Golden State,Warriors,GSW,warriors,265:00,595.0,119.0,626.3,125.3,-31.3,-6.3,0.721,1.94,22.5,0.175,0.667,0.418,16.0,16.0,0.639,0.668,1.0,0.963,18.02,90.11,75.09,100.0,0.473
0022401198,1610612746,LA,Clippers,LAC,clippers,265:00,626.3,125.3,595.0,119.0,31.3,6.3,0.583,1.75,20.0,0.333,0.825,0.582,16.162,16.2,0.64,0.66,1.0,0.982,18.02,90.11,75.09,99.0,0.527
0022401187,1610612738,Boston,Celtics,BOS,celtics,240:00,516.7,103.3,477.8,95.6,38.9,7.8,0.629,1.69,16.5,0.375,0.655,0.518,14.444,14.4,0.467,0.486,1.0,0.982,18.0,90.0,75.0,90.0,0.55
0022401187,1610612766,Charlotte,Hornets,CHA,hornets,240:00,477.8,95.6,516.7,103.3,-38.9,-7.8,0.719,1.35,17.4,0.345,0.625,0.482,18.889,18.9,0.441,0.463,1.0,1.0,18.0,90.0,75.0,90.0,0.45
0022401196,1610612740,New Orleans,Pelicans,NOP,pelicans,240:00,495.0,99.0,575.0,115.0,-80.0,-16.0,0.629,1.69,15.8,0.298,0.644,0.474,12.871,12.9,0.423,0.48,1.0,0.983,20.1,100.5,83.75,101.0,0.455
0022401196,1610612760,Oklahoma City,Thunder,OKC,thunder,240:00,575.0,115.0,495.0,99.0,80.0,16.0,0.39,1.6,11.7,0.356,0.702,0.526,10.0,10.0,0.464,0.523,1.0,0.992,20.1,100.5,83.75,100.0,0.545
0022401200,1610612758,Sacramento,Kings,SAC,kings,240:00,605.6,121.1,544.4,108.9,61.1,12.2,0.674,2.38,23.1,0.31,0.761,0.545,14.444,14.4,0.602,0.61,1.0,0.961,18.0,90.0,75.0,90.0,0.564
0022401200,1610612756,Phoenix,Suns,PHX,suns,240:00,544.4,108.9,605.6,121.1,-61.1,-12.2,0.7,2.15,21.9,0.239,0.69,0.455,14.444,14.4,0.565,0.566,1.0,0.98,18.0,90.0,75.0,90.0,0.436
0022401188,1610612751,Brooklyn,Nets,BKN,nets,240:00,541.2,108.2,576.5,115.3,-35.3,-7.1,0.553,1.11,16.7,0.2,0.725,0.495,19.588,19.6,0.595,0.618,1.0,0.981,19.5,97.5,81.25,97.0,0.46
0022401188,1610612752,New York,Knicks,NYK,knicks,240:00,576.5,115.3,541.2,108.2,35.3,7.1,0.73,2.25,19.4,0.275,0.8,0.505,12.245,12.2,0.523,0.58,1.0,0.964,19.5,97.5,81.25,98.0,0.54
0022401192,1610612749,Milwaukee,Bucks,MIL,bucks,265:00,642.2,128.4,610.1,122.0,32.1,6.4,0.6,1.43,20.5,0.184,0.678,0.485,19.266,19.3,0.715,0.732,1.0,0.974,19.74,98.72,82.26,109.0,0.527
0022401192,1610612765,Detroit,Pistons,DET,pistons,265:00,610.1,122.0,642.2,128.4,-32.1,-6.4,0.686,2.69,21.5,0.322,0.816,0.515,11.927,11.9,0.579,0.588,1.0,0.977,19.74,98.72,82.26,109.0,0.473
0022401195,1610612750,Minnesota,Timberwolves,MIN,timberwolves,240:00,597.9,119.6,535.7,107.1,62.2,12.4,0.5,1.77,16.4,0.37,0.765,0.562,13.402,13.4,0.536,0.552,1.0,0.991,19.5,97.5,81.25,97.0,0.546
0022401195,1610612762,Utah,Jazz,UTA,jazz,240:00,535.7,107.1,597.9,119.6,-62.2,-12.4,0.6,1.71,17.9,0.235,0.63,0.438,14.286,14.3,0.539,0.559,1.0,0.964,19.5,97.5,81.25,98.0,0.454
0022401197,1610612759,San Antonio,Spurs,SAS,spurs,240:00,595.2,119.0,572.8,114.6,22.4,4.5,0.512,1.83,16.2,0.238,0.745,0.526,11.429,11.4,0.577,0.637,1.0,0.974,20.8,104.0,86.67,105.0,0.565
0022401197,1610612761,Toronto,Raptors,TOR,raptors,240:00,572.8,114.6,595.2,119.0,-22.4,-4.5,0.696,2.46,21.5,0.255,0.762,0.474,12.621,12.6,0.546,0.567,1.0,1.0,20.8,104.0,86.67,103.0,0.435
0022401190,1610612748,Miami,Heat,MIA,heat,240:00,572.8,114.6,583.3,116.7,-10.5,-2.1,0.571,3.5,19.7,0.224,0.826,0.516,7.767,7.8,0.551,0.571,1.0,0.974,20.5,102.5,85.42,103.0,0.51
0022401190,1610612764,Washington,Wizards,WAS,wizards,240:00,583.3,116.7,572.8,114.6,10.5,2.1,0.717,3.0,23.1,0.174,0.776,0.484,10.784,10.8,0.6,0.61,1.0,0.982,20.5,102.5,85.42,102.0,0.49
0022401183,1610612757,Portland,Trail Blazers,POR,blazers,240:00,421.6,84.3,504.9,101.0,-83.3,-16.7,0.656,0.95,15.0,0.304,0.788,0.537,21.569,21.6,0.412,0.454,1.0,0.983,20.4,102.0,85.0,102.0,0.387
0022401183,1610612744,Golden State,Warriors,GSW,warriors,240:00,504.9,101.0,421.6,84.3,83.3,16.7,0.788,1.73,18.8,0.212,0.696,0.463,14.706,14.7,0.482,0.54,1.0,0.982,20.4,102.0,85.0,102.0,0.613
0022401172,1610612754,Indiana,Pacers,IND,pacers,240:00,542.5,108.5,614.3,122.9,-71.8,-14.4,0.6,1.2,15.9,0.404,0.718,0.538,18.868,18.9,0.517,0.551,1.0,0.953,21.1,105.5,87.92,106.0,0.409
0022401172,1610612753,Orlando,Magic,ORL,magic,240:00,614.3,122.9,542.5,108.5,71.8,14.4,0.653,1.6,21.6,0.282,0.596,0.462,19.048,19.0,0.653,0.684,1.0,0.974,21.1,105.5,87.92,105.0,0.591
0022401184,1610612758,Sacramento,Kings,SAC,kings,240:00,537.6,107.5,554.9,111.0,-17.3,-3.5,0.622,2.09,17.6,0.306,0.805,0.533,11.828,11.8,0.494,0.541,1.0,0.954,18.4,92.0,76.67,93.0,0.501
0022401184,1610612746,LA,Clippers,LAC,clippers,240:00,554.9,111.0,537.6,107.5,17.3,3.5,0.475,1.58,16.1,0.195,0.694,0.467,13.187,13.2,0.558,0.588,1.0,0.99,18.4,92.0,76.67,91.0,0.499
0022401180,1610612743,Denver,Nuggets,DEN,nuggets,240:00,573.5,114.7,529.1,105.8,44.4,8.9,0.727,2.46,21.3,0.314,0.778,0.552,12.745,12.7,0.511,0.559,1.0,0.983,20.5,102.5,85.42,102.0,0.574
0022401180,1610612763,Memphis,Grizzlies,MEM,grizzlies,240:00,529.1,105.8,573.5,114.7,-44.4,-8.9,0.634,2.0,18.4,0.222,0.686,0.448,12.621,12.6,0.527,0.549,1.0,0.965,20.5,102.5,85.42,103.0,0.426
0022401175,1610612752,New York,Knicks,NYK,knicks,240:00,548.4,109.7,574.5,114.9,-26.1,-5.2,0.611,2.0,16.8,0.296,0.667,0.458,11.828,11.8,0.5,0.527,1.0,0.963,18.7,93.5,77.92,93.0,0.438
0022401175,1610612739,Cleveland,Cavaliers,CLE,cavaliers,240:00,574.5,114.9,548.4,109.7,26.1,5.2,0.605,1.53,17.6,0.333,0.704,0.542,15.957,16.0,0.565,0.599,1.0,0.972,18.7,93.5,77.92,94.0,0.562
0022401174,1610612738,Boston,Celtics,BOS,celtics,240:00,650.0,130.0,470.0,94.0,180.0,36.0,0.714,3.5,23.8,0.25,0.729,0.514,10.0,10.0,0.637,0.648,1.0,0.982,20.0,100.0,83.33,100.0,0.662
0022401174,1610612766,Charlotte,Hornets,CHA,hornets,240:00,470.0,94.0,650.0,130.0,-180.0,-36.0,0.694,1.47,17.9,0.271,0.75,0.486,17.0,17.0,0.468,0.483,1.0,0.991,20.0,100.0,83.33,100.0,0.338
0022401185,1610612747,Los Angeles,Lakers,LAL,lakers,240:00,666.7,133.3,519.0,103.8,147.6,29.5,0.528,2.15,20.0,0.189,0.776,0.523,12.381,12.4,0.718,0.714,1.0,0.973,21.0,105.0,87.5,105.0,0.629
0022401185,1610612745,Houston,Rockets,HOU,rockets,240:00,519.0,103.8,666.7,133.3,-147.6,-29.5,0.537,1.16,15.9,0.224,0.811,0.477,18.095,18.1,0.556,0.572,1.0,0.974,21.0,105.0,87.5,105.0,0.371
0022401173,1610612755,Philadelphia,76ers,PHI,sixers,240:00,539.2,107.8,620.0,124.0,-80.8,-16.2,0.674,1.93,19.3,0.345,0.642,0.491,14.706,14.7,0.505,0.531,1.0,0.959,20.2,101.0,84.17,102.0,0.442
0022401173,1610612737,Atlanta,Hawks,ATL,hawks,240:00,620.0,124.0,539.2,107.8,80.8,16.2,0.622,1.87,19.0,0.358,0.655,0.509,15.0,15.0,0.564,0.593,1.0,0.992,20.2,101.0,84.17,100.0,0.558
0022401181,1610612762,Utah,Jazz,UTA,jazz,240:00,513.9,102.8,677.6,135.5,-163.7,-32.7,0.59,1.44,15.1,0.333,0.848,0.545,14.815,14.8,0.461,0.496,1.0,0.984,21.5,107.5,89.58,108.0,0.352
0022401181,1610612760,Oklahoma City,Thunder,OKC,thunder,240:00,677.6,135.5,513.9,102.8,163.7,32.7,0.732,4.1,26.5,0.152,0.667,0.455,9.346,9.3,0.68,0.686,1.0,1.0,21.5,107.5,89.58,107.0,0.648
0022401177,1610612740,New Orleans,Pelicans,NOP,pelicans,240:00,490.6,98.1,715.0,143.0,-224.4,-44.9,0.711,1.8,18.4,0.237,0.633,0.417,14.151,14.2,0.474,0.501,1.0,0.975,21.3,106.5,88.75,106.0,0.305
0022401177,1610612748,Miami,Heat,MIA,heat,240:00,715.0,143.0,490.6,98.1,224.4,44.9,0.621,4.0,22.4,0.367,0.763,0.583,8.411,8.4,0.654,0.673,1.0,0.976,21.3,106.5,88.75,107.0,0.695
0022401171,1610612765,Detroit,Pistons,DET,pistons,240:00,595.0,119.0,625.0,125.0,-30.0,-6.0,0.652,2.73,20.8,0.269,0.698,0.486,11.0,11.0,0.591,0.59,1.0,0.974,20.0,100.0,83.33,100.0,0.458
0022401171,1610612749,Milwaukee,Bucks,MIL,bucks,240:00,625.0,125.0,595.0,119.0,30.0,6.0,0.698,4.29,20.5,0.302,0.731,0.514,7.0,7.0,0.548,0.59,1.0,0.983,20.0,100.0,83.33,100.0,0.542
0022401178,1610612742,Dallas,Mavericks,DAL,mavericks,240:00,596.2,119.2,490.4,98.1,105.8,21.2,0.694,1.7,22.4,0.349,0.719,0.57,19.231,19.2,0.635,0.643,1.0,0.966,20.8,104.0,86.67,104.0,0.644
0022401178,1610612761,Toronto,Raptors,TOR,raptors,240:00,490.4,98.1,596.2,119.2,-105.8,-21.2,0.55,2.0,15.3,0.281,0.651,0.43,10.577,10.6,0.455,0.473,1.0,0.975,20.8,104.0,86.67,104.0,0.356
0022401182,1610612756,Phoenix,Suns,PHX,suns,240:00,596.9,119.4,500.0,100.0,96.9,19.4,0.614,2.45,19.4,0.288,0.788,0.538,11.224,11.2,0.563,0.586,1.0,0.991,19.6,98.0,81.67,98.0,0.579
0022401182,1610612759,San Antonio,Spurs,SAS,spurs,240:00,500.0,100.0,596.9,119.4,-96.9,-19.4,0.718,1.87,20.4,0.212,0.712,0.462,15.306,15.3,0.506,0.519,1.0,0.982,19.6,98.0,81.67,98.0,0.421
0022401176,1610612741,Chicago,Bulls,CHI,bulls,240:00,583.3,116.7,432.0,86.4,151.3,30.3,0.744,2.46,21.5,0.294,0.75,0.533,12.745,12.7,0.532,0.579,1.0,0.983,20.5,102.5,85.42,102.0,0.658
0022401176,1610612764,Washington,Wizards,WAS,wizards,240:00,432.0,86.4,583.3,116.7,-151.3,-30.3,0.743,1.44,18.2,0.25,0.706,0.467,17.476,17.5,0.44,0.462,1.0,0.957,20.5,102.5,85.42,103.0,0.342
0022401179,1610612750,Minnesota,Timberwolves,MIN,timberwolves,240:00,635.9,127.2,494.6,98.9,141.3,28.3,0.643,2.25,20.8,0.289,0.717,0.551,13.043,13.0,0.617,0.652,1.0,0.981,18.4,92.0,76.67,92.0,0.676
0022401179,1610612751,Brooklyn,Nets,BKN,nets,240:00,494.6,98.9,635.9,127.2,-141.3,-28.3,0.727,2.4,18.0,0.283,0.711,0.449,10.87,10.9,0.433,0.467,1.0,0.972,18.4,92.0,76.67,92.0,0.324
0022401170,1610612763,Memphis,Grizzlies,MEM,grizzlies,240:00,606.8,121.4,691.2,138.2,-84.4,-16.9,0.565,1.73,18.3,0.265,0.683,0.456,14.563,14.6,0.618,0.636,1.0,0.974,20.5,102.5,85.42,103.0,0.432
0022401170,1610612750,Minnesota,Timberwolves,MIN,timberwolves,240:00,691.2,138.2,606.8,121.4,84.4,16.9,0.604,1.81,20.3,0.317,0.735,0.544,15.686,15.7,0.667,0.71,1.0,1.0,20.5,102.5,85.42,102.0,0.568
0022401167,1610612765,Detroit,Pistons,DET,pistons,240:00,611.7,122.3,557.9,111.6,53.8,10.8,0.426,1.33,15.9,0.324,0.6,0.483,15.957,16.0,0.622,0.639,1.0,0.991,18.9,94.5,78.75,94.0,0.505
0022401167,1610612752,New York,Knicks,NYK,knicks,240:00,557.9,111.6,611.7,122.3,-53.8,-10.8,0.762,1.88,21.8,0.4,0.676,0.517,17.895,17.9,0.528,0.551,1.0,0.948,18.9,94.5,78.75,95.0,0.495
0022401169,1610612751,Brooklyn,Nets,BKN,nets,240:00,504.6,100.9,621.5,124.3,-116.9,-23.4,0.861,1.63,20.3,0.237,0.805,0.47,17.593,17.6,0.522,0.547,1.0,0.959,21.5,107.5,89.58,108.0,0.35
0022401169,1610612737,Atlanta,Hawks,ATL,hawks,240:00,621.5,124.3,504.6,100.9,116.9,23.4,0.75,2.4,23.8,0.195,0.763,0.53,14.019,14.0,0.661,0.675,1.0,0.991,21.5,107.5,89.58,107.0,0.65
0022401161,1610612749,Milwaukee,Bucks,MIL,bucks,240:00,635.5,127.1,518.7,103.7,116.8,23.4,0.551,2.25,19.1,0.149,0.714,0.456,11.215,11.2,0.644,0.659,1.0,0.982,21.4,107.0,89.17,107.0,0.59
0022401161,1610612740,New Orleans,Pelicans,NOP,pelicans,240:00,518.7,103.7,635.5,127.1,-116.8,-23.4,0.683,1.75,18.7,0.286,0.851,0.544,14.953,15.0,0.505,0.532,1.0,0.992,21.4,107.0,89.17,107.0,0.41
0022401168,1610612754,Indiana,Pacers,IND,pacers,240:00,575.8,115.2,554.5,110.9,21.3,4.3,0.651,2.8,20.3,0.212,0.679,0.454,10.101,10.1,0.538,0.56,1.0,0.991,20.0,100.0,83.33,99.0,0.518
0022401168,1610612739,Cleveland,Cavaliers,CLE,cavaliers,240:00,554.5,110.9,575.8,115.2,-21.3,-4.3,0.558,2.18,16.8,0.321,0.788,0.546,10.891,10.9,0.526,0.54,1.0,0.966,20.0,100.0,83.33,101.0,0.482
0022401165,1610612758,Sacramento,Kings,SAC,kings,240:00,617.0,123.4,659.6,131.9,-42.6,-8.5,0.581,3.13,18.8,0.28,0.667,0.469,8.511,8.5,0.554,0.583,1.0,0.991,18.8,94.0,78.33,94.0,0.429
0022401165,1610612743,Denver,Nuggets,DEN,nuggets,240:00,659.6,131.9,617.0,123.4,42.6,8.5,0.698,4.29,21.7,0.333,0.72,0.531,7.447,7.4,0.576,0.622,1.0,0.991,18.8,94.0,78.33,94.0,0.571
0022401157,1610612764,Washington,Wizards,WAS,wizards,240:00,495.2,99.0,586.5,117.3,-91.3,-18.3,0.647,1.29,15.6,0.268,0.603,0.439,16.346,16.3,0.448,0.514,1.0,0.975,20.8,104.0,86.67,104.0,0.423
0022401157,1610612755,Philadelphia,76ers,PHI,sixers,240:00,586.5,117.3,495.2,99.0,91.3,18.3,0.513,1.18,13.6,0.397,0.732,0.561,16.346,16.3,0.516,0.566,1.0,0.976,20.8,104.0,86.67,104.0,0.577
0022401162,1610612762,Utah,Jazz,UTA,jazz,265:00,568.4,113.7,538.5,107.7,29.9,6.0,0.54,1.13,16.8,0.354,0.705,0.55,20.513,20.5,0.587,0.618,1.0,0.985,21.19,105.96,88.3,117.0,0.551
0022401162,1610612757,Portland,Trail Blazers,POR,blazers,265:00,538.5,107.7,568.4,113.7,-29.9,-6.0,0.563,1.59,16.9,0.295,0.646,0.45,14.53,14.5,0.514,0.542,1.0,0.992,21.19,105.96,88.3,117.0,0.449
0022401156,1610612753,Orlando,Magic,ORL,magic,240:00,527.5,105.5,427.0,85.4,100.5,20.1,0.622,2.3,18.0,0.315,0.765,0.533,10.989,11.0,0.495,0.508,1.0,0.99,18.0,90.0,75.0,91.0,0.594
0022401156,1610612738,Boston,Celtics,BOS,celtics,240:00,427.0,85.4,527.5,105.5,-100.5,-20.1,0.625,1.25,16.5,0.235,0.685,0.467,17.978,18.0,0.433,0.449,1.0,0.99,18.0,90.0,75.0,89.0,0.406
0022401160,1610612741,Chicago,Bulls,CHI,bulls,240:00,583.3,116.7,538.8,107.8,44.5,8.9,0.717,2.06,22.8,0.233,0.755,0.511,15.686,15.7,0.596,0.628,1.0,0.991,20.5,102.5,85.42,102.0,0.549
0022401160,1610612748,Miami,Heat,MIA,heat,240:00,538.8,107.8,583.3,116.7,-44.5,-8.9,0.636,2.15,19.6,0.245,0.767,0.489,12.621,12.6,0.543,0.558,1.0,0.983,20.5,102.5,85.42,103.0,0.451
0022401164,1610612756,Phoenix,Suns,PHX,suns,240:00,549.0,109.8,618.8,123.8,-69.8,-14.0,0.738,2.07,21.7,0.229,0.75,0.478,14.706,14.7,0.569,0.587,1.0,0.964,20.3,101.5,84.58,102.0,0.455
0022401164,1610612760,Oklahoma City,Thunder,OKC,thunder,240:00,618.8,123.8,549.0,109.8,69.8,14.0,0.533,2.0,17.8,0.25,0.771,0.522,11.881,11.9,0.593,0.639,1.0,0.982,20.3,101.5,84.58,101.0,0.545
0022401158,1610612761,Toronto,Raptors,TOR,raptors,240:00,623.8,124.8,470.6,94.1,153.2,30.6,0.755,4.11,23.6,0.333,0.816,0.557,8.911,8.9,0.563,0.577,1.0,0.983,20.3,101.5,84.58,101.0,0.621
0022401158,1610612766,Charlotte,Hornets,CHA,hornets,240:00,470.6,94.1,623.8,124.8,-153.2,-30.6,0.639,1.21,17.2,0.184,0.667,0.443,18.627,18.6,0.506,0.539,1.0,0.973,20.3,101.5,84.58,102.0,0.379
0022401163,1610612744,Golden State,Warriors,GSW,warriors,240:00,584.2,116.8,612.9,122.6,-28.7,-5.7,0.806,2.42,20.1,0.37,0.721,0.526,12.632,12.6,0.512,0.564,1.0,0.948,18.8,94.0,78.33,95.0,0.499
0022401163,1610612759,San Antonio,Spurs,SAS,spurs,240:00,612.9,122.6,584.2,116.8,28.7,5.7,0.59,1.53,18.0,0.279,0.63,0.474,16.129,16.1,0.593,0.632,1.0,0.981,18.8,94.0,78.33,93.0,0.501
0022401166,1610612746,LA,Clippers,LAC,clippers,240:00,676.8,135.4,590.9,118.2,85.9,17.2,0.688,2.75,22.8,0.31,0.773,0.547,12.121,12.1,0.639,0.681,1.0,0.973,19.8,99.0,82.5,99.0,0.582
0022401166,1610612745,Houston,Rockets,HOU,rockets,240:00,590.9,118.2,676.8,135.4,-85.9,-17.2,0.533,1.71,18.0,0.227,0.69,0.453,14.141,14.1,0.625,0.633,1.0,0.972,19.8,99.0,82.5,99.0,0.418
0022401159,1610612742,Dallas,Mavericks,DAL,mavericks,240:00,516.0,103.2,589.5,117.9,-73.5,-14.7,0.833,1.5,22.4,0.263,0.627,0.472,21.277,21.3,0.563,0.591,1.0,0.981,18.9,94.5,78.75,94.0,0.484
0022401159,1610612747,Los Angeles,Lakers,LAL,lakers,240:00,589.5,117.9,516.0,103.2,73.5,14.7,0.524,1.83,16.2,0.373,0.737,0.528,12.632,12.6,0.533,0.564,1.0,0.947,18.9,94.5,78.75,95.0,0.516
0022401155,1610612746,LA,Clippers,LAC,clippers,240:00,610.0,122.0,585.0,117.0,25.0,5.0,0.625,1.76,20.1,0.404,0.783,0.591,17.0,17.0,0.591,0.61,1.0,0.966,20.0,100.0,83.33,100.0,0.531
0022401155,1610612759,San Antonio,Spurs,SAS,spurs,240:00,585.0,117.0,610.0,122.0,-25.0,-5.0,0.644,1.71,20.9,0.217,0.596,0.409,17.0,17.0,0.629,0.636,1.0,0.973,20.0,100.0,83.33,100.0,0.469
0022401153,1610612760,Oklahoma City,Thunder,OKC,thunder,240:00,680.0,136.0,606.1,121.2,73.9,14.8,0.5,3.71,17.8,0.364,0.612,0.481,7.0,7.0,0.587,0.603,1.0,0.967,19.9,99.5,82.92,100.0,0.546
0022401153,1610612747,Los Angeles,Lakers,LAL,lakers,240:00,606.1,121.2,680.0,136.0,-73.9,-14.8,0.568,1.11,15.1,0.388,0.636,0.519,19.192,19.2,0.575,0.623,1.0,0.975,19.9,99.5,82.92,99.0,0.454
0022401146,1610612766,Charlotte,Hornets,CHA,hornets,240:00,505.1,101.0,626.3,125.3,-121.2,-24.2,0.595,1.47,17.1,0.2,0.63,0.423,15.152,15.2,0.525,0.549,1.0,0.991,19.8,99.0,82.5,99.0,0.394
0022401146,1610612763,Memphis,Grizzlies,MEM,grizzlies,240:00,626.3,125.3,505.1,101.0,121.2,24.2,0.548,1.64,16.4,0.37,0.8,0.577,14.141,14.1,0.548,0.594,1.0,0.991,19.8,99.0,82.5,99.0,0.606
0022401149,1610612753,Orlando,Magic,ORL,magic,240:00,613.4,122.7,577.3,115.5,36.1,7.2,0.548,1.64,16.8,0.378,0.6,0.495,14.433,14.4,0.583,0.609,1.0,0.974,19.4,97.0,80.83,97.0,0.561
0022401149,1610612737,Atlanta,Hawks,ATL,hawks,240:00,577.3,115.5,613.4,122.7,-36.1,-7.2,0.625,1.39,17.7,0.4,0.622,0.505,18.557,18.6,0.534,0.573,1.0,0.991,19.4,97.0,80.83,97.0,0.439
0022401147,1610612739,Cleveland,Cavaliers,CLE,cavaliers,240:00,661.8,132.4,543.3,108.7,118.5,23.7,0.686,2.69,22.7,0.333,0.689,0.5,12.745,12.7,0.635,0.638,1.0,0.992,20.6,103.0,85.83,102.0,0.569
0022401147,1610612741,Chicago,Bulls,CHI,bulls,240:00,543.3,108.7,661.8,132.4,-118.5,-23.7,0.634,1.3,18.1,0.311,0.667,0.5,19.231,19.2,0.564,0.599,1.0,0.966,20.6,103.0,85.83,104.0,0.431
0022401150,1610612751,Brooklyn,Nets,BKN,nets,240:00,583.3,116.7,553.4,110.7,29.9,6.0,0.732,1.88,21.3,0.209,0.739,0.483,15.686,15.7,0.596,0.636,1.0,0.991,20.5,102.5,85.42,102.0,0.52
0022401150,1610612740,New Orleans,Pelicans,NOP,pelicans,240:00,553.4,110.7,583.3,116.7,-29.9,-6.0,0.667,1.53,18.6,0.261,0.791,0.517,16.505,16.5,0.549,0.596,1.0,0.991,20.5,102.5,85.42,103.0,0.48
0022401148,1610612754,Indiana,Pacers,IND,pacers,240:00,541.7,108.3,510.4,102.1,31.3,6.3,0.636,2.33,15.6,0.31,0.685,0.491,9.375,9.4,0.431,0.503,1.0,0.965,19.2,96.0,80.0,96.0,0.571
0022401148,1610612764,Washington,Wizards,WAS,wizards,240:00,510.4,102.1,541.7,108.3,-31.3,-6.3,0.474,1.29,13.7,0.315,0.69,0.509,14.583,14.6,0.478,0.502,1.0,0.956,19.2,96.0,80.0,96.0,0.429
0022401154,1610612756,Phoenix,Suns,PHX,suns,240:00,470.3,94.1,645.6,129.1,-175.3,-35.1,0.629,1.16,16.2,0.241,0.538,0.387,18.812,18.8,0.466,0.502,1.0,1.0,20.4,102.0,85.0,101.0,0.329
0022401154,1610612744,Golden State,Warriors,GSW,warriors,240:00,645.6,129.1,470.3,94.1,175.3,35.1,0.689,2.07,19.6,0.462,0.759,0.613,14.563,14.6,0.565,0.616,1.0,0.969,20.4,102.0,85.0,103.0,0.671
0022401152,1610612749,Milwaukee,Bucks,MIL,bucks,240:00,585.1,117.0,547.9,109.6,37.2,7.4,0.675,2.25,19.9,0.313,0.714,0.515,12.766,12.8,0.548,0.579,1.0,0.972,18.8,94.0,78.33,94.0,0.547
0022401152,1610612750,Minnesota,Timberwolves,MIN,timberwolves,240:00,547.9,109.6,585.1,117.0,-37.2,-7.4,0.61,1.79,18.9,0.286,0.688,0.485,14.894,14.9,0.534,0.554,1.0,0.981,18.8,94.0,78.33,94.0,0.453
0022401151,1610612752,New York,Knicks,NYK,knicks,265:00,573.5,114.7,583.3,116.7,-9.8,-2.0,0.583,2.55,18.8,0.357,0.76,0.547,10.784,10.8,0.53,0.541,1.0,0.983,18.48,92.38,76.98,102.0,0.509
0022401151,1610612738,Boston,Celtics,BOS,celtics,265:00,583.3,116.7,573.5,114.7,9.8,2.0,0.65,1.73,18.6,0.24,0.643,0.453,14.706,14.7,0.569,0.607,1.0,0.991,18.48,92.38,76.98,102.0,0.491
0022401144,1610612765,Detroit,Pistons,DET,pistons,240:00,615.8,123.2,675.5,135.1,-59.7,-11.9,0.714,3.33,21.1,0.327,0.553,0.434,9.474,9.5,0.545,0.577,1.0,0.973,18.9,94.5,78.75,95.0,0.471
0022401144,1610612758,Sacramento,Kings,SAC,kings,240:00,675.5,135.1,615.8,123.2,59.7,11.9,0.426,1.67,14.8,0.447,0.673,0.566,12.766,12.8,0.577,0.617,1.0,0.974,18.9,94.5,78.75,94.0,0.529
0022401145,1610612748,Miami,Heat,MIA,heat,240:00,603.1,120.6,541.2,108.2,61.9,12.4,0.578,2.0,19.1,0.283,0.685,0.5,13.402,13.4,0.596,0.612,1.0,0.982,19.4,97.0,80.83,97.0,0.574
0022401145,1610612755,Philadelphia,76ers,PHI,sixers,240:00,541.2,108.2,603.1,120.6,-61.9,-12.4,0.526,1.54,14.9,0.315,0.717,0.5,13.402,13.4,0.5,0.53,1.0,0.982,19.4,97.0,80.83,97.0,0.426
0022401143,1610612744,Golden State,Warriors,GSW,warriors,240:00,489.8,98.0,540.8,108.2,-51.0,-10.2,0.757,1.4,19.3,0.352,0.66,0.505,20.408,20.4,0.506,0.512,1.0,0.974,19.6,98.0,81.67,98.0,0.462
0022401143,1610612745,Houston,Rockets,HOU,rockets,240:00,540.8,108.2,489.8,98.0,51.0,10.2,0.578,1.63,18.3,0.34,0.648,0.495,16.327,16.3,0.538,0.53,1.0,0.974,19.6,98.0,81.67,98.0,0.538
0022401139,1610612757,Portland,Trail Blazers,POR,blazers,240:00,560.7,112.1,509.3,101.9,51.4,10.3,0.595,1.67,17.5,0.234,0.714,0.495,14.019,14.0,0.556,0.595,1.0,0.983,21.4,107.0,89.17,107.0,0.559
0022401139,1610612759,San Antonio,Spurs,SAS,spurs,240:00,509.3,101.9,560.7,112.1,-51.4,-10.3,0.634,1.44,17.4,0.286,0.766,0.505,16.822,16.8,0.489,0.523,1.0,0.984,21.4,107.0,89.17,107.0,0.441
0022401142,1610612743,Denver,Nuggets,DEN,nuggets,240:00,571.4,114.3,595.2,119.0,-23.8,-4.8,0.66,2.54,22.1,0.239,0.82,0.542,12.381,12.4,0.581,0.595,1.0,0.983,21.0,105.0,87.5,105.0,0.477
0022401142,1610612754,Indiana,Pacers,IND,pacers,240:00,595.2,119.0,571.4,114.3,23.8,4.8,0.739,5.67,23.0,0.18,0.761,0.458,5.714,5.7,0.557,0.594,1.0,0.982,21.0,105.0,87.5,105.0,0.523
0022401136,1610612737,Atlanta,Hawks,ATL,hawks,240:00,720.6,144.1,663.4,132.7,57.2,11.4,0.796,3.58,26.7,0.381,0.791,0.588,11.765,11.8,0.684,0.708,1.0,0.966,20.3,101.5,84.58,102.0,0.553
0022401136,1610612762,Utah,Jazz,UTA,jazz,240:00,663.4,132.7,720.6,144.1,-57.2,-11.4,0.644,2.9,20.9,0.209,0.619,0.412,9.901,9.9,0.632,0.675,1.0,0.991,20.3,101.5,84.58,101.0,0.447
0022401135,1610612760,Oklahoma City,Thunder,OKC,thunder,240:00,515.6,103.1,663.2,132.6,-147.5,-29.5,0.513,2.86,15.9,0.189,0.667,0.391,7.292,7.3,0.5,0.52,1.0,0.972,19.1,95.5,79.58,96.0,0.399
0022401135,1610612747,Los Angeles,Lakers,LAL,lakers,240:00,663.2,132.6,515.6,103.1,147.5,29.5,0.543,1.47,18.9,0.333,0.811,0.609,17.895,17.9,0.679,0.689,1.0,0.981,19.1,95.5,79.58,95.0,0.601
0022401140,1610612752,New York,Knicks,NYK,knicks,240:00,589.5,117.9,521.3,104.3,68.2,13.6,0.7,1.87,21.4,0.229,0.667,0.494,15.789,15.8,0.622,0.662,1.0,0.961,18.9,94.5,78.75,95.0,0.627
0022401140,1610612756,Phoenix,Suns,PHX,suns,240:00,521.3,104.3,589.5,117.9,-68.2,-13.6,0.513,1.67,15.2,0.333,0.771,0.506,12.766,12.8,0.446,0.488,1.0,0.991,18.9,94.5,78.75,94.0,0.373
0022401133,1610612766,Charlotte,Hornets,CHA,hornets,240:00,562.5,112.5,635.9,127.2,-73.4,-14.7,0.61,1.79,17.9,0.261,0.791,0.517,13.462,13.5,0.529,0.585,1.0,0.965,20.7,103.5,86.25,104.0,0.451
0022401133,1610612741,Chicago,Bulls,CHI,bulls,240:00,635.9,127.2,562.5,112.5,73.4,14.7,0.565,2.0,18.8,0.209,0.739,0.483,12.621,12.6,0.628,0.663,1.0,0.991,20.7,103.5,86.25,103.0,0.549
0022401134,1610612751,Brooklyn,Nets,BKN,nets,240:00,495.5,99.1,545.5,109.1,-50.0,-10.0,0.641,1.04,17.2,0.222,0.75,0.505,21.818,21.8,0.537,0.581,1.0,0.975,22.0,110.0,91.67,110.0,0.46
0022401134,1610612761,Toronto,Raptors,TOR,raptors,240:00,545.5,109.1,495.5,99.1,50.0,10.0,0.638,1.58,19.6,0.25,0.778,0.495,17.273,17.3,0.564,0.579,1.0,0.984,22.0,110.0,91.67,110.0,0.54
0022401137,1610612738,Boston,Celtics,BOS,celtics,240:00,688.9,137.8,500.0,100.0,188.9,37.8,0.688,2.36,22.1,0.54,0.75,0.647,15.556,15.6,0.612,0.616,1.0,0.983,18.0,90.0,75.0,90.0,0.664
0022401137,1610612764,Washington,Wizards,WAS,wizards,240:00,500.0,100.0,688.9,137.8,-188.9,-37.8,0.6,2.1,16.9,0.25,0.46,0.353,11.111,11.1,0.477,0.498,1.0,0.981,18.0,90.0,75.0,90.0,0.336
0022400617,1610612740,New Orleans,Pelicans,NOP,pelicans,240:00,535.0,107.0,555.0,111.0,-20.0,-4.0,0.721,2.58,21.5,0.236,0.769,0.495,12.0,12.0,0.516,0.529,1.0,0.982,20.0,100.0,83.33,100.0,0.468
0022400617,1610612749,Milwaukee,Bucks,MIL,bucks,240:00,555.0,111.0,535.0,107.0,20.0,4.0,0.674,4.14,20.6,0.231,0.764,0.505,7.0,7.0,0.527,0.546,1.0,0.982,20.0,100.0,83.33,100.0,0.532
0022401138,1610612739,Cleveland,Cavaliers,CLE,cavaliers,240:00,582.5,116.5,625.0,125.0,-42.5,-8.5,0.674,1.94,21.5,0.34,0.7,0.506,16.495,16.5,0.58,0.586,1.0,0.982,19.3,96.5,80.42,97.0,0.475
0022401138,1610612758,Sacramento,Kings,SAC,kings,240:00,625.0,125.0,582.5,116.5,42.5,8.5,0.568,1.47,18.8,0.3,0.66,0.494,17.708,17.7,0.622,0.654,1.0,0.972,19.3,96.5,80.42,96.0,0.525
0022401129,1610612765,Detroit,Pistons,DET,pistons,240:00,495.2,99.0,524.0,104.8,-28.8,-5.8,0.649,3.43,17.1,0.2,0.655,0.424,6.731,6.7,0.443,0.485,1.0,0.974,20.8,104.0,86.67,104.0,0.486
0022401129,1610612763,Memphis,Grizzlies,MEM,grizzlies,240:00,524.0,104.8,495.2,99.0,28.8,5.8,0.487,1.27,13.3,0.345,0.8,0.576,14.423,14.4,0.463,0.51,1.0,0.976,20.8,104.0,86.67,104.0,0.514
0022401131,1610612748,Miami,Heat,MIA,heat,265:00,542.5,108.5,570.8,114.2,-28.3,-5.7,0.558,2.4,16.4,0.267,0.891,0.538,9.434,9.4,0.495,0.527,1.0,0.984,19.2,96.0,80.0,106.0,0.43
0022401131,1610612749,Milwaukee,Bucks,MIL,bucks,265:00,570.8,114.2,542.5,108.5,28.3,5.7,0.644,3.22,20.7,0.109,0.733,0.462,8.491,8.5,0.563,0.606,1.0,0.973,19.2,96.0,80.0,106.0,0.57
0022401128,1610612737,Atlanta,Hawks,ATL,hawks,240:00,535.7,107.1,623.7,124.7,-88.0,-17.6,0.585,1.6,17.8,0.271,0.775,0.5,15.306,15.3,0.545,0.563,1.0,0.973,19.5,97.5,81.25,98.0,0.421
0022401128,1610612752,New York,Knicks,NYK,knicks,240:00,623.7,124.7,535.7,107.1,88.0,17.6,0.711,2.29,23.2,0.225,0.729,0.5,14.433,14.4,0.625,0.655,1.0,0.981,19.5,97.5,81.25,97.0,0.579
0022401132,1610612746,LA,Clippers,LAC,clippers,240:00,675.0,135.0,520.0,104.0,155.0,31.0,0.574,4.43,21.7,0.273,0.74,0.521,7.0,7.0,0.62,0.644,1.0,0.982,20.0,100.0,83.33,100.0,0.642
0022401132,1610612742,Dallas,Mavericks,DAL,mavericks,240:00,520.0,104.0,675.0,135.0,-155.0,-31.0,0.529,1.13,13.7,0.26,0.727,0.479,16.0,16.0,0.481,0.549,1.0,0.982,20.0,100.0,83.33,100.0,0.358
0022401130,1610612755,Philadelphia,76ers,PHI,sixers,240:00,573.7,114.7,600.0,120.0,-26.3,-5.3,0.591,2.36,19.1,0.3,0.605,0.441,11.579,11.6,0.549,0.558,1.0,0.955,19.0,95.0,79.17,95.0,0.451
0022401130,1610612750,Minnesota,Timberwolves,MIN,timberwolves,240:00,600.0,120.0,573.7,114.7,26.3,5.3,0.537,1.47,16.4,0.395,0.7,0.559,15.789,15.8,0.574,0.608,1.0,0.982,19.0,95.0,79.17,95.0,0.549
0022401126,1610612747,Los Angeles,Lakers,LAL,lakers,240:00,652.6,130.5,568.4,113.7,84.2,16.8,0.634,2.0,19.7,0.308,0.652,0.494,13.684,13.7,0.62,0.679,1.0,0.981,19.0,95.0,79.17,95.0,0.576
0022401126,1610612740,New Orleans,Pelicans,NOP,pelicans,240:00,568.4,113.7,652.6,130.5,-84.2,-16.8,0.675,1.59,19.6,0.348,0.692,0.506,17.895,17.9,0.573,0.589,1.0,0.973,19.0,95.0,79.17,95.0,0.424
0022401121,1610612761,Toronto,Raptors,TOR,raptors,240:00,514.7,102.9,573.5,114.7,-58.8,-11.8,0.632,1.5,16.9,0.291,0.706,0.491,15.686,15.7,0.489,0.526,1.0,0.975,20.4,102.0,85.0,102.0,0.416
0022401121,1610612765,Detroit,Pistons,DET,pistons,240:00,573.5,114.7,514.7,102.9,58.8,11.8,0.659,1.93,18.8,0.294,0.709,0.509,13.725,13.7,0.528,0.58,1.0,0.983,20.4,102.0,85.0,102.0,0.584
0022401127,1610612746,LA,Clippers,LAC,clippers,240:00,575.8,115.2,459.6,91.9,116.2,23.2,0.523,1.77,17.2,0.261,0.809,0.538,13.131,13.1,0.573,0.594,1.0,0.982,19.8,99.0,82.5,99.0,0.606
0022401127,1610612742,Dallas,Mavericks,DAL,mavericks,240:00,459.6,91.9,575.8,115.2,-116.2,-23.2,0.543,1.06,15.0,0.191,0.739,0.462,18.182,18.2,0.481,0.514,1.0,0.972,19.8,99.0,82.5,99.0,0.394
0022401120,1610612738,Boston,Celtics,BOS,celtics,240:00,654.3,130.9,553.8,110.8,100.5,20.1,0.622,4.0,21.2,0.273,0.759,0.541,7.447,7.4,0.598,0.636,1.0,0.99,18.7,93.5,77.92,94.0,0.59
0022401120,1610612756,Phoenix,Suns,PHX,suns,240:00,553.8,110.8,654.3,130.9,-100.5,-20.1,0.585,3.0,18.5,0.241,0.727,0.459,8.602,8.6,0.505,0.526,1.0,0.972,18.7,93.5,77.92,93.0,0.41
0022401118,1610612766,Charlotte,Hornets,CHA,hornets,240:00,531.3,106.3,644.3,128.9,-113.1,-22.6,0.515,1.31,13.1,0.321,0.714,0.51,13.542,13.5,0.446,0.521,1.0,0.982,19.3,96.5,80.42,96.0,0.402
0022401118,1610612758,Sacramento,Kings,SAC,kings,240:00,644.3,128.9,531.3,106.3,113.1,22.6,0.578,3.25,19.0,0.286,0.679,0.49,8.247,8.2,0.582,0.618,1.0,0.964,19.3,96.5,80.42,97.0,0.598
0022401122,1610612741,Chicago,Bulls,CHI,bulls,240:00,541.3,108.3,528.0,105.6,13.2,2.6,0.61,1.39,17.1,0.265,0.703,0.528,16.514,16.5,0.529,0.586,1.0,0.967,21.6,108.0,90.0,109.0,0.573
0022401122,1610612757,Portland,Trail Blazers,POR,blazers,240:00,528.0,105.6,541.3,108.3,-13.2,-2.6,0.523,4.6,15.1,0.297,0.735,0.472,4.673,4.7,0.43,0.46,1.0,1.0,21.6,108.0,90.0,107.0,0.427
0022401119,1610612754,Indiana,Pacers,IND,pacers,240:00,686.3,137.3,543.7,108.7,142.6,28.5,0.745,5.43,25.0,0.255,0.606,0.46,6.863,6.9,0.64,0.662,1.0,0.991,20.5,102.5,85.42,102.0,0.686
0022401119,1610612762,Utah,Jazz,UTA,jazz,240:00,543.7,108.7,686.3,137.3,-142.6,-28.5,0.538,1.62,14.0,0.394,0.745,0.54,12.621,12.6,0.452,0.495,1.0,0.961,20.5,102.5,85.42,103.0,0.314
0022401123,1610612745,Houston,Rockets,HOU,rockets,240:00,612.7,122.5,544.1,108.8,68.6,13.7,0.533,1.6,16.6,0.404,0.771,0.589,14.706,14.7,0.56,0.604,1.0,0.967,20.4,102.0,85.0,102.0,0.571
0022401123,1610612760,Oklahoma City,Thunder,OKC,thunder,240:00,544.1,108.8,612.7,122.5,-68.6,-13.7,0.558,1.6,17.5,0.229,0.596,0.411,14.706,14.7,0.556,0.581,1.0,0.982,20.4,102.0,85.0,102.0,0.429
0022401124,1610612759,San Antonio,Spurs,SAS,spurs,240:00,553.9,110.8,558.8,111.8,-4.9,-1.0,0.659,2.25,19.0,0.278,0.771,0.51,11.765,11.8,0.521,0.552,1.0,0.991,20.4,102.0,85.0,102.0,0.484
0022401124,1610612739,Cleveland,Cavaliers,CLE,cavaliers,240:00,558.8,111.8,553.9,110.8,4.9,1.0,0.756,1.82,21.7,0.229,0.722,0.49,16.667,16.7,0.598,0.612,1.0,0.973,20.4,102.0,85.0,102.0,0.516
0022401125,1610612744,Golden State,Warriors,GSW,warriors,240:00,602.0,120.4,536.1,107.2,66.0,13.2,0.581,1.79,18.1,0.319,0.743,0.5,14.286,14.3,0.58,0.615,1.0,0.965,19.5,97.5,81.25,98.0,0.536
0022401125,1610612743,Denver,Nuggets,DEN,nuggets,240:00,536.1,107.2,602.0,120.4,-66.0,-13.2,0.7,1.08,20.9,0.257,0.681,0.5,26.804,26.8,0.622,0.652,1.0,0.981,19.5,97.5,81.25,97.0,0.464
0022401114,1610612748,Miami,Heat,MIA,heat,240:00,545.5,109.1,561.2,112.2,-15.8,-3.2,0.615,2.18,16.9,0.328,0.723,0.505,11.111,11.1,0.484,0.522,1.0,0.975,19.7,98.5,82.08,99.0,0.481
0022401114,1610612763,Memphis,Grizzlies,MEM,grizzlies,240:00,561.2,112.2,545.5,109.1,15.8,3.2,0.6,1.33,17.8,0.277,0.672,0.495,18.367,18.4,0.565,0.595,1.0,0.991,19.7,98.5,82.08,98.0,0.519
0022401113,1610612751,Brooklyn,Nets,BKN,nets,240:00,494.5,98.9,570.7,114.1,-76.1,-15.2,0.789,2.5,22.4,0.255,0.651,0.436,13.187,13.2,0.489,0.496,1.0,0.971,18.3,91.5,76.25,91.0,0.43
0022401113,1610612750,Minnesota,Timberwolves,MIN,timberwolves,240:00,570.7,114.1,494.5,98.9,76.1,15.2,0.692,1.5,20.1,0.349,0.745,0.564,19.565,19.6,0.583,0.602,1.0,0.963,18.3,91.5,76.25,92.0,0.57
0022401117,1610612747,Los Angeles,Lakers,LAL,lakers,240:00,630.4,126.1,668.5,133.7,-38.0,-7.6,0.59,2.3,17.6,0.327,0.622,0.468,10.87,10.9,0.558,0.603,1.0,0.963,18.4,92.0,76.67,92.0,0.449
0022401117,1610612744,Golden State,Warriors,GSW,warriors,240:00,668.5,133.7,630.4,126.1,38.0,7.6,0.769,2.31,21.6,0.378,0.673,0.532,14.13,14.1,0.591,0.643,1.0,0.991,18.4,92.0,76.67,92.0,0.551
0022401115,1610612755,Philadelphia,76ers,PHI,sixers,240:00,588.5,117.7,656.3,131.3,-67.7,-13.5,0.698,2.0,21.1,0.327,0.775,0.528,15.625,15.6,0.551,0.58,1.0,0.964,19.2,96.0,80.0,96.0,0.437
0022401115,1610612749,Milwaukee,Bucks,MIL,bucks,240:00,656.3,131.3,588.5,117.7,67.7,13.5,0.696,2.91,23.4,0.225,0.673,0.472,11.458,11.5,0.659,0.671,1.0,0.981,19.2,96.0,80.0,96.0,0.563
0022401112,1610612764,Washington,Wizards,WAS,wizards,240:00,544.9,109.0,605.6,121.1,-60.6,-12.1,0.421,1.23,13.6,0.277,0.638,0.457,14.607,14.6,0.518,0.54,1.0,0.99,17.9,89.5,74.58,89.0,0.377
0022401112,1610612753,Orlando,Magic,ORL,magic,240:00,605.6,121.1,544.9,109.0,60.6,12.1,0.711,2.25,20.1,0.362,0.723,0.543,13.333,13.3,0.53,0.586,1.0,0.935,17.9,89.5,74.58,90.0,0.623
0022401116,1610612761,Toronto,Raptors,TOR,raptors,240:00,509.9,102.0,554.5,110.9,-44.6,-8.9,0.659,1.61,19.9,0.296,0.533,0.404,17.822,17.8,0.521,0.524,1.0,0.974,20.2,101.0,84.17,101.0,0.441
0022401116,1610612757,Portland,Trail Blazers,POR,blazers,240:00,554.5,110.9,509.9,102.0,44.6,8.9,0.476,0.8,14.1,0.467,0.704,0.596,24.752,24.8,0.547,0.591,1.0,0.943,20.2,101.0,84.17,101.0,0.559
0022401103,1610612739,Cleveland,Cavaliers,CLE,cavaliers,240:00,639.2,127.8,552.6,110.5,86.5,17.3,0.46,1.77,16.5,0.467,0.647,0.563,13.402,13.4,0.596,0.619,1.0,0.983,19.2,96.0,80.0,97.0,0.592
0022401103,1610612752,New York,Knicks,NYK,knicks,240:00,552.6,110.5,639.2,127.8,-86.5,-17.3,0.6,1.5,17.5,0.353,0.533,0.438,16.842,16.8,0.506,0.539,1.0,0.982,19.2,96.0,80.0,95.0,0.408
0022401109,1610612742,Dallas,Mavericks,DAL,mavericks,240:00,582.5,116.5,572.8,114.6,9.7,1.9,0.614,1.8,19.7,0.167,0.714,0.48,14.563,14.6,0.62,0.65,1.0,0.964,20.6,103.0,85.83,103.0,0.543
0022401109,1610612737,Atlanta,Hawks,ATL,hawks,240:00,572.8,114.6,582.5,116.5,-9.7,-1.9,0.69,2.64,19.6,0.286,0.833,0.52,10.68,10.7,0.51,0.553,1.0,0.983,20.6,103.0,85.83,103.0,0.457
0022401104,1610612754,Indiana,Pacers,IND,pacers,240:00,626.3,125.3,552.6,110.5,73.7,14.7,0.617,4.83,21.5,0.245,0.718,0.455,6.316,6.3,0.589,0.599,1.0,0.991,19.0,95.0,79.17,95.0,0.563
0022401104,1610612766,Charlotte,Hornets,CHA,hornets,240:00,552.6,110.5,626.3,125.3,-73.7,-14.7,0.488,1.11,15.9,0.282,0.755,0.545,18.947,18.9,0.59,0.611,1.0,0.981,19.0,95.0,79.17,95.0,0.437
0022401105,1610612764,Washington,Wizards,WAS,wizards,240:00,585.9,117.2,555.0,111.0,30.9,6.2,0.558,1.71,18.3,0.186,0.638,0.446,14.141,14.1,0.613,0.631,1.0,0.991,19.9,99.5,82.92,99.0,0.515
0022401105,1610612758,Sacramento,Kings,SAC,kings,240:00,555.0,111.0,585.9,117.2,-30.9,-6.2,0.625,2.27,17.2,0.362,0.814,0.554,11.0,11.0,0.474,0.517,1.0,0.983,19.9,99.5,82.92,100.0,0.485
0022401107,1610612745,Houston,Rockets,HOU,rockets,240:00,694.2,138.8,514.7,102.9,179.5,35.9,0.536,3.0,19.4,0.442,0.793,0.627,9.709,9.7,0.63,0.636,1.0,0.984,20.5,102.5,85.42,103.0,0.632
0022401107,1610612762,Utah,Jazz,UTA,jazz,240:00,514.7,102.9,694.2,138.8,-179.5,-35.9,0.625,2.5,18.0,0.207,0.558,0.373,9.804,9.8,0.479,0.504,1.0,0.982,20.5,102.5,85.42,102.0,0.368
0022401111,1610612746,LA,Clippers,LAC,clippers,240:00,593.8,118.8,505.2,101.0,88.6,17.7,0.675,2.08,21.1,0.128,0.727,0.446,13.542,13.5,0.612,0.652,1.0,0.96,19.3,96.5,80.42,96.0,0.566
0022401111,1610612740,New Orleans,Pelicans,NOP,pelicans,240:00,505.2,101.0,593.8,118.8,-88.6,-17.7,0.674,1.71,21.0,0.273,0.872,0.554,17.526,17.5,0.529,0.545,1.0,0.954,19.3,96.5,80.42,97.0,0.434
0022401106,1610612738,Boston,Celtics,BOS,celtics,240:00,598.8,119.8,720.9,144.2,-122.1,-24.4,0.615,1.85,18.2,0.449,0.651,0.543,15.116,15.1,0.517,0.548,1.0,0.981,17.2,86.0,71.67,86.0,0.398
0022401106,1610612748,Miami,Heat,MIA,heat,240:00,720.9,144.2,598.8,119.8,122.1,24.4,0.651,5.6,21.7,0.349,0.551,0.457,5.814,5.8,0.602,0.653,1.0,0.97,17.2,86.0,71.67,86.0,0.602
0022401110,1610612743,Denver,Nuggets,DEN,nuggets,240:00,504.8,101.0,538.1,107.6,-33.3,-6.7,0.632,2.0,16.6,0.258,0.821,0.525,11.429,11.4,0.464,0.495,1.0,0.992,21.0,105.0,87.5,105.0,0.471
0022401110,1610612759,San Antonio,Spurs,SAS,spurs,240:00,538.1,107.6,504.8,101.0,33.3,6.7,0.628,2.7,19.0,0.179,0.742,0.475,9.524,9.5,0.531,0.55,1.0,0.983,21.0,105.0,87.5,105.0,0.529
0022401108,1610612760,Oklahoma City,Thunder,OKC,thunder,240:00,577.7,115.5,500.0,100.0,77.7,15.5,0.595,2.5,17.0,0.345,0.667,0.505,9.709,9.7,0.49,0.543,1.0,0.984,20.6,103.0,85.83,103.0,0.622
0022401108,1610612765,Detroit,Pistons,DET,pistons,240:00,500.0,100.0,577.7,115.5,-77.7,-15.5,0.556,1.05,14.2,0.333,0.655,0.495,18.447,18.4,0.461,0.515,1.0,0.975,20.6,103.0,85.83,103.0,0.378
0022401100,1610612763,Memphis,Grizzlies,MEM,grizzlies,240:00,584.1,116.8,632.1,126.4,-48.0,-9.6,0.5,1.38,15.6,0.26,0.649,0.467,14.953,15.0,0.576,0.615,1.0,0.983,21.3,106.5,88.75,107.0,0.455
0022401100,1610612744,Golden State,Warriors,GSW,warriors,240:00,632.1,126.4,584.1,116.8,48.0,9.6,0.69,2.64,18.8,0.351,0.74,0.533,10.377,10.4,0.535,0.602,1.0,0.992,21.3,106.5,88.75,106.0,0.545
0022401102,1610612743,Denver,Nuggets,DEN,nuggets,290:00,609.6,121.9,614.0,122.8,-4.4,-0.9,0.702,1.83,20.9,0.256,0.603,0.462,15.789,15.8,0.616,0.66,1.0,0.968,18.87,94.34,78.62,114.0,0.554
0022401102,1610612750,Minnesota,Timberwolves,MIN,timberwolves,290:00,614.0,122.8,609.6,121.9,4.4,0.9,0.673,2.5,20.1,0.397,0.744,0.538,12.281,12.3,0.554,0.574,1.0,0.971,18.87,94.34,78.62,114.0,0.446
0022401101,1610612749,Milwaukee,Bucks,MIL,bucks,240:00,678.6,135.7,640.6,128.1,37.9,7.6,0.627,1.6,23.5,0.25,0.625,0.5,20.408,20.4,0.804,0.825,1.0,0.942,19.4,97.0,80.83,98.0,0.586
0022401101,1610612756,Phoenix,Suns,PHX,suns,240:00,640.6,128.1,678.6,135.7,-37.9,-7.6,0.591,1.86,18.6,0.375,0.75,0.5,14.583,14.6,0.576,0.607,1.0,0.991,19.4,97.0,80.83,96.0,0.414
0022401097,1610612737,Atlanta,Hawks,ATL,hawks,240:00,513.6,102.7,577.3,115.5,-63.6,-12.7,0.634,1.3,17.2,0.288,0.6,0.455,18.182,18.2,0.484,0.542,1.0,0.984,22.0,110.0,91.67,110.0,0.449
0022401097,1610612757,Portland,Trail Blazers,POR,blazers,240:00,577.3,115.5,513.6,102.7,63.6,12.7,0.638,1.76,18.3,0.4,0.712,0.545,15.455,15.5,0.519,0.553,1.0,0.985,22.0,110.0,91.67,110.0,0.551
0022401098,1610612752,New York,Knicks,NYK,knicks,240:00,541.2,108.2,474.0,94.8,67.3,13.5,0.639,1.21,16.4,0.392,0.673,0.53,19.588,19.6,0.494,0.544,1.0,0.974,19.3,96.5,80.42,97.0,0.551
0022401098,1610612755,Philadelphia,76ers,PHI,sixers,240:00,474.0,94.8,541.2,108.2,-67.3,-13.5,0.676,1.15,17.0,0.327,0.608,0.47,20.833,20.8,0.457,0.502,1.0,0.982,19.3,96.5,80.42,96.0,0.449
0022401099,1610612741,Chicago,Bulls,CHI,bulls,240:00,658.7,131.7,567.3,113.5,91.3,18.3,0.72,3.0,24.0,0.282,0.774,0.565,11.538,11.5,0.648,0.686,1.0,0.991,20.8,104.0,86.67,104.0,0.609
0022401099,1610612761,Toronto,Raptors,TOR,raptors,240:00,567.3,113.5,658.7,131.7,-91.3,-18.3,0.795,2.92,23.3,0.226,0.718,0.435,11.538,11.5,0.557,0.579,1.0,0.991,20.8,104.0,86.67,104.0,0.391
0022400988,1610612759,San Antonio,Spurs,SAS,spurs,240:00,558.5,111.7,610.5,122.1,-52.0,-10.4,0.6,1.41,18.6,0.279,0.681,0.489,18.085,18.1,0.574,0.593,1.0,1.0,18.9,94.5,78.75,94.0,0.44
0022400988,1610612753,Orlando,Magic,ORL,magic,240:00,610.5,122.1,558.5,111.7,52.0,10.4,0.651,2.15,20.4,0.319,0.721,0.511,13.684,13.7,0.578,0.609,1.0,0.954,18.9,94.5,78.75,95.0,0.56
0022401092,1610612764,Washington,Wizards,WAS,wizards,240:00,443.4,88.7,566.0,113.2,-122.6,-24.5,0.647,1.22,16.3,0.127,0.667,0.387,16.981,17.0,0.471,0.5,1.0,0.982,21.2,106.0,88.33,106.0,0.364
0022401092,1610612748,Miami,Heat,MIA,heat,240:00,566.0,113.2,443.4,88.7,122.6,24.5,0.617,1.53,19.1,0.333,0.873,0.613,17.925,17.9,0.554,0.579,1.0,0.959,21.2,106.0,88.33,106.0,0.636
0022401096,1610612747,Los Angeles,Lakers,LAL,lakers,240:00,530.6,106.1,494.9,99.0,35.7,7.1,0.629,2.0,16.8,0.204,0.698,0.449,11.224,11.2,0.483,0.532,1.0,0.991,19.7,98.5,82.08,98.0,0.523
0022401096,1610612745,Houston,Rockets,HOU,rockets,240:00,494.9,99.0,530.6,106.1,-35.7,-7.1,0.703,1.73,18.4,0.302,0.796,0.551,15.152,15.2,0.472,0.508,1.0,0.974,19.7,98.5,82.08,99.0,0.477
0022401094,1610612760,Oklahoma City,Thunder,OKC,thunder,240:00,641.6,128.3,517.7,103.5,123.9,24.8,0.75,2.79,23.8,0.25,0.741,0.51,12.389,12.4,0.648,0.671,1.0,0.976,22.6,113.0,94.17,113.0,0.607
0022401094,1610612741,Chicago,Bulls,CHI,bulls,240:00,517.7,103.5,641.6,128.3,-123.9,-24.8,0.659,1.45,18.6,0.259,0.75,0.49,17.699,17.7,0.531,0.557,1.0,0.969,22.6,113.0,94.17,113.0,0.393
0022401089,1610612766,Charlotte,Hornets,CHA,hornets,240:00,578.9,115.8,557.9,111.6,21.1,4.2,0.767,1.83,23.7,0.268,0.667,0.5,18.947,18.9,0.631,0.638,1.0,0.981,19.0,95.0,79.17,95.0,0.548
0022401089,1610612762,Utah,Jazz,UTA,jazz,240:00,557.9,111.6,578.9,115.8,-21.1,-4.2,0.641,2.5,18.2,0.333,0.732,0.5,10.526,10.5,0.479,0.517,1.0,1.0,19.0,95.0,79.17,95.0,0.452
0022401093,1610612763,Memphis,Grizzlies,MEM,grizzlies,240:00,504.9,101.0,568.0,113.6,-63.1,-12.6,0.512,1.91,16.0,0.151,0.737,0.455,10.784,10.8,0.505,0.52,1.0,0.982,20.5,102.5,85.42,102.0,0.44
0022401093,1610612738,Boston,Celtics,BOS,celtics,240:00,568.0,113.6,504.9,101.0,63.1,12.6,0.769,2.31,20.3,0.263,0.849,0.545,12.621,12.6,0.516,0.561,1.0,0.975,20.5,102.5,85.42,103.0,0.56
0022401091,1610612753,Orlando,Magic,ORL,magic,240:00,467.7,93.5,510.6,102.1,-42.9,-8.6,0.6,1.2,15.1,0.17,0.652,0.409,16.129,16.1,0.441,0.508,1.0,0.98,18.7,93.5,77.92,93.0,0.434
0022401091,1610612746,LA,Clippers,LAC,clippers,240:00,510.6,102.1,467.7,93.5,42.9,8.6,0.5,1.13,14.3,0.348,0.83,0.591,17.021,17.0,0.488,0.531,1.0,0.991,18.7,93.5,77.92,94.0,0.566
0022401090,1610612754,Indiana,Pacers,IND,pacers,240:00,549.5,109.9,534.3,106.9,15.2,3.0,0.667,2.15,20.3,0.188,0.75,0.48,12.871,12.9,0.544,0.58,1.0,0.982,20.3,101.5,84.58,101.0,0.533
0022401090,1610612758,Sacramento,Kings,SAC,kings,240:00,534.3,106.9,549.5,109.9,-15.2,-3.0,0.512,1.83,16.1,0.25,0.813,0.52,11.765,11.8,0.533,0.548,1.0,0.965,20.3,101.5,84.58,102.0,0.467
0022401095,1610612742,Dallas,Mavericks,DAL,mavericks,240:00,573.7,114.7,588.5,117.7,-14.9,-3.0,0.707,2.9,20.9,0.3,0.741,0.529,10.526,10.5,0.535,0.552,1.0,0.964,19.1,95.5,79.58,95.0,0.496
0022401095,1610612751,Brooklyn,Nets,BKN,nets,240:00,588.5,117.7,573.7,114.7,14.9,3.0,0.821,4.0,23.0,0.259,0.7,0.471,8.333,8.3,0.544,0.572,1.0,1.0,19.1,95.5,79.58,96.0,0.504
0022401081,1610612739,Cleveland,Cavaliers,CLE,cavaliers,240:00,610.6,122.1,586.5,117.3,24.0,4.8,0.702,3.3,22.4,0.213,0.735,0.479,9.615,9.6,0.586,0.616,1.0,0.991,20.8,104.0,86.67,104.0,0.552
0022401081,1610612746,LA,Clippers,LAC,clippers,240:00,586.5,117.3,610.6,122.1,-24.0,-4.8,0.556,1.79,17.6,0.265,0.787,0.521,13.462,13.5,0.57,0.594,1.0,0.974,20.8,104.0,86.67,104.0,0.448
0022401087,1610612755,Philadelphia,76ers,PHI,sixers,240:00,500.0,100.0,588.0,117.6,-88.0,-17.6,0.595,1.39,17.4,0.213,0.714,0.485,16.514,16.5,0.517,0.56,1.0,0.958,21.7,108.5,90.42,109.0,0.461
0022401087,1610612761,Toronto,Raptors,TOR,raptors,240:00,588.0,117.6,500.0,100.0,88.0,17.6,0.653,2.91,20.5,0.286,0.787,0.515,10.185,10.2,0.558,0.572,1.0,0.984,21.7,108.5,90.42,108.0,0.539
0022401082,1610612752,New York,Knicks,NYK,knicks,240:00,585.1,117.0,494.7,98.9,90.4,18.1,0.6,1.8,20.3,0.293,0.736,0.543,15.957,16.0,0.595,0.613,1.0,0.972,18.8,94.0,78.33,94.0,0.612
0022401082,1610612757,Portland,Trail Blazers,POR,blazers,240:00,494.7,98.9,585.1,117.0,-90.4,-18.1,0.5,1.36,15.0,0.264,0.707,0.457,14.894,14.9,0.489,0.499,1.0,0.981,18.8,94.0,78.33,94.0,0.388
0022401083,1610612749,Milwaukee,Bucks,MIL,bucks,240:00,596.2,119.2,697.1,139.4,-101.0,-20.2,0.538,1.5,15.2,0.283,0.667,0.479,13.462,13.5,0.549,0.614,1.0,0.974,20.8,104.0,86.67,104.0,0.399
0022401083,1610612737,Atlanta,Hawks,ATL,hawks,240:00,697.1,139.4,596.2,119.2,101.0,20.2,0.72,4.0,23.1,0.333,0.717,0.521,8.654,8.7,0.622,0.663,1.0,0.975,20.8,104.0,86.67,104.0,0.601
0022401085,1610612740,New Orleans,Pelicans,NOP,pelicans,240:00,475.7,95.1,456.3,91.3,19.4,3.9,0.632,1.41,16.9,0.268,0.738,0.513,16.505,16.5,0.462,0.493,1.0,0.983,20.6,103.0,85.83,103.0,0.531
0022401085,1610612766,Charlotte,Hornets,CHA,hornets,240:00,456.3,91.3,475.7,95.1,-19.4,-3.9,0.625,1.33,14.4,0.262,0.732,0.487,14.563,14.6,0.396,0.461,1.0,0.975,20.6,103.0,85.83,103.0,0.469
0022401088,1610612756,Phoenix,Suns,PHX,suns,240:00,519.0,103.8,718.4,143.7,-199.4,-39.9,0.595,1.32,17.7,0.261,0.652,0.457,18.095,18.1,0.54,0.577,1.0,0.974,20.8,104.0,86.67,105.0,0.356
0022401088,1610612745,Houston,Rockets,HOU,rockets,240:00,718.4,143.7,519.0,103.8,199.4,39.9,0.661,3.7,23.7,0.348,0.739,0.543,9.709,9.7,0.663,0.679,1.0,0.992,20.8,104.0,86.67,103.0,0.644
0022401084,1610612750,Minnesota,Timberwolves,MIN,timberwolves,240:00,634.0,126.8,541.7,108.3,92.4,18.5,0.545,2.4,17.0,0.396,0.692,0.559,10.309,10.3,0.538,0.577,1.0,0.974,19.3,96.5,80.42,97.0,0.634
0022401084,1610612765,Detroit,Pistons,DET,pistons,240:00,541.7,108.3,634.0,126.8,-92.4,-18.5,0.647,3.14,15.9,0.308,0.604,0.441,7.292,7.3,0.421,0.477,1.0,0.991,19.3,96.5,80.42,96.0,0.366
0022401086,1610612759,San Antonio,Spurs,SAS,spurs,240:00,504.8,101.0,704.8,141.0,-200.0,-40.0,0.75,1.43,21.1,0.17,0.682,0.418,20.0,20.0,0.571,0.582,1.0,0.991,21.0,105.0,87.5,105.0,0.317
0022401086,1610612744,Golden State,Warriors,GSW,warriors,240:00,704.8,141.0,504.8,101.0,200.0,40.0,0.75,3.23,26.3,0.318,0.83,0.582,12.381,12.4,0.686,0.702,1.0,0.992,21.0,105.0,87.5,105.0,0.683
0022401075,1610612764,Washington,Wizards,WAS,wizards,240:00,571.4,114.3,592.8,118.6,-21.4,-4.3,0.568,3.5,16.2,0.224,0.7,0.465,6.122,6.1,0.488,0.563,1.0,0.972,19.5,97.5,81.25,98.0,0.512
0022401075,1610612751,Brooklyn,Nets,BKN,nets,240:00,592.8,118.6,571.4,114.3,21.4,4.3,0.641,1.79,18.4,0.3,0.776,0.535,14.433,14.4,0.545,0.594,1.0,0.982,19.5,97.5,81.25,97.0,0.488
0022401080,1610612759,San Antonio,Spurs,SAS,spurs,240:00,578.1,115.6,636.8,127.4,-58.7,-11.7,0.658,5.0,18.9,0.226,0.62,0.417,5.208,5.2,0.517,0.561,1.0,0.972,19.1,95.5,79.58,96.0,0.443
0022401080,1610612738,Boston,Celtics,BOS,celtics,240:00,636.8,127.4,578.1,115.6,58.7,11.7,0.711,2.91,22.1,0.38,0.774,0.583,11.579,11.6,0.569,0.594,1.0,0.982,19.1,95.5,79.58,95.0,0.557
0022401079,1610612760,Oklahoma City,Thunder,OKC,thunder,240:00,634.6,126.9,528.6,105.7,106.0,21.2,0.542,2.6,18.4,0.234,0.78,0.515,9.615,9.6,0.601,0.634,1.0,0.983,20.9,104.5,87.08,104.0,0.57
0022401079,1610612754,Indiana,Pacers,IND,pacers,240:00,528.6,105.7,634.6,126.9,-106.0,-21.2,0.692,2.08,18.9,0.22,0.766,0.485,12.381,12.4,0.529,0.564,1.0,0.957,20.9,104.5,87.08,105.0,0.43
0022401078,1610612763,Memphis,Grizzlies,MEM,grizzlies,240:00,616.5,123.3,644.2,128.8,-27.7,-5.5,0.66,2.75,22.4,0.25,0.739,0.489,11.65,11.7,0.6,0.617,1.0,1.0,20.7,103.5,86.25,103.0,0.472
0022401078,1610612747,Los Angeles,Lakers,LAL,lakers,240:00,644.2,128.8,616.5,123.3,27.7,5.5,0.667,2.31,20.5,0.261,0.75,0.511,12.5,12.5,0.612,0.664,1.0,0.974,20.7,103.5,86.25,104.0,0.528
0022401077,1610612741,Chicago,Bulls,CHI,bulls,240:00,550.9,110.2,550.5,110.1,0.5,0.1,0.721,1.63,20.3,0.292,0.839,0.587,17.593,17.6,0.549,0.586,1.0,0.992,21.7,108.5,90.42,108.0,0.501
0022401077,1610612742,Dallas,Mavericks,DAL,mavericks,240:00,550.5,110.1,550.9,110.2,-0.5,-0.1,0.596,4.67,19.3,0.161,0.708,0.413,5.505,5.5,0.51,0.544,1.0,0.983,21.7,108.5,90.42,109.0,0.499
0022401074,1610612753,Orlando,Magic,ORL,magic,240:00,623.7,124.7,469.1,93.8,154.6,30.9,0.705,2.21,21.4,0.36,0.776,0.566,14.433,14.4,0.596,0.608,1.0,0.974,19.4,97.0,80.83,97.0,0.646
0022401074,1610612758,Sacramento,Kings,SAC,kings,240:00,469.1,93.8,623.7,124.7,-154.6,-30.9,0.5,1.06,13.7,0.224,0.64,0.434,16.495,16.5,0.463,0.507,1.0,0.991,19.4,97.0,80.83,97.0,0.354
0022401076,1610612755,Philadelphia,76ers,PHI,sixers,240:00,510.8,102.2,634.4,126.9,-123.7,-24.7,0.737,1.56,21.7,0.186,0.64,0.43,19.355,19.4,0.586,0.578,1.0,0.98,18.6,93.0,77.5,93.0,0.409
0022401076,1610612748,Miami,Heat,MIA,heat,240:00,634.4,126.9,510.8,102.2,123.7,24.7,0.75,3.0,22.9,0.36,0.814,0.57,11.828,11.8,0.581,0.598,1.0,0.964,18.6,93.0,77.5,93.0,0.591
0022401072,1610612740,New Orleans,Pelicans,NOP,pelicans,240:00,500.0,100.0,584.2,116.8,-84.2,-16.8,0.727,1.5,17.6,0.333,0.61,0.482,16.842,16.8,0.451,0.509,1.0,0.973,19.0,95.0,79.17,95.0,0.43
0022401072,1610612744,Golden State,Warriors,GSW,warriors,240:00,584.2,116.8,500.0,100.0,84.2,16.8,0.763,2.64,19.7,0.39,0.667,0.518,11.579,11.6,0.484,0.53,1.0,0.975,19.0,95.0,79.17,95.0,0.57
0022401070,1610612749,Milwaukee,Bucks,MIL,bucks,240:00,563.2,112.6,604.2,120.8,-41.0,-8.2,0.585,1.5,19.4,0.132,0.667,0.43,16.842,16.8,0.633,0.642,1.0,1.0,19.1,95.5,79.58,95.0,0.438
0022401070,1610612752,New York,Knicks,NYK,knicks,240:00,604.2,120.8,563.2,112.6,41.0,8.2,0.622,3.11,20.1,0.333,0.868,0.57,9.375,9.4,0.548,0.58,1.0,0.973,19.1,95.5,79.58,96.0,0.562
0022401068,1610612751,Brooklyn,Nets,BKN,nets,240:00,490.2,98.0,653.5,130.7,-163.3,-32.7,0.818,1.8,18.9,0.246,0.868,0.485,14.706,14.7,0.449,0.498,1.0,0.983,20.3,101.5,84.58,102.0,0.348
0022401068,1610612746,LA,Clippers,LAC,clippers,240:00,653.5,130.7,490.2,98.0,163.3,32.7,0.659,2.23,21.5,0.132,0.754,0.515,12.871,12.9,0.669,0.715,1.0,0.981,20.3,101.5,84.58,101.0,0.652
0022401067,1610612765,Detroit,Pistons,DET,pistons,240:00,658.4,131.7,592.2,118.4,66.2,13.2,0.568,1.92,17.2,0.365,0.633,0.495,12.871,12.9,0.56,0.619,1.0,1.0,20.4,102.0,85.0,101.0,0.552
0022401067,1610612739,Cleveland,Cavaliers,CLE,cavaliers,240:00,592.2,118.4,658.4,131.7,-66.2,-13.2,0.41,1.07,11.7,0.367,0.635,0.505,14.563,14.6,0.554,0.606,1.0,0.959,20.4,102.0,85.0,103.0,0.448
0022401073,1610612743,Denver,Nuggets,DEN,nuggets,240:00,626.2,125.2,451.5,90.3,174.8,35.0,0.792,2.11,25.2,0.263,0.667,0.515,17.476,17.5,0.645,0.677,1.0,0.991,20.6,103.0,85.83,103.0,0.722
0022401073,1610612762,Utah,Jazz,UTA,jazz,240:00,451.5,90.3,626.2,125.2,-174.8,-35.0,0.636,1.17,14.5,0.333,0.737,0.485,17.476,17.5,0.392,0.449,1.0,0.976,20.6,103.0,85.83,103.0,0.278
0022401069,1610612761,Toronto,Raptors,TOR,raptors,240:00,551.0,110.2,500.0,100.0,51.0,10.2,0.667,4.67,20.3,0.228,0.593,0.414,6.122,6.1,0.516,0.531,1.0,0.982,19.5,97.5,81.25,98.0,0.543
0022401069,1610612766,Charlotte,Hornets,CHA,hornets,240:00,500.0,100.0,551.0,110.2,-51.0,-10.2,0.744,1.61,19.3,0.407,0.772,0.586,18.557,18.6,0.453,0.473,1.0,0.983,19.5,97.5,81.25,97.0,0.457
0022401071,1610612750,Minnesota,Timberwolves,MIN,timberwolves,240:00,652.6,130.5,579.8,116.0,72.8,14.6,0.66,2.38,22.0,0.349,0.8,0.566,13.684,13.7,0.635,0.655,1.0,0.955,18.9,94.5,78.75,95.0,0.565
0022401071,1610612756,Phoenix,Suns,PHX,suns,240:00,579.8,116.0,652.6,130.5,-72.8,-14.6,0.683,1.75,21.5,0.2,0.651,0.434,17.021,17.0,0.633,0.643,1.0,0.99,18.9,94.5,78.75,94.0,0.435
0022401059,1610612739,Cleveland,Cavaliers,CLE,cavaliers,240:00,601.9,120.4,568.6,113.7,33.3,6.7,0.717,2.36,21.2,0.382,0.682,0.545,13.592,13.6,0.551,0.58,1.0,0.976,20.5,102.5,85.42,103.0,0.575
0022401059,1610612759,San Antonio,Spurs,SAS,spurs,240:00,568.6,113.7,601.9,120.4,-33.3,-6.7,0.628,2.7,18.0,0.318,0.618,0.455,9.804,9.8,0.472,0.503,1.0,0.992,20.5,102.5,85.42,102.0,0.425
0022401060,1610612753,Orlando,Magic,ORL,magic,240:00,474.2,94.8,520.6,104.1,-46.4,-9.3,0.412,0.82,11.4,0.24,0.814,0.505,17.526,17.5,0.456,0.508,1.0,0.972,19.4,97.0,80.83,97.0,0.415
0022401060,1610612742,Dallas,Mavericks,DAL,mavericks,240:00,520.6,104.1,474.2,94.8,46.4,9.3,0.568,1.4,16.7,0.186,0.76,0.495,15.464,15.5,0.545,0.576,1.0,0.971,19.4,97.0,80.83,97.0,0.585
0022401061,1610612764,Washington,Wizards,WAS,wizards,240:00,524.0,104.8,794.1,158.8,-270.1,-54.0,0.5,1.27,14.1,0.245,0.588,0.386,14.423,14.4,0.512,0.565,1.0,0.966,20.6,103.0,85.83,104.0,0.298
0022401061,1610612754,Indiana,Pacers,IND,pacers,240:00,794.1,158.8,524.0,104.8,270.1,54.0,0.814,3.2,29.3,0.412,0.755,0.614,14.706,14.7,0.788,0.807,1.0,0.974,20.6,103.0,85.83,102.0,0.702
0022401064,1610612760,Oklahoma City,Thunder,OKC,thunder,240:00,601.0,120.2,500.0,100.0,101.0,20.2,0.636,2.33,19.3,0.283,0.851,0.57,11.538,11.5,0.561,0.611,1.0,0.983,20.8,104.0,86.67,104.0,0.583
0022401064,1610612763,Memphis,Grizzlies,MEM,grizzlies,240:00,500.0,100.0,601.0,120.2,-101.0,-20.2,0.848,1.47,20.1,0.149,0.717,0.43,18.269,18.3,0.519,0.583,1.0,0.973,20.8,104.0,86.67,104.0,0.417
0022401063,1610612741,Chicago,Bulls,CHI,bulls,240:00,566.7,113.3,562.5,112.5,4.2,0.8,0.767,2.2,21.7,0.264,0.851,0.54,14.286,14.3,0.571,0.585,1.0,0.983,20.9,104.5,87.08,105.0,0.491
0022401063,1610612747,Los Angeles,Lakers,LAL,lakers,240:00,562.5,112.5,566.7,113.3,-4.2,-0.8,0.667,2.73,21.3,0.149,0.736,0.46,10.577,10.6,0.56,0.591,1.0,0.991,20.9,104.5,87.08,104.0,0.509
0022401065,1610612762,Utah,Jazz,UTA,jazz,240:00,567.0,113.4,617.3,123.5,-50.3,-10.1,0.674,1.81,22.0,0.154,0.586,0.412,16.495,16.5,0.614,0.636,1.0,0.99,19.5,97.5,81.25,97.0,0.467
0022401065,1610612745,Houston,Rockets,HOU,rockets,240:00,617.3,123.5,567.0,113.4,50.3,10.1,0.553,2.89,17.6,0.414,0.846,0.588,9.184,9.2,0.52,0.548,1.0,0.975,19.5,97.5,81.25,98.0,0.533
0022401062,1610612748,Miami,Heat,MIA,heat,240:00,628.9,125.8,571.4,114.3,57.4,11.5,0.591,1.86,19.8,0.205,0.78,0.5,14.433,14.4,0.646,0.672,1.0,0.981,19.5,97.5,81.25,97.0,0.527
0022401062,1610612737,Atlanta,Hawks,ATL,hawks,240:00,571.4,114.3,628.9,125.8,-57.4,-11.5,0.628,1.69,20.1,0.22,0.795,0.5,16.327,16.3,0.627,0.638,1.0,0.963,19.5,97.5,81.25,98.0,0.473
0022401066,1610612758,Sacramento,Kings,SAC,kings,240:00,659.8,132.0,551.5,110.3,108.2,21.6,0.5,1.14,18.3,0.393,0.685,0.585,21.649,21.6,0.716,0.745,1.0,0.981,19.4,97.0,80.83,97.0,0.624
0022401066,1610612757,Portland,Trail Blazers,POR,blazers,240:00,551.5,110.3,659.8,132.0,-108.2,-21.6,0.657,1.92,16.9,0.315,0.607,0.415,12.371,12.4,0.489,0.538,1.0,0.973,19.4,97.0,80.83,97.0,0.376
0022401056,1610612752,New York,Knicks,NYK,knicks,240:00,607.5,121.5,684.8,137.0,-77.3,-15.5,0.833,3.5,25.0,0.283,0.711,0.495,10.753,10.8,0.577,0.603,1.0,0.971,18.5,92.5,77.08,93.0,0.476
0022401056,1610612746,LA,Clippers,LAC,clippers,240:00,684.8,137.0,607.5,121.5,77.3,15.5,0.6,5.4,20.5,0.289,0.717,0.505,5.435,5.4,0.602,0.639,1.0,0.99,18.5,92.5,77.08,92.0,0.524
0022401054,1610612751,Brooklyn,Nets,BKN,nets,240:00,417.5,83.5,557.7,111.5,-140.2,-28.0,0.516,0.8,12.3,0.19,0.639,0.42,19.417,19.4,0.402,0.451,1.0,0.982,20.7,103.5,86.25,103.0,0.305
0022401054,1610612761,Toronto,Raptors,TOR,raptors,240:00,557.7,111.5,417.5,83.5,140.2,28.0,0.791,2.83,21.3,0.361,0.81,0.58,11.538,11.5,0.471,0.517,1.0,0.976,20.7,103.5,86.25,104.0,0.695
0022401057,1610612743,Denver,Nuggets,DEN,nuggets,240:00,635.0,127.0,590.9,118.2,44.1,8.8,0.735,3.6,24.2,0.289,0.826,0.56,10.0,10.0,0.633,0.637,1.0,0.965,19.9,99.5,82.92,100.0,0.547
0022401057,1610612749,Milwaukee,Bucks,MIL,bucks,240:00,590.9,118.2,635.0,127.0,-44.1,-8.8,0.652,2.73,21.9,0.174,0.711,0.44,11.111,11.1,0.607,0.618,1.0,0.991,19.9,99.5,82.92,99.0,0.453
0022401053,1610612755,Philadelphia,76ers,PHI,sixers,240:00,581.6,116.3,613.4,122.7,-31.8,-6.4,0.524,4.4,16.1,0.293,0.706,0.486,5.102,5.1,0.5,0.534,1.0,0.965,19.5,97.5,81.25,98.0,0.468
0022401053,1610612764,Washington,Wizards,WAS,wizards,240:00,613.4,122.7,581.6,116.3,31.8,6.4,0.625,2.73,21.1,0.294,0.707,0.514,11.34,11.3,0.6,0.593,1.0,0.982,19.5,97.5,81.25,97.0,0.532
0022401055,1610612754,Indiana,Pacers,IND,pacers,240:00,626.3,125.3,625.0,125.0,1.3,0.3,0.705,3.1,22.8,0.222,0.78,0.488,10.526,10.5,0.592,0.624,1.0,0.981,19.1,95.5,79.58,95.0,0.517
0022401055,1610612747,Los Angeles,Lakers,LAL,lakers,240:00,625.0,125.0,626.3,125.3,-1.3,-0.3,0.634,1.73,19.8,0.22,0.778,0.512,15.625,15.6,0.627,0.67,1.0,0.971,19.1,95.5,79.58,96.0,0.483
0022401058,1610612756,Phoenix,Suns,PHX,suns,240:00,531.3,106.3,687.5,137.5,-156.3,-31.3,0.611,1.57,16.7,0.283,0.644,0.449,14.583,14.6,0.489,0.53,1.0,0.982,19.2,96.0,80.0,96.0,0.351
0022401058,1610612738,Boston,Celtics,BOS,celtics,240:00,687.5,137.5,531.3,106.3,156.3,31.3,0.733,3.0,22.8,0.356,0.717,0.551,11.458,11.5,0.629,0.669,1.0,0.973,19.2,96.0,80.0,96.0,0.649
0022401050,1610612762,Utah,Jazz,UTA,jazz,240:00,530.9,106.2,729.2,145.8,-198.2,-39.6,0.706,1.71,18.8,0.152,0.565,0.359,14.433,14.4,0.545,0.587,1.0,0.962,19.3,96.5,80.42,97.0,0.351
0022401050,1610612763,Memphis,Grizzlies,MEM,grizzlies,240:00,729.2,145.8,530.9,106.2,198.2,39.6,0.731,4.22,24.7,0.435,0.848,0.641,9.375,9.4,0.633,0.661,1.0,0.983,19.3,96.5,80.42,96.0,0.649
0022401049,1610612745,Houston,Rockets,HOU,rockets,240:00,587.4,117.5,564.4,112.9,23.0,4.6,0.405,1.06,12.2,0.396,0.639,0.526,15.534,15.5,0.511,0.572,1.0,0.967,20.4,102.0,85.0,103.0,0.56
0022401049,1610612737,Atlanta,Hawks,ATL,hawks,240:00,564.4,112.9,587.4,117.5,-23.0,-4.6,0.744,2.29,20.6,0.361,0.604,0.474,13.861,13.9,0.49,0.52,1.0,1.0,20.4,102.0,85.0,101.0,0.44
0022401052,1610612758,Sacramento,Kings,SAC,kings,240:00,525.0,105.0,605.0,121.0,-80.0,-16.0,0.865,2.91,22.7,0.161,0.762,0.418,11.0,11.0,0.533,0.545,1.0,0.982,20.0,100.0,83.33,100.0,0.431
0022401052,1610612760,Oklahoma City,Thunder,OKC,thunder,240:00,605.0,121.0,525.0,105.0,80.0,16.0,0.698,1.76,21.4,0.238,0.839,0.582,17.0,17.0,0.64,0.666,1.0,0.964,20.0,100.0,83.33,100.0,0.569
0022401048,1610612752,New York,Knicks,NYK,knicks,240:00,633.7,126.7,548.5,109.7,85.1,17.0,0.755,2.67,26.7,0.237,0.821,0.532,14.851,14.9,0.652,0.66,1.0,0.991,20.4,102.0,85.0,101.0,0.579
0022401048,1610612742,Dallas,Mavericks,DAL,mavericks,240:00,548.5,109.7,633.7,126.7,-85.1,-17.0,0.442,1.19,14.7,0.179,0.763,0.468,15.534,15.5,0.575,0.621,1.0,0.973,20.4,102.0,85.0,103.0,0.421
0022401047,1610612748,Miami,Heat,MIA,heat,240:00,622.2,124.4,472.5,94.5,149.7,29.9,0.605,1.44,20.5,0.306,0.685,0.533,20.0,20.0,0.669,0.681,1.0,0.96,18.1,90.5,75.42,90.0,0.658
0022401047,1610612744,Golden State,Warriors,GSW,warriors,240:00,472.5,94.5,622.2,124.4,-149.7,-29.9,0.606,1.25,15.6,0.315,0.694,0.467,17.582,17.6,0.452,0.478,1.0,0.935,18.1,90.5,75.42,91.0,0.342
0022401046,1610612765,Detroit,Pistons,DET,pistons,240:00,655.9,131.2,516.1,103.2,139.8,28.0,0.75,3.0,24.6,0.216,0.65,0.485,11.828,11.8,0.66,0.685,1.0,0.97,18.6,93.0,77.5,93.0,0.671
0022401046,1610612759,San Antonio,Spurs,SAS,spurs,240:00,516.1,103.2,655.9,131.2,-139.8,-28.0,0.636,1.91,15.6,0.35,0.784,0.515,11.828,11.8,0.44,0.481,1.0,0.974,18.6,93.0,77.5,93.0,0.329
0022401051,1610612757,Portland,Trail Blazers,POR,blazers,240:00,572.2,114.4,635.4,127.1,-63.3,-12.7,0.7,2.8,18.8,0.406,0.675,0.51,10.309,10.3,0.485,0.506,1.0,0.983,19.3,96.5,80.42,97.0,0.437
0022401051,1610612739,Cleveland,Cavaliers,CLE,cavaliers,240:00,635.4,127.1,572.2,114.4,63.3,12.7,0.583,2.0,20.4,0.325,0.594,0.49,14.583,14.6,0.614,0.639,1.0,0.963,19.3,96.5,80.42,96.0,0.563
0022401045,1610612766,Charlotte,Hornets,CHA,hornets,240:00,553.2,110.6,584.2,116.8,-31.0,-6.2,0.703,2.36,19.5,0.255,0.667,0.453,11.702,11.7,0.5,0.535,1.0,1.0,18.9,94.5,78.75,94.0,0.447
0022401045,1610612753,Orlando,Magic,ORL,magic,240:00,584.2,116.8,553.2,110.6,31.0,6.2,0.537,2.0,16.5,0.333,0.745,0.547,11.579,11.6,0.528,0.564,1.0,0.955,18.9,94.5,78.75,95.0,0.553
0022401044,1610612758,Sacramento,Kings,SAC,kings,240:00,494.8,99.0,570.7,114.1,-75.9,-15.2,0.59,1.53,18.0,0.184,0.75,0.475,15.625,15.6,0.5,0.523,1.0,0.99,19.5,97.5,81.25,96.0,0.432
0022401044,1610612738,Boston,Celtics,BOS,celtics,240:00,570.7,114.1,494.8,99.0,75.9,15.2,0.683,2.8,20.1,0.25,0.816,0.525,10.101,10.1,0.561,0.572,1.0,0.982,19.5,97.5,81.25,99.0,0.568
0022401038,1610612753,Orlando,Magic,ORL,magic,240:00,655.6,131.1,576.1,115.2,79.5,15.9,0.595,2.78,19.2,0.349,0.681,0.522,10.0,10.0,0.582,0.62,1.0,0.99,18.2,91.0,75.83,90.0,0.57
0022401038,1610612747,Los Angeles,Lakers,LAL,lakers,240:00,576.1,115.2,655.6,131.1,-79.5,-15.9,0.514,1.73,15.4,0.319,0.651,0.478,11.957,12.0,0.525,0.574,1.0,0.981,18.2,91.0,75.83,92.0,0.43
0022401040,1610612751,Brooklyn,Nets,BKN,nets,240:00,531.6,106.3,638.3,127.7,-106.7,-21.3,0.75,1.58,22.1,0.268,0.707,0.488,20.0,20.0,0.583,0.6,1.0,0.962,18.9,94.5,78.75,95.0,0.42
0022401040,1610612742,Dallas,Mavericks,DAL,mavericks,240:00,638.3,127.7,531.6,106.3,106.7,21.3,0.694,3.09,24.5,0.293,0.732,0.512,11.702,11.7,0.621,0.638,1.0,0.99,18.9,94.5,78.75,94.0,0.58
0022401043,1610612756,Phoenix,Suns,PHX,suns,240:00,587.0,117.4,582.4,116.5,4.5,0.9,0.641,1.56,18.9,0.356,0.765,0.573,17.391,17.4,0.561,0.601,1.0,0.981,18.3,91.5,76.25,92.0,0.512
0022401043,1610612749,Milwaukee,Bucks,MIL,bucks,240:00,582.4,116.5,587.0,117.4,-4.5,-0.9,0.649,3.43,19.0,0.235,0.644,0.427,7.692,7.7,0.518,0.553,1.0,1.0,18.3,91.5,76.25,91.0,0.488
0022401041,1610612740,New Orleans,Pelicans,NOP,pelicans,240:00,589.5,117.9,526.6,105.3,62.9,12.6,0.837,2.12,24.2,0.4,0.741,0.586,17.895,17.9,0.58,0.604,1.0,0.965,18.9,94.5,78.75,95.0,0.612
0022401041,1610612755,Philadelphia,76ers,PHI,sixers,240:00,526.6,105.3,589.5,117.9,-62.9,-12.6,0.559,1.58,15.1,0.259,0.6,0.414,12.766,12.8,0.471,0.519,1.0,0.991,18.9,94.5,78.75,94.0,0.388
0022401042,1610612743,Denver,Nuggets,DEN,nuggets,240:00,589.1,117.8,638.6,127.7,-49.5,-9.9,0.739,2.83,21.9,0.389,0.714,0.544,11.881,11.9,0.531,0.553,1.0,1.0,20.2,101.0,84.17,101.0,0.477
0022401042,1610612741,Chicago,Bulls,CHI,bulls,240:00,638.6,127.7,589.1,117.8,49.5,9.9,0.689,3.1,21.2,0.286,0.611,0.456,9.901,9.9,0.588,0.63,1.0,0.983,20.2,101.0,84.17,101.0,0.523
0022401039,1610612764,Washington,Wizards,WAS,wizards,240:00,486.0,97.2,523.4,104.7,-37.4,-7.5,0.686,1.41,16.4,0.25,0.683,0.472,15.888,15.9,0.466,0.51,1.0,0.975,21.4,107.0,89.17,107.0,0.451
0022401039,1610612761,Toronto,Raptors,TOR,raptors,240:00,523.4,104.7,486.0,97.2,37.4,7.5,0.683,2.33,18.1,0.317,0.75,0.528,11.215,11.2,0.455,0.496,1.0,0.984,21.4,107.0,89.17,107.0,0.549
0022401037,1610612754,Indiana,Pacers,IND,pacers,240:00,572.1,114.4,500.0,100.0,72.1,14.4,0.652,2.5,20.7,0.229,0.8,0.52,11.538,11.5,0.559,0.594,1.0,0.965,20.7,103.5,86.25,104.0,0.578
0022401037,1610612750,Minnesota,Timberwolves,MIN,timberwolves,240:00,500.0,100.0,572.1,114.4,-72.1,-14.4,0.591,1.53,18.7,0.2,0.771,0.48,16.505,16.5,0.533,0.54,1.0,0.991,20.7,103.5,86.25,103.0,0.422
0022401031,1610612737,Atlanta,Hawks,ATL,hawks,240:00,660.0,132.0,595.0,119.0,65.0,13.0,0.729,2.06,23.6,0.333,0.611,0.495,17.0,17.0,0.649,0.683,1.0,0.973,20.0,100.0,83.33,100.0,0.582
0022401031,1610612755,Philadelphia,76ers,PHI,sixers,240:00,595.0,119.0,660.0,132.0,-65.0,-13.0,0.6,1.85,16.6,0.389,0.667,0.505,13.0,13.0,0.5,0.555,1.0,0.983,20.0,100.0,83.33,100.0,0.418
0022401036,1610612746,LA,Clippers,LAC,clippers,240:00,520.6,104.1,530.9,106.2,-10.3,-2.1,0.571,1.43,15.4,0.286,0.732,0.524,14.433,14.4,0.476,0.535,1.0,0.991,19.4,97.0,80.83,97.0,0.49
0022401036,1610612760,Oklahoma City,Thunder,OKC,thunder,240:00,530.9,106.2,520.6,104.1,10.3,2.1,0.757,3.11,20.1,0.268,0.714,0.476,9.278,9.3,0.467,0.511,1.0,0.991,19.4,97.0,80.83,97.0,0.51
0022401033,1610612761,Toronto,Raptors,TOR,raptors,240:00,436.3,87.3,597.1,119.4,-160.8,-32.2,0.771,1.23,18.1,0.345,0.717,0.51,21.569,21.6,0.435,0.455,1.0,0.975,20.5,102.5,85.42,102.0,0.315
0022401033,1610612759,San Antonio,Spurs,SAS,spurs,240:00,597.1,119.4,436.3,87.3,160.8,32.2,0.659,1.93,18.9,0.283,0.655,0.49,13.592,13.6,0.558,0.615,1.0,0.983,20.5,102.5,85.42,103.0,0.685
0022401029,1610612765,Detroit,Pistons,DET,pistons,240:00,693.9,138.8,670.1,134.0,23.8,4.8,0.553,3.25,18.6,0.364,0.622,0.481,8.163,8.2,0.622,0.656,1.0,0.956,19.5,97.5,81.25,98.0,0.506
0022401029,1610612740,New Orleans,Pelicans,NOP,pelicans,240:00,670.1,134.0,693.9,138.8,-23.8,-4.8,0.714,1.94,24.0,0.378,0.636,0.519,18.557,18.6,0.694,0.706,1.0,0.973,19.5,97.5,81.25,97.0,0.494
0022401032,1610612748,Miami,Heat,MIA,heat,240:00,642.1,128.4,546.9,109.4,95.2,19.0,0.574,2.25,20.6,0.243,0.587,0.434,12.632,12.6,0.646,0.672,1.0,0.971,19.1,95.5,79.58,95.0,0.588
0022401032,1610612766,Charlotte,Hornets,CHA,hornets,240:00,546.9,109.4,642.1,128.4,-95.2,-19.0,0.585,1.2,17.3,0.413,0.757,0.566,20.833,20.8,0.534,0.566,1.0,0.965,19.1,95.5,79.58,96.0,0.412
0022401030,1610612762,Utah,Jazz,UTA,jazz,240:00,455.0,91.0,600.0,120.0,-145.0,-29.0,0.781,1.19,17.4,0.322,0.707,0.513,21.0,21.0,0.449,0.469,1.0,0.958,20.0,100.0,83.33,100.0,0.331
0022401030,1610612739,Cleveland,Cavaliers,CLE,cavaliers,240:00,600.0,120.0,455.0,91.0,145.0,29.0,0.636,4.0,19.3,0.293,0.678,0.487,7.0,7.0,0.516,0.547,1.0,0.974,20.0,100.0,83.33,100.0,0.669
0022401035,1610612745,Houston,Rockets,HOU,rockets,240:00,603.3,120.7,623.7,124.7,-20.4,-4.1,0.641,4.17,18.7,0.321,0.625,0.462,6.522,6.5,0.5,0.534,1.0,1.0,18.5,92.5,77.08,92.0,0.466
0022401035,1610612743,Denver,Nuggets,DEN,nuggets,240:00,623.7,124.7,603.3,120.7,20.4,4.1,0.636,3.11,20.3,0.375,0.679,0.538,9.677,9.7,0.563,0.589,1.0,0.982,18.5,92.5,77.08,93.0,0.534
0022401034,1610612757,Portland,Trail Blazers,POR,blazers,240:00,630.4,126.1,701.1,140.2,-70.7,-14.1,0.558,2.0,18.2,0.356,0.69,0.517,13.043,13.0,0.597,0.61,1.0,0.981,18.4,92.0,76.67,92.0,0.443
0022401034,1610612738,Boston,Celtics,BOS,celtics,240:00,701.1,140.2,630.4,126.1,70.7,14.1,0.646,3.44,22.8,0.31,0.644,0.483,9.783,9.8,0.676,0.685,1.0,0.981,18.4,92.0,76.67,92.0,0.557
0022401028,1610612747,Los Angeles,Lakers,LAL,lakers,240:00,547.6,109.5,688.7,137.7,-141.1,-28.2,0.561,1.1,16.4,0.255,0.714,0.472,20.0,20.0,0.582,0.607,1.0,0.991,21.1,105.5,87.92,105.0,0.343
0022401028,1610612741,Chicago,Bulls,CHI,bulls,240:00,688.7,137.7,547.6,109.5,141.1,28.2,0.732,4.1,25.8,0.286,0.745,0.528,9.434,9.4,0.682,0.697,1.0,0.975,21.1,105.5,87.92,106.0,0.657
0022401025,1610612737,Atlanta,Hawks,ATL,hawks,240:00,620.0,124.0,569.3,113.9,50.7,10.1,0.755,2.31,25.2,0.238,0.83,0.551,16.0,16.0,0.657,0.66,1.0,0.973,20.1,100.5,83.75,100.0,0.528
0022401025,1610612744,Golden State,Warriors,GSW,warriors,240:00,569.3,113.9,620.0,124.0,-50.7,-10.1,0.718,2.8,20.4,0.17,0.762,0.449,9.901,9.9,0.56,0.602,1.0,0.963,20.1,100.5,83.75,101.0,0.472
0022401026,1610612752,New York,Knicks,NYK,knicks,240:00,581.0,116.2,490.5,98.1,90.5,18.1,0.659,1.81,19.5,0.327,0.736,0.539,15.238,15.2,0.555,0.593,1.0,0.975,21.0,105.0,87.5,105.0,0.62
0022401026,1610612764,Washington,Wizards,WAS,wizards,240:00,490.5,98.1,581.0,116.2,-90.5,-18.1,0.538,1.05,15.0,0.264,0.673,0.461,19.048,19.0,0.506,0.534,1.0,0.983,21.0,105.0,87.5,105.0,0.38
0022401027,1610612758,Sacramento,Kings,SAC,kings,240:00,587.0,117.4,626.4,125.3,-39.4,-7.9,0.512,2.63,16.2,0.373,0.698,0.521,8.696,8.7,0.5,0.536,1.0,0.991,18.3,91.5,76.25,92.0,0.462
0022401027,1610612749,Milwaukee,Bucks,MIL,bucks,240:00,626.4,125.3,587.0,117.4,39.4,7.9,0.5,2.2,17.5,0.302,0.627,0.479,10.989,11.0,0.601,0.614,1.0,0.981,18.3,91.5,76.25,91.0,0.538
0022401024,1610612754,Indiana,Pacers,IND,pacers,240:00,534.7,106.9,504.9,101.0,29.8,6.0,0.8,2.13,22.7,0.174,0.732,0.48,14.851,14.9,0.542,0.579,1.0,0.963,20.3,101.5,84.58,101.0,0.564
0022401024,1610612751,Brooklyn,Nets,BKN,nets,240:00,504.9,101.0,534.7,106.9,-29.8,-6.0,0.513,1.33,14.6,0.268,0.826,0.52,14.706,14.7,0.517,0.528,1.0,0.957,20.3,101.5,84.58,102.0,0.436
0022401017,1610612760,Oklahoma City,Thunder,OKC,thunder,240:00,726.8,145.4,552.1,110.4,174.7,34.9,0.537,3.22,20.3,0.405,0.837,0.624,9.278,9.3,0.686,0.695,1.0,0.956,19.3,96.5,80.42,97.0,0.614
0022401017,1610612766,Charlotte,Hornets,CHA,hornets,240:00,552.1,110.4,726.8,145.4,-174.7,-34.9,0.784,1.81,22.0,0.163,0.595,0.376,16.667,16.7,0.581,0.618,1.0,0.99,19.3,96.5,80.42,96.0,0.386
0022401014,1610612764,Washington,Wizards,WAS,wizards,240:00,525.0,105.0,600.0,120.0,-75.0,-15.0,0.622,1.53,17.2,0.222,0.686,0.448,15.0,15.0,0.523,0.551,1.0,0.982,20.0,100.0,83.33,100.0,0.44
0022401014,1610612753,Orlando,Magic,ORL,magic,240:00,600.0,120.0,525.0,105.0,75.0,15.0,0.543,1.92,17.9,0.314,0.778,0.552,13.0,13.0,0.568,0.59,1.0,0.983,20.0,100.0,83.33,100.0,0.56
0022401022,1610612757,Portland,Trail Blazers,POR,blazers,240:00,666.7,133.3,567.7,113.5,99.0,19.8,0.638,1.76,20.8,0.442,0.6,0.518,17.708,17.7,0.621,0.653,1.0,0.991,19.2,96.0,80.0,96.0,0.602
0022401022,1610612743,Denver,Nuggets,DEN,nuggets,240:00,567.7,113.5,666.7,133.3,-99.0,-19.8,0.632,1.14,17.6,0.4,0.558,0.482,21.875,21.9,0.559,0.617,1.0,0.973,19.2,96.0,80.0,96.0,0.398
0022401015,1610612748,Miami,Heat,MIA,heat,240:00,515.8,103.2,531.3,106.3,-15.5,-3.1,0.658,1.19,19.8,0.162,0.64,0.437,22.105,22.1,0.589,0.619,1.0,0.98,19.1,95.5,79.58,95.0,0.513
0022401015,1610612745,Houston,Rockets,HOU,rockets,240:00,531.3,106.3,515.8,103.2,15.5,3.1,0.359,0.82,10.9,0.36,0.838,0.563,17.708,17.7,0.548,0.547,1.0,0.956,19.1,95.5,79.58,96.0,0.487
0022401020,1610612762,Utah,Jazz,UTA,jazz,240:00,515.6,103.1,630.2,126.0,-114.6,-22.9,0.632,1.41,18.2,0.255,0.611,0.446,17.708,17.7,0.536,0.554,1.0,0.981,19.2,96.0,80.0,96.0,0.399
0022401020,1610612738,Boston,Celtics,BOS,celtics,240:00,630.2,126.0,515.6,103.1,114.6,22.9,0.6,2.45,18.8,0.389,0.745,0.554,11.458,11.5,0.552,0.582,1.0,0.974,19.2,96.0,80.0,96.0,0.601
0022401023,1610612746,LA,Clippers,LAC,clippers,240:00,653.1,130.6,540.0,108.0,113.1,22.6,0.644,1.93,21.8,0.167,0.754,0.527,15.306,15.3,0.686,0.716,1.0,0.981,19.8,99.0,82.5,98.0,0.611
0022401023,1610612763,Memphis,Grizzlies,MEM,grizzlies,240:00,540.0,108.0,653.1,130.6,-113.1,-22.6,0.7,2.8,19.9,0.246,0.833,0.473,10.0,10.0,0.521,0.536,1.0,0.973,19.8,99.0,82.5,100.0,0.389
0022401019,1610612742,Dallas,Mavericks,DAL,mavericks,240:00,597.1,119.4,568.0,113.6,29.1,5.8,0.595,1.25,17.7,0.341,0.667,0.526,19.417,19.4,0.6,0.642,1.0,0.991,20.6,103.0,85.83,103.0,0.545
0022401019,1610612765,Detroit,Pistons,DET,pistons,240:00,568.0,113.6,597.1,119.4,-29.1,-5.8,0.522,1.71,16.6,0.333,0.659,0.474,13.592,13.6,0.526,0.55,1.0,0.983,20.6,103.0,85.83,103.0,0.455
0022401016,1610612750,Minnesota,Timberwolves,MIN,timberwolves,240:00,676.8,135.4,474.5,94.9,202.3,40.5,0.833,2.86,26.1,0.341,0.757,0.538,14.141,14.1,0.646,0.685,1.0,0.965,19.7,98.5,82.08,99.0,0.685
0022401016,1610612740,New Orleans,Pelicans,NOP,pelicans,240:00,474.5,94.9,676.8,135.4,-202.3,-40.5,0.588,0.77,15.9,0.243,0.659,0.462,26.531,26.5,0.581,0.599,1.0,0.972,19.7,98.5,82.08,98.0,0.315
0022401021,1610612756,Phoenix,Suns,PHX,suns,240:00,640.6,128.1,583.3,116.7,57.3,11.5,0.688,2.2,22.8,0.364,0.704,0.551,15.625,15.6,0.625,0.644,1.0,0.964,19.2,96.0,80.0,96.0,0.544
0022401021,1610612739,Cleveland,Cavaliers,CLE,cavaliers,240:00,583.3,116.7,640.6,128.1,-57.3,-11.5,0.571,2.18,17.6,0.296,0.636,0.449,11.458,11.5,0.537,0.559,1.0,0.991,19.2,96.0,80.0,96.0,0.456
0022401018,1610612759,San Antonio,Spurs,SAS,spurs,240:00,615.4,123.1,582.5,116.5,32.9,6.6,0.766,2.4,23.8,0.262,0.75,0.487,14.423,14.4,0.635,0.66,1.0,0.965,20.7,103.5,86.25,104.0,0.535
0022401018,1610612755,Philadelphia,76ers,PHI,sixers,240:00,582.5,116.5,615.4,123.1,-32.9,-6.6,0.652,1.5,21.1,0.25,0.738,0.513,19.417,19.4,0.654,0.668,1.0,0.955,20.7,103.5,86.25,103.0,0.465
0022401005,1610612744,Golden State,Warriors,GSW,warriors,240:00,557.1,111.4,553.4,110.7,3.7,0.7,0.789,2.0,19.9,0.286,0.794,0.478,14.286,14.3,0.528,0.572,1.0,0.959,20.8,104.0,86.67,105.0,0.492
0022401005,1610612761,Toronto,Raptors,TOR,raptors,240:00,553.4,110.7,557.1,111.4,-3.7,-0.7,0.727,1.39,22.5,0.206,0.714,0.522,22.33,22.3,0.635,0.66,1.0,0.991,20.8,104.0,86.67,103.0,0.508
0022401011,1610612754,Indiana,Pacers,IND,pacers,265:00,477.3,95.5,454.1,90.8,23.1,4.6,0.514,0.72,12.9,0.255,0.761,0.553,22.727,22.7,0.481,0.555,1.0,0.95,19.83,99.17,82.64,110.0,0.6
0022401011,1610612751,Brooklyn,Nets,BKN,nets,265:00,454.1,90.8,477.3,95.5,-23.1,-4.6,0.556,1.25,13.8,0.239,0.745,0.447,14.679,14.7,0.426,0.454,1.0,0.992,19.83,99.17,82.64,109.0,0.4
0022401013,1610612758,Sacramento,Kings,SAC,kings,240:00,591.8,118.4,659.8,132.0,-68.0,-13.6,0.659,2.25,20.0,0.261,0.643,0.443,12.245,12.2,0.564,0.603,1.0,0.981,19.5,97.5,81.25,98.0,0.436
0022401013,1610612741,Chicago,Bulls,CHI,bulls,240:00,659.8,132.0,591.8,118.4,68.0,13.6,0.711,2.29,22.4,0.357,0.739,0.557,14.433,14.4,0.61,0.657,1.0,0.982,19.5,97.5,81.25,97.0,0.564
0022401010,1610612766,Charlotte,Hornets,CHA,hornets,240:00,599.0,119.8,510.4,102.1,88.5,17.7,0.581,2.08,18.7,0.289,0.768,0.554,12.5,12.5,0.574,0.602,1.0,0.972,19.2,96.0,80.0,96.0,0.563
0022401010,1610612752,New York,Knicks,NYK,knicks,240:00,510.4,102.1,599.0,119.8,-88.5,-17.7,0.722,3.71,19.3,0.232,0.711,0.446,7.292,7.3,0.456,0.496,1.0,0.972,19.2,96.0,80.0,96.0,0.437
0022400996,1610612747,Los Angeles,Lakers,LAL,lakers,240:00,458.8,91.8,608.2,121.6,-149.5,-29.9,0.765,1.18,18.7,0.32,0.755,0.535,22.68,22.7,0.482,0.5,1.0,0.956,19.4,97.0,80.83,97.0,0.352
0022400996,1610612749,Milwaukee,Bucks,MIL,bucks,240:00,608.2,121.6,458.8,91.8,149.5,29.9,0.6,2.67,18.0,0.245,0.68,0.465,9.278,9.3,0.542,0.596,1.0,0.982,19.4,97.0,80.83,97.0,0.648
0022401003,1610612759,San Antonio,Spurs,SAS,spurs,240:00,631.6,126.3,546.9,109.4,84.7,16.9,0.622,1.87,19.9,0.396,0.684,0.552,15.789,15.8,0.589,0.607,1.0,0.982,19.1,95.5,79.58,95.0,0.556
0022401003,1610612752,New York,Knicks,NYK,knicks,240:00,546.9,109.4,631.6,126.3,-84.7,-16.9,0.718,2.55,19.7,0.316,0.604,0.448,11.458,11.5,0.484,0.519,1.0,0.965,19.1,95.5,79.58,96.0,0.444
0022401009,1610612758,Sacramento,Kings,SAC,kings,240:00,634.0,126.8,607.1,121.4,26.9,5.4,0.609,2.15,20.0,0.326,0.795,0.541,13.402,13.4,0.593,0.627,1.0,0.973,19.5,97.5,81.25,97.0,0.5
0022401009,1610612739,Cleveland,Cavaliers,CLE,cavaliers,240:00,607.1,121.4,634.0,126.8,-26.9,-5.4,0.522,2.0,18.5,0.205,0.674,0.459,12.245,12.2,0.625,0.647,1.0,0.972,19.5,97.5,81.25,98.0,0.5
0022400999,1610612753,Orlando,Magic,ORL,magic,240:00,556.7,111.3,604.2,120.8,-47.5,-9.5,0.561,1.92,16.9,0.321,0.636,0.464,12.371,12.4,0.495,0.536,1.0,0.982,19.3,96.5,80.42,97.0,0.452
0022400999,1610612745,Houston,Rockets,HOU,rockets,240:00,604.2,120.8,556.7,111.3,47.5,9.5,0.474,1.13,13.8,0.364,0.679,0.536,16.667,16.7,0.537,0.61,1.0,0.991,19.3,96.5,80.42,96.0,0.548
0022401002,1610612760,Oklahoma City,Thunder,OKC,thunder,240:00,671.7,134.3,500.0,100.0,171.7,34.3,0.766,2.57,24.0,0.319,0.726,0.55,14.141,14.1,0.656,0.673,1.0,0.974,19.9,99.5,82.92,99.0,0.67
0022401002,1610612755,Philadelphia,76ers,PHI,sixers,240:00,500.0,100.0,671.7,134.3,-171.7,-34.3,0.686,2.0,17.0,0.274,0.681,0.45,12.0,12.0,0.463,0.49,1.0,0.974,19.9,99.5,82.92,100.0,0.33
0022401006,1610612747,Los Angeles,Lakers,LAL,lakers,240:00,588.2,117.6,529.4,105.9,58.8,11.8,0.595,1.79,18.2,0.222,0.688,0.462,13.725,13.7,0.602,0.629,1.0,0.973,20.4,102.0,85.0,102.0,0.552
0022401006,1610612743,Denver,Nuggets,DEN,nuggets,240:00,529.4,105.9,588.2,117.6,-58.8,-11.8,0.61,1.32,17.6,0.313,0.778,0.538,18.627,18.6,0.546,0.561,1.0,0.974,20.4,102.0,85.0,102.0,0.448
0022401008,1610612757,Portland,Trail Blazers,POR,blazers,240:00,575.0,115.0,495.0,99.0,80.0,16.0,0.625,1.47,16.8,0.421,0.772,0.596,17.0,17.0,0.51,0.546,1.0,0.984,20.0,100.0,83.33,100.0,0.567
0022401008,1610612763,Memphis,Grizzlies,MEM,grizzlies,240:00,495.0,99.0,575.0,115.0,-80.0,-16.0,0.622,2.3,17.0,0.228,0.579,0.404,10.0,10.0,0.446,0.489,1.0,0.991,20.0,100.0,83.33,100.0,0.433
0022401007,1610612756,Phoenix,Suns,PHX,suns,240:00,628.7,125.7,605.0,121.0,23.7,4.7,0.723,3.09,22.4,0.333,0.818,0.558,10.891,10.9,0.568,0.606,1.0,0.975,20.1,100.5,83.75,101.0,0.534
0022401007,1610612741,Chicago,Bulls,CHI,bulls,240:00,605.0,121.0,628.7,125.7,-23.7,-4.7,0.592,2.23,21.2,0.182,0.667,0.442,13.0,13.0,0.628,0.635,1.0,0.991,20.1,100.5,83.75,100.0,0.466
0022401001,1610612750,Minnesota,Timberwolves,MIN,timberwolves,240:00,586.7,117.3,607.1,121.4,-20.4,-4.1,0.6,1.5,16.0,0.255,0.64,0.454,14.286,14.3,0.558,0.619,1.0,0.982,19.6,98.0,81.67,98.0,0.49
0022401001,1610612740,New Orleans,Pelicans,NOP,pelicans,240:00,607.1,121.4,586.7,117.3,20.4,4.1,0.596,1.87,19.4,0.36,0.745,0.546,15.306,15.3,0.601,0.603,1.0,0.966,19.6,98.0,81.67,98.0,0.51
0022400998,1610612754,Indiana,Pacers,IND,pacers,240:00,636.8,127.4,617.9,123.6,18.9,3.8,0.644,2.64,20.6,0.143,0.778,0.471,10.377,10.4,0.646,0.687,1.0,0.982,21.2,106.0,88.33,106.0,0.528
0022400998,1610612742,Dallas,Mavericks,DAL,mavericks,240:00,617.9,123.6,636.8,127.4,-18.9,-3.8,0.479,1.77,16.5,0.222,0.857,0.529,12.264,12.3,0.608,0.642,1.0,0.974,21.2,106.0,88.33,106.0,0.472
0022400627,1610612762,Utah,Jazz,UTA,jazz,240:00,640.0,128.0,554.5,110.9,85.5,17.1,0.6,1.76,20.8,0.341,0.673,0.527,17.0,17.0,0.657,0.66,1.0,0.982,20.1,100.5,83.75,100.0,0.54
0022400627,1610612764,Washington,Wizards,WAS,wizards,240:00,554.5,110.9,640.0,128.0,-85.5,-17.1,0.698,2.14,20.4,0.327,0.659,0.473,13.861,13.9,0.527,0.555,1.0,0.974,20.1,100.5,83.75,101.0,0.46
0022401000,1610612748,Miami,Heat,MIA,heat,240:00,570.7,114.1,585.9,117.2,-15.2,-3.0,0.545,1.85,17.6,0.265,0.689,0.468,13.131,13.1,0.544,0.577,1.0,0.982,19.8,99.0,82.5,99.0,0.48
0022401000,1610612765,Detroit,Pistons,DET,pistons,240:00,585.9,117.2,570.7,114.1,15.2,3.0,0.543,1.92,18.1,0.311,0.735,0.532,13.131,13.1,0.555,0.586,1.0,0.973,19.8,99.0,82.5,99.0,0.52
0022401012,1610612744,Golden State,Warriors,GSW,warriors,240:00,541.7,108.3,484.4,96.9,57.3,11.5,0.781,1.32,18.7,0.283,0.9,0.604,19.792,19.8,0.526,0.588,1.0,0.972,19.2,96.0,80.0,96.0,0.563
0022401012,1610612749,Milwaukee,Bucks,MIL,bucks,240:00,484.4,96.9,541.7,108.3,-57.3,-11.5,0.613,1.9,15.8,0.1,0.717,0.396,10.417,10.4,0.468,0.512,1.0,0.97,19.2,96.0,80.0,96.0,0.437
0022400997,1610612746,LA,Clippers,LAC,clippers,240:00,687.5,137.5,626.3,125.3,61.2,12.2,0.609,2.15,19.9,0.425,0.7,0.578,13.542,13.5,0.643,0.685,1.0,0.965,19.1,95.5,79.58,96.0,0.584
0022400997,1610612739,Cleveland,Cavaliers,CLE,cavaliers,240:00,626.3,125.3,687.5,137.5,-61.2,-12.2,0.659,3.22,20.9,0.3,0.575,0.422,9.474,9.5,0.567,0.587,1.0,0.982,19.1,95.5,79.58,95.0,0.416
0022400993,1610612766,Charlotte,Hornets,CHA,hornets,240:00,520.4,104.1,676.8,135.4,-156.4,-31.3,0.658,1.47,18.5,0.255,0.689,0.467,17.347,17.3,0.512,0.547,1.0,0.991,19.7,98.5,82.08,98.0,0.38
0022400993,1610612737,Atlanta,Hawks,ATL,hawks,240:00,676.8,135.4,520.4,104.1,156.4,31.3,0.54,2.45,19.4,0.311,0.745,0.533,11.111,11.1,0.656,0.673,1.0,0.973,19.7,98.5,82.08,99.0,0.62
0022400994,1610612738,Boston,Celtics,BOS,celtics,240:00,553.2,110.6,516.1,103.2,37.1,7.4,0.686,1.85,18.8,0.217,0.782,0.525,13.83,13.8,0.544,0.586,1.0,0.971,18.7,93.5,77.92,94.0,0.584
0022400994,1610612751,Brooklyn,Nets,BKN,nets,240:00,516.1,103.2,553.2,110.6,-37.1,-7.4,0.583,2.33,16.7,0.218,0.783,0.475,9.677,9.7,0.483,0.503,1.0,0.981,18.7,93.5,77.92,93.0,0.416
0022400992,1610612758,Sacramento,Kings,SAC,kings,240:00,634.6,126.9,586.5,117.3,48.1,9.6,0.761,2.5,23.0,0.277,0.674,0.473,13.462,13.5,0.636,0.652,1.0,0.966,20.8,104.0,86.67,104.0,0.532
0022400992,1610612763,Memphis,Grizzlies,MEM,grizzlies,240:00,586.5,117.3,634.6,126.9,-48.1,-9.6,0.545,1.33,16.8,0.326,0.723,0.527,17.308,17.3,0.561,0.615,1.0,0.975,20.8,104.0,86.67,104.0,0.468
0022400995,1610612757,Portland,Trail Blazers,POR,blazers,240:00,565.7,113.1,485.0,97.0,80.7,16.1,0.595,2.78,17.6,0.317,0.704,0.5,9.091,9.1,0.5,0.522,1.0,0.991,19.9,99.5,82.92,99.0,0.565
0022400995,1610612764,Washington,Wizards,WAS,wizards,240:00,485.0,97.0,565.7,113.1,-80.7,-16.1,0.711,1.69,19.0,0.296,0.683,0.5,16.0,16.0,0.478,0.499,1.0,0.983,19.9,99.5,82.92,100.0,0.435
0022400987,1610612740,New Orleans,Pelicans,NOP,pelicans,240:00,405.0,81.0,641.4,128.3,-236.4,-47.3,0.643,1.06,13.2,0.311,0.675,0.455,17.0,17.0,0.355,0.408,1.0,0.975,19.9,99.5,82.92,100.0,0.229
0022400987,1610612765,Detroit,Pistons,DET,pistons,240:00,641.4,128.3,405.0,81.0,236.4,47.3,0.717,2.36,22.8,0.325,0.689,0.545,14.141,14.1,0.625,0.656,1.0,0.982,19.9,99.5,82.92,99.0,0.771
0022400537,1610612747,Los Angeles,Lakers,LAL,lakers,240:00,618.8,123.8,550.5,110.1,68.3,13.7,0.773,3.78,23.1,0.265,0.745,0.5,8.911,8.9,0.594,0.622,1.0,0.973,20.0,100.0,83.33,101.0,0.578
0022400537,1610612759,San Antonio,Spurs,SAS,spurs,240:00,550.5,110.1,618.8,123.8,-68.3,-13.7,0.732,1.76,21.3,0.255,0.735,0.5,17.172,17.2,0.551,0.579,1.0,1.0,20.0,100.0,83.33,99.0,0.422
0022400984,1610612752,New York,Knicks,NYK,knicks,240:00,604.2,120.8,489.7,97.9,114.5,22.9,0.638,2.14,21.0,0.354,0.705,0.522,14.583,14.6,0.579,0.594,1.0,0.982,19.3,96.5,80.42,96.0,0.575
0022400984,1610612748,Miami,Heat,MIA,heat,240:00,489.7,97.9,604.2,120.8,-114.5,-22.9,0.59,1.1,17.3,0.295,0.646,0.478,21.649,21.6,0.512,0.544,1.0,0.964,19.3,96.5,80.42,97.0,0.425
0022400991,1610612756,Phoenix,Suns,PHX,suns,240:00,671.9,134.4,468.4,93.7,203.5,40.7,0.723,3.4,23.8,0.311,0.729,0.548,10.417,10.4,0.62,0.654,1.0,0.982,19.1,95.5,79.58,96.0,0.709
0022400991,1610612761,Toronto,Raptors,TOR,raptors,240:00,468.4,93.7,671.9,134.4,-203.5,-40.7,0.645,1.67,15.3,0.271,0.689,0.452,12.632,12.6,0.414,0.458,1.0,0.982,19.1,95.5,79.58,95.0,0.291
0022400989,1610612762,Utah,Jazz,UTA,jazz,240:00,461.9,92.4,528.6,105.7,-66.7,-13.3,0.571,1.18,14.9,0.17,0.786,0.486,16.19,16.2,0.459,0.507,1.0,0.982,21.0,105.0,87.5,105.0,0.404
0022400989,1610612741,Chicago,Bulls,CHI,bulls,240:00,528.6,105.7,461.9,92.4,66.7,13.3,0.69,2.64,19.9,0.214,0.83,0.514,10.476,10.5,0.505,0.533,1.0,0.966,21.0,105.0,87.5,105.0,0.596
0022400985,1610612745,Houston,Rockets,HOU,rockets,265:00,654.5,130.9,634.3,126.9,20.3,4.1,0.686,2.33,20.5,0.448,0.74,0.583,13.636,13.6,0.579,0.612,1.0,0.971,19.74,98.72,82.26,110.0,0.554
0022400985,1610612755,Philadelphia,76ers,PHI,sixers,265:00,634.3,126.9,654.5,130.9,-20.3,-4.1,0.438,1.31,14.8,0.26,0.552,0.417,14.815,14.8,0.632,0.646,1.0,0.992,19.74,98.72,82.26,108.0,0.446
0022400990,1610612744,Golden State,Warriors,GSW,warriors,240:00,509.7,101.9,548.1,109.6,-38.4,-7.7,0.585,1.2,17.0,0.269,0.56,0.412,19.417,19.4,0.536,0.548,1.0,0.991,20.7,103.5,86.25,103.0,0.449
0022400990,1610612743,Denver,Nuggets,DEN,nuggets,240:00,548.1,109.6,509.7,101.9,38.4,7.7,0.744,1.45,20.3,0.44,0.731,0.588,21.154,21.2,0.543,0.57,1.0,0.96,20.7,103.5,86.25,104.0,0.551
0022400986,1610612750,Minnesota,Timberwolves,MIN,timberwolves,265:00,565.2,113.0,584.1,116.8,-18.9,-3.8,0.568,1.67,16.0,0.309,0.706,0.5,13.043,13.0,0.521,0.576,1.0,0.962,20.65,103.25,86.04,115.0,0.498
0022400986,1610612754,Indiana,Pacers,IND,pacers,265:00,584.1,116.8,565.2,113.0,18.9,3.8,0.583,1.4,17.9,0.294,0.691,0.5,17.699,17.7,0.582,0.616,1.0,0.992,20.65,103.25,86.04,113.0,0.502
0022400978,1610612751,Brooklyn,Nets,BKN,nets,240:00,610.0,122.0,564.4,112.9,45.6,9.1,0.767,1.94,21.9,0.367,0.673,0.52,17.0,17.0,0.572,0.609,1.0,0.975,20.1,100.5,83.75,100.0,0.511
0022400978,1610612737,Atlanta,Hawks,ATL,hawks,240:00,564.4,112.9,610.0,122.0,-45.6,-9.1,0.643,1.93,19.0,0.327,0.633,0.48,13.861,13.9,0.528,0.567,1.0,0.991,20.1,100.5,83.75,101.0,0.489
0022400976,1610612742,Dallas,Mavericks,DAL,mavericks,240:00,601.0,120.2,625.0,125.0,-24.0,-4.8,0.565,1.73,18.2,0.289,0.766,0.533,14.423,14.4,0.586,0.624,1.0,0.983,20.8,104.0,86.67,104.0,0.488
0022400976,1610612755,Philadelphia,76ers,PHI,sixers,240:00,625.0,125.0,601.0,120.2,24.0,4.8,0.438,1.91,15.4,0.234,0.711,0.467,10.577,10.6,0.598,0.634,1.0,0.983,20.8,104.0,86.67,104.0,0.512
0022400977,1610612747,Los Angeles,Lakers,LAL,lakers,240:00,569.1,113.8,505.3,101.1,63.9,12.8,0.629,2.2,17.3,0.22,0.673,0.457,10.638,10.6,0.519,0.563,1.0,0.971,18.9,94.5,78.75,94.0,0.556
0022400977,1610612756,Phoenix,Suns,PHX,suns,240:00,505.3,101.1,569.1,113.8,-63.9,-12.8,0.714,1.79,18.1,0.327,0.78,0.543,14.737,14.7,0.444,0.489,1.0,0.982,18.9,94.5,78.75,95.0,0.444
0022400979,1610612739,Cleveland,Cavaliers,CLE,cavaliers,240:00,515.0,103.0,534.7,106.9,-19.7,-3.9,0.525,1.5,14.9,0.345,0.66,0.491,14.0,14.0,0.469,0.491,1.0,0.992,20.1,100.5,83.75,100.0,0.446
0022400979,1610612753,Orlando,Magic,ORL,magic,240:00,534.7,106.9,515.0,103.0,19.7,3.9,0.618,1.17,15.1,0.34,0.655,0.509,17.822,17.8,0.5,0.563,1.0,0.949,20.1,100.5,83.75,101.0,0.554
0022400538,1610612746,LA,Clippers,LAC,clippers,240:00,621.2,124.2,444.4,88.9,176.8,35.4,0.667,2.73,20.5,0.34,0.789,0.579,11.111,11.1,0.554,0.596,1.0,0.974,19.8,99.0,82.5,99.0,0.656
0022400538,1610612766,Charlotte,Hornets,CHA,hornets,240:00,444.4,88.9,621.2,124.2,-176.8,-35.4,0.73,2.45,19.6,0.211,0.66,0.421,11.111,11.1,0.426,0.449,1.0,0.982,19.8,99.0,82.5,99.0,0.344
0022400982,1610612749,Milwaukee,Bucks,MIL,bucks,240:00,541.2,108.2,617.3,123.5,-76.1,-15.2,0.636,2.33,16.2,0.218,0.689,0.43,9.278,9.3,0.476,0.538,1.0,0.982,19.5,97.5,81.25,97.0,0.388
0022400982,1610612760,Oklahoma City,Thunder,OKC,thunder,240:00,617.3,123.5,541.2,108.2,76.1,15.2,0.652,3.0,21.1,0.311,0.782,0.57,10.204,10.2,0.573,0.605,1.0,0.964,19.5,97.5,81.25,98.0,0.613
0022400981,1610612750,Minnesota,Timberwolves,MIN,timberwolves,240:00,621.4,124.3,500.0,100.0,121.4,24.3,0.625,3.0,19.7,0.358,0.679,0.519,9.709,9.7,0.567,0.59,1.0,0.967,20.5,102.5,85.42,103.0,0.649
0022400981,1610612762,Utah,Jazz,UTA,jazz,240:00,500.0,100.0,621.4,124.3,-121.4,-24.3,0.59,1.05,16.2,0.321,0.642,0.481,21.569,21.6,0.5,0.528,1.0,0.992,20.5,102.5,85.42,102.0,0.351
0022400980,1610612757,Portland,Trail Blazers,POR,blazers,240:00,530.3,106.1,520.4,104.1,9.9,2.0,0.583,0.95,14.8,0.415,0.586,0.505,22.222,22.2,0.511,0.547,1.0,0.959,19.7,98.5,82.08,99.0,0.511
0022400980,1610612761,Toronto,Raptors,TOR,raptors,240:00,520.4,104.1,530.3,106.1,-9.9,-2.0,0.763,1.61,19.2,0.414,0.585,0.495,18.367,18.4,0.457,0.496,1.0,0.992,19.7,98.5,82.08,98.0,0.489
0022400971,1610612763,Memphis,Grizzlies,MEM,grizzlies,240:00,644.3,128.9,464.3,92.9,180.0,36.0,0.608,2.82,22.3,0.262,0.782,0.557,11.34,11.3,0.62,0.642,1.0,0.981,19.5,97.5,81.25,97.0,0.674
0022400971,1610612748,Miami,Heat,MIA,heat,240:00,464.3,92.9,644.3,128.9,-180.0,-36.0,0.686,1.71,18.0,0.218,0.738,0.443,14.286,14.3,0.449,0.481,1.0,0.991,19.5,97.5,81.25,98.0,0.326
0022400974,1610612744,Golden State,Warriors,GSW,warriors,240:00,521.5,104.3,500.0,100.0,21.5,4.3,0.758,2.27,19.2,0.231,0.72,0.471,11.828,11.8,0.476,0.523,1.0,0.971,18.7,93.5,77.92,93.0,0.522
0022400974,1610612752,New York,Knicks,NYK,knicks,240:00,500.0,100.0,521.5,104.3,-21.5,-4.3,0.541,1.54,15.6,0.28,0.769,0.529,13.83,13.8,0.483,0.512,1.0,0.972,18.7,93.5,77.92,94.0,0.478
0022400968,1610612751,Brooklyn,Nets,BKN,nets,240:00,657.0,131.4,676.5,135.3,-19.5,-3.9,0.81,3.78,24.1,0.449,0.667,0.553,10.465,10.5,0.578,0.59,1.0,0.981,17.1,85.5,71.25,86.0,0.477
0022400968,1610612738,Boston,Celtics,BOS,celtics,240:00,676.5,135.3,657.0,131.4,19.5,3.9,0.659,3.63,22.7,0.333,0.551,0.447,9.412,9.4,0.601,0.623,1.0,0.99,17.1,85.5,71.25,85.0,0.523
0022400975,1610612743,Denver,Nuggets,DEN,nuggets,240:00,580.2,116.0,605.8,121.2,-25.6,-5.1,0.833,2.22,24.7,0.327,0.68,0.505,16.981,17.0,0.568,0.6,1.0,0.959,21.0,105.0,87.5,106.0,0.507
0022400975,1610612764,Washington,Wizards,WAS,wizards,240:00,605.8,121.2,580.2,116.0,25.6,5.1,0.739,2.0,22.1,0.32,0.673,0.495,16.346,16.3,0.584,0.615,1.0,1.0,21.0,105.0,87.5,104.0,0.493
0022400973,1610612759,San Antonio,Spurs,SAS,spurs,240:00,595.0,119.0,575.0,115.0,20.0,4.0,0.667,2.6,19.1,0.196,0.63,0.402,10.0,10.0,0.56,0.604,1.0,0.991,20.0,100.0,83.33,100.0,0.492
0022400973,1610612740,New Orleans,Pelicans,NOP,pelicans,240:00,575.0,115.0,595.0,119.0,-20.0,-4.0,0.739,1.89,22.5,0.37,0.804,0.598,18.0,18.0,0.565,0.594,1.0,0.957,20.0,100.0,83.33,100.0,0.508
0022400969,1610612765,Detroit,Pistons,DET,pistons,240:00,514.4,102.9,538.1,107.6,-23.7,-4.7,0.69,1.71,20.6,0.167,0.723,0.442,16.346,16.3,0.557,0.571,1.0,0.991,20.9,104.5,87.08,104.0,0.496
0022400969,1610612760,Oklahoma City,Thunder,OKC,thunder,240:00,538.1,107.6,514.4,102.9,23.7,4.7,0.395,0.94,12.6,0.277,0.833,0.558,17.143,17.1,0.539,0.573,1.0,0.966,20.9,104.5,87.08,105.0,0.504
0022400970,1610612745,Houston,Rockets,HOU,rockets,240:00,568.0,113.6,558.8,111.8,9.1,1.8,0.545,1.71,16.0,0.407,0.804,0.591,13.592,13.6,0.52,0.535,1.0,0.968,20.5,102.5,85.42,103.0,0.508
0022400970,1610612741,Chicago,Bulls,CHI,bulls,240:00,558.8,111.8,568.0,113.6,-9.1,-1.8,0.558,2.18,17.6,0.196,0.593,0.409,10.784,10.8,0.538,0.57,1.0,0.982,20.5,102.5,85.42,102.0,0.492
0022400972,1610612749,Milwaukee,Bucks,MIL,bucks,240:00,623.8,124.8,595.0,119.0,28.8,5.8,0.651,1.65,20.4,0.222,0.736,0.528,16.832,16.8,0.639,0.697,1.0,0.954,20.1,100.5,83.75,101.0,0.563
0022400972,1610612754,Indiana,Pacers,IND,pacers,240:00,595.0,119.0,623.8,124.8,-28.8,-5.8,0.63,2.42,20.3,0.264,0.778,0.472,12.0,12.0,0.568,0.585,1.0,0.982,20.1,100.5,83.75,100.0,0.437
0022400963,1610612750,Minnesota,Timberwolves,MIN,timberwolves,240:00,584.2,116.8,560.6,112.1,23.6,4.7,0.619,1.63,18.7,0.3,0.82,0.589,15.842,15.8,0.613,0.639,1.0,0.956,20.0,100.0,83.33,101.0,0.577
0022400963,1610612753,Orlando,Magic,ORL,magic,240:00,560.6,112.1,584.2,116.8,-23.6,-4.7,0.45,1.64,14.3,0.18,0.7,0.411,11.111,11.1,0.517,0.562,1.0,1.0,20.0,100.0,83.33,99.0,0.423
0022400961,1610612745,Houston,Rockets,HOU,rockets,240:00,652.0,130.4,466.0,93.2,185.9,37.2,0.5,2.45,18.2,0.373,0.895,0.648,10.784,10.8,0.586,0.603,1.0,0.983,20.5,102.5,85.42,102.0,0.675
0022400961,1610612742,Dallas,Mavericks,DAL,mavericks,240:00,466.0,93.2,652.0,130.4,-185.9,-37.2,0.359,1.75,11.4,0.105,0.627,0.352,7.767,7.8,0.457,0.483,1.0,0.963,20.5,102.5,85.42,103.0,0.325
0022400965,1610612743,Denver,Nuggets,DEN,nuggets,240:00,635.9,127.2,623.8,124.8,12.2,2.4,0.682,2.5,20.3,0.326,0.632,0.495,11.65,11.7,0.594,0.644,1.0,0.966,20.4,102.0,85.0,103.0,0.532
0022400965,1610612747,Los Angeles,Lakers,LAL,lakers,240:00,623.8,124.8,635.9,127.2,-12.2,-2.4,0.653,3.56,20.8,0.368,0.674,0.505,8.911,8.9,0.538,0.562,1.0,0.984,20.4,102.0,85.0,101.0,0.468
0022400967,1610612756,Phoenix,Suns,PHX,suns,240:00,648.9,129.8,552.1,110.4,96.9,19.4,0.805,2.36,24.3,0.231,0.643,0.444,14.894,14.9,0.671,0.698,1.0,0.961,19.0,95.0,79.17,94.0,0.582
0022400967,1610612758,Sacramento,Kings,SAC,kings,240:00,552.1,110.4,648.9,129.8,-96.9,-19.4,0.625,1.32,18.4,0.357,0.769,0.556,19.792,19.8,0.543,0.59,1.0,0.973,19.0,95.0,79.17,96.0,0.418
0022400959,1610612755,Philadelphia,76ers,PHI,sixers,240:00,531.9,106.4,595.7,119.1,-63.8,-12.8,0.351,0.81,10.7,0.3,0.694,0.495,17.021,17.0,0.518,0.545,1.0,0.963,18.8,94.0,78.33,94.0,0.399
0022400959,1610612754,Indiana,Pacers,IND,pacers,240:00,595.7,119.1,531.9,106.4,63.8,12.8,0.705,2.82,22.1,0.306,0.7,0.505,11.702,11.7,0.551,0.578,1.0,0.972,18.8,94.0,78.33,94.0,0.601
0022400960,1610612737,Atlanta,Hawks,ATL,hawks,240:00,490.0,98.0,611.1,122.2,-121.1,-24.2,0.676,1.39,17.6,0.327,0.762,0.521,18.0,18.0,0.472,0.513,1.0,0.974,19.9,99.5,82.92,100.0,0.392
0022400960,1610612746,LA,Clippers,LAC,clippers,240:00,611.1,122.2,490.0,98.0,121.1,24.2,0.574,1.93,19.9,0.238,0.673,0.479,14.141,14.1,0.616,0.638,1.0,0.982,19.9,99.5,82.92,99.0,0.608
0022400964,1610612759,San Antonio,Spurs,SAS,spurs,240:00,683.7,136.7,732.3,146.5,-48.6,-9.7,0.563,1.93,18.8,0.408,0.528,0.459,14.286,14.3,0.616,0.64,1.0,0.991,19.7,98.5,82.08,98.0,0.445
0022400964,1610612766,Charlotte,Hornets,CHA,hornets,240:00,732.3,146.5,683.7,136.7,48.6,9.7,0.824,2.1,26.8,0.472,0.592,0.541,20.202,20.2,0.753,0.777,1.0,0.974,19.7,98.5,82.08,99.0,0.555
0022400962,1610612763,Memphis,Grizzlies,MEM,grizzlies,240:00,568.8,113.8,604.5,120.9,-35.7,-7.1,0.521,1.79,17.1,0.24,0.776,0.505,12.844,12.8,0.552,0.584,1.0,0.992,21.9,109.5,91.25,109.0,0.455
0022400962,1610612739,Cleveland,Cavaliers,CLE,cavaliers,240:00,604.5,120.9,568.8,113.8,35.7,7.1,0.727,2.0,20.9,0.224,0.76,0.495,14.545,14.5,0.608,0.649,1.0,0.967,21.9,109.5,91.25,110.0,0.545
0022400958,1610612748,Miami,Heat,MIA,heat,240:00,494.6,98.9,559.8,112.0,-65.2,-13.0,0.529,1.0,15.0,0.233,0.702,0.478,19.565,19.6,0.54,0.552,1.0,0.971,18.4,92.0,76.67,92.0,0.47
0022400958,1610612738,Boston,Celtics,BOS,celtics,240:00,559.8,112.0,494.6,98.9,65.2,13.0,0.5,1.2,14.5,0.298,0.767,0.522,16.304,16.3,0.548,0.58,1.0,0.972,18.4,92.0,76.67,92.0,0.53
0022400966,1610612762,Utah,Jazz,UTA,jazz,240:00,526.8,105.4,552.6,110.5,-25.8,-5.2,0.59,1.35,16.2,0.14,0.735,0.434,15.179,15.2,0.528,0.575,1.0,0.992,22.6,113.0,94.17,112.0,0.431
0022400966,1610612761,Toronto,Raptors,TOR,raptors,240:00,552.6,110.5,526.8,105.4,25.8,5.2,0.636,1.87,18.2,0.265,0.86,0.566,13.158,13.2,0.549,0.592,1.0,0.976,22.6,113.0,94.17,114.0,0.569
0022400956,1610612741,Chicago,Bulls,CHI,bulls,240:00,597.9,119.6,567.0,113.4,30.9,6.2,0.585,3.0,17.8,0.275,0.636,0.462,8.247,8.2,0.517,0.572,1.0,0.982,19.4,97.0,80.83,97.0,0.531
0022400956,1610612751,Brooklyn,Nets,BKN,nets,240:00,567.0,113.4,597.9,119.6,-30.9,-6.2,0.744,3.56,21.5,0.364,0.725,0.538,9.278,9.3,0.505,0.529,1.0,0.974,19.4,97.0,80.83,97.0,0.469
0022401141,1610612740,New Orleans,Pelicans,NOP,pelicans,240:00,511.0,102.2,620.9,124.2,-109.9,-22.0,0.657,1.77,18.3,0.267,0.69,0.471,14.286,14.3,0.487,0.527,1.0,0.971,18.2,91.0,75.83,91.0,0.417
0022401141,1610612753,Orlando,Magic,ORL,magic,240:00,620.9,124.2,511.0,102.2,109.9,22.0,0.581,2.27,19.4,0.31,0.733,0.529,12.088,12.1,0.596,0.621,1.0,0.952,18.2,91.0,75.83,91.0,0.583
0022400955,1610612749,Milwaukee,Bucks,MIL,bucks,240:00,611.7,122.3,519.6,103.9,92.0,18.4,0.732,2.5,20.8,0.224,0.846,0.545,11.65,11.7,0.576,0.627,1.0,0.965,20.5,102.5,85.42,103.0,0.632
0022400955,1610612747,Los Angeles,Lakers,LAL,lakers,240:00,519.6,103.9,611.7,122.3,-92.0,-18.4,0.474,1.29,14.1,0.154,0.776,0.455,13.725,13.7,0.523,0.558,1.0,0.982,20.5,102.5,85.42,102.0,0.368
0022400957,1610612744,Golden State,Warriors,GSW,warriors,240:00,670.1,134.0,525.3,105.1,144.9,29.0,0.778,2.19,24.8,0.257,0.822,0.575,16.495,16.5,0.718,0.734,1.0,0.972,19.6,98.0,81.67,97.0,0.614
0022400957,1610612758,Sacramento,Kings,SAC,kings,240:00,525.3,105.1,670.1,134.0,-144.9,-29.0,0.676,1.67,18.9,0.178,0.743,0.425,15.152,15.2,0.557,0.586,1.0,0.953,19.6,98.0,81.67,99.0,0.386
0022400954,1610612765,Detroit,Pistons,DET,pistons,240:00,578.7,115.7,591.7,118.3,-13.0,-2.6,0.59,1.92,16.2,0.22,0.755,0.485,11.111,11.1,0.518,0.601,1.0,0.966,21.7,108.5,90.42,108.0,0.48
0022400954,1610612764,Washington,Wizards,WAS,wizards,240:00,591.7,118.3,578.7,115.7,13.0,2.6,0.698,1.88,19.9,0.245,0.78,0.515,14.679,14.7,0.589,0.633,1.0,0.959,21.7,108.5,90.42,109.0,0.52
0022400950,1610612763,Memphis,Grizzlies,MEM,grizzlies,240:00,575.5,115.1,532.4,106.5,43.1,8.6,0.698,3.33,21.1,0.111,0.636,0.376,8.491,8.5,0.564,0.591,1.0,1.0,21.4,107.0,89.17,106.0,0.538
0022400950,1610612762,Utah,Jazz,UTA,jazz,240:00,532.4,106.5,575.5,115.1,-43.1,-8.6,0.571,1.04,15.8,0.364,0.889,0.624,21.296,21.3,0.533,0.562,1.0,0.969,21.4,107.0,89.17,108.0,0.462
0022400952,1610612743,Denver,Nuggets,DEN,nuggets,240:00,494.8,99.0,605.3,121.1,-110.5,-22.1,0.556,2.0,15.3,0.273,0.625,0.437,10.417,10.4,0.444,0.481,1.0,0.973,19.1,95.5,79.58,96.0,0.4
0022400952,1610612750,Minnesota,Timberwolves,MIN,timberwolves,240:00,605.3,121.1,494.8,99.0,110.5,22.1,0.721,2.07,21.5,0.375,0.727,0.563,15.789,15.8,0.572,0.593,1.0,0.991,19.1,95.5,79.58,95.0,0.6
0022400945,1610612737,Atlanta,Hawks,ATL,hawks,240:00,585.7,117.1,518.9,103.8,66.8,13.4,0.703,1.86,17.8,0.278,0.68,0.471,13.333,13.3,0.5,0.585,1.0,0.983,21.1,105.5,87.92,105.0,0.544
0022400945,1610612766,Charlotte,Hornets,CHA,hornets,240:00,518.9,103.8,585.7,117.1,-66.8,-13.4,0.725,1.38,19.2,0.32,0.722,0.529,19.811,19.8,0.534,0.573,1.0,0.967,21.1,105.5,87.92,106.0,0.456
0022400948,1610612748,Miami,Heat,MIA,heat,240:00,559.1,111.8,646.7,129.3,-87.6,-17.5,0.675,2.45,20.6,0.239,0.629,0.407,11.828,11.8,0.56,0.577,1.0,0.962,18.5,92.5,77.08,93.0,0.437
0022400948,1610612746,LA,Clippers,LAC,clippers,240:00,646.7,129.3,559.1,111.8,87.6,17.5,0.533,1.33,18.6,0.371,0.761,0.593,19.565,19.6,0.678,0.687,1.0,0.971,18.5,92.5,77.08,92.0,0.563
0022400947,1610612761,Toronto,Raptors,TOR,raptors,240:00,567.3,113.5,504.8,101.0,62.5,12.5,0.75,1.5,20.1,0.458,0.759,0.607,21.154,21.2,0.52,0.547,1.0,0.969,20.8,104.0,86.67,104.0,0.561
0022400947,1610612755,Philadelphia,76ers,PHI,sixers,240:00,504.8,101.0,567.3,113.5,-62.5,-12.5,0.463,2.11,13.9,0.241,0.542,0.393,8.654,8.7,0.464,0.497,1.0,0.983,20.8,104.0,86.67,104.0,0.439
0022400946,1610612738,Boston,Celtics,BOS,celtics,240:00,583.3,116.7,608.2,121.6,-24.9,-5.0,0.61,1.92,18.1,0.321,0.686,0.5,13.542,13.5,0.543,0.564,1.0,0.991,19.3,96.5,80.42,96.0,0.466
0022400946,1610612760,Oklahoma City,Thunder,OKC,thunder,240:00,608.2,121.6,583.3,116.7,24.9,5.0,0.475,1.58,14.4,0.314,0.679,0.5,12.371,12.4,0.567,0.606,1.0,0.973,19.3,96.5,80.42,97.0,0.534
0022400951,1610612759,San Antonio,Spurs,SAS,spurs,240:00,611.7,122.3,574.3,114.9,37.4,7.5,0.64,2.0,21.3,0.378,0.897,0.619,15.534,15.5,0.59,0.624,1.0,0.992,20.4,102.0,85.0,103.0,0.535
0022400951,1610612742,Dallas,Mavericks,DAL,mavericks,240:00,574.3,114.9,611.7,122.3,-37.4,-7.5,0.667,1.67,22.2,0.103,0.622,0.381,17.822,17.8,0.636,0.656,1.0,0.99,20.4,102.0,85.0,101.0,0.465
0022400949,1610612745,Houston,Rockets,HOU,rockets,240:00,584.2,116.8,553.2,110.6,31.0,6.2,0.625,2.78,18.7,0.314,0.829,0.523,9.474,9.5,0.523,0.561,1.0,0.991,18.9,94.5,78.75,95.0,0.501
0022400949,1610612756,Phoenix,Suns,PHX,suns,240:00,553.2,110.6,584.2,116.8,-31.0,-6.2,0.564,1.29,18.0,0.171,0.686,0.477,18.085,18.1,0.603,0.636,1.0,0.98,18.9,94.5,78.75,94.0,0.499
0022400953,1610612757,Portland,Trail Blazers,POR,blazers,265:00,553.9,110.8,548.1,109.6,5.8,1.2,0.5,0.8,13.6,0.455,0.642,0.546,24.51,24.5,0.539,0.559,1.0,0.976,18.66,93.28,77.74,102.0,0.457
0022400953,1610612752,New York,Knicks,NYK,knicks,265:00,548.1,109.6,553.9,110.8,-5.8,-1.2,0.614,1.8,18.1,0.358,0.545,0.454,14.423,14.4,0.532,0.554,1.0,0.975,18.66,93.28,77.74,104.0,0.543
0022400943,1610612740,New Orleans,Pelicans,NOP,pelicans,240:00,648.0,129.6,600.0,120.0,48.0,9.6,0.723,1.79,23.1,0.395,0.735,0.586,19.388,19.4,0.653,0.683,1.0,0.991,19.8,99.0,82.5,98.0,0.533
0022400943,1610612746,LA,Clippers,LAC,clippers,240:00,600.0,120.0,648.0,129.6,-48.0,-9.6,0.739,3.09,23.3,0.265,0.605,0.414,11.0,11.0,0.576,0.6,1.0,0.982,19.8,99.0,82.5,100.0,0.467
0022400940,1610612739,Cleveland,Cavaliers,CLE,cavaliers,240:00,567.7,113.5,547.4,109.5,20.3,4.1,0.59,1.53,16.7,0.392,0.792,0.586,15.625,15.6,0.494,0.545,1.0,0.991,19.1,95.5,79.58,96.0,0.524
0022400940,1610612751,Brooklyn,Nets,BKN,nets,240:00,547.4,109.5,567.7,113.5,-20.3,-4.1,0.795,2.07,22.8,0.208,0.608,0.414,15.789,15.8,0.56,0.577,1.0,0.971,19.1,95.5,79.58,95.0,0.476
0022400942,1610612754,Indiana,Pacers,IND,pacers,240:00,586.7,117.3,575.8,115.2,11.0,2.2,0.682,3.0,22.4,0.13,0.75,0.433,10.204,10.2,0.58,0.606,1.0,0.981,19.7,98.5,82.08,98.0,0.509
0022400942,1610612749,Milwaukee,Bucks,MIL,bucks,240:00,575.8,115.2,586.7,117.3,-11.0,-2.2,0.744,2.13,22.7,0.25,0.87,0.567,15.152,15.2,0.595,0.617,1.0,0.982,19.7,98.5,82.08,99.0,0.491
0022400941,1610612765,Detroit,Pistons,DET,pistons,240:00,597.1,119.4,500.0,100.0,97.1,19.4,0.604,2.42,19.2,0.339,0.759,0.553,11.65,11.7,0.538,0.556,1.0,0.984,20.6,103.0,85.83,103.0,0.598
0022400941,1610612764,Washington,Wizards,WAS,wizards,240:00,500.0,100.0,597.1,119.4,-97.1,-19.4,0.541,1.54,14.6,0.241,0.661,0.447,12.621,12.6,0.473,0.511,1.0,0.974,20.6,103.0,85.83,103.0,0.402
0022400936,1610612760,Oklahoma City,Thunder,OKC,thunder,240:00,641.4,128.3,707.1,141.4,-65.7,-13.1,0.617,2.64,19.7,0.352,0.706,0.489,11.111,11.1,0.565,0.593,1.0,0.975,19.8,99.0,82.5,99.0,0.432
0022400936,1610612743,Denver,Nuggets,DEN,nuggets,240:00,707.1,141.4,641.4,128.3,65.7,13.1,0.615,2.67,22.9,0.294,0.648,0.511,12.121,12.1,0.709,0.738,1.0,0.991,19.8,99.0,82.5,99.0,0.568
0022400933,1610612741,Chicago,Bulls,CHI,bulls,240:00,560.2,112.0,476.9,95.4,83.3,16.7,0.612,1.67,19.7,0.28,0.778,0.558,16.667,16.7,0.561,0.581,1.0,0.984,21.6,108.0,90.0,108.0,0.561
0022400933,1610612754,Indiana,Pacers,IND,pacers,240:00,476.9,95.4,560.2,112.0,-83.3,-16.7,0.75,3.0,19.7,0.222,0.72,0.442,9.259,9.3,0.446,0.471,1.0,0.975,21.6,108.0,90.0,108.0,0.439
0022400937,1610612759,San Antonio,Spurs,SAS,spurs,240:00,658.2,131.6,678.6,135.7,-20.4,-4.1,0.592,3.22,20.3,0.333,0.628,0.473,9.184,9.2,0.612,0.617,1.0,0.982,19.6,98.0,81.67,98.0,0.464
0022400937,1610612742,Dallas,Mavericks,DAL,mavericks,240:00,678.6,135.7,658.2,131.6,20.4,4.1,0.532,2.27,18.2,0.372,0.667,0.527,11.224,11.2,0.602,0.657,1.0,0.991,19.6,98.0,81.67,98.0,0.536
0022400935,1610612763,Memphis,Grizzlies,MEM,grizzlies,240:00,612.2,122.4,596.0,119.2,16.3,3.3,0.65,1.73,18.7,0.333,0.58,0.459,15.306,15.3,0.564,0.613,1.0,0.982,19.7,98.5,82.08,98.0,0.508
0022400935,1610612756,Phoenix,Suns,PHX,suns,240:00,596.0,119.2,612.2,122.4,-16.3,-3.3,0.756,1.94,20.5,0.42,0.667,0.541,16.162,16.2,0.567,0.592,1.0,0.975,19.7,98.5,82.08,99.0,0.492
0022400934,1610612745,Houston,Rockets,HOU,rockets,240:00,521.5,104.3,461.5,92.3,60.0,12.0,0.571,1.0,14.3,0.483,0.754,0.622,21.505,21.5,0.483,0.5,1.0,0.967,18.4,92.0,76.67,93.0,0.575
0022400934,1610612753,Orlando,Magic,ORL,magic,240:00,461.5,92.3,521.5,104.3,-60.0,-12.0,0.536,1.67,12.4,0.246,0.517,0.378,9.89,9.9,0.372,0.435,1.0,0.991,18.4,92.0,76.67,91.0,0.425
0022400928,1610612737,Atlanta,Hawks,ATL,hawks,240:00,647.1,129.4,602.9,120.6,44.1,8.8,0.642,2.27,22.1,0.383,0.783,0.581,14.706,14.7,0.617,0.634,1.0,0.983,20.4,102.0,85.0,102.0,0.54
0022400928,1610612755,Philadelphia,76ers,PHI,sixers,240:00,602.9,120.6,647.1,129.4,-44.1,-8.8,0.63,2.64,20.6,0.217,0.617,0.419,10.784,10.8,0.593,0.616,1.0,0.973,20.4,102.0,85.0,102.0,0.46
0022400930,1610612751,Brooklyn,Nets,BKN,nets,240:00,584.2,116.8,574.5,114.9,9.7,1.9,0.595,3.14,16.2,0.328,0.694,0.495,7.368,7.4,0.511,0.538,1.0,0.974,18.9,94.5,78.75,95.0,0.503
0022400930,1610612747,Los Angeles,Lakers,LAL,lakers,240:00,574.5,114.9,584.2,116.8,-9.7,-1.9,0.838,2.07,22.1,0.306,0.672,0.505,15.957,16.0,0.547,0.578,1.0,0.991,18.9,94.5,78.75,94.0,0.497
0022400932,1610612761,Toronto,Raptors,TOR,raptors,240:00,601.0,120.2,520.0,104.0,81.0,16.2,0.605,2.89,16.4,0.459,0.696,0.573,9.091,9.1,0.468,0.489,1.0,0.985,19.9,99.5,82.92,99.0,0.539
0022400932,1610612764,Washington,Wizards,WAS,wizards,240:00,520.0,104.0,601.0,120.2,-81.0,-16.2,0.658,3.13,17.1,0.304,0.541,0.427,8.0,8.0,0.438,0.466,1.0,0.975,19.9,99.5,82.92,100.0,0.461
0022400938,1610612744,Golden State,Warriors,GSW,warriors,240:00,650.0,130.0,594.1,118.8,55.9,11.2,0.778,1.94,23.5,0.333,0.612,0.484,18.0,18.0,0.653,0.69,1.0,0.982,20.1,100.5,83.75,100.0,0.55
0022400938,1610612757,Portland,Trail Blazers,POR,blazers,240:00,594.1,118.8,650.0,130.0,-55.9,-11.2,0.705,1.63,20.5,0.388,0.667,0.516,18.812,18.8,0.582,0.609,1.0,0.975,20.1,100.5,83.75,101.0,0.45
0022400929,1610612738,Boston,Celtics,BOS,celtics,240:00,575.8,115.2,551.0,110.2,24.7,4.9,0.7,3.11,19.9,0.259,0.717,0.486,9.091,9.1,0.527,0.565,1.0,0.973,19.7,98.5,82.08,99.0,0.542
0022400929,1610612762,Utah,Jazz,UTA,jazz,240:00,551.0,110.2,575.8,115.2,-24.7,-4.9,0.674,2.42,20.4,0.283,0.741,0.514,12.245,12.2,0.521,0.538,1.0,0.991,19.7,98.5,82.08,98.0,0.458
0022400931,1610612748,Miami,Heat,MIA,heat,240:00,536.8,107.4,552.6,110.5,-15.8,-3.2,0.615,1.5,17.6,0.347,0.74,0.545,16.842,16.8,0.518,0.544,1.0,0.982,19.0,95.0,79.17,95.0,0.483
0022400931,1610612766,Charlotte,Hornets,CHA,hornets,240:00,552.6,110.5,536.8,107.4,15.8,3.2,0.722,2.6,19.4,0.26,0.653,0.455,10.526,10.5,0.483,0.546,1.0,0.981,19.0,95.0,79.17,95.0,0.517
0022400939,1610612758,Sacramento,Kings,SAC,kings,240:00,520.0,104.0,665.0,133.0,-145.0,-29.0,0.5,1.0,13.3,0.333,0.65,0.473,18.0,18.0,0.477,0.534,1.0,0.966,20.0,100.0,83.33,100.0,0.341
0022400939,1610612752,New York,Knicks,NYK,knicks,240:00,665.0,133.0,520.0,104.0,145.0,29.0,0.756,2.13,23.0,0.35,0.667,0.527,16.0,16.0,0.667,0.697,1.0,0.974,20.0,100.0,83.33,100.0,0.659
0022400926,1610612757,Portland,Trail Blazers,POR,blazers,240:00,538.5,107.7,566.7,113.3,-28.2,-5.6,0.472,1.31,12.5,0.258,0.708,0.455,12.5,12.5,0.468,0.523,1.0,0.992,20.9,104.5,87.08,104.0,0.389
0022400926,1610612765,Detroit,Pistons,DET,pistons,240:00,566.7,113.3,538.5,107.7,28.2,5.6,0.512,1.57,15.6,0.292,0.742,0.545,13.333,13.3,0.546,0.589,1.0,0.966,20.9,104.5,87.08,105.0,0.611
0022400922,1610612749,Milwaukee,Bucks,MIL,bucks,240:00,505.1,101.0,560.0,112.0,-54.9,-11.0,0.436,0.94,12.6,0.352,0.706,0.524,18.182,18.2,0.478,0.505,1.0,0.992,19.9,99.5,82.92,99.0,0.434
0022400922,1610612739,Cleveland,Cavaliers,CLE,cavaliers,240:00,560.0,112.0,505.1,101.0,54.9,11.0,0.641,1.67,17.9,0.294,0.648,0.476,15.0,15.0,0.551,0.581,1.0,0.974,19.9,99.5,82.92,100.0,0.566
0022400924,1610612755,Philadelphia,76ers,PHI,sixers,240:00,578.0,115.6,559.6,111.9,18.3,3.7,0.628,1.5,17.4,0.352,0.691,0.523,16.514,16.5,0.531,0.589,1.0,0.977,21.8,109.0,90.83,109.0,0.533
0022400924,1610612762,Utah,Jazz,UTA,jazz,240:00,559.6,111.9,578.0,115.6,-18.3,-3.7,0.641,1.39,16.7,0.309,0.648,0.477,16.514,16.5,0.516,0.572,1.0,0.984,21.8,109.0,90.83,109.0,0.467
0022400920,1610612760,Oklahoma City,Thunder,OKC,thunder,240:00,641.4,128.3,520.2,104.0,121.2,24.2,0.543,5.0,18.4,0.24,0.73,0.513,5.051,5.1,0.559,0.605,1.0,0.982,19.8,99.0,82.5,99.0,0.635
0022400920,1610612743,Denver,Nuggets,DEN,nuggets,240:00,520.2,104.0,641.4,128.3,-121.2,-24.2,0.55,2.75,16.1,0.27,0.76,0.487,8.081,8.1,0.474,0.487,1.0,0.983,19.8,99.0,82.5,99.0,0.365
0022400927,1610612746,LA,Clippers,LAC,clippers,265:00,566.3,113.3,550.0,110.0,16.3,3.3,0.535,2.3,18.4,0.089,0.776,0.447,10.204,10.2,0.593,0.603,1.0,0.99,17.93,89.66,74.72,98.0,0.475
0022400927,1610612758,Sacramento,Kings,SAC,kings,265:00,550.0,110.0,566.3,113.3,-16.3,-3.3,0.675,3.38,19.6,0.224,0.911,0.553,8.0,8.0,0.511,0.561,1.0,0.964,17.93,89.66,74.72,100.0,0.525
0022400925,1610612750,Minnesota,Timberwolves,MIN,timberwolves,240:00,712.1,142.4,626.3,125.3,85.9,17.2,0.717,2.92,24.5,0.419,0.725,0.566,13.131,13.1,0.668,0.694,1.0,0.974,19.8,99.0,82.5,99.0,0.554
0022400925,1610612759,San Antonio,Spurs,SAS,spurs,240:00,626.3,125.3,712.1,142.4,-85.9,-17.2,0.553,2.17,19.1,0.275,0.581,0.434,12.121,12.1,0.618,0.649,1.0,0.982,19.8,99.0,82.5,99.0,0.446
0022400921,1610612742,Dallas,Mavericks,DAL,mavericks,240:00,585.9,117.2,631.3,126.3,-45.5,-9.1,0.674,4.14,21.8,0.109,0.75,0.39,7.071,7.1,0.585,0.61,1.0,0.962,19.8,99.0,82.5,99.0,0.438
0022400921,1610612756,Phoenix,Suns,PHX,suns,240:00,631.3,126.3,585.9,117.2,45.5,9.1,0.673,2.54,23.4,0.25,0.891,0.61,13.131,13.1,0.643,0.68,1.0,0.954,19.8,99.0,82.5,99.0,0.562
0022400923,1610612740,New Orleans,Pelicans,NOP,pelicans,240:00,541.7,108.3,569.1,113.8,-27.5,-5.5,0.686,1.71,17.6,0.321,0.525,0.429,14.583,14.6,0.488,0.537,1.0,0.982,19.0,95.0,79.17,96.0,0.487
0022400923,1610612763,Memphis,Grizzlies,MEM,grizzlies,240:00,569.1,113.8,541.7,108.3,27.5,5.5,0.585,1.71,16.6,0.475,0.679,0.571,14.894,14.9,0.48,0.498,1.0,0.983,19.0,95.0,79.17,94.0,0.513
0022400918,1610612738,Boston,Celtics,BOS,celtics,240:00,590.4,118.1,531.6,106.3,58.8,11.8,0.6,2.4,18.6,0.245,0.725,0.49,10.638,10.6,0.554,0.584,1.0,0.99,18.9,94.5,78.75,94.0,0.577
0022400918,1610612747,Los Angeles,Lakers,LAL,lakers,240:00,531.6,106.3,590.4,118.1,-58.8,-11.8,0.462,1.29,14.2,0.275,0.755,0.51,14.737,14.7,0.529,0.542,1.0,0.954,18.9,94.5,78.75,95.0,0.423
0022400917,1610612749,Milwaukee,Bucks,MIL,bucks,240:00,573.7,114.7,584.2,116.8,-10.5,-2.1,0.415,1.31,14.4,0.158,0.833,0.513,13.684,13.7,0.62,0.64,1.0,0.96,19.0,95.0,79.17,95.0,0.524
0022400917,1610612753,Orlando,Magic,ORL,magic,240:00,584.2,116.8,573.7,114.7,10.5,2.1,0.452,1.9,15.7,0.167,0.842,0.488,10.526,10.5,0.585,0.614,1.0,0.971,19.0,95.0,79.17,95.0,0.476
0022400913,1610612745,Houston,Rockets,HOU,rockets,240:00,722.8,144.6,573.5,114.7,149.2,29.8,0.582,2.91,20.9,0.435,0.618,0.535,10.891,10.9,0.641,0.674,1.0,0.983,20.3,101.5,84.58,101.0,0.616
0022400913,1610612740,New Orleans,Pelicans,NOP,pelicans,240:00,573.5,114.7,722.8,144.6,-149.2,-29.8,0.604,2.07,19.1,0.382,0.565,0.465,13.725,13.7,0.545,0.552,1.0,0.967,20.3,101.5,84.58,102.0,0.384
0022400915,1610612761,Toronto,Raptors,TOR,raptors,240:00,573.5,114.7,584.2,116.8,-10.6,-2.1,0.6,1.6,15.9,0.439,0.542,0.491,14.706,14.7,0.474,0.541,1.0,0.976,20.3,101.5,84.58,102.0,0.494
0022400915,1610612764,Washington,Wizards,WAS,wizards,240:00,584.2,116.8,573.5,114.7,10.6,2.1,0.659,1.81,18.5,0.458,0.561,0.509,15.842,15.8,0.505,0.536,1.0,0.984,20.3,101.5,84.58,101.0,0.506
0022400919,1610612744,Golden State,Warriors,GSW,warriors,240:00,542.5,108.5,523.8,104.8,18.6,3.7,0.743,1.37,17.4,0.327,0.717,0.524,17.925,17.9,0.488,0.564,1.0,0.959,21.1,105.5,87.92,106.0,0.554
0022400919,1610612765,Detroit,Pistons,DET,pistons,240:00,523.8,104.8,542.5,108.5,-18.6,-3.7,0.436,0.85,12.4,0.283,0.673,0.476,19.048,19.0,0.488,0.545,1.0,0.992,21.1,105.5,87.92,105.0,0.446
0022400914,1610612737,Atlanta,Hawks,ATL,hawks,240:00,594.1,118.8,578.4,115.7,15.6,3.1,0.511,1.35,15.6,0.434,0.6,0.519,16.832,16.8,0.515,0.565,1.0,0.984,20.3,101.5,84.58,101.0,0.511
0022400914,1610612754,Indiana,Pacers,IND,pacers,240:00,578.4,115.7,594.1,118.8,-15.6,-3.1,0.707,1.81,19.0,0.4,0.566,0.481,15.686,15.7,0.489,0.55,1.0,0.968,20.3,101.5,84.58,102.0,0.489
0022400912,1610612766,Charlotte,Hornets,CHA,hornets,240:00,610.5,122.1,579.5,115.9,30.9,6.2,0.625,2.5,18.0,0.475,0.667,0.558,11.628,11.6,0.464,0.5,1.0,1.0,17.4,87.0,72.5,86.0,0.511
0022400912,1610612751,Brooklyn,Nets,BKN,nets,240:00,579.5,115.9,610.5,122.1,-30.9,-6.2,0.526,1.54,16.3,0.333,0.525,0.442,14.773,14.8,0.549,0.576,1.0,0.942,17.4,87.0,72.5,88.0,0.489
0022400916,1610612748,Miami,Heat,MIA,heat,240:00,519.0,103.8,542.9,108.6,-23.8,-4.8,0.61,2.78,17.9,0.169,0.88,0.495,8.571,8.6,0.49,0.517,1.0,0.991,21.0,105.0,87.5,105.0,0.442
0022400916,1610612741,Chicago,Bulls,CHI,bulls,240:00,542.9,108.6,519.0,103.8,23.8,4.8,0.675,2.7,19.6,0.12,0.831,0.505,9.524,9.5,0.517,0.573,1.0,0.982,21.0,105.0,87.5,105.0,0.558
0022400909,1610612743,Denver,Nuggets,DEN,nuggets,265:00,683.5,136.7,646.8,129.4,36.7,7.3,0.789,5.0,27.6,0.209,0.786,0.494,8.257,8.3,0.696,0.71,1.0,0.966,19.74,98.72,82.26,109.0,0.533
0022400909,1610612756,Phoenix,Suns,PHX,suns,265:00,646.8,129.4,683.5,136.7,-36.7,-7.3,0.706,2.77,23.4,0.214,0.791,0.506,11.927,11.9,0.648,0.679,1.0,0.958,19.74,98.72,82.26,109.0,0.467
0022400906,1610612742,Dallas,Mavericks,DAL,mavericks,240:00,528.6,105.7,581.0,116.2,-52.4,-10.5,0.649,2.0,16.6,0.271,0.614,0.44,11.429,11.4,0.464,0.521,1.0,0.983,21.0,105.0,87.5,105.0,0.439
0022400906,1610612763,Memphis,Grizzlies,MEM,grizzlies,240:00,581.0,116.2,528.6,105.7,52.4,10.5,0.56,2.55,18.1,0.386,0.729,0.56,10.476,10.5,0.509,0.54,1.0,0.976,21.0,105.0,87.5,105.0,0.561
0022400904,1610612766,Charlotte,Hornets,CHA,hornets,240:00,573.5,114.7,578.4,115.7,-4.9,-1.0,0.659,2.42,20.3,0.269,0.766,0.505,11.765,11.8,0.549,0.578,1.0,1.0,20.4,102.0,85.0,102.0,0.49
0022400904,1610612739,Cleveland,Cavaliers,CLE,cavaliers,240:00,578.4,115.7,573.5,114.7,4.9,1.0,0.5,1.14,12.4,0.234,0.731,0.495,13.725,13.7,0.493,0.599,1.0,0.982,20.4,102.0,85.0,102.0,0.51
0022400910,1610612758,Sacramento,Kings,SAC,kings,240:00,668.4,133.7,579.8,116.0,88.6,17.7,0.633,3.88,21.4,0.388,0.774,0.588,8.421,8.4,0.599,0.608,1.0,0.982,18.9,94.5,78.75,95.0,0.581
0022400910,1610612759,San Antonio,Spurs,SAS,spurs,240:00,579.8,116.0,668.4,133.7,-88.6,-17.7,0.675,3.38,20.3,0.226,0.612,0.412,8.511,8.5,0.552,0.561,1.0,0.981,18.9,94.5,78.75,94.0,0.419
0022400911,1610612746,LA,Clippers,LAC,clippers,240:00,535.7,107.1,484.7,96.9,51.0,10.2,0.622,1.92,17.2,0.241,0.684,0.468,12.245,12.2,0.506,0.545,1.0,0.982,19.6,98.0,81.67,98.0,0.534
0022400911,1610612752,New York,Knicks,NYK,knicks,240:00,484.7,96.9,535.7,107.1,-51.0,-10.2,0.714,1.67,17.7,0.316,0.759,0.532,15.306,15.3,0.434,0.48,1.0,0.983,19.6,98.0,81.67,98.0,0.466
0022400905,1610612761,Toronto,Raptors,TOR,raptors,240:00,572.8,114.6,519.0,103.8,53.8,10.8,0.675,2.7,17.4,0.379,0.528,0.445,9.709,9.7,0.452,0.507,1.0,0.984,20.8,104.0,86.67,103.0,0.523
0022400905,1610612762,Utah,Jazz,UTA,jazz,240:00,519.0,103.8,572.8,114.6,-53.8,-10.8,0.538,0.84,13.9,0.472,0.621,0.555,23.81,23.8,0.512,0.539,1.0,0.969,20.8,104.0,86.67,105.0,0.477
0022400907,1610612748,Miami,Heat,MIA,heat,240:00,547.4,109.5,563.8,112.8,-16.5,-3.3,0.707,3.22,21.6,0.2,0.791,0.473,9.474,9.5,0.539,0.554,1.0,0.971,18.9,94.5,78.75,95.0,0.483
0022400907,1610612750,Minnesota,Timberwolves,MIN,timberwolves,240:00,563.8,112.8,547.4,109.5,16.5,3.3,0.7,2.0,21.4,0.209,0.8,0.527,14.894,14.9,0.605,0.608,1.0,0.981,18.9,94.5,78.75,94.0,0.517
0022400908,1610612760,Oklahoma City,Thunder,OKC,thunder,240:00,524.5,104.9,432.0,86.4,92.5,18.5,0.641,1.92,18.9,0.111,0.714,0.463,12.745,12.7,0.548,0.585,1.0,0.963,20.5,102.5,85.42,102.0,0.659
0022400908,1610612757,Portland,Trail Blazers,POR,blazers,240:00,432.0,86.4,524.5,104.9,-92.5,-18.5,0.455,0.88,11.0,0.286,0.889,0.537,16.505,16.5,0.389,0.432,1.0,0.975,20.5,102.5,85.42,103.0,0.341
0022400899,1610612737,Atlanta,Hawks,ATL,hawks,240:00,620.0,124.0,596.0,119.2,24.0,4.8,0.64,3.56,21.9,0.298,0.766,0.532,9.0,9.0,0.585,0.608,1.0,0.965,19.9,99.5,82.92,100.0,0.531
0022400899,1610612754,Indiana,Pacers,IND,pacers,240:00,596.0,119.2,620.0,124.0,-24.0,-4.8,0.614,2.45,19.7,0.234,0.702,0.468,11.111,11.1,0.56,0.599,1.0,0.991,19.9,99.5,82.92,99.0,0.469
0022400903,1610612747,Los Angeles,Lakers,LAL,lakers,265:00,543.3,108.7,514.2,102.8,29.1,5.8,0.658,1.47,17.1,0.333,0.672,0.518,16.346,16.3,0.506,0.558,1.0,0.983,19.02,95.09,79.25,104.0,0.533
0022400903,1610612752,New York,Knicks,NYK,knicks,265:00,514.2,102.8,543.3,108.7,-29.1,-5.8,0.541,1.25,13.7,0.328,0.667,0.482,15.094,15.1,0.447,0.504,1.0,0.952,19.02,95.09,79.25,106.0,0.467
0022400901,1610612751,Brooklyn,Nets,BKN,nets,240:00,613.4,122.7,630.2,126.0,-16.8,-3.4,0.682,2.5,21.7,0.279,0.581,0.43,12.371,12.4,0.592,0.627,1.0,0.981,19.3,96.5,80.42,97.0,0.482
0022400901,1610612744,Golden State,Warriors,GSW,warriors,240:00,630.2,126.0,613.4,122.7,16.8,3.4,0.775,1.82,21.4,0.419,0.721,0.57,17.708,17.7,0.561,0.63,1.0,0.982,19.3,96.5,80.42,96.0,0.518
0022400900,1610612738,Boston,Celtics,BOS,celtics,240:00,661.3,132.3,564.5,112.9,96.8,19.4,0.696,2.91,22.5,0.378,0.564,0.48,11.828,11.8,0.61,0.636,1.0,0.973,18.6,93.0,77.5,93.0,0.591
0022400900,1610612755,Philadelphia,76ers,PHI,sixers,240:00,564.5,112.9,661.3,132.3,-96.8,-19.4,0.725,1.81,20.1,0.436,0.622,0.52,17.204,17.2,0.5,0.524,1.0,0.991,18.6,93.0,77.5,93.0,0.409
0022400944,1610612753,Orlando,Magic,ORL,magic,240:00,597.1,119.4,612.7,122.5,-15.7,-3.1,0.65,2.17,18.1,0.294,0.622,0.448,11.65,11.7,0.511,0.588,1.0,0.975,20.5,102.5,85.42,103.0,0.507
0022400944,1610612741,Chicago,Bulls,CHI,bulls,240:00,612.7,122.5,597.1,119.4,15.7,3.1,0.581,1.32,17.4,0.378,0.706,0.552,18.627,18.6,0.587,0.63,1.0,0.983,20.5,102.5,85.42,102.0,0.493
0022400902,1610612740,New Orleans,Pelicans,NOP,pelicans,240:00,500.0,100.0,556.1,111.2,-56.1,-11.2,0.548,1.13,12.9,0.333,0.714,0.5,15.464,15.5,0.428,0.497,1.0,0.991,19.5,97.5,81.25,97.0,0.393
0022400902,1610612745,Houston,Rockets,HOU,rockets,240:00,556.1,111.2,500.0,100.0,56.1,11.2,0.717,1.74,23.1,0.286,0.667,0.5,19.388,19.4,0.623,0.613,1.0,0.973,19.5,97.5,81.25,98.0,0.607
0022400895,1610612763,Memphis,Grizzlies,MEM,grizzlies,240:00,495.2,99.0,571.4,114.3,-76.2,-15.2,0.568,1.31,15.2,0.259,0.907,0.546,15.385,15.4,0.456,0.512,1.0,0.983,20.9,104.5,87.08,104.0,0.423
0022400895,1610612760,Oklahoma City,Thunder,OKC,thunder,240:00,571.4,114.3,495.2,99.0,76.2,15.2,0.614,2.45,19.9,0.093,0.741,0.454,10.476,10.5,0.592,0.629,1.0,0.972,20.9,104.5,87.08,105.0,0.577
0022400893,1610612739,Cleveland,Cavaliers,CLE,cavaliers,240:00,565.7,113.1,540.4,108.1,25.3,5.1,0.634,2.0,19.0,0.265,0.78,0.525,13.131,13.1,0.552,0.579,1.0,0.991,19.8,99.0,82.5,99.0,0.516
0022400893,1610612748,Miami,Heat,MIA,heat,240:00,540.4,108.1,565.7,113.1,-25.3,-5.1,0.806,2.07,20.9,0.22,0.735,0.475,14.141,14.1,0.512,0.569,1.0,0.973,19.8,99.0,82.5,99.0,0.484
0022400898,1610612746,LA,Clippers,LAC,clippers,240:00,640.6,128.1,599.0,119.8,41.7,8.3,0.409,1.8,14.9,0.189,0.674,0.45,10.417,10.4,0.631,0.673,1.0,0.971,19.2,96.0,80.0,96.0,0.536
0022400898,1610612765,Detroit,Pistons,DET,pistons,240:00,599.0,119.8,640.6,128.1,-41.7,-8.3,0.6,2.08,19.7,0.326,0.811,0.55,13.542,13.5,0.587,0.609,1.0,0.973,19.2,96.0,80.0,96.0,0.464
0022400894,1610612764,Washington,Wizards,WAS,wizards,240:00,595.2,119.0,586.5,117.3,8.7,1.7,0.762,3.56,21.2,0.246,0.644,0.448,8.571,8.6,0.532,0.58,1.0,0.975,20.9,104.5,87.08,105.0,0.547
0022400894,1610612762,Utah,Jazz,UTA,jazz,240:00,586.5,117.3,595.2,119.0,-8.7,-1.7,0.447,1.4,14.4,0.356,0.754,0.552,14.423,14.4,0.535,0.556,1.0,0.984,20.9,104.5,87.08,104.0,0.453
0022400896,1610612743,Denver,Nuggets,DEN,nuggets,240:00,580.0,116.0,561.2,112.2,18.8,3.8,0.7,2.15,19.6,0.327,0.698,0.52,13.0,13.0,0.529,0.579,1.0,0.974,19.8,99.0,82.5,100.0,0.547
0022400896,1610612758,Sacramento,Kings,SAC,kings,240:00,561.2,112.2,580.0,116.0,-18.8,-3.8,0.5,1.83,16.2,0.302,0.673,0.48,12.245,12.2,0.516,0.538,1.0,1.0,19.8,99.0,82.5,98.0,0.453
0022400897,1610612749,Milwaukee,Bucks,MIL,bucks,240:00,652.4,130.5,514.4,102.9,138.0,27.6,0.558,1.71,20.0,0.289,0.842,0.621,16.19,16.2,0.674,0.704,1.0,0.983,20.9,104.5,87.08,105.0,0.623
0022400897,1610612742,Dallas,Mavericks,DAL,mavericks,240:00,514.4,102.9,652.4,130.5,-138.0,-27.6,0.667,3.0,21.0,0.158,0.711,0.379,9.615,9.6,0.526,0.522,1.0,0.991,20.9,104.5,87.08,104.0,0.377
0022400892,1610612766,Charlotte,Hornets,CHA,hornets,240:00,572.9,114.6,651.0,130.2,-78.1,-15.6,0.619,1.73,18.2,0.386,0.755,0.557,15.625,15.6,0.505,0.534,1.0,0.983,19.2,96.0,80.0,96.0,0.436
0022400892,1610612750,Minnesota,Timberwolves,MIN,timberwolves,240:00,651.0,130.2,572.9,114.6,78.1,15.6,0.614,4.5,20.1,0.245,0.614,0.443,6.25,6.3,0.606,0.627,1.0,0.981,19.2,96.0,80.0,96.0,0.564
0022400891,1610612738,Boston,Celtics,BOS,celtics,240:00,673.7,134.7,614.6,122.9,59.1,11.8,0.533,2.4,17.3,0.396,0.766,0.57,10.526,10.5,0.582,0.613,1.0,0.991,19.1,95.5,79.58,95.0,0.547
0022400891,1610612757,Portland,Trail Blazers,POR,blazers,240:00,614.6,122.9,673.7,134.7,-59.1,-11.8,0.422,2.38,15.1,0.234,0.604,0.43,8.333,8.3,0.589,0.605,1.0,0.972,19.1,95.5,79.58,96.0,0.453
0022400888,1610612759,San Antonio,Spurs,SAS,spurs,240:00,654.6,130.9,570.7,114.1,83.9,16.8,0.712,2.47,24.7,0.34,0.714,0.531,15.464,15.5,0.642,0.639,1.0,0.982,19.6,98.0,81.67,97.0,0.562
0022400888,1610612751,Brooklyn,Nets,BKN,nets,240:00,570.7,114.1,654.6,130.9,-83.9,-16.8,0.744,2.23,21.0,0.286,0.66,0.469,13.131,13.1,0.552,0.593,1.0,1.0,19.6,98.0,81.67,99.0,0.438
0022400884,1610612737,Atlanta,Hawks,ATL,hawks,240:00,560.2,112.0,577.3,115.5,-17.1,-3.4,0.717,2.75,21.6,0.207,0.74,0.454,11.111,11.1,0.535,0.558,1.0,0.992,21.8,109.0,90.83,108.0,0.475
0022400884,1610612749,Milwaukee,Bucks,MIL,bucks,240:00,577.3,115.5,560.2,112.0,17.1,3.4,0.551,1.8,18.0,0.26,0.793,0.546,13.636,13.6,0.568,0.598,1.0,0.959,21.8,109.0,90.83,110.0,0.525
0022400890,1610612747,Los Angeles,Lakers,LAL,lakers,240:00,693.9,138.8,580.8,116.2,113.1,22.6,0.667,2.13,21.6,0.432,0.72,0.585,15.306,15.3,0.639,0.667,1.0,0.991,19.7,98.5,82.08,98.0,0.577
0022400890,1610612740,New Orleans,Pelicans,NOP,pelicans,240:00,580.8,116.2,693.9,138.8,-113.1,-22.6,0.63,3.22,20.4,0.28,0.568,0.415,9.091,9.1,0.543,0.562,1.0,0.973,19.7,98.5,82.08,99.0,0.423
0022400882,1610612754,Indiana,Pacers,IND,pacers,240:00,599.0,119.8,525.8,105.2,73.2,14.6,0.773,2.62,24.6,0.19,0.516,0.387,13.542,13.5,0.61,0.636,1.0,0.971,19.3,96.5,80.42,96.0,0.608
0022400882,1610612745,Houston,Rockets,HOU,rockets,240:00,525.8,105.2,599.0,119.8,-73.2,-14.6,0.55,1.57,14.7,0.484,0.81,0.613,14.433,14.4,0.454,0.466,1.0,0.977,19.3,96.5,80.42,97.0,0.392
0022400889,1610612756,Phoenix,Suns,PHX,suns,240:00,646.7,129.3,629.0,125.8,17.7,3.5,0.756,2.82,23.1,0.262,0.721,0.494,11.957,12.0,0.6,0.648,1.0,0.99,18.5,92.5,77.08,92.0,0.5
0022400889,1610612746,LA,Clippers,LAC,clippers,240:00,629.0,125.8,646.7,129.3,-17.7,-3.5,0.674,4.14,21.6,0.279,0.738,0.506,7.527,7.5,0.566,0.617,1.0,0.962,18.5,92.5,77.08,93.0,0.5
0022400886,1610612741,Chicago,Bulls,CHI,bulls,240:00,541.7,108.3,643.5,128.7,-101.9,-20.4,0.681,4.57,20.6,0.25,0.727,0.478,6.481,6.5,0.495,0.516,1.0,0.984,21.6,108.0,90.0,108.0,0.44
0022400886,1610612739,Cleveland,Cavaliers,CLE,cavaliers,240:00,643.5,128.7,541.7,108.3,101.9,20.4,0.587,3.0,18.0,0.273,0.75,0.522,8.333,8.3,0.556,0.618,1.0,0.976,21.6,108.0,90.0,108.0,0.56
0022400883,1610612753,Orlando,Magic,ORL,magic,240:00,576.5,115.3,587.6,117.5,-11.1,-2.2,0.7,2.0,20.6,0.217,0.625,0.426,14.286,14.3,0.572,0.607,1.0,0.981,19.5,97.5,81.25,98.0,0.499
0022400883,1610612761,Toronto,Raptors,TOR,raptors,240:00,587.6,117.5,576.5,115.3,11.1,2.2,0.737,1.4,19.7,0.375,0.783,0.574,20.619,20.6,0.55,0.597,1.0,1.0,19.5,97.5,81.25,97.0,0.501
0022400887,1610612750,Minnesota,Timberwolves,MIN,timberwolves,240:00,636.4,127.3,565.7,113.1,70.7,14.1,0.63,1.53,21.3,0.229,0.708,0.506,19.192,19.2,0.679,0.712,1.0,0.972,19.8,99.0,82.5,99.0,0.565
0022400887,1610612755,Philadelphia,76ers,PHI,sixers,240:00,565.7,113.1,636.4,127.3,-70.7,-14.1,0.524,1.69,16.3,0.292,0.771,0.494,13.131,13.1,0.541,0.572,1.0,0.982,19.8,99.0,82.5,99.0,0.435
0022400885,1610612752,New York,Knicks,NYK,knicks,240:00,525.8,105.2,581.6,116.3,-55.9,-11.2,0.634,1.86,18.7,0.302,0.696,0.485,14.433,14.4,0.489,0.517,1.0,0.982,19.5,97.5,81.25,97.0,0.413
0022400885,1610612744,Golden State,Warriors,GSW,warriors,240:00,581.6,116.3,525.8,105.2,55.9,11.2,0.698,2.31,21.3,0.304,0.698,0.515,13.265,13.3,0.563,0.592,1.0,0.973,19.5,97.5,81.25,98.0,0.587
0022400877,1610612748,Miami,Heat,MIA,heat,240:00,540.8,108.2,459.2,91.8,81.6,16.3,0.795,2.58,23.0,0.14,0.833,0.526,12.245,12.2,0.555,0.589,1.0,0.971,19.6,98.0,81.67,98.0,0.618
0022400877,1610612764,Washington,Wizards,WAS,wizards,240:00,459.2,91.8,540.8,108.2,-81.6,-16.3,0.71,1.69,17.1,0.167,0.86,0.474,13.265,13.3,0.429,0.48,1.0,0.981,19.6,98.0,81.67,98.0,0.382
0022400875,1610612766,Charlotte,Hornets,CHA,hornets,240:00,490.3,98.1,566.7,113.3,-76.4,-15.3,0.588,1.18,14.7,0.228,0.737,0.482,16.505,16.5,0.459,0.502,1.0,1.0,20.8,104.0,86.67,103.0,0.368
0022400875,1610612744,Golden State,Warriors,GSW,warriors,240:00,566.7,113.3,490.3,98.1,76.4,15.3,0.825,3.67,21.7,0.263,0.772,0.518,8.571,8.6,0.516,0.564,1.0,0.958,20.8,104.0,86.67,105.0,0.632
0022400881,1610612762,Utah,Jazz,UTA,jazz,240:00,490.7,98.1,614.7,122.9,-123.9,-24.8,0.543,0.68,13.4,0.313,0.761,0.532,25.926,25.9,0.488,0.552,1.0,0.984,21.7,108.5,90.42,108.0,0.322
0022400881,1610612765,Detroit,Pistons,DET,pistons,240:00,614.7,122.9,490.7,98.1,123.9,24.8,0.627,2.46,21.2,0.239,0.688,0.468,11.927,11.9,0.614,0.642,1.0,0.983,21.7,108.5,90.42,109.0,0.678
0022400878,1610612763,Memphis,Grizzlies,MEM,grizzlies,240:00,643.6,128.7,653.5,130.7,-9.9,-2.0,0.766,1.8,22.5,0.522,0.659,0.589,19.802,19.8,0.575,0.625,1.0,0.984,20.2,101.0,84.17,101.0,0.505
0022400878,1610612737,Atlanta,Hawks,ATL,hawks,240:00,653.5,130.7,643.6,128.7,9.9,2.0,0.636,2.92,23.2,0.341,0.478,0.411,11.881,11.9,0.641,0.638,1.0,0.991,20.2,101.0,84.17,101.0,0.495
0022400876,1610612755,Philadelphia,76ers,PHI,sixers,240:00,536.8,107.4,626.3,125.3,-89.5,-17.9,0.659,3.38,19.6,0.291,0.561,0.429,8.421,8.4,0.489,0.506,1.0,0.982,19.0,95.0,79.17,95.0,0.429
0022400876,1610612757,Portland,Trail Blazers,POR,blazers,240:00,626.3,125.3,536.8,107.4,89.5,17.9,0.542,2.36,17.8,0.439,0.709,0.571,11.579,11.6,0.54,0.554,1.0,0.975,19.0,95.0,79.17,95.0,0.571
0022400879,1610612760,Oklahoma City,Thunder,OKC,thunder,240:00,622.7,124.5,592.6,118.5,30.1,6.0,0.646,2.38,19.7,0.32,0.685,0.51,11.818,11.8,0.582,0.629,1.0,0.968,21.8,109.0,90.83,110.0,0.564
0022400879,1610612745,Houston,Rockets,HOU,rockets,240:00,592.6,118.5,622.7,124.5,-30.1,-6.0,0.408,1.25,13.8,0.315,0.68,0.49,14.815,14.8,0.564,0.59,1.0,1.0,21.8,109.0,90.83,108.0,0.436
0022400880,1610612742,Dallas,Mavericks,DAL,mavericks,240:00,526.9,105.4,648.9,129.8,-122.1,-24.4,0.8,2.0,21.4,0.233,0.744,0.488,15.054,15.1,0.5,0.56,1.0,0.981,18.7,93.5,77.92,93.0,0.42
0022400880,1610612758,Sacramento,Kings,SAC,kings,240:00,648.9,129.8,526.9,105.4,122.1,24.4,0.723,4.86,24.5,0.256,0.767,0.512,7.447,7.4,0.611,0.64,1.0,0.971,18.7,93.5,77.92,94.0,0.58
0022400874,1610612747,Los Angeles,Lakers,LAL,lakers,240:00,593.4,118.7,554.3,110.9,39.1,7.8,0.553,1.24,16.9,0.279,0.68,0.495,18.681,18.7,0.61,0.629,1.0,0.981,18.3,91.5,76.25,91.0,0.539
0022400874,1610612746,LA,Clippers,LAC,clippers,240:00,554.3,110.9,593.4,118.7,-39.1,-7.8,0.632,2.0,18.2,0.32,0.721,0.505,13.043,13.0,0.5,0.534,1.0,0.981,18.3,91.5,76.25,92.0,0.461
0022400871,1610612759,San Antonio,Spurs,SAS,spurs,240:00,647.1,129.4,715.7,143.1,-68.6,-13.7,0.706,2.77,24.3,0.227,0.681,0.462,12.745,12.7,0.659,0.673,1.0,0.973,20.4,102.0,85.0,102.0,0.452
0022400871,1610612760,Oklahoma City,Thunder,OKC,thunder,240:00,715.7,143.1,647.1,129.4,68.6,13.7,0.618,4.86,22.5,0.319,0.773,0.538,6.863,6.9,0.639,0.665,1.0,0.983,20.4,102.0,85.0,102.0,0.548
0022400868,1610612754,Indiana,Pacers,IND,pacers,240:00,648.0,129.6,565.7,113.1,82.3,16.5,0.708,2.83,24.1,0.209,0.696,0.461,12.245,12.2,0.661,0.669,1.0,0.972,19.7,98.5,82.08,98.0,0.564
0022400868,1610612741,Chicago,Bulls,CHI,bulls,240:00,565.7,113.1,648.0,129.6,-82.3,-16.5,0.545,1.71,17.5,0.304,0.791,0.539,14.141,14.1,0.557,0.584,1.0,0.956,19.7,98.5,82.08,99.0,0.436
0022400869,1610612748,Miami,Heat,MIA,heat,265:00,560.0,112.0,580.0,116.0,-20.0,-4.0,0.644,2.23,21.5,0.14,0.64,0.409,13.0,13.0,0.601,0.615,1.0,0.972,18.11,90.57,75.47,100.0,0.5
0022400869,1610612752,New York,Knicks,NYK,knicks,265:00,580.0,116.0,560.0,112.0,20.0,4.0,0.587,2.08,18.6,0.36,0.86,0.591,13.0,13.0,0.558,0.571,1.0,0.949,18.11,90.57,75.47,100.0,0.5
0022400873,1610612756,Phoenix,Suns,PHX,suns,240:00,480.4,96.1,563.1,112.6,-82.7,-16.5,0.686,1.09,17.3,0.277,0.855,0.588,21.569,21.6,0.519,0.555,1.0,0.948,20.5,102.5,85.42,102.0,0.449
0022400873,1610612750,Minnesota,Timberwolves,MIN,timberwolves,240:00,563.1,112.6,480.4,96.1,82.7,16.5,0.718,3.5,20.1,0.145,0.723,0.412,7.767,7.8,0.538,0.573,1.0,0.964,20.5,102.5,85.42,103.0,0.551
0022400872,1610612762,Utah,Jazz,UTA,jazz,240:00,593.1,118.6,627.5,125.5,-34.3,-6.9,0.761,2.69,23.2,0.288,0.654,0.471,12.745,12.7,0.563,0.585,1.0,0.974,20.4,102.0,85.0,102.0,0.467
0022400872,1610612740,New Orleans,Pelicans,NOP,pelicans,240:00,627.5,125.5,593.1,118.6,34.3,6.9,0.66,3.18,22.7,0.346,0.712,0.529,10.784,10.8,0.593,0.594,1.0,0.992,20.4,102.0,85.0,102.0,0.533
0022400867,1610612739,Cleveland,Cavaliers,CLE,cavaliers,265:00,588.5,117.7,570.8,114.2,17.7,3.5,0.643,1.8,17.4,0.276,0.636,0.451,13.274,13.3,0.531,0.592,1.0,0.984,20.47,102.34,85.28,113.0,0.536
0022400867,1610612757,Portland,Trail Blazers,POR,blazers,265:00,570.8,114.2,588.5,117.7,-17.7,-3.5,0.595,1.25,16.0,0.364,0.724,0.549,17.699,17.7,0.51,0.579,1.0,0.985,20.47,102.34,85.28,113.0,0.464
0022400866,1610612738,Boston,Celtics,BOS,celtics,240:00,591.4,118.3,542.1,108.4,49.3,9.9,0.703,1.86,20.0,0.25,0.75,0.511,15.054,15.1,0.564,0.612,1.0,1.0,18.8,94.0,78.33,93.0,0.525
0022400866,1610612743,Denver,Nuggets,DEN,nuggets,240:00,542.1,108.4,591.4,118.3,-49.3,-9.9,0.659,2.25,20.3,0.25,0.75,0.489,12.632,12.6,0.547,0.561,1.0,0.962,18.8,94.0,78.33,95.0,0.475
0022400870,1610612753,Orlando,Magic,ORL,magic,240:00,542.6,108.5,559.1,111.8,-16.6,-3.3,0.567,1.21,14.0,0.256,0.667,0.483,14.894,14.9,0.5,0.597,1.0,0.971,18.7,93.5,77.92,94.0,0.5
0022400870,1610612761,Toronto,Raptors,TOR,raptors,240:00,559.1,111.8,542.6,108.5,16.6,3.3,0.595,1.47,16.8,0.333,0.744,0.517,16.129,16.1,0.506,0.558,1.0,0.982,18.7,93.5,77.92,93.0,0.5
0022400864,1610612755,Philadelphia,76ers,PHI,sixers,240:00,630.0,126.0,595.0,119.0,35.0,7.0,0.6,1.93,19.3,0.283,0.607,0.461,14.0,14.0,0.641,0.647,1.0,0.982,20.0,100.0,83.33,100.0,0.51
0022400864,1610612744,Golden State,Warriors,GSW,warriors,240:00,595.0,119.0,630.0,126.0,-35.0,-7.0,0.717,2.2,21.3,0.393,0.717,0.539,15.0,15.0,0.52,0.549,1.0,0.984,20.0,100.0,83.33,100.0,0.49
0022400865,1610612742,Dallas,Mavericks,DAL,mavericks,240:00,573.5,114.7,647.1,129.4,-73.5,-14.7,0.581,2.27,18.0,0.231,0.644,0.423,10.784,10.8,0.533,0.574,1.0,0.982,20.4,102.0,85.0,102.0,0.395
0022400865,1610612749,Milwaukee,Bucks,MIL,bucks,240:00,647.1,129.4,573.5,114.7,73.5,14.7,0.75,2.54,21.9,0.356,0.769,0.577,12.745,12.7,0.58,0.645,1.0,0.983,20.4,102.0,85.0,102.0,0.605
0022400861,1610612765,Detroit,Pistons,DET,pistons,240:00,552.9,110.6,447.6,89.5,105.3,21.1,0.795,1.15,21.5,0.257,0.632,0.505,25.962,26.0,0.625,0.678,1.0,0.947,20.9,104.5,87.08,104.0,0.682
0022400861,1610612751,Brooklyn,Nets,BKN,nets,240:00,447.6,89.5,552.9,110.6,-105.3,-21.1,0.655,1.36,12.8,0.368,0.743,0.495,13.333,13.3,0.337,0.426,1.0,0.946,20.9,104.5,87.08,105.0,0.318
0022400860,1610612766,Charlotte,Hornets,CHA,hornets,240:00,500.0,100.0,565.0,113.0,-65.0,-13.0,0.683,1.65,19.7,0.264,0.735,0.49,17.0,17.0,0.516,0.523,1.0,0.982,20.0,100.0,83.33,100.0,0.416
0022400860,1610612764,Washington,Wizards,WAS,wizards,240:00,565.0,113.0,500.0,100.0,65.0,13.0,0.825,2.2,22.6,0.265,0.736,0.51,15.0,15.0,0.551,0.592,1.0,0.982,20.0,100.0,83.33,100.0,0.584
0022400862,1610612745,Houston,Rockets,HOU,rockets,240:00,530.9,106.2,594.7,118.9,-63.8,-12.8,0.486,1.13,13.7,0.302,0.682,0.474,16.495,16.5,0.506,0.536,1.0,0.965,19.2,96.0,80.0,97.0,0.413
0022400862,1610612758,Sacramento,Kings,SAC,kings,240:00,594.7,118.9,530.9,106.2,63.8,12.8,0.477,1.5,16.2,0.318,0.698,0.526,14.737,14.7,0.557,0.587,1.0,0.982,19.2,96.0,80.0,95.0,0.587
0022400863,1610612763,Memphis,Grizzlies,MEM,grizzlies,240:00,621.4,124.3,631.1,126.2,-9.7,-1.9,0.62,2.38,20.7,0.333,0.638,0.484,12.621,12.6,0.584,0.617,1.0,0.975,20.6,103.0,85.83,103.0,0.505
0022400863,1610612759,San Antonio,Spurs,SAS,spurs,240:00,631.1,126.2,621.4,124.3,9.7,1.9,0.66,2.54,21.6,0.362,0.667,0.516,12.621,12.6,0.594,0.615,1.0,0.967,20.6,103.0,85.83,103.0,0.495
0022400859,1610612747,Los Angeles,Lakers,LAL,lakers,240:00,552.1,110.4,531.3,106.3,20.8,4.2,0.487,1.27,15.1,0.262,0.6,0.446,15.625,15.6,0.556,0.591,1.0,0.981,19.2,96.0,80.0,96.0,0.545
0022400859,1610612746,LA,Clippers,LAC,clippers,240:00,531.3,106.3,552.1,110.4,-20.8,-4.2,0.641,1.39,17.7,0.4,0.738,0.554,18.75,18.8,0.5,0.53,1.0,0.974,19.2,96.0,80.0,96.0,0.455
0022400852,1610612738,Boston,Celtics,BOS,celtics,240:00,623.7,124.7,654.3,130.9,-30.6,-6.1,0.465,1.82,15.6,0.313,0.608,0.465,11.828,11.8,0.579,0.601,1.0,0.991,18.7,93.5,77.92,93.0,0.457
0022400852,1610612739,Cleveland,Cavaliers,CLE,cavaliers,240:00,654.3,130.9,623.7,124.7,30.6,6.1,0.511,2.88,16.9,0.392,0.688,0.535,8.511,8.5,0.569,0.601,1.0,0.973,18.7,93.5,77.92,94.0,0.543
0022400851,1610612737,Atlanta,Hawks,ATL,hawks,240:00,550.9,110.2,625.0,125.0,-74.1,-14.8,0.628,1.42,18.6,0.217,0.74,0.49,17.593,17.6,0.574,0.606,1.0,0.983,21.6,108.0,90.0,108.0,0.452
0022400851,1610612760,Oklahoma City,Thunder,OKC,thunder,240:00,625.0,125.0,550.9,110.2,74.1,14.8,0.725,3.08,23.4,0.26,0.783,0.51,11.111,11.1,0.619,0.635,1.0,0.975,21.6,108.0,90.0,108.0,0.548
0022400857,1610612756,Phoenix,Suns,PHX,suns,240:00,664.9,133.0,574.5,114.9,90.4,18.1,0.745,2.06,25.4,0.294,0.652,0.5,18.085,18.1,0.728,0.738,1.0,0.971,18.8,94.0,78.33,94.0,0.568
0022400857,1610612740,New Orleans,Pelicans,NOP,pelicans,240:00,574.5,114.9,664.9,133.0,-90.4,-18.1,0.636,1.87,20.4,0.348,0.706,0.5,15.957,16.0,0.569,0.577,1.0,0.982,18.8,94.0,78.33,94.0,0.432
0022400853,1610612751,Brooklyn,Nets,BKN,nets,240:00,505.0,101.0,605.0,121.0,-100.0,-20.0,0.556,0.95,14.0,0.415,0.667,0.522,20.792,20.8,0.454,0.516,1.0,0.976,20.1,100.5,83.75,101.0,0.393
0022400853,1610612757,Portland,Trail Blazers,POR,blazers,240:00,605.0,121.0,505.0,101.0,100.0,20.0,0.689,1.41,21.5,0.333,0.585,0.478,22.0,22.0,0.673,0.673,1.0,0.965,20.1,100.5,83.75,100.0,0.607
0022400858,1610612762,Utah,Jazz,UTA,jazz,240:00,573.5,114.7,574.3,114.9,-0.7,-0.1,0.745,1.75,22.6,0.375,0.767,0.593,19.608,19.6,0.587,0.596,1.0,0.975,20.3,101.5,84.58,102.0,0.51
0022400858,1610612750,Minnesota,Timberwolves,MIN,timberwolves,240:00,574.3,114.9,573.5,114.7,0.7,0.1,0.795,5.0,23.5,0.233,0.625,0.407,6.931,6.9,0.535,0.541,1.0,1.0,20.3,101.5,84.58,101.0,0.49
0022400855,1610612741,Chicago,Bulls,CHI,bulls,265:00,568.2,113.6,518.0,103.6,50.2,10.0,0.711,2.13,20.1,0.304,0.656,0.487,13.636,13.6,0.51,0.558,1.0,0.969,20.02,100.08,83.4,110.0,0.567
0022400855,1610612761,Toronto,Raptors,TOR,raptors,265:00,518.0,103.6,568.2,113.6,-50.2,-10.0,0.698,1.76,18.8,0.344,0.696,0.513,15.315,15.3,0.481,0.514,1.0,0.969,20.02,100.08,83.4,111.0,0.433
0022400854,1610612748,Miami,Heat,MIA,heat,240:00,672.0,134.4,645.2,129.0,26.9,5.4,0.708,2.27,24.1,0.389,0.732,0.571,16.129,16.1,0.673,0.697,1.0,0.972,18.6,93.0,77.5,93.0,0.521
0022400854,1610612754,Indiana,Pacers,IND,pacers,240:00,645.2,129.0,672.0,134.4,-26.9,-5.4,0.745,3.5,25.2,0.268,0.611,0.429,10.753,10.8,0.653,0.656,1.0,0.981,18.6,93.0,77.5,93.0,0.479
0022400850,1610612765,Detroit,Pistons,DET,pistons,240:00,572.1,114.4,644.2,128.8,-72.1,-14.4,0.711,2.91,21.1,0.281,0.667,0.444,10.577,10.6,0.515,0.545,1.0,0.975,20.8,104.0,86.67,104.0,0.452
0022400850,1610612743,Denver,Nuggets,DEN,nuggets,240:00,644.2,128.8,572.1,114.4,72.1,14.4,0.596,1.4,19.2,0.333,0.719,0.556,19.231,19.2,0.661,0.686,1.0,0.975,20.8,104.0,86.67,104.0,0.548
0022400856,1610612763,Memphis,Grizzlies,MEM,grizzlies,240:00,559.4,111.9,553.4,110.7,6.0,1.2,0.591,1.37,17.6,0.42,0.792,0.612,18.812,18.8,0.489,0.545,1.0,0.992,20.4,102.0,85.0,101.0,0.491
0022400856,1610612752,New York,Knicks,NYK,knicks,240:00,553.4,110.7,559.4,111.9,-6.0,-1.2,0.659,3.22,20.4,0.208,0.58,0.388,8.738,8.7,0.532,0.559,1.0,0.965,20.4,102.0,85.0,103.0,0.509
0022400845,1610612753,Orlando,Magic,ORL,magic,240:00,599.0,119.8,636.8,127.4,-37.9,-7.6,0.511,1.28,16.5,0.426,0.689,0.554,18.75,18.8,0.567,0.593,1.0,0.974,19.1,95.5,79.58,96.0,0.463
0022400845,1610612744,Golden State,Warriors,GSW,warriors,240:00,636.8,127.4,599.0,119.8,37.9,7.6,0.722,1.86,19.3,0.311,0.574,0.446,14.737,14.7,0.576,0.644,1.0,0.972,19.1,95.5,79.58,95.0,0.537
0022400848,1610612756,Phoenix,Suns,PHX,suns,240:00,597.9,119.6,645.8,129.2,-47.9,-9.6,0.659,2.64,20.4,0.314,0.672,0.505,11.34,11.3,0.574,0.589,1.0,0.965,19.3,96.5,80.42,97.0,0.498
0022400848,1610612740,New Orleans,Pelicans,NOP,pelicans,240:00,645.8,129.2,597.9,119.6,47.9,9.6,0.5,4.17,17.9,0.328,0.686,0.495,6.25,6.3,0.563,0.567,1.0,0.991,19.3,96.5,80.42,96.0,0.502
0022400846,1610612749,Milwaukee,Bucks,MIL,bucks,240:00,565.4,113.1,518.5,103.7,46.9,9.4,0.595,2.27,17.9,0.157,0.712,0.455,10.28,10.3,0.544,0.591,1.0,0.991,21.5,107.5,89.58,107.0,0.54
0022400846,1610612743,Denver,Nuggets,DEN,nuggets,240:00,518.5,103.7,565.4,113.1,-46.9,-9.4,0.596,2.15,18.3,0.288,0.843,0.545,12.037,12.0,0.49,0.51,1.0,0.976,21.5,107.5,89.58,108.0,0.46
0022400847,1610612742,Dallas,Mavericks,DAL,mavericks,240:00,500.0,100.0,475.2,95.0,24.8,5.0,0.575,2.56,16.5,0.22,0.733,0.479,8.738,8.7,0.469,0.495,1.0,0.948,20.4,102.0,85.0,103.0,0.561
0022400847,1610612766,Charlotte,Hornets,CHA,hornets,240:00,475.2,95.0,500.0,100.0,-24.8,-5.0,0.625,1.67,17.6,0.267,0.78,0.521,14.851,14.9,0.444,0.463,1.0,1.0,20.4,102.0,85.0,101.0,0.439
0022400849,1610612747,Los Angeles,Lakers,LAL,lakers,240:00,572.2,114.4,536.8,107.4,35.3,7.1,0.618,1.62,15.1,0.396,0.765,0.577,13.402,13.4,0.482,0.543,1.0,0.958,19.2,96.0,80.0,97.0,0.54
0022400849,1610612750,Minnesota,Timberwolves,MIN,timberwolves,240:00,536.8,107.4,572.2,114.4,-35.3,-7.1,0.714,2.08,18.9,0.235,0.604,0.423,12.632,12.6,0.488,0.534,1.0,0.981,19.2,96.0,80.0,95.0,0.46
0022400844,1610612745,Houston,Rockets,HOU,rockets,240:00,578.4,115.7,514.6,102.9,63.9,12.8,0.458,1.38,15.0,0.436,0.721,0.586,15.686,15.7,0.525,0.545,1.0,0.984,20.5,102.5,85.42,102.0,0.534
0022400844,1610612759,San Antonio,Spurs,SAS,spurs,240:00,514.6,102.9,578.4,115.7,-63.9,-12.8,0.667,3.5,19.2,0.279,0.564,0.414,7.767,7.8,0.455,0.485,1.0,0.992,20.5,102.5,85.42,103.0,0.466
0022400839,1610612764,Washington,Wizards,WAS,wizards,240:00,555.0,111.0,602.8,120.6,-47.8,-9.6,0.581,1.32,17.4,0.227,0.597,0.443,17.431,17.4,0.59,0.62,1.0,0.966,21.6,108.0,90.0,109.0,0.51
0022400839,1610612757,Portland,Trail Blazers,POR,blazers,240:00,602.8,120.6,555.0,111.0,47.8,9.6,0.6,1.59,17.0,0.403,0.773,0.557,15.888,15.9,0.505,0.554,1.0,0.985,21.6,108.0,90.0,107.0,0.49
0022400840,1610612751,Brooklyn,Nets,BKN,nets,240:00,605.0,121.0,645.0,129.0,-40.0,-8.0,0.816,2.07,20.4,0.386,0.674,0.515,15.0,15.0,0.532,0.582,1.0,0.983,20.0,100.0,83.33,100.0,0.441
0022400840,1610612760,Oklahoma City,Thunder,OKC,thunder,240:00,645.0,129.0,605.0,121.0,40.0,8.0,0.563,2.25,19.0,0.326,0.614,0.485,12.0,12.0,0.583,0.628,1.0,0.983,20.0,100.0,83.33,100.0,0.559
0022400842,1610612741,Chicago,Bulls,CHI,bulls,240:00,603.1,120.6,622.4,124.5,-19.4,-3.9,0.761,2.06,23.3,0.346,0.69,0.5,17.526,17.5,0.59,0.592,1.0,0.983,19.5,97.5,81.25,97.0,0.458
0022400842,1610612746,LA,Clippers,LAC,clippers,240:00,622.4,124.5,603.1,120.6,19.4,3.9,0.75,2.2,22.9,0.31,0.654,0.5,15.306,15.3,0.629,0.66,1.0,0.973,19.5,97.5,81.25,98.0,0.542
0022400837,1610612754,Indiana,Pacers,IND,pacers,240:00,538.8,107.8,446.1,89.2,92.8,18.6,0.651,1.4,20.1,0.22,0.736,0.511,19.417,19.4,0.623,0.63,1.0,0.973,20.5,102.5,85.42,103.0,0.622
0022400837,1610612761,Toronto,Raptors,TOR,raptors,240:00,446.1,89.2,538.8,107.8,-92.8,-18.6,0.622,1.1,16.5,0.264,0.78,0.489,20.588,20.6,0.46,0.484,1.0,0.966,20.5,102.5,85.42,102.0,0.378
0022400836,1610612765,Detroit,Pistons,DET,pistons,240:00,596.9,119.4,500.0,100.0,96.9,19.4,0.617,2.07,20.3,0.356,0.837,0.606,14.286,14.3,0.601,0.606,1.0,0.956,19.5,97.5,81.25,98.0,0.644
0022400836,1610612738,Boston,Celtics,BOS,celtics,240:00,500.0,100.0,596.9,119.4,-96.9,-19.4,0.636,1.11,16.7,0.163,0.644,0.394,19.588,19.6,0.544,0.56,1.0,0.971,19.5,97.5,81.25,97.0,0.356
0022400843,1610612762,Utah,Jazz,UTA,jazz,240:00,515.3,103.1,608.2,121.6,-92.9,-18.6,0.842,3.2,23.4,0.14,0.683,0.385,10.204,10.2,0.548,0.552,1.0,0.962,19.5,97.5,81.25,98.0,0.43
0022400843,1610612758,Sacramento,Kings,SAC,kings,240:00,608.2,121.6,515.3,103.1,92.9,18.6,0.609,1.75,20.4,0.317,0.86,0.615,16.495,16.5,0.615,0.639,1.0,0.963,19.5,97.5,81.25,97.0,0.57
0022400841,1610612748,Miami,Heat,MIA,heat,240:00,696.8,139.4,579.8,116.0,117.0,23.4,0.867,2.29,27.3,0.294,0.674,0.506,18.085,18.1,0.743,0.764,1.0,0.952,18.8,94.0,78.33,94.0,0.6
0022400841,1610612737,Atlanta,Hawks,ATL,hawks,240:00,579.8,116.0,696.8,139.4,-117.0,-23.4,0.707,1.71,21.2,0.326,0.706,0.494,18.085,18.1,0.58,0.61,1.0,0.963,18.8,94.0,78.33,94.0,0.4
0022400838,1610612752,New York,Knicks,NYK,knicks,240:00,561.2,112.2,535.7,107.1,25.5,5.1,0.55,1.38,16.9,0.263,0.72,0.523,16.327,16.3,0.565,0.613,1.0,0.981,19.6,98.0,81.67,98.0,0.551
0022400838,1610612755,Philadelphia,76ers,PHI,sixers,240:00,535.7,107.1,561.2,112.2,-25.5,-5.1,0.538,1.62,16.0,0.28,0.737,0.477,13.265,13.3,0.506,0.542,1.0,1.0,19.6,98.0,81.67,98.0,0.449
0022400831,1610612745,Houston,Rockets,HOU,rockets,240:00,505.1,101.0,489.9,98.0,15.2,3.0,0.486,1.06,13.2,0.339,0.774,0.55,17.172,17.2,0.473,0.505,1.0,0.966,19.8,99.0,82.5,99.0,0.506
0022400831,1610612749,Milwaukee,Bucks,MIL,bucks,240:00,489.9,98.0,505.1,101.0,-15.2,-3.0,0.559,1.27,14.7,0.226,0.661,0.45,15.152,15.2,0.471,0.51,1.0,0.982,19.8,99.0,82.5,99.0,0.494
0022400835,1610612747,Los Angeles,Lakers,LAL,lakers,240:00,540.4,108.1,500.0,100.0,40.4,8.1,0.615,1.71,17.3,0.308,0.73,0.539,14.141,14.1,0.511,0.548,1.0,0.974,19.8,99.0,82.5,99.0,0.575
0022400835,1610612742,Dallas,Mavericks,DAL,mavericks,240:00,500.0,100.0,540.4,108.1,-40.4,-8.1,0.657,1.92,16.5,0.27,0.692,0.461,12.121,12.1,0.444,0.477,1.0,0.983,19.8,99.0,82.5,99.0,0.425
0022400834,1610612744,Golden State,Warriors,GSW,warriors,240:00,627.5,125.5,451.0,90.2,176.5,35.3,0.816,3.33,24.8,0.352,0.603,0.482,11.765,11.8,0.565,0.593,1.0,0.975,20.4,102.0,85.0,102.0,0.695
0022400834,1610612766,Charlotte,Hornets,CHA,hornets,240:00,451.0,90.2,627.5,125.5,-176.5,-35.3,0.545,0.72,12.6,0.397,0.648,0.518,24.51,24.5,0.433,0.475,1.0,0.968,20.4,102.0,85.0,102.0,0.305
0022400833,1610612740,New Orleans,Pelicans,NOP,pelicans,240:00,534.3,106.9,504.9,101.0,29.4,5.9,0.61,1.32,16.8,0.379,0.672,0.526,18.627,18.6,0.473,0.519,1.0,0.992,20.4,102.0,85.0,102.0,0.525
0022400833,1610612759,San Antonio,Spurs,SAS,spurs,240:00,504.9,101.0,534.3,106.9,-29.4,-5.9,0.763,1.45,19.5,0.328,0.621,0.474,19.608,19.6,0.478,0.51,1.0,1.0,20.4,102.0,85.0,102.0,0.475
0022400830,1610612753,Orlando,Magic,ORL,magic,240:00,440.9,88.2,663.0,132.6,-222.2,-44.4,0.636,1.75,16.0,0.305,0.757,0.479,12.903,12.9,0.394,0.426,1.0,0.964,18.5,92.5,77.08,93.0,0.298
0022400830,1610612739,Cleveland,Cavaliers,CLE,cavaliers,240:00,663.0,132.6,440.9,88.2,222.2,44.4,0.556,2.08,19.8,0.243,0.695,0.521,13.043,13.0,0.681,0.701,1.0,0.98,18.5,92.5,77.08,92.0,0.702
0022400832,1610612763,Memphis,Grizzlies,MEM,grizzlies,265:00,650.9,130.2,627.1,125.4,23.7,4.7,0.692,3.0,22.5,0.188,0.717,0.447,10.345,10.3,0.626,0.673,1.0,1.0,21.19,105.96,88.3,116.0,0.506
0022400832,1610612756,Phoenix,Suns,PHX,suns,265:00,627.1,125.4,650.9,130.2,-23.7,-4.7,0.736,2.44,22.9,0.283,0.813,0.553,13.559,13.6,0.641,0.67,1.0,0.969,21.19,105.96,88.3,118.0,0.494
0022400829,1610612761,Toronto,Raptors,TOR,raptors,240:00,526.0,105.2,572.2,114.4,-46.1,-9.2,0.643,1.59,20.0,0.286,0.653,0.484,17.708,17.7,0.536,0.561,1.0,0.981,19.3,96.5,80.42,96.0,0.496
0022400829,1610612738,Boston,Celtics,BOS,celtics,240:00,572.2,114.4,526.0,105.2,46.1,9.2,0.545,1.6,17.4,0.347,0.714,0.516,15.464,15.5,0.554,0.575,1.0,0.965,19.3,96.5,80.42,97.0,0.504
0022400821,1610612765,Detroit,Pistons,DET,pistons,240:00,535.4,107.1,485.0,97.0,50.4,10.1,0.611,1.38,16.3,0.28,0.678,0.495,16.162,16.2,0.513,0.559,1.0,0.982,19.9,99.5,82.92,99.0,0.573
0022400821,1610612746,LA,Clippers,LAC,clippers,240:00,485.0,97.0,535.4,107.1,-50.4,-10.1,0.649,1.41,16.8,0.322,0.72,0.505,17.0,17.0,0.462,0.483,1.0,0.975,19.9,99.5,82.92,100.0,0.427
0022400828,1610612758,Sacramento,Kings,SAC,kings,240:00,656.6,131.3,444.4,88.9,212.1,42.4,0.638,1.67,20.8,0.366,0.672,0.545,18.182,18.2,0.655,0.685,1.0,0.982,19.8,99.0,82.5,99.0,0.694
0022400828,1610612766,Charlotte,Hornets,CHA,hornets,240:00,444.4,88.9,656.6,131.3,-212.1,-42.4,0.8,1.26,16.9,0.328,0.634,0.455,19.192,19.2,0.412,0.46,1.0,0.983,19.8,99.0,82.5,99.0,0.306
0022400825,1610612737,Atlanta,Hawks,ATL,hawks,240:00,510.4,102.1,443.3,88.7,67.1,13.4,0.725,1.61,20.6,0.32,0.661,0.505,18.75,18.8,0.506,0.525,1.0,0.973,19.3,96.5,80.42,96.0,0.597
0022400825,1610612748,Miami,Heat,MIA,heat,240:00,443.3,88.7,510.4,102.1,-67.1,-13.4,0.556,0.83,11.4,0.339,0.68,0.495,18.557,18.6,0.363,0.448,1.0,0.966,19.3,96.5,80.42,97.0,0.403
0022400827,1610612762,Utah,Jazz,UTA,jazz,240:00,549.0,109.8,558.8,111.8,-9.8,-2.0,0.615,1.6,16.3,0.344,0.639,0.492,14.706,14.7,0.49,0.527,1.0,0.984,20.4,102.0,85.0,102.0,0.467
0022400827,1610612757,Portland,Trail Blazers,POR,blazers,240:00,558.8,111.8,549.0,109.8,9.8,2.0,0.634,2.0,17.3,0.361,0.656,0.508,12.745,12.7,0.49,0.525,1.0,0.984,20.4,102.0,85.0,102.0,0.533
0022400824,1610612764,Washington,Wizards,WAS,wizards,240:00,563.2,112.6,515.6,103.1,47.5,9.5,0.743,1.08,19.7,0.314,0.566,0.466,25.263,25.3,0.593,0.66,1.0,0.972,19.1,95.5,79.58,95.0,0.563
0022400824,1610612751,Brooklyn,Nets,BKN,nets,240:00,515.6,103.1,563.2,112.6,-47.5,-9.5,0.758,1.39,17.4,0.434,0.686,0.534,18.75,18.8,0.476,0.523,1.0,0.924,19.1,95.5,79.58,96.0,0.437
0022400823,1610612755,Philadelphia,76ers,PHI,sixers,240:00,504.6,100.9,663.6,132.7,-159.0,-31.8,0.514,1.12,12.8,0.362,0.711,0.515,15.596,15.6,0.442,0.51,1.0,0.962,21.6,108.0,90.0,109.0,0.355
0022400823,1610612741,Chicago,Bulls,CHI,bulls,240:00,663.6,132.7,504.6,100.9,159.0,31.8,0.711,2.13,21.1,0.289,0.638,0.485,14.019,14.0,0.607,0.677,1.0,0.983,21.6,108.0,90.0,107.0,0.645
0022400826,1610612760,Oklahoma City,Thunder,OKC,thunder,265:00,556.5,111.3,569.6,113.9,-13.0,-2.6,0.6,2.45,16.9,0.281,0.741,0.492,9.565,9.6,0.495,0.539,1.0,0.977,20.83,104.15,86.79,115.0,0.463
0022400826,1610612750,Minnesota,Timberwolves,MIN,timberwolves,265:00,569.6,113.9,556.5,111.3,13.0,2.6,0.659,2.23,18.5,0.259,0.719,0.508,11.304,11.3,0.5,0.574,1.0,0.992,20.83,104.15,86.79,115.0,0.537
0022400822,1610612754,Indiana,Pacers,IND,pacers,240:00,552.4,110.5,601.0,120.2,-48.6,-9.7,0.725,1.61,19.6,0.298,0.605,0.444,17.143,17.1,0.553,0.599,1.0,0.966,20.9,104.5,87.08,105.0,0.447
0022400822,1610612743,Denver,Nuggets,DEN,nuggets,240:00,601.0,120.2,552.4,110.5,48.6,9.7,0.736,1.95,24.4,0.395,0.702,0.556,19.231,19.2,0.606,0.624,1.0,0.983,20.9,104.5,87.08,104.0,0.553
0022400820,1610612750,Minnesota,Timberwolves,MIN,timberwolves,240:00,615.0,123.0,656.6,131.3,-41.6,-8.3,0.59,1.77,16.3,0.36,0.78,0.549,13.0,13.0,0.539,0.607,1.0,0.975,19.9,99.5,82.92,100.0,0.446
0022400820,1610612760,Oklahoma City,Thunder,OKC,thunder,240:00,656.6,131.3,615.0,123.0,41.6,8.3,0.667,2.46,22.9,0.22,0.64,0.451,13.131,13.1,0.669,0.686,1.0,0.991,19.9,99.5,82.92,99.0,0.554
0022400813,1610612754,Indiana,Pacers,IND,pacers,240:00,638.6,127.7,549.5,109.9,89.1,17.8,0.674,2.21,21.7,0.282,0.804,0.578,13.861,13.9,0.619,0.673,1.0,0.955,20.2,101.0,84.17,101.0,0.599
0022400813,1610612746,LA,Clippers,LAC,clippers,240:00,549.5,109.9,638.6,127.7,-89.1,-17.8,0.605,2.09,17.3,0.196,0.718,0.422,10.891,10.9,0.506,0.558,1.0,0.991,20.2,101.0,84.17,101.0,0.401
0022400815,1610612753,Orlando,Magic,ORL,magic,240:00,567.0,113.4,463.9,92.8,103.1,20.6,0.625,1.56,17.7,0.385,0.771,0.57,16.495,16.5,0.506,0.552,1.0,0.966,19.4,97.0,80.83,97.0,0.62
0022400815,1610612764,Washington,Wizards,WAS,wizards,240:00,463.9,92.8,567.0,113.4,-103.1,-20.6,0.688,1.1,17.1,0.229,0.615,0.43,20.619,20.6,0.474,0.513,1.0,0.991,19.4,97.0,80.83,97.0,0.38
0022400812,1610612744,Golden State,Warriors,GSW,warriors,240:00,617.6,123.5,510.0,102.0,107.6,21.5,0.638,3.0,19.7,0.37,0.826,0.58,9.804,9.8,0.541,0.583,1.0,0.967,20.2,101.0,84.17,102.0,0.618
0022400812,1610612742,Dallas,Mavericks,DAL,mavericks,240:00,510.0,102.0,617.6,123.5,-107.6,-21.5,0.632,1.33,18.2,0.174,0.63,0.42,18.0,18.0,0.543,0.564,1.0,1.0,20.2,101.0,84.17,100.0,0.382
0022400819,1610612739,Cleveland,Cavaliers,CLE,cavaliers,240:00,638.6,127.7,621.2,124.2,17.4,3.5,0.543,1.79,16.1,0.508,0.655,0.579,13.861,13.9,0.53,0.564,1.0,0.985,20.0,100.0,83.33,101.0,0.523
0022400819,1610612763,Memphis,Grizzlies,MEM,grizzlies,240:00,621.2,124.2,638.6,127.7,-17.4,-3.5,0.667,2.0,19.2,0.345,0.492,0.421,14.141,14.1,0.538,0.582,1.0,0.992,20.0,100.0,83.33,99.0,0.478
0022400816,1610612761,Toronto,Raptors,TOR,raptors,240:00,622.5,124.5,534.3,106.9,88.2,17.6,0.698,2.14,20.5,0.28,0.844,0.547,13.725,13.7,0.602,0.627,1.0,0.983,20.4,102.0,85.0,102.0,0.535
0022400816,1610612756,Phoenix,Suns,PHX,suns,240:00,534.3,106.9,622.5,124.5,-88.2,-17.6,0.512,1.83,16.8,0.156,0.72,0.453,11.765,11.8,0.547,0.576,1.0,0.972,20.4,102.0,85.0,102.0,0.465
0022400811,1610612738,Boston,Celtics,BOS,celtics,240:00,614.6,122.9,541.2,108.2,73.3,14.7,0.6,2.25,19.9,0.283,0.75,0.531,12.5,12.5,0.588,0.616,1.0,0.972,19.3,96.5,80.42,96.0,0.587
0022400811,1610612752,New York,Knicks,NYK,knicks,240:00,541.2,108.2,614.6,122.9,-73.3,-14.7,0.525,1.91,16.4,0.25,0.717,0.469,11.34,11.3,0.511,0.542,1.0,1.0,19.3,96.5,80.42,97.0,0.413
0022400818,1610612740,New Orleans,Pelicans,NOP,pelicans,240:00,548.1,109.6,461.5,92.3,86.5,17.3,0.643,1.59,17.8,0.382,0.783,0.605,16.346,16.3,0.505,0.541,1.0,0.976,20.8,104.0,86.67,104.0,0.59
0022400818,1610612759,San Antonio,Spurs,SAS,spurs,240:00,461.5,92.3,548.1,109.6,-86.5,-17.3,0.906,2.9,19.6,0.217,0.618,0.395,9.615,9.6,0.407,0.444,1.0,0.992,20.8,104.0,86.67,104.0,0.41
0022400817,1610612749,Milwaukee,Bucks,MIL,bucks,240:00,618.6,123.7,576.5,115.3,42.0,8.4,0.568,2.78,19.2,0.182,0.735,0.473,9.278,9.3,0.593,0.627,1.0,0.99,19.5,97.5,81.25,97.0,0.522
0022400817,1610612748,Miami,Heat,MIA,heat,240:00,576.5,115.3,618.6,123.7,-42.0,-8.4,0.61,2.27,18.4,0.265,0.818,0.527,11.224,11.2,0.517,0.568,1.0,0.964,19.5,97.5,81.25,98.0,0.478
0022400814,1610612737,Atlanta,Hawks,ATL,hawks,240:00,632.7,126.5,649.1,129.8,-16.4,-3.3,0.625,2.31,19.2,0.275,0.738,0.484,11.504,11.5,0.609,0.639,1.0,0.992,22.7,113.5,94.58,113.0,0.465
0022400814,1610612765,Detroit,Pistons,DET,pistons,240:00,649.1,129.8,632.7,126.5,16.4,3.3,0.709,2.05,23.8,0.262,0.725,0.516,16.667,16.7,0.699,0.712,1.0,0.952,22.7,113.5,94.58,114.0,0.535
0022400809,1610612762,Utah,Jazz,UTA,jazz,240:00,613.9,122.8,563.7,112.7,50.1,10.0,0.571,3.5,19.0,0.321,0.746,0.539,7.921,7.9,0.566,0.564,1.0,0.992,20.3,101.5,84.58,101.0,0.54
0022400809,1610612745,Houston,Rockets,HOU,rockets,240:00,563.7,112.7,613.9,122.8,-50.1,-10.0,0.75,4.71,22.3,0.254,0.679,0.461,6.863,6.9,0.525,0.533,1.0,0.991,20.3,101.5,84.58,102.0,0.46
0022400810,1610612757,Portland,Trail Blazers,POR,blazers,240:00,671.4,134.3,419.0,83.8,252.4,50.5,0.725,1.95,23.9,0.35,0.725,0.587,18.095,18.1,0.701,0.713,1.0,0.992,21.0,105.0,87.5,105.0,0.778
0022400810,1610612766,Charlotte,Hornets,CHA,hornets,240:00,419.0,83.8,671.4,134.3,-252.4,-50.5,0.559,1.12,13.4,0.275,0.65,0.413,16.19,16.2,0.372,0.41,1.0,0.976,21.0,105.0,87.5,105.0,0.222
0022400806,1610612741,Chicago,Bulls,CHI,bulls,240:00,568.0,113.6,587.4,117.5,-19.4,-3.9,0.707,3.22,20.0,0.228,0.766,0.471,8.738,8.7,0.51,0.555,1.0,0.983,20.6,103.0,85.83,103.0,0.452
0022400806,1610612756,Phoenix,Suns,PHX,suns,240:00,587.4,117.5,568.0,113.6,19.4,3.9,0.674,2.64,20.3,0.234,0.772,0.529,10.68,10.7,0.539,0.597,1.0,0.982,20.6,103.0,85.83,103.0,0.548
0022400807,1610612755,Philadelphia,76ers,PHI,sixers,240:00,547.9,109.6,564.5,112.9,-16.6,-3.3,0.583,1.62,15.9,0.34,0.7,0.5,13.83,13.8,0.482,0.539,1.0,0.973,18.7,93.5,77.92,94.0,0.468
0022400807,1610612751,Brooklyn,Nets,BKN,nets,240:00,564.5,112.9,547.9,109.6,16.6,3.3,0.659,1.69,20.5,0.3,0.66,0.5,17.204,17.2,0.549,0.588,1.0,0.99,18.7,93.5,77.92,93.0,0.532
0022400808,1610612743,Denver,Nuggets,DEN,nuggets,240:00,520.8,104.2,627.6,125.5,-106.7,-21.3,0.824,1.27,19.3,0.404,0.739,0.561,22.917,22.9,0.494,0.531,1.0,0.983,19.4,97.0,80.83,96.0,0.377
0022400808,1610612747,Los Angeles,Lakers,LAL,lakers,240:00,627.6,125.5,520.8,104.2,106.7,21.3,0.628,3.0,19.7,0.261,0.596,0.439,9.184,9.2,0.593,0.634,1.0,0.955,19.4,97.0,80.83,98.0,0.623
0022400805,1610612758,Sacramento,Kings,SAC,kings,240:00,562.5,112.5,680.4,136.1,-117.9,-23.6,0.65,1.08,19.0,0.375,0.651,0.518,25.0,25.0,0.576,0.621,1.0,0.964,19.3,96.5,80.42,96.0,0.406
0022400805,1610612744,Golden State,Warriors,GSW,warriors,240:00,680.4,136.1,562.5,112.5,117.9,23.6,0.8,3.33,26.3,0.349,0.625,0.482,12.371,12.4,0.645,0.672,1.0,0.973,19.3,96.5,80.42,97.0,0.594
0022400800,1610612761,Toronto,Raptors,TOR,raptors,265:00,544.1,108.8,588.2,117.6,-44.1,-8.8,0.658,1.79,17.4,0.309,0.756,0.51,13.725,13.7,0.511,0.549,1.0,0.966,18.48,92.38,76.98,102.0,0.466
0022400800,1610612748,Miami,Heat,MIA,heat,265:00,588.2,117.6,544.1,108.8,44.1,8.8,0.435,1.43,15.0,0.244,0.691,0.49,13.725,13.7,0.583,0.613,1.0,0.965,18.48,92.38,76.98,102.0,0.534
0022400799,1610612764,Washington,Wizards,WAS,wizards,240:00,495.1,99.0,514.9,103.0,-19.8,-4.0,0.714,1.79,17.7,0.259,0.796,0.515,13.725,13.7,0.471,0.511,1.0,0.974,20.3,101.5,84.58,102.0,0.473
0022400799,1610612749,Milwaukee,Bucks,MIL,bucks,240:00,514.9,103.0,495.1,99.0,19.8,4.0,0.615,1.41,17.8,0.204,0.741,0.485,16.832,16.8,0.53,0.557,1.0,0.982,20.3,101.5,84.58,101.0,0.527
0022400803,1610612742,Dallas,Mavericks,DAL,mavericks,240:00,538.8,107.8,495.2,99.0,43.6,8.7,0.757,2.0,19.7,0.208,0.714,0.468,13.592,13.6,0.523,0.567,1.0,0.982,20.7,103.5,86.25,103.0,0.544
0022400803,1610612740,New Orleans,Pelicans,NOP,pelicans,240:00,495.2,99.0,538.8,107.8,-43.6,-8.7,0.658,1.79,17.2,0.286,0.792,0.532,13.462,13.5,0.457,0.5,1.0,0.975,20.7,103.5,86.25,104.0,0.456
0022400797,1610612739,Cleveland,Cavaliers,CLE,cavaliers,240:00,689.3,137.9,509.7,101.9,179.6,35.9,0.679,2.53,24.8,0.316,0.745,0.562,14.563,14.6,0.712,0.72,1.0,0.983,20.6,103.0,85.83,103.0,0.662
0022400797,1610612752,New York,Knicks,NYK,knicks,240:00,509.7,101.9,689.3,137.9,-179.6,-35.9,0.595,1.47,18.0,0.255,0.684,0.438,16.505,16.5,0.528,0.542,1.0,0.991,20.6,103.0,85.83,103.0,0.338
0022400804,1610612762,Utah,Jazz,UTA,jazz,240:00,524.5,104.9,650.0,130.0,-125.5,-25.1,0.659,1.29,18.2,0.37,0.627,0.495,20.588,20.6,0.539,0.546,1.0,0.959,20.2,101.0,84.17,102.0,0.375
0022400804,1610612760,Oklahoma City,Thunder,OKC,thunder,240:00,650.0,130.0,524.5,104.9,125.5,25.1,0.826,3.17,24.2,0.373,0.63,0.505,12.0,12.0,0.572,0.614,1.0,1.0,20.2,101.0,84.17,100.0,0.625
0022400802,1610612759,San Antonio,Spurs,SAS,spurs,240:00,550.0,110.0,618.8,123.8,-68.8,-13.8,0.628,1.59,19.9,0.196,0.532,0.366,17.0,17.0,0.571,0.587,1.0,0.982,20.1,100.5,83.75,100.0,0.425
0022400802,1610612765,Detroit,Pistons,DET,pistons,240:00,618.8,123.8,550.0,110.0,68.8,13.8,0.66,1.94,20.1,0.468,0.804,0.634,15.842,15.8,0.564,0.603,1.0,0.976,20.1,100.5,83.75,101.0,0.575
0022400801,1610612745,Houston,Rockets,HOU,rockets,240:00,587.4,117.5,552.9,110.6,34.5,6.9,0.429,0.9,13.2,0.326,0.792,0.576,19.417,19.4,0.577,0.617,1.0,0.992,20.7,103.5,86.25,103.0,0.5
0022400801,1610612750,Minnesota,Timberwolves,MIN,timberwolves,240:00,552.9,110.6,587.4,117.5,-34.5,-6.9,0.537,2.44,16.2,0.208,0.674,0.424,8.654,8.7,0.505,0.556,1.0,0.982,20.7,103.5,86.25,104.0,0.5
0022400798,1610612753,Orlando,Magic,ORL,magic,240:00,514.9,103.0,514.7,102.9,0.1,0.0,0.639,1.64,16.3,0.316,0.684,0.5,13.861,13.9,0.46,0.507,1.0,0.983,20.3,101.5,84.58,101.0,0.512
0022400798,1610612763,Memphis,Grizzlies,MEM,grizzlies,240:00,514.7,102.9,514.9,103.0,-0.1,0.0,0.579,1.47,15.8,0.316,0.684,0.5,14.706,14.7,0.451,0.501,1.0,0.991,20.3,101.5,84.58,102.0,0.488
0022400790,1610612737,Atlanta,Hawks,ATL,hawks,240:00,545.5,109.1,575.8,115.2,-30.3,-6.1,0.513,2.22,14.3,0.338,0.735,0.509,9.091,9.1,0.445,0.481,1.0,0.992,19.8,99.0,82.5,99.0,0.432
0022400790,1610612753,Orlando,Magic,ORL,magic,240:00,575.8,115.2,545.5,109.1,30.3,6.1,0.366,1.88,11.8,0.265,0.662,0.491,8.081,8.1,0.518,0.56,1.0,0.973,19.8,99.0,82.5,99.0,0.568
0022400791,1610612751,Brooklyn,Nets,BKN,nets,240:00,480.2,96.0,544.6,108.9,-64.4,-12.9,0.658,1.56,17.1,0.333,0.554,0.44,15.842,15.8,0.453,0.469,1.0,0.975,20.2,101.0,84.17,101.0,0.447
0022400791,1610612739,Cleveland,Cavaliers,CLE,cavaliers,240:00,544.6,108.9,480.2,96.0,64.4,12.9,0.475,1.12,13.2,0.446,0.667,0.56,16.832,16.8,0.484,0.519,1.0,0.984,20.2,101.0,84.17,101.0,0.553
0022400792,1610612752,New York,Knicks,NYK,knicks,265:00,513.6,102.7,504.5,100.9,9.1,1.8,0.609,2.15,18.4,0.258,0.742,0.5,11.818,11.8,0.495,0.507,1.0,0.984,19.92,99.62,83.02,110.0,0.533
0022400792,1610612741,Chicago,Bulls,CHI,bulls,265:00,504.5,100.9,513.6,102.7,-9.1,-1.8,0.585,1.6,16.1,0.258,0.742,0.5,13.636,13.6,0.49,0.513,1.0,0.984,19.92,99.62,83.02,110.0,0.467
0022400795,1610612759,San Antonio,Spurs,SAS,spurs,240:00,582.5,116.5,534.3,106.9,48.2,9.6,0.682,2.73,20.4,0.275,0.864,0.547,10.68,10.7,0.554,0.584,1.0,0.957,20.5,102.5,85.42,103.0,0.555
0022400795,1610612756,Phoenix,Suns,PHX,suns,240:00,534.3,106.9,582.5,116.5,-48.2,-9.6,0.737,1.56,20.6,0.136,0.725,0.453,17.647,17.6,0.568,0.607,1.0,0.991,20.5,102.5,85.42,102.0,0.445
0022400788,1610612754,Indiana,Pacers,IND,pacers,240:00,616.5,123.3,553.9,110.8,62.6,12.5,0.63,2.64,20.3,0.234,0.661,0.472,10.68,10.7,0.599,0.631,1.0,0.956,20.5,102.5,85.42,103.0,0.57
0022400788,1610612763,Memphis,Grizzlies,MEM,grizzlies,240:00,553.9,110.8,616.5,123.3,-62.6,-12.5,0.683,2.15,18.7,0.339,0.766,0.528,12.745,12.7,0.475,0.52,1.0,0.984,20.5,102.5,85.42,102.0,0.43
0022400793,1610612749,Milwaukee,Bucks,MIL,bucks,240:00,591.8,118.4,555.6,111.1,36.3,7.3,0.579,1.22,16.8,0.244,0.714,0.489,18.367,18.4,0.581,0.631,1.0,0.982,19.7,98.5,82.08,98.0,0.496
0022400793,1610612746,LA,Clippers,LAC,clippers,240:00,555.6,111.1,591.8,118.4,-36.3,-7.3,0.683,2.0,19.9,0.286,0.756,0.511,14.141,14.1,0.534,0.571,1.0,0.947,19.7,98.5,82.08,99.0,0.504
0022400789,1610612755,Philadelphia,76ers,PHI,sixers,240:00,541.7,108.3,645.8,129.2,-104.2,-20.8,0.575,2.3,17.3,0.259,0.723,0.475,10.417,10.4,0.473,0.518,1.0,0.982,19.2,96.0,80.0,96.0,0.41
0022400789,1610612738,Boston,Celtics,BOS,celtics,240:00,645.8,129.2,541.7,108.3,104.2,20.8,0.767,3.0,23.2,0.277,0.741,0.525,11.458,11.5,0.618,0.649,1.0,0.963,19.2,96.0,80.0,96.0,0.59
0022400794,1610612743,Denver,Nuggets,DEN,nuggets,240:00,632.4,126.5,569.3,113.9,63.0,12.6,0.592,2.07,19.3,0.373,0.724,0.56,13.725,13.7,0.597,0.614,1.0,0.967,20.3,101.5,84.58,102.0,0.557
0022400794,1610612766,Charlotte,Hornets,CHA,hornets,240:00,569.3,113.9,632.4,126.5,-63.0,-12.6,0.651,2.8,19.3,0.276,0.627,0.44,9.901,9.9,0.51,0.54,1.0,0.991,20.3,101.5,84.58,101.0,0.443
0022400796,1610612757,Portland,Trail Blazers,POR,blazers,240:00,495.1,99.0,528.8,105.8,-33.7,-6.7,0.711,1.59,19.4,0.192,0.659,0.406,16.505,16.5,0.512,0.535,1.0,1.0,20.7,103.5,86.25,103.0,0.461
0022400796,1610612747,Los Angeles,Lakers,LAL,lakers,240:00,528.8,105.8,495.1,99.0,33.7,6.7,0.513,0.83,14.4,0.341,0.808,0.594,23.077,23.1,0.53,0.591,1.0,0.966,20.7,103.5,86.25,104.0,0.539
0022400524,1610612747,Los Angeles,Lakers,LAL,lakers,240:00,480.2,96.0,490.2,98.0,-10.0,-2.0,0.784,1.61,20.1,0.255,0.707,0.487,17.822,17.8,0.494,0.509,1.0,0.991,20.3,101.5,84.58,101.0,0.513
0022400524,1610612766,Charlotte,Hornets,CHA,hornets,240:00,490.2,98.0,480.2,96.0,10.0,2.0,0.606,1.05,14.4,0.293,0.745,0.513,18.627,18.6,0.462,0.508,1.0,0.966,20.3,101.5,84.58,102.0,0.487
0022401004,1610612762,Utah,Jazz,UTA,jazz,265:00,537.0,107.4,555.6,111.1,-18.5,-3.7,0.605,0.88,16.2,0.268,0.707,0.525,24.074,24.1,0.603,0.648,1.0,0.975,19.56,97.81,81.51,108.0,0.485
0022401004,1610612746,LA,Clippers,LAC,clippers,265:00,555.6,111.1,537.0,107.4,18.5,3.7,0.564,1.83,15.1,0.293,0.732,0.475,11.111,11.1,0.489,0.546,1.0,0.976,19.56,97.81,81.51,108.0,0.515
0022400786,1610612742,Dallas,Mavericks,DAL,mavericks,240:00,602.0,120.4,588.5,117.7,13.5,2.7,0.609,2.0,19.6,0.378,0.647,0.521,14.286,14.3,0.583,0.608,1.0,0.957,19.4,97.0,80.83,98.0,0.533
0022400786,1610612748,Miami,Heat,MIA,heat,240:00,588.5,117.7,602.0,120.4,-13.5,-2.7,0.535,1.77,16.8,0.353,0.622,0.479,13.542,13.5,0.527,0.552,1.0,1.0,19.4,97.0,80.83,96.0,0.467
0022400784,1610612745,Houston,Rockets,HOU,rockets,240:00,490.0,98.0,519.8,104.0,-29.8,-6.0,0.632,1.2,16.6,0.379,0.745,0.558,20.0,20.0,0.473,0.486,1.0,1.0,20.1,100.5,83.75,100.0,0.426
0022400784,1610612744,Golden State,Warriors,GSW,warriors,240:00,519.8,104.0,490.0,98.0,29.8,6.0,0.743,2.36,18.6,0.255,0.621,0.442,10.891,10.9,0.455,0.52,1.0,0.974,20.1,100.5,83.75,101.0,0.574
0022400787,1610612750,Minnesota,Timberwolves,MIN,timberwolves,240:00,591.8,118.4,520.6,104.1,71.2,14.2,0.667,2.8,19.0,0.373,0.75,0.55,10.204,10.2,0.485,0.534,1.0,0.975,19.5,97.5,81.25,98.0,0.533
0022400787,1610612760,Oklahoma City,Thunder,OKC,thunder,240:00,520.6,104.1,591.8,118.4,-71.2,-14.2,0.676,2.5,18.5,0.25,0.627,0.45,10.309,10.3,0.46,0.512,1.0,0.982,19.5,97.5,81.25,97.0,0.467
0022400785,1610612740,New Orleans,Pelicans,NOP,pelicans,265:00,625.0,125.0,588.5,117.7,36.5,7.3,0.696,3.2,21.2,0.163,0.6,0.412,8.929,8.9,0.614,0.654,1.0,0.992,20.38,101.89,84.91,112.0,0.538
0022400785,1610612758,Sacramento,Kings,SAC,kings,265:00,588.5,117.7,625.0,125.0,-36.5,-7.3,0.776,2.53,21.6,0.4,0.837,0.588,13.274,13.3,0.513,0.548,1.0,0.978,20.38,101.89,84.91,113.0,0.462
0022400778,1610612760,Oklahoma City,Thunder,OKC,thunder,240:00,592.8,118.6,526.0,105.2,66.7,13.3,0.512,1.69,16.7,0.265,0.75,0.495,13.402,13.4,0.574,0.594,1.0,0.982,19.3,96.5,80.42,97.0,0.525
0022400778,1610612748,Miami,Heat,MIA,heat,240:00,526.0,105.2,592.8,118.6,-66.7,-13.3,0.667,1.5,18.3,0.25,0.735,0.505,16.667,16.7,0.525,0.561,1.0,0.991,19.3,96.5,80.42,96.0,0.475
0022400774,1610612761,Toronto,Raptors,TOR,raptors,240:00,519.2,103.8,629.8,126.0,-110.6,-22.1,0.619,1.73,18.2,0.245,0.654,0.448,14.423,14.4,0.516,0.539,1.0,0.983,20.8,104.0,86.67,104.0,0.402
0022400774,1610612739,Cleveland,Cavaliers,CLE,cavaliers,240:00,629.8,126.0,519.2,103.8,110.6,22.1,0.708,2.62,21.8,0.346,0.755,0.552,12.5,12.5,0.576,0.608,1.0,0.984,20.8,104.0,86.67,104.0,0.598
0022400779,1610612745,Houston,Rockets,HOU,rockets,240:00,589.1,117.8,560.6,112.1,28.5,5.7,0.696,2.91,21.1,0.368,0.705,0.515,10.891,10.9,0.541,0.553,1.0,0.983,20.0,100.0,83.33,101.0,0.531
0022400779,1610612756,Phoenix,Suns,PHX,suns,240:00,560.6,112.1,589.1,117.8,-28.5,-5.7,0.543,1.39,18.2,0.295,0.632,0.485,18.182,18.2,0.573,0.591,1.0,0.991,20.0,100.0,83.33,99.0,0.469
0022400771,1610612764,Washington,Wizards,WAS,wizards,265:00,585.6,117.1,609.1,121.8,-23.5,-4.7,0.617,1.61,19.0,0.275,0.724,0.514,16.216,16.2,0.603,0.625,1.0,0.968,20.02,100.08,83.4,111.0,0.471
0022400771,1610612754,Indiana,Pacers,IND,pacers,265:00,609.1,121.8,585.6,117.1,23.5,4.7,0.76,4.22,23.2,0.276,0.725,0.486,8.182,8.2,0.542,0.579,1.0,0.968,20.02,100.08,83.4,110.0,0.529
0022400780,1610612743,Denver,Nuggets,DEN,nuggets,240:00,622.6,124.5,581.7,116.3,40.9,8.2,0.531,1.86,17.4,0.34,0.722,0.538,13.208,13.2,0.589,0.619,1.0,0.959,21.0,105.0,87.5,106.0,0.546
0022400780,1610612757,Portland,Trail Blazers,POR,blazers,240:00,581.7,116.3,622.6,124.5,-40.9,-8.2,0.628,2.25,18.5,0.278,0.66,0.462,11.538,11.5,0.532,0.567,1.0,0.992,21.0,105.0,87.5,104.0,0.454
0022400770,1610612753,Orlando,Magic,ORL,magic,240:00,548.4,109.7,462.4,92.5,86.0,17.2,0.595,2.0,16.5,0.316,0.816,0.547,11.828,11.8,0.489,0.519,1.0,0.955,18.6,93.0,77.5,93.0,0.561
0022400770,1610612766,Charlotte,Hornets,CHA,hornets,240:00,462.4,92.5,548.4,109.7,-86.0,-17.2,0.656,1.75,17.1,0.184,0.684,0.453,12.903,12.9,0.444,0.491,1.0,0.98,18.6,93.0,77.5,93.0,0.439
0022400783,1610612746,LA,Clippers,LAC,clippers,240:00,603.8,120.8,542.9,108.6,60.9,12.2,0.617,1.71,19.3,0.319,0.735,0.531,16.038,16.0,0.575,0.623,1.0,0.959,21.1,105.5,87.92,106.0,0.613
0022400783,1610612763,Memphis,Grizzlies,MEM,grizzlies,240:00,542.9,108.6,603.8,120.8,-60.9,-12.2,0.545,1.09,16.9,0.265,0.681,0.469,20.952,21.0,0.596,0.596,1.0,0.975,21.1,105.5,87.92,105.0,0.387
0022400772,1610612751,Brooklyn,Nets,BKN,nets,240:00,531.9,106.4,510.6,102.1,21.3,4.3,0.575,1.28,17.0,0.383,0.723,0.553,19.149,19.1,0.518,0.546,1.0,0.964,18.8,94.0,78.33,94.0,0.523
0022400772,1610612755,Philadelphia,76ers,PHI,sixers,240:00,510.6,102.1,531.9,106.4,-21.3,-4.3,0.714,1.67,18.9,0.277,0.617,0.447,15.957,16.0,0.481,0.529,1.0,0.972,18.8,94.0,78.33,94.0,0.477
0022400773,1610612752,New York,Knicks,NYK,knicks,265:00,636.8,127.4,632.5,126.5,4.3,0.9,0.519,1.56,17.8,0.279,0.567,0.447,15.385,15.4,0.633,0.676,1.0,0.969,21.19,105.96,88.3,117.0,0.493
0022400773,1610612737,Atlanta,Hawks,ATL,hawks,265:00,632.5,126.5,636.8,127.4,-4.3,-0.9,0.782,3.07,23.1,0.433,0.721,0.553,11.966,12.0,0.564,0.59,1.0,0.972,21.19,105.96,88.3,117.0,0.507
0022400782,1610612742,Dallas,Mavericks,DAL,mavericks,240:00,560.6,112.1,545.9,109.2,14.7,2.9,0.476,1.33,15.3,0.261,0.614,0.456,15.152,15.2,0.569,0.593,1.0,0.964,19.7,98.5,82.08,99.0,0.5
0022400782,1610612744,Golden State,Warriors,GSW,warriors,240:00,545.9,109.2,560.6,112.1,-14.7,-2.9,0.707,1.81,19.5,0.386,0.739,0.544,16.327,16.3,0.479,0.515,1.0,0.983,19.7,98.5,82.08,98.0,0.5
0022400769,1610612738,Boston,Celtics,BOS,celtics,240:00,580.0,116.0,520.2,104.0,59.8,12.0,0.595,1.47,17.1,0.404,0.8,0.607,17.0,17.0,0.56,0.579,1.0,0.959,19.9,99.5,82.92,100.0,0.533
0022400769,1610612759,San Antonio,Spurs,SAS,spurs,240:00,520.2,104.0,580.0,116.0,-59.8,-12.0,0.714,3.75,21.4,0.2,0.596,0.393,8.081,8.1,0.484,0.508,1.0,0.991,19.9,99.5,82.92,99.0,0.467
0022400775,1610612741,Chicago,Bulls,CHI,bulls,240:00,523.8,104.8,609.5,121.9,-85.7,-17.1,0.622,1.28,16.3,0.28,0.644,0.453,17.143,17.1,0.483,0.554,1.0,0.975,21.0,105.0,87.5,105.0,0.4
0022400775,1610612765,Detroit,Pistons,DET,pistons,240:00,609.5,121.9,523.8,104.8,85.7,17.1,0.667,1.76,20.0,0.356,0.72,0.547,16.19,16.2,0.568,0.619,1.0,0.983,21.0,105.0,87.5,105.0,0.6
0022400781,1610612762,Utah,Jazz,UTA,jazz,240:00,629.8,126.0,566.7,113.3,63.1,12.6,0.667,2.5,20.7,0.25,0.702,0.505,11.538,11.5,0.61,0.652,1.0,0.991,20.9,104.5,87.08,104.0,0.586
0022400781,1610612747,Los Angeles,Lakers,LAL,lakers,240:00,566.7,113.3,629.8,126.0,-63.1,-12.6,0.756,2.21,20.5,0.298,0.75,0.495,13.333,13.3,0.554,0.566,1.0,0.992,20.9,104.5,87.08,105.0,0.414
0022400776,1610612750,Minnesota,Timberwolves,MIN,timberwolves,240:00,481.0,96.2,490.5,98.1,-9.5,-1.9,0.692,1.93,17.9,0.288,0.882,0.547,13.333,13.3,0.427,0.461,1.0,0.976,21.0,105.0,87.5,105.0,0.484
0022400776,1610612749,Milwaukee,Bucks,MIL,bucks,240:00,490.5,98.1,481.0,96.2,9.5,1.9,0.615,1.85,17.8,0.118,0.712,0.453,12.381,12.4,0.511,0.542,1.0,0.973,21.0,105.0,87.5,105.0,0.516
0022400777,1610612740,New Orleans,Pelicans,NOP,pelicans,240:00,572.2,114.4,607.1,121.4,-35.0,-7.0,0.636,3.11,20.1,0.269,0.66,0.461,9.278,9.3,0.511,0.545,1.0,0.982,19.5,97.5,81.25,97.0,0.458
0022400777,1610612758,Sacramento,Kings,SAC,kings,240:00,607.1,121.4,572.2,114.4,35.0,7.0,0.683,2.55,19.7,0.34,0.731,0.539,11.224,11.2,0.563,0.596,1.0,0.982,19.5,97.5,81.25,98.0,0.542
0022400764,1610612755,Philadelphia,76ers,PHI,sixers,240:00,509.9,102.0,524.8,105.0,-14.9,-3.0,0.595,1.57,15.8,0.286,0.733,0.485,13.861,13.9,0.456,0.507,1.0,0.983,20.2,101.0,84.17,101.0,0.47
0022400764,1610612761,Toronto,Raptors,TOR,raptors,240:00,524.8,105.0,509.9,102.0,14.9,3.0,0.605,1.21,16.9,0.267,0.714,0.515,18.812,18.8,0.53,0.575,1.0,0.965,20.2,101.0,84.17,101.0,0.53
0022400767,1610612756,Phoenix,Suns,PHX,suns,240:00,533.3,106.7,561.3,112.3,-28.0,-5.6,0.854,2.92,23.6,0.173,0.645,0.43,11.429,11.4,0.511,0.551,1.0,0.991,21.1,105.5,87.92,105.0,0.527
0022400767,1610612763,Memphis,Grizzlies,MEM,grizzlies,240:00,561.3,112.3,533.3,106.7,28.0,5.6,0.512,1.69,14.8,0.355,0.827,0.57,12.264,12.3,0.49,0.532,1.0,0.984,21.1,105.5,87.92,106.0,0.473
0022400766,1610612741,Chicago,Bulls,CHI,bulls,240:00,438.1,87.6,640.8,128.2,-202.7,-40.5,0.629,1.38,14.8,0.329,0.711,0.478,15.238,15.2,0.4,0.425,1.0,0.961,20.8,104.0,86.67,105.0,0.3
0022400766,1610612765,Detroit,Pistons,DET,pistons,240:00,640.8,128.2,438.1,87.6,202.7,40.5,0.588,2.0,20.5,0.289,0.671,0.522,14.563,14.6,0.625,0.649,1.0,0.991,20.8,104.0,86.67,103.0,0.7
0022400765,1610612754,Indiana,Pacers,IND,pacers,240:00,563.7,112.7,640.0,128.0,-76.3,-15.3,0.744,3.2,21.9,0.245,0.636,0.43,9.804,9.8,0.534,0.572,1.0,0.965,20.2,101.0,84.17,102.0,0.455
0022400765,1610612752,New York,Knicks,NYK,knicks,240:00,640.0,128.0,563.7,112.7,76.3,15.3,0.755,2.31,24.2,0.364,0.755,0.57,16.0,16.0,0.593,0.633,1.0,0.983,20.2,101.0,84.17,100.0,0.545
0022400768,1610612747,Los Angeles,Lakers,LAL,lakers,240:00,622.6,124.5,528.0,105.6,94.6,18.9,0.56,2.15,19.4,0.233,0.75,0.505,12.264,12.3,0.625,0.661,1.0,0.957,21.3,106.5,88.75,106.0,0.576
0022400768,1610612762,Utah,Jazz,UTA,jazz,240:00,528.0,105.6,622.6,124.5,-94.6,-18.9,0.744,1.53,19.6,0.25,0.767,0.495,17.757,17.8,0.536,0.589,1.0,0.966,21.3,106.5,88.75,107.0,0.424
0022400760,1610612749,Milwaukee,Bucks,MIL,bucks,240:00,528.6,105.7,601.0,120.2,-72.4,-14.5,0.474,0.9,13.6,0.209,0.698,0.479,19.048,19.0,0.566,0.61,1.0,0.974,20.9,104.5,87.08,105.0,0.401
0022400760,1610612744,Golden State,Warriors,GSW,warriors,240:00,601.0,120.2,528.6,105.7,72.4,14.5,0.659,3.0,18.4,0.302,0.791,0.521,8.654,8.7,0.511,0.57,1.0,0.992,20.9,104.5,87.08,104.0,0.599
0022400762,1610612742,Dallas,Mavericks,DAL,mavericks,265:00,576.6,115.3,586.4,117.3,-9.8,-2.0,0.633,2.38,20.5,0.18,0.63,0.396,11.712,11.7,0.595,0.606,1.0,0.958,20.02,100.08,83.4,111.0,0.503
0022400762,1610612758,Sacramento,Kings,SAC,kings,265:00,586.4,117.3,576.6,115.3,9.8,2.0,0.528,1.33,18.1,0.37,0.82,0.604,19.091,19.1,0.599,0.618,1.0,0.976,20.02,100.08,83.4,110.0,0.497
0022400756,1610612753,Orlando,Magic,ORL,magic,240:00,535.4,107.1,554.5,110.9,-19.1,-3.8,0.595,1.22,16.9,0.205,0.8,0.488,18.182,18.2,0.551,0.598,1.0,0.972,20.0,100.0,83.33,99.0,0.448
0022400756,1610612737,Atlanta,Hawks,ATL,hawks,240:00,554.5,110.9,535.4,107.1,19.1,3.8,0.763,1.71,21.0,0.2,0.795,0.512,16.832,16.8,0.571,0.627,1.0,0.954,20.0,100.0,83.33,101.0,0.552
0022400758,1610612751,Brooklyn,Nets,BKN,nets,240:00,516.0,103.2,478.5,95.7,37.5,7.5,0.649,1.41,16.8,0.456,0.646,0.543,18.085,18.1,0.452,0.489,1.0,0.966,18.7,93.5,77.92,94.0,0.516
0022400758,1610612766,Charlotte,Hornets,CHA,hornets,240:00,478.5,95.7,516.0,103.2,-37.5,-7.5,0.563,1.0,14.1,0.354,0.544,0.457,19.355,19.4,0.449,0.493,1.0,0.982,18.7,93.5,77.92,93.0,0.484
0022400759,1610612748,Miami,Heat,MIA,heat,240:00,462.0,92.4,559.8,112.0,-97.8,-19.6,0.677,5.25,16.8,0.197,0.87,0.486,4.348,4.3,0.397,0.435,1.0,0.981,18.4,92.0,76.67,92.0,0.396
0022400759,1610612738,Boston,Celtics,BOS,celtics,240:00,559.8,112.0,462.0,92.4,97.8,19.6,0.615,3.0,19.7,0.13,0.803,0.514,8.696,8.7,0.559,0.582,1.0,0.959,18.4,92.0,76.67,92.0,0.604
0022400761,1610612760,Oklahoma City,Thunder,OKC,thunder,240:00,665.0,133.0,500.0,100.0,165.0,33.0,0.592,2.64,19.9,0.292,0.686,0.495,10.68,10.7,0.658,0.671,1.0,0.957,20.4,102.0,85.0,103.0,0.673
0022400761,1610612740,New Orleans,Pelicans,NOP,pelicans,240:00,500.0,100.0,665.0,133.0,-165.0,-33.0,0.528,0.83,14.0,0.314,0.708,0.505,22.772,22.8,0.5,0.535,1.0,0.991,20.4,102.0,85.0,101.0,0.327
0022400763,1610612743,Denver,Nuggets,DEN,nuggets,240:00,730.0,146.0,573.5,114.7,156.5,31.3,0.733,4.4,28.9,0.25,0.706,0.53,10.0,10.0,0.703,0.731,1.0,0.981,20.2,101.0,84.17,100.0,0.662
0022400763,1610612757,Portland,Trail Blazers,POR,blazers,240:00,573.5,114.7,730.0,146.0,-156.5,-31.3,0.625,1.56,17.7,0.294,0.75,0.47,15.686,15.7,0.54,0.588,1.0,0.983,20.2,101.0,84.17,102.0,0.338
0022400757,1610612764,Washington,Wizards,WAS,wizards,240:00,587.4,117.5,648.5,129.7,-61.1,-12.2,0.578,1.86,17.9,0.327,0.727,0.516,13.592,13.6,0.559,0.597,1.0,0.966,20.4,102.0,85.0,103.0,0.439
0022400757,1610612759,San Antonio,Spurs,SAS,spurs,240:00,648.5,129.7,587.4,117.5,61.1,12.2,0.622,2.33,19.9,0.273,0.673,0.484,11.881,11.9,0.608,0.65,1.0,0.991,20.4,102.0,85.0,101.0,0.561
0022400755,1610612739,Cleveland,Cavaliers,CLE,cavaliers,240:00,633.7,126.7,529.7,105.9,104.0,20.8,0.563,1.59,18.6,0.354,0.649,0.514,16.832,16.8,0.601,0.623,1.0,0.983,20.2,101.0,84.17,101.0,0.612
0022400755,1610612750,Minnesota,Timberwolves,MIN,timberwolves,240:00,529.7,105.9,633.7,126.7,-104.0,-20.8,0.472,1.06,12.3,0.351,0.646,0.486,15.842,15.8,0.467,0.518,1.0,0.992,20.2,101.0,84.17,101.0,0.388
0022400754,1610612749,Milwaukee,Bucks,MIL,bucks,240:00,649.0,129.8,628.7,125.7,20.3,4.1,0.63,2.42,18.6,0.39,0.795,0.563,11.538,11.5,0.552,0.593,1.0,0.976,20.5,102.5,85.42,104.0,0.505
0022400754,1610612755,Philadelphia,76ers,PHI,sixers,240:00,628.7,125.7,649.0,129.8,-20.3,-4.1,0.596,2.0,20.3,0.205,0.61,0.437,13.861,13.9,0.629,0.652,1.0,1.0,20.5,102.5,85.42,101.0,0.495
0022400752,1610612765,Detroit,Pistons,DET,pistons,240:00,608.7,121.7,548.4,109.7,60.3,12.1,0.705,2.82,22.1,0.347,0.739,0.537,11.957,12.0,0.55,0.577,1.0,0.991,18.5,92.5,77.08,92.0,0.561
0022400752,1610612766,Charlotte,Hornets,CHA,hornets,240:00,548.4,109.7,608.7,121.7,-60.3,-12.1,0.735,1.79,19.2,0.261,0.653,0.463,15.054,15.1,0.532,0.579,1.0,0.971,18.5,92.5,77.08,93.0,0.439
0022400753,1610612745,Houston,Rockets,HOU,rockets,240:00,479.6,95.9,443.9,88.8,35.7,7.1,0.548,1.13,13.1,0.276,0.817,0.551,15.306,15.3,0.419,0.478,1.0,0.991,19.6,98.0,81.67,98.0,0.541
0022400753,1610612761,Toronto,Raptors,TOR,raptors,240:00,443.9,88.8,479.6,95.9,-35.7,-7.1,0.576,1.9,15.0,0.183,0.724,0.449,10.204,10.2,0.411,0.446,1.0,0.991,19.6,98.0,81.67,98.0,0.459
0022400748,1610612752,New York,Knicks,NYK,knicks,240:00,547.4,109.5,689.5,137.9,-142.1,-28.4,0.457,1.78,13.1,0.224,0.667,0.429,9.474,9.5,0.476,0.543,1.0,0.981,19.0,95.0,79.17,95.0,0.383
0022400748,1610612738,Boston,Celtics,BOS,celtics,240:00,689.5,137.9,547.4,109.5,142.1,28.4,0.457,1.91,16.2,0.333,0.776,0.571,11.579,11.6,0.653,0.685,1.0,0.972,19.0,95.0,79.17,95.0,0.617
0022400745,1610612741,Chicago,Bulls,CHI,bulls,240:00,555.0,111.0,660.0,132.0,-105.0,-21.0,0.686,1.41,17.6,0.261,0.596,0.43,17.0,17.0,0.551,0.599,1.0,0.982,20.0,100.0,83.33,100.0,0.405
0022400745,1610612744,Golden State,Warriors,GSW,warriors,240:00,660.0,132.0,555.0,111.0,105.0,21.0,0.756,2.27,22.2,0.404,0.739,0.57,15.0,15.0,0.606,0.648,1.0,0.966,20.0,100.0,83.33,100.0,0.595
0022400743,1610612753,Orlando,Magic,ORL,magic,240:00,577.3,115.5,572.2,114.4,5.2,1.0,0.422,1.27,14.4,0.362,0.865,0.583,15.464,15.5,0.568,0.579,1.0,0.982,19.4,97.0,80.83,97.0,0.454
0022400743,1610612759,San Antonio,Spurs,SAS,spurs,240:00,572.2,114.4,577.3,115.5,-5.2,-1.0,0.659,1.93,20.9,0.135,0.638,0.417,14.433,14.4,0.617,0.647,1.0,0.98,19.4,97.0,80.83,97.0,0.546
0022400751,1610612746,LA,Clippers,LAC,clippers,240:00,643.6,128.7,544.6,108.9,99.0,19.8,0.706,2.4,24.3,0.275,0.739,0.523,14.851,14.9,0.642,0.668,1.0,0.973,20.2,101.0,84.17,101.0,0.597
0022400751,1610612762,Utah,Jazz,UTA,jazz,240:00,544.6,108.9,643.6,128.7,-99.0,-19.8,0.667,1.3,18.7,0.261,0.725,0.477,19.802,19.8,0.572,0.605,1.0,0.973,20.2,101.0,84.17,101.0,0.403
0022400741,1610612742,Dallas,Mavericks,DAL,mavericks,240:00,623.7,124.7,564.5,112.9,59.1,11.8,0.564,3.67,17.1,0.304,0.548,0.444,6.452,6.5,0.542,0.592,1.0,0.972,18.6,93.0,77.5,93.0,0.605
0022400741,1610612745,Houston,Rockets,HOU,rockets,240:00,564.5,112.9,623.7,124.7,-59.1,-11.8,0.525,2.33,14.8,0.452,0.696,0.556,9.677,9.7,0.44,0.479,1.0,0.975,18.6,93.0,77.5,93.0,0.395
0022400746,1610612763,Memphis,Grizzlies,MEM,grizzlies,240:00,565.7,113.1,625.0,125.0,-59.3,-11.9,0.583,1.62,15.9,0.245,0.581,0.432,13.131,13.1,0.519,0.57,1.0,0.991,19.9,99.5,82.92,99.0,0.458
0022400746,1610612760,Oklahoma City,Thunder,OKC,thunder,240:00,625.0,125.0,565.7,113.1,59.3,11.9,0.644,3.22,18.7,0.419,0.755,0.568,9.0,9.0,0.514,0.547,1.0,0.968,19.9,99.5,82.92,100.0,0.542
0022400750,1610612758,Sacramento,Kings,SAC,kings,240:00,554.1,110.8,531.5,106.3,22.5,4.5,0.558,1.33,16.0,0.283,0.857,0.559,16.216,16.2,0.533,0.583,1.0,0.984,22.2,111.0,92.5,111.0,0.517
0022400750,1610612740,New Orleans,Pelicans,NOP,pelicans,240:00,531.5,106.3,554.1,110.8,-22.5,-4.5,0.628,1.69,18.6,0.143,0.717,0.441,14.414,14.4,0.556,0.584,1.0,0.983,22.2,111.0,92.5,111.0,0.483
0022400749,1610612756,Phoenix,Suns,PHX,suns,240:00,570.7,114.1,663.0,132.6,-92.4,-18.5,0.658,4.17,18.2,0.323,0.583,0.436,6.522,6.5,0.474,0.502,1.0,0.982,18.4,92.0,76.67,92.0,0.397
0022400749,1610612743,Denver,Nuggets,DEN,nuggets,240:00,663.0,132.6,570.7,114.1,92.4,18.5,0.622,2.8,20.0,0.417,0.677,0.564,10.87,10.9,0.576,0.613,1.0,0.973,18.4,92.0,76.67,92.0,0.603
0022400744,1610612764,Washington,Wizards,WAS,wizards,240:00,518.7,103.7,589.6,117.9,-70.9,-14.2,0.634,1.44,17.3,0.321,0.788,0.552,16.822,16.8,0.489,0.543,1.0,0.968,21.3,106.5,88.75,107.0,0.452
0022400744,1610612737,Atlanta,Hawks,ATL,hawks,240:00,589.6,117.9,518.7,103.7,70.9,14.2,0.766,3.0,23.5,0.212,0.679,0.448,11.321,11.3,0.577,0.598,1.0,0.983,21.3,106.5,88.75,106.0,0.548
0022400742,1610612747,Los Angeles,Lakers,LAL,lakers,240:00,613.9,122.8,579.2,115.8,34.7,6.9,0.63,1.93,20.3,0.302,0.745,0.543,14.851,14.9,0.585,0.632,1.0,0.974,20.2,101.0,84.17,101.0,0.534
0022400742,1610612754,Indiana,Pacers,IND,pacers,240:00,579.2,115.8,613.9,122.8,-34.7,-6.9,0.73,2.45,19.1,0.255,0.698,0.457,10.891,10.9,0.494,0.579,1.0,0.974,20.2,101.0,84.17,101.0,0.466
0022400747,1610612750,Minnesota,Timberwolves,MIN,timberwolves,240:00,558.8,111.8,485.1,97.0,73.7,14.7,0.535,1.64,17.2,0.214,0.649,0.465,13.725,13.7,0.585,0.604,1.0,0.973,20.3,101.5,84.58,102.0,0.612
0022400747,1610612757,Portland,Trail Blazers,POR,blazers,240:00,485.1,97.0,558.8,111.8,-73.7,-14.7,0.486,1.06,12.9,0.351,0.786,0.535,16.832,16.8,0.44,0.482,1.0,0.992,20.3,101.5,84.58,101.0,0.388
0022400736,1610612737,Atlanta,Hawks,ATL,hawks,240:00,563.7,112.7,534.0,106.8,29.7,5.9,0.644,2.64,20.4,0.22,0.818,0.533,10.784,10.8,0.56,0.575,1.0,0.982,20.5,102.5,85.42,102.0,0.546
0022400736,1610612749,Milwaukee,Bucks,MIL,bucks,240:00,534.0,106.8,563.7,112.7,-29.7,-5.9,0.683,2.8,20.0,0.182,0.78,0.467,9.709,9.7,0.526,0.548,1.0,0.982,20.5,102.5,85.42,103.0,0.454
0022400740,1610612756,Phoenix,Suns,PHX,suns,265:00,625.0,125.0,588.0,117.6,37.0,7.4,0.66,3.88,20.0,0.276,0.563,0.434,7.407,7.4,0.558,0.596,1.0,0.976,19.56,97.81,81.51,108.0,0.544
0022400740,1610612762,Utah,Jazz,UTA,jazz,265:00,588.0,117.6,625.0,125.0,-37.0,-7.4,0.604,2.42,17.4,0.437,0.724,0.566,11.111,11.1,0.466,0.505,1.0,0.978,19.56,97.81,81.51,108.0,0.456
0022400739,1610612760,Oklahoma City,Thunder,OKC,thunder,240:00,623.7,124.7,573.7,114.7,50.0,10.0,0.605,2.17,19.1,0.295,0.691,0.515,12.371,12.4,0.565,0.62,1.0,0.964,19.2,96.0,80.0,97.0,0.58
0022400739,1610612761,Toronto,Raptors,TOR,raptors,240:00,573.7,114.7,623.7,124.7,-50.0,-10.0,0.795,2.58,21.7,0.309,0.705,0.485,12.632,12.6,0.533,0.549,1.0,1.0,19.2,96.0,80.0,95.0,0.42
0022400737,1610612751,Brooklyn,Nets,BKN,nets,240:00,542.6,108.5,457.4,91.5,85.1,17.0,0.436,1.21,12.7,0.426,0.724,0.58,14.894,14.9,0.473,0.505,1.0,0.983,18.8,94.0,78.33,94.0,0.608
0022400737,1610612748,Miami,Heat,MIA,heat,240:00,457.4,91.5,542.6,108.5,-85.1,-17.0,0.719,1.64,17.3,0.276,0.574,0.42,14.894,14.9,0.422,0.451,1.0,0.982,18.8,94.0,78.33,94.0,0.392
0022400734,1610612766,Charlotte,Hornets,CHA,hornets,240:00,609.4,121.9,597.9,119.6,11.4,2.3,0.702,3.0,22.4,0.352,0.722,0.537,11.458,11.5,0.55,0.564,1.0,1.0,19.3,96.5,80.42,96.0,0.514
0022400734,1610612759,San Antonio,Spurs,SAS,spurs,240:00,597.9,119.6,609.4,121.9,-11.4,-2.3,0.595,3.13,18.4,0.278,0.648,0.463,8.247,8.2,0.522,0.566,1.0,0.982,19.3,96.5,80.42,97.0,0.486
0022400738,1610612765,Detroit,Pistons,DET,pistons,240:00,625.0,125.0,549.0,109.8,76.0,15.2,0.727,2.13,20.5,0.414,0.818,0.588,15.0,15.0,0.541,0.576,1.0,0.992,20.2,101.0,84.17,100.0,0.519
0022400738,1610612755,Philadelphia,76ers,PHI,sixers,240:00,549.0,109.8,625.0,125.0,-76.0,-15.2,0.634,2.0,19.1,0.182,0.586,0.412,12.745,12.7,0.572,0.61,1.0,0.964,20.2,101.0,84.17,102.0,0.481
0022400735,1610612764,Washington,Wizards,WAS,wizards,240:00,613.9,122.8,663.4,132.7,-49.5,-9.9,0.543,1.67,17.1,0.377,0.617,0.49,14.851,14.9,0.574,0.59,1.0,0.967,20.2,101.0,84.17,101.0,0.432
0022400735,1610612739,Cleveland,Cavaliers,CLE,cavaliers,240:00,663.4,132.7,613.9,122.8,49.5,9.9,0.667,2.29,21.2,0.383,0.623,0.51,13.861,13.9,0.596,0.641,1.0,0.983,20.2,101.0,84.17,101.0,0.568
0022400728,1610612738,Boston,Celtics,BOS,celtics,240:00,625.0,125.0,661.5,132.3,-36.5,-7.3,0.652,2.14,21.7,0.318,0.707,0.506,14.583,14.6,0.607,0.628,1.0,1.0,19.2,96.0,80.0,96.0,0.46
0022400728,1610612742,Dallas,Mavericks,DAL,mavericks,240:00,661.5,132.3,625.0,125.0,36.5,7.3,0.653,2.91,22.9,0.293,0.682,0.494,11.458,11.5,0.642,0.662,1.0,0.954,19.2,96.0,80.0,96.0,0.54
0022400729,1610612750,Minnesota,Timberwolves,MIN,timberwolves,240:00,654.6,130.9,593.8,118.8,60.9,12.2,0.511,1.77,16.1,0.451,0.696,0.567,13.402,13.4,0.564,0.607,1.0,0.975,19.3,96.5,80.42,97.0,0.506
0022400729,1610612745,Houston,Rockets,HOU,rockets,240:00,593.8,118.8,654.6,130.9,-60.9,-12.2,0.634,2.17,19.1,0.304,0.549,0.433,12.5,12.5,0.56,0.592,1.0,0.973,19.3,96.5,80.42,96.0,0.494
0022400731,1610612747,Los Angeles,Lakers,LAL,lakers,240:00,588.2,117.6,538.5,107.7,49.8,10.0,0.667,1.86,19.1,0.195,0.667,0.481,13.725,13.7,0.583,0.639,1.0,0.982,20.6,103.0,85.83,102.0,0.594
0022400731,1610612744,Golden State,Warriors,GSW,warriors,240:00,538.5,107.7,588.2,117.6,-49.8,-10.0,0.707,2.42,18.8,0.333,0.805,0.519,11.538,11.5,0.485,0.51,1.0,0.968,20.6,103.0,85.83,104.0,0.406
0022400733,1610612746,LA,Clippers,LAC,clippers,240:00,554.5,110.9,577.7,115.5,-23.2,-4.6,0.61,1.32,17.9,0.286,0.722,0.515,18.812,18.8,0.563,0.584,1.0,1.0,20.4,102.0,85.0,101.0,0.44
0022400733,1610612754,Indiana,Pacers,IND,pacers,240:00,577.7,115.5,554.5,110.9,23.2,4.6,0.721,3.88,20.8,0.278,0.714,0.485,7.767,7.8,0.521,0.564,1.0,0.958,20.4,102.0,85.0,103.0,0.56
0022400732,1610612757,Portland,Trail Blazers,POR,blazers,240:00,556.7,111.3,520.4,104.1,36.3,7.3,0.641,1.92,18.1,0.302,0.731,0.514,13.402,13.4,0.522,0.551,1.0,0.991,19.5,97.5,81.25,97.0,0.521
0022400732,1610612758,Sacramento,Kings,SAC,kings,240:00,520.4,104.1,556.7,111.3,-36.3,-7.3,0.568,1.91,15.8,0.269,0.698,0.486,11.224,11.2,0.477,0.522,1.0,0.964,19.5,97.5,81.25,98.0,0.479
0022400730,1610612743,Denver,Nuggets,DEN,nuggets,240:00,565.7,113.1,459.2,91.8,106.5,21.3,0.75,1.65,22.3,0.356,0.75,0.574,20.202,20.2,0.602,0.607,1.0,0.957,19.7,98.5,82.08,99.0,0.613
0022400730,1610612753,Orlando,Magic,ORL,magic,240:00,459.2,91.8,565.7,113.1,-106.5,-21.3,0.677,1.5,15.8,0.25,0.644,0.426,14.286,14.3,0.399,0.463,1.0,0.982,19.7,98.5,82.08,98.0,0.387
0022400725,1610612762,Utah,Jazz,UTA,jazz,240:00,623.8,124.8,603.8,120.8,20.0,4.0,0.625,2.31,20.1,0.298,0.667,0.5,12.381,12.4,0.592,0.631,1.0,0.958,21.1,105.5,87.92,105.0,0.535
0022400725,1610612744,Golden State,Warriors,GSW,warriors,240:00,603.8,120.8,623.8,124.8,-20.0,-4.0,0.717,3.67,21.0,0.333,0.702,0.5,8.491,8.5,0.545,0.572,1.0,0.976,21.1,105.5,87.92,106.0,0.465
0022400719,1610612737,Atlanta,Hawks,ATL,hawks,240:00,578.7,115.7,588.8,117.8,-10.1,-2.0,0.688,1.65,21.4,0.289,0.75,0.536,18.519,18.5,0.615,0.632,1.0,0.975,21.5,107.5,89.58,108.0,0.487
0022400719,1610612759,San Antonio,Spurs,SAS,spurs,240:00,588.8,117.8,578.7,115.7,10.1,2.0,0.706,3.6,23.1,0.25,0.711,0.464,9.346,9.3,0.564,0.583,1.0,0.992,21.5,107.5,89.58,107.0,0.513
0022400717,1610612766,Charlotte,Hornets,CHA,hornets,240:00,548.4,109.7,608.7,121.7,-60.3,-12.1,0.553,2.63,16.7,0.264,0.85,0.516,8.602,8.6,0.494,0.527,1.0,0.99,18.5,92.5,77.08,93.0,0.422
0022400717,1610612749,Milwaukee,Bucks,MIL,bucks,240:00,608.7,121.7,548.4,109.7,60.3,12.1,0.634,2.36,21.0,0.15,0.736,0.484,11.957,12.0,0.617,0.646,1.0,0.969,18.5,92.5,77.08,92.0,0.578
0022400720,1610612751,Brooklyn,Nets,BKN,nets,240:00,548.4,109.7,639.8,128.0,-91.4,-18.3,0.722,2.6,19.7,0.265,0.737,0.471,10.753,10.8,0.512,0.548,1.0,0.981,18.6,93.0,77.5,93.0,0.4
0022400720,1610612764,Washington,Wizards,WAS,wizards,240:00,639.8,128.0,548.4,109.7,91.4,18.3,0.909,2.67,28.0,0.263,0.735,0.529,16.129,16.1,0.667,0.683,1.0,0.971,18.6,93.0,77.5,93.0,0.6
0022400726,1610612743,Denver,Nuggets,DEN,nuggets,240:00,699.0,139.8,566.7,113.3,132.4,26.5,0.702,4.44,25.5,0.326,0.75,0.558,8.738,8.7,0.65,0.675,1.0,0.974,20.8,104.0,86.67,103.0,0.6
0022400726,1610612740,New Orleans,Pelicans,NOP,pelicans,240:00,566.7,113.3,699.0,139.8,-132.4,-26.5,0.605,2.36,18.1,0.25,0.674,0.442,10.476,10.5,0.516,0.57,1.0,0.966,20.8,104.0,86.67,105.0,0.4
0022400724,1610612760,Oklahoma City,Thunder,OKC,thunder,240:00,679.6,135.9,524.0,104.8,155.6,31.1,0.462,4.0,16.4,0.358,0.85,0.57,5.825,5.8,0.569,0.615,1.0,0.984,20.7,103.5,86.25,103.0,0.601
0022400724,1610612756,Phoenix,Suns,PHX,suns,240:00,524.0,104.8,679.6,135.9,-155.6,-31.1,0.727,1.09,18.0,0.15,0.642,0.43,21.154,21.2,0.571,0.645,1.0,0.945,20.7,103.5,86.25,104.0,0.399
0022400718,1610612765,Detroit,Pistons,DET,pistons,240:00,575.0,115.0,584.2,116.8,-9.2,-1.8,0.564,1.83,15.2,0.377,0.652,0.495,12.0,12.0,0.459,0.521,1.0,0.976,20.1,100.5,83.75,100.0,0.48
0022400718,1610612739,Cleveland,Cavaliers,CLE,cavaliers,240:00,584.2,116.8,575.0,115.0,9.2,1.8,0.683,1.17,19.3,0.348,0.623,0.505,23.762,23.8,0.576,0.617,1.0,0.974,20.1,100.5,83.75,101.0,0.52
0022400723,1610612750,Minnesota,Timberwolves,MIN,timberwolves,240:00,668.4,133.7,568.4,113.7,100.0,20.0,0.643,2.45,18.0,0.483,0.787,0.619,11.579,11.6,0.531,0.576,1.0,0.992,19.0,95.0,79.17,95.0,0.571
0022400723,1610612741,Chicago,Bulls,CHI,bulls,240:00,568.4,113.7,668.4,133.7,-100.0,-20.0,0.625,2.27,19.2,0.213,0.517,0.381,11.579,11.6,0.554,0.583,1.0,0.962,19.0,95.0,79.17,95.0,0.429
0022400727,1610612758,Sacramento,Kings,SAC,kings,240:00,578.1,115.6,677.1,135.4,-99.0,-19.8,0.575,1.21,17.0,0.372,0.667,0.512,19.792,19.8,0.563,0.601,1.0,0.973,19.2,96.0,80.0,96.0,0.422
0022400727,1610612753,Orlando,Magic,ORL,magic,240:00,677.1,135.4,578.1,115.6,99.0,19.8,0.6,2.73,21.6,0.333,0.628,0.488,11.458,11.5,0.659,0.687,1.0,0.945,19.2,96.0,80.0,96.0,0.578
0022400722,1610612761,Toronto,Raptors,TOR,raptors,240:00,540.4,108.1,704.1,140.8,-163.7,-32.7,0.718,2.8,19.0,0.333,0.447,0.383,10.101,10.1,0.459,0.503,1.0,0.966,19.7,98.5,82.08,99.0,0.365
0022400722,1610612763,Memphis,Grizzlies,MEM,grizzlies,240:00,704.1,140.8,540.4,108.1,163.7,32.7,0.468,1.22,15.1,0.553,0.667,0.617,18.367,18.4,0.618,0.653,1.0,0.976,19.7,98.5,82.08,98.0,0.635
0022400721,1610612755,Philadelphia,76ers,PHI,sixers,240:00,515.3,103.1,545.5,109.1,-30.1,-6.0,0.595,4.4,16.4,0.23,0.622,0.396,5.102,5.1,0.448,0.482,1.0,0.982,19.7,98.5,82.08,98.0,0.463
0022400721,1610612748,Miami,Heat,MIA,heat,240:00,545.5,109.1,515.3,103.1,30.1,6.0,0.641,1.14,17.7,0.378,0.77,0.604,22.222,22.2,0.554,0.588,1.0,0.974,19.7,98.5,82.08,99.0,0.537
0022400715,1610612746,LA,Clippers,LAC,clippers,240:00,505.2,101.0,635.4,127.1,-130.2,-26.0,0.882,3.0,21.4,0.255,0.707,0.448,10.417,10.4,0.449,0.498,1.0,0.973,19.2,96.0,80.0,96.0,0.39
0022400715,1610612747,Los Angeles,Lakers,LAL,lakers,240:00,635.4,127.1,505.2,101.0,130.2,26.0,0.733,2.2,23.4,0.293,0.745,0.552,15.625,15.6,0.667,0.669,1.0,0.972,19.2,96.0,80.0,96.0,0.61
0022400716,1610612757,Portland,Trail Blazers,POR,blazers,240:00,571.4,114.3,458.8,91.8,112.7,22.5,0.561,1.21,16.1,0.471,0.714,0.59,19.388,19.4,0.522,0.563,1.0,0.983,19.5,97.5,81.25,98.0,0.588
0022400716,1610612754,Indiana,Pacers,IND,pacers,240:00,458.8,91.8,571.4,114.3,-112.7,-22.5,0.735,1.32,18.4,0.286,0.529,0.41,19.588,19.6,0.451,0.493,1.0,0.991,19.5,97.5,81.25,97.0,0.412
0022400711,1610612751,Brooklyn,Nets,BKN,nets,240:00,544.0,108.8,538.9,107.8,5.1,1.0,0.684,1.86,20.0,0.319,0.566,0.45,15.385,15.4,0.524,0.553,1.0,0.981,18.1,90.5,75.42,91.0,0.546
0022400711,1610612745,Houston,Rockets,HOU,rockets,240:00,538.9,107.8,544.0,108.8,-5.1,-1.0,0.676,1.28,16.9,0.434,0.681,0.55,20.0,20.0,0.476,0.511,1.0,0.973,18.1,90.5,75.42,90.0,0.454
0022400713,1610612761,Toronto,Raptors,TOR,raptors,240:00,605.3,121.1,636.8,127.4,-31.6,-6.3,0.628,1.93,20.3,0.275,0.51,0.404,14.737,14.7,0.591,0.636,1.0,0.981,19.0,95.0,79.17,95.0,0.476
0022400713,1610612752,New York,Knicks,NYK,knicks,240:00,636.8,127.4,605.3,121.1,31.6,6.3,0.553,2.0,17.9,0.49,0.725,0.596,13.684,13.7,0.543,0.581,1.0,0.966,19.0,95.0,79.17,95.0,0.524
0022400714,1610612741,Chicago,Bulls,CHI,bulls,240:00,639.4,127.9,607.8,121.6,31.6,6.3,0.729,3.5,23.5,0.222,0.74,0.495,9.615,9.6,0.632,0.661,1.0,0.974,20.6,103.0,85.83,104.0,0.548
0022400714,1610612748,Miami,Heat,MIA,heat,240:00,607.8,121.6,639.4,127.9,-31.6,-6.3,0.674,2.07,20.1,0.26,0.778,0.505,13.725,13.7,0.572,0.611,1.0,0.991,20.6,103.0,85.83,102.0,0.452
0022400712,1610612755,Philadelphia,76ers,PHI,sixers,240:00,627.7,125.5,610.5,122.1,17.1,3.4,0.787,2.85,25.5,0.326,0.609,0.472,13.83,13.8,0.61,0.625,1.0,0.981,18.9,94.5,78.75,94.0,0.518
0022400712,1610612742,Dallas,Mavericks,DAL,mavericks,240:00,610.5,122.1,627.7,125.5,-17.1,-3.4,0.6,2.0,17.5,0.391,0.674,0.528,12.632,12.6,0.535,0.588,1.0,0.982,18.9,94.5,78.75,95.0,0.482
0022400710,1610612739,Cleveland,Cavaliers,CLE,cavaliers,240:00,530.3,106.1,565.7,113.1,-35.4,-7.1,0.5,1.38,13.5,0.276,0.661,0.47,13.131,13.1,0.456,0.512,1.0,0.991,19.8,99.0,82.5,99.0,0.434
0022400710,1610612738,Boston,Celtics,BOS,celtics,240:00,565.7,113.1,530.3,106.1,35.4,7.1,0.65,2.17,17.9,0.339,0.724,0.53,12.121,12.1,0.495,0.529,1.0,0.992,19.8,99.0,82.5,99.0,0.566
0022400701,1610612765,Detroit,Pistons,DET,pistons,240:00,613.2,122.6,628.6,125.7,-15.4,-3.1,0.721,2.21,21.1,0.238,0.844,0.552,13.208,13.2,0.572,0.652,1.0,0.974,21.1,105.5,87.92,106.0,0.51
0022400701,1610612737,Atlanta,Hawks,ATL,hawks,240:00,628.6,125.7,613.2,122.6,15.4,3.1,0.643,1.93,19.4,0.156,0.762,0.448,13.333,13.3,0.617,0.672,1.0,0.973,21.1,105.5,87.92,105.0,0.49
0022400703,1610612763,Memphis,Grizzlies,MEM,grizzlies,240:00,571.4,114.3,486.6,97.3,84.8,17.0,0.688,2.2,21.2,0.212,0.75,0.481,13.393,13.4,0.556,0.594,1.0,0.984,22.4,112.0,93.33,112.0,0.586
0022400703,1610612759,San Antonio,Spurs,SAS,spurs,240:00,486.6,97.3,571.4,114.3,-84.8,-17.0,0.756,1.35,19.9,0.25,0.788,0.519,20.536,20.5,0.516,0.546,1.0,0.984,22.4,112.0,93.33,112.0,0.414
0022400707,1610612762,Utah,Jazz,UTA,jazz,240:00,538.8,107.8,543.7,108.7,-4.9,-1.0,0.795,1.63,19.9,0.411,0.865,0.63,18.447,18.4,0.5,0.533,1.0,0.984,20.6,103.0,85.83,103.0,0.471
0022400707,1610612754,Indiana,Pacers,IND,pacers,240:00,543.7,108.7,538.8,107.8,4.9,1.0,0.744,3.56,22.5,0.135,0.589,0.37,8.738,8.7,0.527,0.561,1.0,0.982,20.6,103.0,85.83,103.0,0.529
0022400709,1610612757,Portland,Trail Blazers,POR,blazers,265:00,587.4,117.5,577.7,115.5,9.7,1.9,0.75,2.31,20.1,0.308,0.75,0.52,12.621,12.6,0.539,0.592,1.0,0.966,18.66,93.28,77.74,103.0,0.492
0022400709,1610612756,Phoenix,Suns,PHX,suns,265:00,577.7,115.5,587.4,117.5,-9.7,-1.9,0.7,1.87,19.9,0.25,0.692,0.48,14.563,14.6,0.559,0.611,1.0,0.991,18.66,93.28,77.74,103.0,0.508
0022400708,1610612744,Golden State,Warriors,GSW,warriors,240:00,547.4,109.5,515.6,103.1,31.7,6.3,0.735,1.92,18.8,0.271,0.644,0.477,13.684,13.7,0.513,0.559,1.0,0.981,19.1,95.5,79.58,95.0,0.558
0022400708,1610612753,Orlando,Magic,ORL,magic,240:00,515.6,103.1,547.4,109.5,-31.7,-6.3,0.535,1.92,16.4,0.356,0.729,0.523,12.5,12.5,0.475,0.479,1.0,0.966,19.1,95.5,79.58,96.0,0.442
0022400704,1610612750,Minnesota,Timberwolves,MIN,timberwolves,240:00,606.4,121.3,604.2,120.8,2.2,0.4,0.651,3.5,20.6,0.275,0.592,0.43,8.511,8.5,0.521,0.564,1.0,1.0,19.0,95.0,79.17,94.0,0.489
0022400704,1610612758,Sacramento,Kings,SAC,kings,240:00,604.2,120.8,606.4,121.3,-2.2,-0.4,0.511,1.92,16.5,0.408,0.725,0.57,12.5,12.5,0.543,0.575,1.0,0.948,19.0,95.0,79.17,96.0,0.511
0022400705,1610612760,Oklahoma City,Thunder,OKC,thunder,240:00,595.2,119.0,461.5,92.3,133.7,26.7,0.549,1.65,18.7,0.347,0.733,0.56,16.19,16.2,0.596,0.61,1.0,0.975,20.9,104.5,87.08,105.0,0.638
0022400705,1610612749,Milwaukee,Bucks,MIL,bucks,240:00,461.5,92.3,595.2,119.0,-133.7,-26.7,0.686,1.6,16.7,0.267,0.653,0.44,14.423,14.4,0.446,0.469,1.0,0.967,20.9,104.5,87.08,104.0,0.362
0022400706,1610612743,Denver,Nuggets,DEN,nuggets,240:00,664.9,133.0,594.7,118.9,70.2,14.0,0.609,4.67,20.3,0.327,0.692,0.515,6.383,6.4,0.565,0.604,1.0,0.982,18.9,94.5,78.75,94.0,0.571
0022400706,1610612740,New Orleans,Pelicans,NOP,pelicans,240:00,594.7,118.9,664.9,133.0,-70.2,-14.0,0.711,2.7,19.6,0.308,0.673,0.485,10.526,10.5,0.534,0.578,1.0,0.973,18.9,94.5,78.75,95.0,0.429
0022400702,1610612752,New York,Knicks,NYK,knicks,240:00,601.9,120.4,572.8,114.6,29.1,5.8,0.511,1.71,16.6,0.36,0.544,0.458,13.592,13.6,0.538,0.584,1.0,0.959,20.6,103.0,85.83,103.0,0.54
0022400702,1610612745,Houston,Rockets,HOU,rockets,240:00,572.8,114.6,601.9,120.4,-29.1,-5.8,0.563,1.59,17.3,0.456,0.64,0.542,16.505,16.5,0.5,0.533,1.0,0.969,20.6,103.0,85.83,103.0,0.46
0022400700,1610612766,Charlotte,Hornets,CHA,hornets,240:00,564.4,112.9,601.9,120.4,-37.6,-7.5,0.667,2.36,18.8,0.24,0.678,0.477,10.891,10.9,0.5,0.563,1.0,0.991,20.4,102.0,85.0,101.0,0.476
0022400700,1610612764,Washington,Wizards,WAS,wizards,240:00,601.9,120.4,564.4,112.9,37.6,7.5,0.659,2.64,19.3,0.322,0.76,0.523,10.68,10.7,0.53,0.568,1.0,0.975,20.4,102.0,85.0,103.0,0.524
0022400697,1610612761,Toronto,Raptors,TOR,raptors,240:00,599.0,119.8,562.5,112.5,36.5,7.3,0.705,2.21,22.3,0.293,0.708,0.517,14.583,14.6,0.594,0.625,1.0,0.963,19.2,96.0,80.0,96.0,0.551
0022400697,1610612746,LA,Clippers,LAC,clippers,240:00,562.5,112.5,599.0,119.8,-36.5,-7.3,0.512,2.1,16.0,0.292,0.707,0.483,10.417,10.4,0.517,0.555,1.0,0.982,19.2,96.0,80.0,96.0,0.449
0022400698,1610612755,Philadelphia,76ers,PHI,sixers,240:00,567.0,113.4,614.6,122.9,-47.6,-9.5,0.541,2.0,15.7,0.204,0.889,0.532,10.309,10.3,0.543,0.583,1.0,0.972,19.3,96.5,80.42,97.0,0.453
0022400698,1610612738,Boston,Celtics,BOS,celtics,240:00,614.6,122.9,567.0,113.4,47.6,9.5,0.81,3.78,25.2,0.111,0.796,0.468,9.375,9.4,0.625,0.648,1.0,0.99,19.3,96.5,80.42,96.0,0.547
0022400695,1610612765,Detroit,Pistons,DET,pistons,240:00,599.1,119.8,550.9,110.2,48.1,9.6,0.704,3.45,24.8,0.196,0.72,0.469,10.377,10.4,0.596,0.606,1.0,0.991,21.4,107.0,89.17,106.0,0.555
0022400695,1610612741,Chicago,Bulls,CHI,bulls,240:00,550.9,110.2,599.1,119.8,-48.1,-9.6,0.683,1.4,18.7,0.28,0.804,0.531,18.519,18.5,0.567,0.608,1.0,0.959,21.4,107.0,89.17,108.0,0.445
0022400699,1610612749,Milwaukee,Bucks,MIL,bucks,240:00,583.3,116.7,640.8,128.2,-57.4,-11.5,0.727,2.46,22.1,0.235,0.517,0.385,12.745,12.7,0.593,0.599,1.0,1.0,20.5,102.5,85.42,102.0,0.424
0022400699,1610612763,Memphis,Grizzlies,MEM,grizzlies,240:00,640.8,128.2,583.3,116.7,57.4,11.5,0.712,3.08,22.0,0.483,0.765,0.615,11.65,11.7,0.551,0.566,1.0,0.969,20.5,102.5,85.42,103.0,0.576
0022400696,1610612739,Cleveland,Cavaliers,CLE,cavaliers,240:00,679.2,135.8,467.6,93.5,211.7,42.3,0.736,4.33,26.4,0.073,0.766,0.495,8.491,8.5,0.71,0.72,1.0,0.991,21.4,107.0,89.17,106.0,0.672
0022400696,1610612742,Dallas,Mavericks,DAL,mavericks,240:00,467.6,93.5,679.2,135.8,-211.7,-42.3,0.55,2.44,15.3,0.234,0.927,0.505,8.333,8.3,0.432,0.461,1.0,0.975,21.4,107.0,89.17,108.0,0.328
0022400692,1610612752,New York,Knicks,NYK,knicks,240:00,571.4,114.3,646.5,129.3,-75.0,-15.0,0.75,2.36,22.0,0.352,0.806,0.533,14.286,14.3,0.516,0.542,1.0,0.991,19.7,98.5,82.08,98.0,0.45
0022400692,1610612747,Los Angeles,Lakers,LAL,lakers,240:00,646.5,129.3,571.4,114.3,75.0,15.0,0.553,1.73,19.7,0.194,0.648,0.467,15.152,15.2,0.698,0.72,1.0,0.972,19.7,98.5,82.08,99.0,0.55
0022400687,1610612762,Utah,Jazz,UTA,jazz,240:00,559.4,111.9,485.3,97.1,74.1,14.8,0.667,1.63,19.0,0.234,0.762,0.536,15.842,15.8,0.548,0.598,1.0,0.991,20.3,101.5,84.58,101.0,0.593
0022400687,1610612753,Orlando,Magic,ORL,magic,240:00,485.3,97.1,559.4,111.9,-74.1,-14.8,0.633,2.38,14.0,0.238,0.766,0.464,7.843,7.8,0.379,0.465,1.0,0.983,20.3,101.5,84.58,102.0,0.407
0022400690,1610612750,Minnesota,Timberwolves,MIN,timberwolves,240:00,515.0,103.0,525.0,105.0,-10.0,-2.0,0.763,1.81,19.9,0.298,0.809,0.529,16.0,16.0,0.473,0.51,1.0,0.966,20.0,100.0,83.33,100.0,0.499
0022400690,1610612764,Washington,Wizards,WAS,wizards,240:00,525.0,105.0,515.0,103.0,10.0,2.0,0.684,1.53,19.3,0.191,0.702,0.471,17.0,17.0,0.548,0.58,1.0,0.972,20.0,100.0,83.33,100.0,0.501
0022400688,1610612766,Charlotte,Hornets,CHA,hornets,240:00,520.0,104.0,540.4,108.1,-20.4,-4.1,0.756,2.58,20.8,0.321,0.813,0.548,12.0,12.0,0.479,0.507,1.0,0.975,19.9,99.5,82.92,100.0,0.482
0022400688,1610612743,Denver,Nuggets,DEN,nuggets,240:00,540.4,108.1,520.0,104.0,20.4,4.1,0.707,2.64,21.2,0.188,0.679,0.452,11.111,11.1,0.506,0.553,1.0,0.991,19.9,99.5,82.92,99.0,0.518
0022400689,1610612745,Houston,Rockets,HOU,rockets,240:00,532.6,106.5,591.4,118.3,-58.8,-11.8,0.474,1.64,13.7,0.35,0.66,0.491,11.957,12.0,0.463,0.482,1.0,0.991,18.5,92.5,77.08,92.0,0.398
0022400689,1610612751,Brooklyn,Nets,BKN,nets,240:00,591.4,118.3,532.6,106.5,58.8,11.8,0.558,2.18,17.9,0.34,0.65,0.509,11.828,11.8,0.552,0.571,1.0,0.964,18.5,92.5,77.08,93.0,0.602
0022400693,1610612759,San Antonio,Spurs,SAS,spurs,240:00,525.5,105.1,535.7,107.1,-10.2,-2.0,0.711,2.45,19.4,0.255,0.714,0.471,11.224,11.2,0.484,0.514,1.0,0.982,19.6,98.0,81.67,98.0,0.466
0022400693,1610612748,Miami,Heat,MIA,heat,240:00,535.7,107.1,525.5,105.1,10.2,2.0,0.732,2.14,21.1,0.286,0.745,0.529,14.286,14.3,0.534,0.544,1.0,0.973,19.6,98.0,81.67,98.0,0.534
0022400686,1610612754,Indiana,Pacers,IND,pacers,240:00,628.6,125.7,610.6,122.1,18.0,3.6,0.714,2.92,23.5,0.209,0.714,0.478,11.429,11.4,0.611,0.653,1.0,0.956,20.9,104.5,87.08,105.0,0.534
0022400686,1610612737,Atlanta,Hawks,ATL,hawks,240:00,610.6,122.1,628.6,125.7,-18.0,-3.6,0.689,2.38,20.8,0.286,0.791,0.522,12.5,12.5,0.578,0.61,1.0,0.975,20.9,104.5,87.08,104.0,0.466
0022400694,1610612757,Portland,Trail Blazers,POR,blazers,240:00,616.5,123.3,524.3,104.9,92.2,18.4,0.522,2.4,17.4,0.261,0.723,0.495,9.709,9.7,0.567,0.619,1.0,0.982,20.6,103.0,85.83,103.0,0.619
0022400694,1610612756,Phoenix,Suns,PHX,suns,240:00,524.3,104.9,616.5,123.3,-92.2,-18.4,0.553,1.11,15.4,0.277,0.739,0.505,18.447,18.4,0.512,0.566,1.0,0.983,20.6,103.0,85.83,103.0,0.381
0022400691,1610612760,Oklahoma City,Thunder,OKC,thunder,240:00,679.2,135.8,523.8,104.8,155.4,31.1,0.649,3.08,22.3,0.442,0.788,0.636,11.321,11.3,0.621,0.631,1.0,0.969,21.1,105.5,87.92,106.0,0.638
0022400691,1610612758,Sacramento,Kings,SAC,kings,240:00,523.8,104.8,679.2,135.8,-155.4,-31.1,0.625,3.13,17.4,0.212,0.558,0.364,7.619,7.6,0.455,0.494,1.0,0.983,21.1,105.5,87.92,105.0,0.362
0022400680,1610612765,Detroit,Pistons,DET,pistons,240:00,603.1,120.6,531.3,106.3,71.8,14.4,0.383,2.57,12.9,0.426,0.635,0.522,7.216,7.2,0.486,0.518,1.0,0.975,19.3,96.5,80.42,97.0,0.556
0022400680,1610612742,Dallas,Mavericks,DAL,mavericks,240:00,531.3,106.3,603.1,120.6,-71.8,-14.4,0.541,1.11,14.8,0.365,0.574,0.478,18.75,18.8,0.489,0.53,1.0,0.974,19.3,96.5,80.42,96.0,0.444
0022400684,1610612759,San Antonio,Spurs,SAS,spurs,240:00,692.3,138.5,578.4,115.7,113.9,22.8,0.74,6.17,23.4,0.358,0.683,0.531,5.769,5.8,0.608,0.637,1.0,0.967,20.6,103.0,85.83,104.0,0.622
0022400684,1610612749,Milwaukee,Bucks,MIL,bucks,240:00,578.4,115.7,692.3,138.5,-113.9,-22.8,0.558,2.4,16.6,0.317,0.642,0.469,9.804,9.8,0.49,0.529,1.0,1.0,20.6,103.0,85.83,102.0,0.378
0022400685,1610612744,Golden State,Warriors,GSW,warriors,240:00,504.8,101.0,619.0,123.8,-114.2,-22.8,0.722,2.17,17.9,0.234,0.818,0.472,11.538,11.5,0.458,0.491,1.0,0.992,20.9,104.5,87.08,104.0,0.372
0022400685,1610612756,Phoenix,Suns,PHX,suns,240:00,619.0,123.8,504.8,101.0,114.2,22.8,0.82,2.73,26.6,0.182,0.766,0.528,14.286,14.3,0.669,0.677,1.0,0.965,20.9,104.5,87.08,105.0,0.628
0022400679,1610612766,Charlotte,Hornets,CHA,hornets,240:00,525.3,105.1,577.3,115.5,-52.1,-10.4,0.429,2.0,13.5,0.291,0.725,0.474,9.091,9.1,0.474,0.507,1.0,0.965,19.6,98.0,81.67,99.0,0.453
0022400679,1610612746,LA,Clippers,LAC,clippers,240:00,577.3,115.5,525.3,105.1,52.1,10.4,0.591,1.44,19.4,0.275,0.709,0.526,18.557,18.6,0.611,0.624,1.0,0.981,19.6,98.0,81.67,97.0,0.547
0022400682,1610612761,Toronto,Raptors,TOR,raptors,240:00,524.8,105.0,604.0,120.8,-79.2,-15.8,0.692,3.86,19.1,0.224,0.804,0.481,6.931,6.9,0.478,0.51,1.0,0.982,20.2,101.0,84.17,101.0,0.427
0022400682,1610612741,Chicago,Bulls,CHI,bulls,240:00,604.0,120.8,524.8,105.0,79.2,15.8,0.756,3.09,23.6,0.196,0.776,0.519,10.891,10.9,0.607,0.632,1.0,0.973,20.2,101.0,84.17,101.0,0.573
0022400681,1610612755,Philadelphia,76ers,PHI,sixers,240:00,670.0,134.0,691.9,138.4,-21.9,-4.4,0.58,2.07,20.4,0.341,0.655,0.471,14.0,14.0,0.672,0.69,1.0,0.956,19.9,99.5,82.92,100.0,0.455
0022400681,1610612743,Denver,Nuggets,DEN,nuggets,240:00,691.9,138.4,670.0,134.0,21.9,4.4,0.722,2.05,26.4,0.345,0.659,0.529,19.192,19.2,0.732,0.762,1.0,0.991,19.9,99.5,82.92,99.0,0.545
0022400683,1610612740,New Orleans,Pelicans,NOP,pelicans,240:00,557.7,111.5,572.8,114.6,-15.1,-3.0,0.364,0.8,11.9,0.306,0.867,0.574,19.231,19.2,0.572,0.59,1.0,0.958,20.7,103.5,86.25,104.0,0.431
0022400683,1610612738,Boston,Celtics,BOS,celtics,240:00,572.8,114.6,557.7,111.5,15.1,3.0,0.762,2.46,22.9,0.133,0.694,0.426,12.621,12.6,0.595,0.618,1.0,1.0,20.7,103.5,86.25,103.0,0.569
0022400674,1610612764,Washington,Wizards,WAS,wizards,240:00,466.0,93.2,663.4,132.7,-197.3,-39.5,0.621,1.2,12.7,0.333,0.78,0.51,14.563,14.6,0.374,0.453,1.0,0.952,20.4,102.0,85.0,103.0,0.266
0022400674,1610612747,Los Angeles,Lakers,LAL,lakers,240:00,663.4,132.7,466.0,93.2,197.3,39.5,0.633,2.82,22.0,0.22,0.667,0.49,10.891,10.9,0.628,0.672,1.0,1.0,20.4,102.0,85.0,101.0,0.734
0022400677,1610612762,Utah,Jazz,UTA,jazz,240:00,588.5,117.7,734.0,146.8,-145.5,-29.1,0.538,1.4,16.8,0.22,0.667,0.429,15.625,15.6,0.597,0.642,1.0,0.981,19.0,95.0,79.17,96.0,0.364
0022400677,1610612750,Minnesota,Timberwolves,MIN,timberwolves,240:00,734.0,146.8,588.5,117.7,145.5,29.1,0.776,2.92,26.4,0.333,0.78,0.571,13.83,13.8,0.726,0.745,1.0,0.991,19.0,95.0,79.17,94.0,0.636
0022400676,1610612763,Memphis,Grizzlies,MEM,grizzlies,240:00,612.2,122.4,607.1,121.4,5.1,1.0,0.479,2.09,16.5,0.383,0.561,0.481,11.224,11.2,0.565,0.589,1.0,0.966,19.6,98.0,81.67,98.0,0.52
0022400676,1610612745,Houston,Rockets,HOU,rockets,240:00,607.1,121.4,612.2,122.4,-5.1,-1.0,0.524,1.83,15.2,0.439,0.617,0.519,12.245,12.2,0.5,0.544,1.0,0.976,19.6,98.0,81.67,98.0,0.48
0022400675,1610612739,Cleveland,Cavaliers,CLE,cavaliers,240:00,665.0,133.0,563.7,112.7,101.3,20.3,0.642,2.83,22.8,0.3,0.774,0.57,11.65,11.7,0.654,0.686,1.0,0.965,20.5,102.5,85.42,103.0,0.608
0022400675,1610612737,Atlanta,Hawks,ATL,hawks,240:00,563.7,112.7,665.0,133.0,-101.3,-20.3,0.683,2.55,19.7,0.226,0.7,0.43,10.784,10.8,0.528,0.564,1.0,0.991,20.5,102.5,85.42,102.0,0.392
0022400678,1610612757,Portland,Trail Blazers,POR,blazers,240:00,661.1,132.2,489.1,97.8,172.0,34.4,0.561,1.64,18.0,0.395,0.633,0.529,15.556,15.6,0.603,0.649,1.0,0.981,18.2,91.0,75.83,90.0,0.677
0022400678,1610612753,Orlando,Magic,ORL,magic,240:00,489.1,97.8,661.1,132.2,-172.0,-34.4,0.412,0.88,11.3,0.367,0.605,0.471,17.391,17.4,0.451,0.501,1.0,0.936,18.2,91.0,75.83,92.0,0.323
0022400669,1610612755,Philadelphia,76ers,PHI,sixers,240:00,615.8,123.2,547.4,109.5,68.4,13.7,0.698,3.0,22.7,0.171,0.647,0.435,10.526,10.5,0.598,0.638,1.0,0.971,19.0,95.0,79.17,95.0,0.533
0022400669,1610612758,Sacramento,Kings,SAC,kings,240:00,547.4,109.5,615.8,123.2,-68.4,-13.7,0.85,2.83,23.1,0.353,0.829,0.565,12.632,12.6,0.5,0.533,1.0,0.973,19.0,95.0,79.17,95.0,0.467
0022400668,1610612752,New York,Knicks,NYK,knicks,240:00,616.2,123.2,565.7,113.1,50.5,10.1,0.688,5.5,23.4,0.188,0.705,0.435,6.061,6.1,0.591,0.604,1.0,0.972,19.8,99.0,82.5,99.0,0.547
0022400668,1610612743,Denver,Nuggets,DEN,nuggets,240:00,565.7,113.1,616.2,123.2,-50.5,-10.1,0.512,1.5,15.9,0.295,0.813,0.565,14.141,14.1,0.548,0.595,1.0,0.982,19.8,99.0,82.5,99.0,0.453
0022400673,1610612744,Golden State,Warriors,GSW,warriors,240:00,574.3,114.9,539.6,107.9,34.7,6.9,0.75,2.0,21.4,0.205,0.613,0.443,14.851,14.9,0.574,0.622,1.0,0.982,20.2,101.0,84.17,101.0,0.571
0022400673,1610612760,Oklahoma City,Thunder,OKC,thunder,240:00,539.6,107.9,574.3,114.9,-34.7,-6.9,0.525,1.5,14.4,0.387,0.795,0.557,13.861,13.9,0.449,0.495,1.0,0.96,20.2,101.0,84.17,101.0,0.429
0022400666,1610612738,Boston,Celtics,BOS,celtics,240:00,598.0,119.6,485.4,97.1,112.6,22.5,0.78,3.56,22.7,0.146,0.782,0.485,8.824,8.8,0.575,0.617,1.0,0.991,20.5,102.5,85.42,102.0,0.607
0022400666,1610612741,Chicago,Bulls,CHI,bulls,240:00,485.4,97.1,598.0,119.6,-112.6,-22.5,0.757,1.87,19.6,0.218,0.854,0.515,14.563,14.6,0.484,0.514,1.0,0.965,20.5,102.5,85.42,103.0,0.393
0022400671,1610612759,San Antonio,Spurs,SAS,spurs,240:00,580.0,116.0,633.7,126.7,-53.7,-10.7,0.643,2.7,20.0,0.167,0.568,0.359,10.0,10.0,0.563,0.592,1.0,0.981,20.1,100.5,83.75,100.0,0.43
0022400671,1610612746,LA,Clippers,LAC,clippers,240:00,633.7,126.7,580.0,116.0,53.7,10.7,0.542,1.53,17.8,0.432,0.833,0.641,16.832,16.8,0.593,0.633,1.0,0.958,20.1,100.5,83.75,101.0,0.57
0022400672,1610612756,Phoenix,Suns,PHX,suns,240:00,576.5,115.3,623.7,124.7,-47.2,-9.4,0.698,1.88,21.6,0.289,0.8,0.513,16.327,16.3,0.576,0.602,1.0,0.982,19.5,97.5,81.25,98.0,0.447
0022400672,1610612750,Minnesota,Timberwolves,MIN,timberwolves,240:00,623.7,124.7,576.5,115.3,47.2,9.4,0.619,1.63,20.0,0.2,0.711,0.488,16.495,16.5,0.647,0.696,1.0,0.971,19.5,97.5,81.25,97.0,0.553
0022400670,1610612740,New Orleans,Pelicans,NOP,pelicans,240:00,660.2,132.0,658.7,131.7,1.5,0.3,0.608,3.88,21.2,0.255,0.565,0.409,7.767,7.8,0.609,0.643,1.0,0.991,20.7,103.5,86.25,103.0,0.514
0022400670,1610612742,Dallas,Mavericks,DAL,mavericks,240:00,658.7,131.7,660.2,132.0,-1.5,-0.3,0.577,1.58,19.6,0.435,0.745,0.591,18.269,18.3,0.646,0.662,1.0,0.976,20.7,103.5,86.25,104.0,0.486
0022400664,1610612754,Indiana,Pacers,IND,pacers,240:00,652.0,130.4,589.1,117.8,62.9,12.6,0.609,2.15,20.4,0.175,0.708,0.466,12.745,12.7,0.685,0.703,1.0,0.972,20.3,101.5,84.58,102.0,0.558
0022400664,1610612765,Detroit,Pistons,DET,pistons,240:00,589.1,117.8,652.0,130.4,-62.9,-12.6,0.591,1.73,18.4,0.292,0.825,0.534,14.851,14.9,0.562,0.592,1.0,0.965,20.3,101.5,84.58,101.0,0.442
0022400667,1610612748,Miami,Heat,MIA,heat,240:00,552.1,110.4,656.3,131.3,-104.2,-20.8,0.692,1.93,20.5,0.2,0.702,0.457,14.583,14.6,0.56,0.592,1.0,0.962,19.2,96.0,80.0,96.0,0.439
0022400667,1610612739,Cleveland,Cavaliers,CLE,cavaliers,240:00,656.3,131.3,552.1,110.4,104.2,20.8,0.537,4.14,20.9,0.298,0.8,0.543,7.292,7.3,0.605,0.614,1.0,0.982,19.2,96.0,80.0,96.0,0.561
0022400665,1610612764,Washington,Wizards,WAS,wizards,240:00,427.1,85.4,540.8,108.2,-113.7,-22.7,0.607,0.63,13.0,0.375,0.729,0.552,28.125,28.1,0.424,0.484,1.0,0.974,19.4,97.0,80.83,96.0,0.331
0022400665,1610612761,Toronto,Raptors,TOR,raptors,240:00,540.8,108.2,427.1,85.4,113.7,22.7,0.738,2.21,21.8,0.271,0.625,0.448,14.286,14.3,0.54,0.56,1.0,0.964,19.4,97.0,80.83,98.0,0.669
0022400663,1610612766,Charlotte,Hornets,CHA,hornets,240:00,461.1,92.2,571.4,114.3,-110.3,-22.1,0.643,1.06,13.8,0.373,0.778,0.548,18.889,18.9,0.398,0.441,1.0,0.991,18.1,90.5,75.42,90.0,0.334
0022400663,1610612751,Brooklyn,Nets,BKN,nets,240:00,571.4,114.3,461.1,92.2,110.3,22.1,0.692,2.45,21.1,0.222,0.627,0.452,12.088,12.1,0.55,0.586,1.0,0.95,18.1,90.5,75.42,91.0,0.666
0022400662,1610612757,Portland,Trail Blazers,POR,blazers,240:00,644.3,128.9,571.4,114.3,72.9,14.6,0.578,1.73,18.3,0.404,0.783,0.591,15.464,15.5,0.58,0.623,1.0,0.974,19.5,97.5,81.25,97.0,0.553
0022400662,1610612749,Milwaukee,Bucks,MIL,bucks,240:00,571.4,114.3,644.3,128.9,-72.9,-14.6,0.591,2.36,19.4,0.217,0.596,0.409,11.224,11.2,0.569,0.59,1.0,0.972,19.5,97.5,81.25,98.0,0.447
0022400660,1610612755,Philadelphia,76ers,PHI,sixers,240:00,590.0,118.0,520.0,104.0,70.0,14.0,0.465,2.22,15.0,0.26,0.838,0.506,9.0,9.0,0.533,0.578,1.0,0.982,20.0,100.0,83.33,100.0,0.541
0022400660,1610612747,Los Angeles,Lakers,LAL,lakers,240:00,520.0,104.0,590.0,118.0,-70.0,-14.0,0.676,1.14,19.1,0.162,0.74,0.494,22.0,22.0,0.583,0.633,1.0,0.981,20.0,100.0,83.33,100.0,0.459
0022400661,1610612744,Golden State,Warriors,GSW,warriors,240:00,587.6,117.5,542.1,108.4,45.5,9.1,0.806,3.22,19.6,0.373,0.854,0.57,9.278,9.3,0.484,0.54,1.0,0.966,19.2,96.0,80.0,97.0,0.509
0022400661,1610612762,Utah,Jazz,UTA,jazz,240:00,542.1,108.4,587.6,117.5,-45.5,-9.1,0.769,2.0,22.9,0.146,0.627,0.43,15.789,15.8,0.566,0.595,1.0,1.0,19.2,96.0,80.0,95.0,0.491
0022400532,1610612737,Atlanta,Hawks,ATL,hawks,240:00,470.6,94.1,495.0,99.0,-24.5,-4.9,0.528,1.06,14.1,0.255,0.791,0.49,17.647,17.6,0.466,0.5,1.0,0.966,20.3,101.5,84.58,102.0,0.444
0022400532,1610612745,Houston,Rockets,HOU,rockets,240:00,495.0,99.0,470.6,94.1,24.5,4.9,0.514,0.9,14.7,0.209,0.745,0.51,20.792,20.8,0.513,0.569,1.0,0.991,20.3,101.5,84.58,101.0,0.556
0022400653,1610612752,New York,Knicks,NYK,knicks,240:00,668.2,133.6,504.8,101.0,163.5,32.7,0.571,2.91,19.6,0.444,0.627,0.533,10.28,10.3,0.597,0.617,1.0,0.962,21.2,106.0,88.33,107.0,0.655
0022400653,1610612763,Memphis,Grizzlies,MEM,grizzlies,240:00,504.8,101.0,668.2,133.6,-163.5,-32.7,0.512,0.81,14.5,0.373,0.556,0.467,24.762,24.8,0.5,0.538,1.0,1.0,21.2,106.0,88.33,105.0,0.345
0022400655,1610612741,Chicago,Bulls,CHI,bulls,240:00,602.8,120.6,570.8,114.2,32.0,6.4,0.714,2.06,22.4,0.306,0.708,0.505,15.888,15.9,0.622,0.635,1.0,0.983,21.3,106.5,88.75,107.0,0.505
0022400655,1610612743,Denver,Nuggets,DEN,nuggets,240:00,570.8,114.2,602.8,120.6,-32.0,-6.4,0.692,2.4,23.2,0.292,0.694,0.495,14.151,14.2,0.55,0.577,1.0,0.992,21.3,106.5,88.75,106.0,0.495
0022400649,1610612739,Cleveland,Cavaliers,CLE,cavaliers,240:00,572.9,114.6,478.9,95.8,94.0,18.8,0.7,2.8,19.7,0.346,0.721,0.549,10.417,10.4,0.505,0.544,1.0,0.965,19.1,95.5,79.58,96.0,0.611
0022400649,1610612765,Detroit,Pistons,DET,pistons,240:00,478.9,95.8,572.9,114.6,-94.0,-18.8,0.649,2.4,17.6,0.279,0.654,0.451,10.526,10.5,0.438,0.451,1.0,0.982,19.1,95.5,79.58,95.0,0.389
0022400656,1610612750,Minnesota,Timberwolves,MIN,timberwolves,240:00,490.2,98.0,446.6,89.3,43.6,8.7,0.529,1.0,13.3,0.268,0.714,0.491,17.647,17.6,0.465,0.506,1.0,0.974,20.5,102.5,85.42,102.0,0.528
0022400656,1610612737,Atlanta,Hawks,ATL,hawks,240:00,446.6,89.3,490.2,98.0,-43.6,-8.7,0.706,1.09,16.8,0.286,0.732,0.509,21.359,21.4,0.465,0.49,1.0,0.966,20.5,102.5,85.42,103.0,0.472
0022400659,1610612756,Phoenix,Suns,PHX,suns,240:00,584.2,116.8,567.7,113.5,16.5,3.3,0.575,1.35,17.7,0.283,0.698,0.483,17.895,17.9,0.6,0.618,1.0,1.0,19.1,95.5,79.58,95.0,0.479
0022400659,1610612746,LA,Clippers,LAC,clippers,240:00,567.7,113.5,584.2,116.8,-16.5,-3.3,0.537,1.47,16.9,0.302,0.717,0.517,15.625,15.6,0.554,0.594,1.0,0.981,19.1,95.5,79.58,96.0,0.521
0022400652,1610612748,Miami,Heat,MIA,heat,290:00,563.1,112.6,531.3,106.3,31.8,6.4,0.708,1.89,22.1,0.191,0.724,0.486,16.216,16.2,0.603,0.617,1.0,0.967,18.46,92.28,76.9,111.0,0.53
0022400652,1610612753,Orlando,Magic,ORL,magic,290:00,531.3,106.3,563.1,112.6,-31.8,-6.4,0.711,2.13,20.0,0.276,0.809,0.514,13.393,13.4,0.531,0.546,1.0,0.961,18.46,92.28,76.9,112.0,0.47
0022400648,1610612766,Charlotte,Hornets,CHA,hornets,240:00,557.3,111.5,589.5,117.9,-32.2,-6.4,0.667,1.86,19.3,0.28,0.6,0.432,14.583,14.6,0.529,0.564,1.0,0.991,19.1,95.5,79.58,96.0,0.469
0022400648,1610612747,Los Angeles,Lakers,LAL,lakers,240:00,589.5,117.9,557.3,111.5,32.2,6.4,0.5,1.16,16.3,0.4,0.72,0.568,20.0,20.0,0.547,0.58,1.0,0.973,19.1,95.5,79.58,95.0,0.531
0022400650,1610612738,Boston,Celtics,BOS,celtics,240:00,595.7,119.1,606.4,121.3,-10.6,-2.1,0.538,1.4,16.9,0.262,0.673,0.489,15.957,16.0,0.581,0.631,1.0,0.99,18.8,94.0,78.33,94.0,0.508
0022400650,1610612745,Houston,Rockets,HOU,rockets,240:00,606.4,121.3,595.7,119.1,10.6,2.1,0.707,3.63,20.9,0.327,0.738,0.511,8.511,8.5,0.538,0.563,1.0,0.982,18.8,94.0,78.33,94.0,0.492
0022400658,1610612762,Utah,Jazz,UTA,jazz,240:00,555.6,111.1,631.3,126.3,-75.8,-15.2,0.683,2.55,19.2,0.306,0.821,0.505,11.111,11.1,0.5,0.52,1.0,0.966,19.8,99.0,82.5,99.0,0.403
0022400658,1610612749,Milwaukee,Bucks,MIL,bucks,240:00,631.3,126.3,555.6,111.1,75.8,15.2,0.635,2.75,23.7,0.179,0.694,0.495,12.121,12.1,0.674,0.669,1.0,0.981,19.8,99.0,82.5,99.0,0.597
0022400651,1610612751,Brooklyn,Nets,BKN,nets,240:00,516.1,103.2,585.1,117.0,-69.0,-13.8,0.633,1.19,14.5,0.352,0.615,0.462,17.204,17.2,0.427,0.504,1.0,0.973,18.7,93.5,77.92,93.0,0.384
0022400651,1610612758,Sacramento,Kings,SAC,kings,240:00,585.1,117.0,516.1,103.2,69.0,13.8,0.689,1.72,22.1,0.385,0.648,0.538,19.149,19.1,0.604,0.615,1.0,0.963,18.7,93.5,77.92,94.0,0.616
0022400657,1610612742,Dallas,Mavericks,DAL,mavericks,240:00,663.3,132.7,545.5,109.1,117.8,23.6,0.796,3.25,25.8,0.311,0.645,0.505,12.245,12.2,0.641,0.653,1.0,0.982,19.7,98.5,82.08,98.0,0.621
0022400657,1610612764,Washington,Wizards,WAS,wizards,240:00,545.5,109.1,663.3,132.7,-117.8,-23.6,0.548,2.09,16.0,0.355,0.689,0.495,11.111,11.1,0.47,0.498,1.0,0.975,19.7,98.5,82.08,99.0,0.379
0022400654,1610612761,Toronto,Raptors,TOR,raptors,240:00,538.1,107.6,500.0,100.0,38.1,7.6,0.721,2.38,19.9,0.328,0.782,0.543,12.381,12.4,0.475,0.513,1.0,0.976,20.9,104.5,87.08,105.0,0.524
0022400654,1610612740,New Orleans,Pelicans,NOP,pelicans,240:00,500.0,100.0,538.1,107.6,-38.1,-7.6,0.538,1.62,15.3,0.218,0.672,0.457,12.5,12.5,0.472,0.509,1.0,0.983,20.9,104.5,87.08,104.0,0.476
0022400647,1610612757,Portland,Trail Blazers,POR,blazers,240:00,568.4,113.7,627.7,125.5,-59.2,-11.8,0.636,1.4,15.8,0.367,0.646,0.505,15.789,15.8,0.519,0.579,1.0,0.982,18.9,94.5,78.75,95.0,0.421
0022400647,1610612760,Oklahoma City,Thunder,OKC,thunder,240:00,627.7,125.5,568.4,113.7,59.2,11.8,0.571,2.67,17.8,0.354,0.633,0.495,9.574,9.6,0.528,0.58,1.0,0.973,18.9,94.5,78.75,94.0,0.579
0022400638,1610612753,Orlando,Magic,ORL,magic,240:00,587.4,117.5,559.4,111.9,28.0,5.6,0.55,1.47,16.3,0.244,0.729,0.495,14.563,14.6,0.572,0.607,1.0,0.973,20.4,102.0,85.0,103.0,0.511
0022400638,1610612765,Detroit,Pistons,DET,pistons,240:00,559.4,111.9,587.4,117.5,-28.0,-5.6,0.55,1.38,16.2,0.271,0.756,0.505,15.842,15.8,0.523,0.575,1.0,0.991,20.4,102.0,85.0,101.0,0.489
0022400639,1610612737,Atlanta,Hawks,ATL,hawks,240:00,431.2,86.2,531.8,106.4,-100.6,-20.1,0.848,1.17,18.8,0.214,0.76,0.472,22.018,22.0,0.458,0.495,1.0,0.959,21.9,109.5,91.25,109.0,0.389
0022400639,1610612761,Toronto,Raptors,TOR,raptors,240:00,531.8,106.4,431.2,86.2,100.6,20.1,0.738,1.48,20.3,0.24,0.786,0.528,19.091,19.1,0.528,0.579,1.0,0.975,21.9,109.5,91.25,110.0,0.611
0022400642,1610612741,Chicago,Bulls,CHI,bulls,240:00,475.5,95.1,545.0,109.0,-69.5,-13.9,0.667,1.2,17.0,0.302,0.811,0.557,19.608,19.6,0.494,0.517,1.0,0.966,20.2,101.0,84.17,102.0,0.454
0022400642,1610612755,Philadelphia,76ers,PHI,sixers,240:00,545.0,109.0,475.5,95.1,69.5,13.9,0.548,2.3,17.3,0.189,0.698,0.443,10.0,10.0,0.527,0.548,1.0,0.982,20.2,101.0,84.17,100.0,0.546
0022400636,1610612751,Brooklyn,Nets,BKN,nets,240:00,494.9,99.0,540.8,108.2,-45.9,-9.2,0.767,1.53,17.6,0.212,0.659,0.417,15.306,15.3,0.463,0.53,1.0,0.981,19.6,98.0,81.67,98.0,0.443
0022400636,1610612748,Miami,Heat,MIA,heat,240:00,540.8,108.2,494.9,99.0,45.9,9.2,0.629,1.0,16.3,0.341,0.788,0.583,22.449,22.4,0.525,0.592,1.0,0.982,19.6,98.0,81.67,98.0,0.557
0022400641,1610612752,New York,Knicks,NYK,knicks,240:00,687.5,137.5,582.5,116.5,105.0,21.0,0.769,3.64,24.1,0.407,0.78,0.587,10.577,10.6,0.576,0.621,1.0,0.984,20.7,103.5,86.25,104.0,0.589
0022400641,1610612758,Sacramento,Kings,SAC,kings,240:00,582.5,116.5,687.5,137.5,-105.0,-21.0,0.717,2.75,22.6,0.22,0.593,0.413,11.65,11.7,0.558,0.588,1.0,1.0,20.7,103.5,86.25,103.0,0.411
0022400633,1610612759,San Antonio,Spurs,SAS,spurs,240:00,480.4,96.1,666.7,133.3,-186.3,-37.3,0.629,0.92,15.5,0.333,0.62,0.471,23.529,23.5,0.476,0.51,1.0,0.967,20.4,102.0,85.0,102.0,0.317
0022400633,1610612754,Indiana,Pacers,IND,pacers,240:00,666.7,133.3,480.4,96.1,186.3,37.3,0.604,3.2,20.9,0.38,0.667,0.529,9.804,9.8,0.603,0.629,1.0,0.975,20.4,102.0,85.0,102.0,0.683
0022400635,1610612742,Dallas,Mavericks,DAL,mavericks,240:00,551.5,110.3,622.4,124.5,-70.9,-14.2,0.462,1.38,13.5,0.346,0.677,0.526,13.402,13.4,0.489,0.533,1.0,0.983,19.5,97.5,81.25,97.0,0.432
0022400635,1610612738,Boston,Celtics,BOS,celtics,240:00,622.4,124.5,551.5,110.3,70.9,14.2,0.75,6.6,21.9,0.323,0.654,0.474,5.102,5.1,0.524,0.548,1.0,0.975,19.5,97.5,81.25,98.0,0.568
0022400640,1610612739,Cleveland,Cavaliers,CLE,cavaliers,240:00,655.0,131.0,688.8,137.8,-33.8,-6.8,0.596,2.55,19.9,0.319,0.652,0.484,11.0,11.0,0.61,0.639,1.0,1.0,19.8,99.0,82.5,100.0,0.473
0022400640,1610612745,Houston,Rockets,HOU,rockets,240:00,688.8,137.8,655.0,131.0,33.8,6.8,0.578,2.36,18.6,0.348,0.681,0.516,11.224,11.2,0.628,0.663,1.0,1.0,19.8,99.0,82.5,98.0,0.527
0022400643,1610612763,Memphis,Grizzlies,MEM,grizzlies,240:00,612.7,122.5,509.9,102.0,102.8,20.6,0.651,1.65,19.0,0.378,0.685,0.545,16.667,16.7,0.595,0.632,1.0,0.966,20.3,101.5,84.58,102.0,0.605
0022400643,1610612762,Utah,Jazz,UTA,jazz,240:00,509.9,102.0,612.7,122.5,-102.8,-20.6,0.692,1.59,18.6,0.315,0.622,0.455,16.832,16.8,0.489,0.52,1.0,0.983,20.3,101.5,84.58,101.0,0.395
0022400637,1610612766,Charlotte,Hornets,CHA,hornets,240:00,615.0,123.0,455.4,91.1,159.6,31.9,0.667,1.87,20.0,0.273,0.778,0.551,15.0,15.0,0.625,0.647,1.0,0.982,20.1,100.5,83.75,100.0,0.643
0022400637,1610612740,New Orleans,Pelicans,NOP,pelicans,240:00,455.4,91.1,615.0,123.0,-159.6,-31.9,0.656,1.62,15.7,0.222,0.727,0.449,12.871,12.9,0.429,0.482,1.0,0.973,20.1,100.5,83.75,101.0,0.357
0022400644,1610612744,Golden State,Warriors,GSW,warriors,240:00,562.5,112.5,608.2,121.6,-45.7,-9.1,0.732,2.14,21.3,0.306,0.7,0.483,14.583,14.6,0.551,0.562,1.0,0.964,19.3,96.5,80.42,96.0,0.438
0022400644,1610612747,Los Angeles,Lakers,LAL,lakers,240:00,608.2,121.6,562.5,112.5,45.7,9.1,0.617,2.23,21.0,0.3,0.694,0.517,13.402,13.4,0.605,0.631,1.0,0.963,19.3,96.5,80.42,97.0,0.562
0022400646,1610612746,LA,Clippers,LAC,clippers,240:00,616.5,123.3,568.0,113.6,48.5,9.7,0.432,2.71,13.9,0.283,0.844,0.541,6.796,6.8,0.51,0.581,1.0,0.975,20.6,103.0,85.83,103.0,0.519
0022400646,1610612749,Milwaukee,Bucks,MIL,bucks,240:00,568.0,113.6,616.5,123.3,-48.5,-9.7,0.649,1.85,17.9,0.156,0.717,0.459,12.621,12.6,0.551,0.623,1.0,0.982,20.6,103.0,85.83,103.0,0.481
0022400634,1610612750,Minnesota,Timberwolves,MIN,timberwolves,240:00,671.7,134.3,530.6,106.1,141.1,28.2,0.717,2.38,24.2,0.465,0.653,0.565,16.162,16.2,0.632,0.655,1.0,0.975,19.7,98.5,82.08,99.0,0.625
0022400634,1610612743,Denver,Nuggets,DEN,nuggets,240:00,530.6,106.1,671.7,134.3,-141.1,-28.2,0.744,1.6,21.9,0.347,0.535,0.435,20.408,20.4,0.551,0.555,1.0,0.982,19.7,98.5,82.08,98.0,0.375
0022400645,1610612756,Phoenix,Suns,PHX,suns,240:00,601.0,120.2,550.5,110.1,50.5,10.1,0.575,2.09,16.7,0.32,0.878,0.596,11.111,11.1,0.517,0.582,1.0,0.974,19.8,99.0,82.5,99.0,0.531
0022400645,1610612764,Washington,Wizards,WAS,wizards,240:00,550.5,110.1,601.0,120.2,-50.5,-10.1,0.667,3.5,21.1,0.122,0.68,0.404,8.081,8.1,0.567,0.58,1.0,0.971,19.8,99.0,82.5,99.0,0.469
0022400631,1610612755,Philadelphia,76ers,PHI,sixers,240:00,660.0,132.0,638.6,127.7,21.4,4.3,0.523,1.28,16.3,0.391,0.667,0.532,18.0,18.0,0.626,0.667,1.0,0.983,20.1,100.5,83.75,100.0,0.507
0022400631,1610612739,Cleveland,Cavaliers,CLE,cavaliers,240:00,638.6,127.7,660.0,132.0,-21.4,-4.3,0.667,1.88,20.4,0.333,0.609,0.468,15.842,15.8,0.639,0.656,1.0,0.974,20.1,100.5,83.75,101.0,0.493
0022400630,1610612766,Charlotte,Hornets,CHA,hornets,240:00,505.2,101.0,531.3,106.3,-26.0,-5.2,0.625,1.25,14.9,0.339,0.63,0.482,16.667,16.7,0.429,0.498,1.0,1.0,19.2,96.0,80.0,96.0,0.463
0022400630,1610612757,Portland,Trail Blazers,POR,blazers,240:00,531.3,106.3,505.2,101.0,26.0,5.2,0.531,1.0,12.9,0.37,0.661,0.518,17.708,17.7,0.475,0.53,1.0,0.983,19.2,96.0,80.0,96.0,0.537
0022400632,1610612763,Memphis,Grizzlies,MEM,grizzlies,240:00,702.0,140.4,630.0,126.0,72.0,14.4,0.679,2.92,24.7,0.4,0.675,0.529,13.131,13.1,0.649,0.665,1.0,0.991,19.9,99.5,82.92,99.0,0.54
0022400632,1610612740,New Orleans,Pelicans,NOP,pelicans,240:00,630.0,126.0,702.0,140.4,-72.0,-14.4,0.667,2.31,21.1,0.325,0.6,0.471,13.0,13.0,0.627,0.649,1.0,0.973,19.9,99.5,82.92,100.0,0.46
0022400629,1610612747,Los Angeles,Lakers,LAL,lakers,240:00,622.3,124.5,510.6,102.1,111.7,22.3,0.643,2.7,19.7,0.327,0.767,0.569,10.638,10.6,0.556,0.598,1.0,0.945,18.8,94.0,78.33,94.0,0.616
0022400629,1610612738,Boston,Celtics,BOS,celtics,240:00,510.6,102.1,622.3,124.5,-111.7,-22.3,0.657,3.29,17.7,0.233,0.673,0.431,7.447,7.4,0.462,0.485,1.0,0.991,18.8,94.0,78.33,94.0,0.384
0022400628,1610612744,Golden State,Warriors,GSW,warriors,240:00,655.0,131.0,540.8,108.2,114.2,22.8,0.804,3.08,23.1,0.411,0.75,0.58,12.0,12.0,0.574,0.606,1.0,0.951,19.8,99.0,82.5,100.0,0.601
0022400628,1610612741,Chicago,Bulls,CHI,bulls,240:00,540.8,108.2,655.0,131.0,-114.2,-22.8,0.647,1.69,16.4,0.25,0.589,0.42,13.265,13.3,0.483,0.536,1.0,0.982,19.8,99.0,82.5,98.0,0.399
0022400621,1610612754,Indiana,Pacers,IND,pacers,240:00,523.8,104.8,673.1,134.6,-149.3,-29.9,0.705,2.82,21.1,0.2,0.579,0.355,10.476,10.5,0.521,0.538,1.0,0.974,20.9,104.5,87.08,105.0,0.367
0022400621,1610612759,San Antonio,Spurs,SAS,spurs,240:00,673.1,134.6,523.8,104.8,149.3,29.9,0.741,2.15,26.4,0.421,0.8,0.645,19.231,19.2,0.698,0.71,1.0,0.983,20.9,104.5,87.08,104.0,0.633
0022400624,1610612749,Milwaukee,Bucks,MIL,bucks,240:00,631.3,126.3,484.8,97.0,146.5,29.3,0.696,4.57,21.8,0.291,0.754,0.534,7.071,7.1,0.561,0.585,1.0,0.983,19.8,99.0,82.5,99.0,0.636
0022400624,1610612748,Miami,Heat,MIA,heat,240:00,484.8,97.0,631.3,126.3,-146.5,-29.3,0.765,2.36,18.6,0.246,0.709,0.466,11.111,11.1,0.435,0.474,1.0,0.974,19.8,99.0,82.5,99.0,0.364
0022400626,1610612743,Denver,Nuggets,DEN,nuggets,240:00,594.6,118.9,554.1,110.8,40.5,8.1,0.612,2.73,19.0,0.327,0.698,0.525,9.91,9.9,0.55,0.576,1.0,0.984,22.2,111.0,92.5,111.0,0.562
0022400626,1610612758,Sacramento,Kings,SAC,kings,240:00,554.1,110.8,594.6,118.9,-40.5,-8.1,0.66,2.38,19.3,0.302,0.673,0.475,11.712,11.7,0.509,0.533,1.0,0.985,22.2,111.0,92.5,111.0,0.438
0022400983,1610612746,LA,Clippers,LAC,clippers,240:00,528.8,105.8,447.1,89.4,81.7,16.3,0.725,1.61,19.9,0.265,0.73,0.527,17.308,17.3,0.528,0.573,1.0,0.983,20.8,104.0,86.67,104.0,0.619
0022400983,1610612764,Washington,Wizards,WAS,wizards,240:00,447.1,89.4,528.8,105.8,-81.7,-16.3,0.75,1.5,16.6,0.27,0.735,0.473,15.385,15.4,0.399,0.45,1.0,0.975,20.8,104.0,86.67,104.0,0.381
0022400622,1610612753,Orlando,Magic,ORL,magic,240:00,420.2,84.0,526.0,105.2,-105.8,-21.2,0.654,0.77,13.1,0.339,0.711,0.505,23.404,23.4,0.382,0.441,1.0,0.965,19.0,95.0,79.17,94.0,0.317
0022400622,1610612757,Portland,Trail Blazers,POR,blazers,240:00,526.0,105.2,420.2,84.0,105.8,21.2,0.575,1.53,17.6,0.289,0.661,0.495,15.625,15.6,0.543,0.559,1.0,0.954,19.0,95.0,79.17,96.0,0.683
0022400625,1610612760,Oklahoma City,Thunder,OKC,thunder,240:00,563.7,112.7,593.1,118.6,-29.4,-5.9,0.619,2.0,18.7,0.224,0.737,0.448,12.745,12.7,0.563,0.589,1.0,0.965,20.4,102.0,85.0,102.0,0.451
0022400625,1610612742,Dallas,Mavericks,DAL,mavericks,240:00,593.1,118.6,563.7,112.7,29.4,5.9,0.641,1.25,18.2,0.263,0.776,0.552,19.608,19.6,0.622,0.673,1.0,0.973,20.4,102.0,85.0,102.0,0.549
0022400623,1610612737,Atlanta,Hawks,ATL,hawks,240:00,566.7,113.3,592.2,118.4,-25.6,-5.1,0.714,2.0,20.1,0.286,0.778,0.494,14.286,14.3,0.557,0.594,1.0,0.958,20.8,104.0,86.67,105.0,0.472
0022400623,1610612761,Toronto,Raptors,TOR,raptors,240:00,592.2,118.4,566.7,113.3,25.6,5.1,0.681,1.6,22.4,0.222,0.714,0.506,19.417,19.4,0.636,0.666,1.0,0.991,20.8,104.0,86.67,103.0,0.528
0022400614,1610612742,Dallas,Mavericks,DAL,mavericks,240:00,570.0,114.0,580.8,116.2,-10.8,-2.2,0.533,1.6,17.3,0.319,0.778,0.543,15.0,15.0,0.544,0.58,1.0,0.965,19.9,99.5,82.92,100.0,0.459
0022400614,1610612750,Minnesota,Timberwolves,MIN,timberwolves,240:00,580.8,116.2,570.0,114.0,10.8,2.2,0.703,2.36,19.3,0.222,0.681,0.457,11.111,11.1,0.525,0.599,1.0,0.991,19.9,99.5,82.92,99.0,0.541
0022400615,1610612745,Houston,Rockets,HOU,rockets,240:00,573.7,114.7,562.5,112.5,11.2,2.2,0.625,1.14,16.9,0.528,0.596,0.564,23.158,23.2,0.522,0.546,1.0,0.992,19.1,95.5,79.58,95.0,0.497
0022400615,1610612739,Cleveland,Cavaliers,CLE,cavaliers,240:00,562.5,112.5,573.7,114.7,-11.2,-2.2,0.61,1.92,17.5,0.404,0.472,0.436,13.542,13.5,0.49,0.513,1.0,0.983,19.1,95.5,79.58,96.0,0.503
0022400616,1610612763,Memphis,Grizzlies,MEM,grizzlies,240:00,634.6,126.9,576.9,115.4,57.7,11.5,0.735,2.25,22.8,0.367,0.674,0.516,15.385,15.4,0.607,0.634,1.0,0.984,20.8,104.0,86.67,104.0,0.539
0022400616,1610612766,Charlotte,Hornets,CHA,hornets,240:00,576.9,115.4,634.6,126.9,-57.7,-11.5,0.659,1.69,18.5,0.326,0.633,0.484,15.385,15.4,0.541,0.6,1.0,0.983,20.8,104.0,86.67,104.0,0.461
0022400619,1610612758,Sacramento,Kings,SAC,kings,240:00,608.9,121.8,590.9,118.2,18.0,3.6,0.585,3.0,18.5,0.146,0.686,0.446,7.921,7.9,0.574,0.647,1.0,0.972,20.0,100.0,83.33,101.0,0.585
0022400619,1610612744,Golden State,Warriors,GSW,warriors,240:00,590.9,118.2,608.9,121.8,-18.0,-3.6,0.721,1.63,21.2,0.314,0.854,0.554,19.192,19.2,0.587,0.599,1.0,1.0,20.0,100.0,83.33,99.0,0.415
0022400618,1610612760,Oklahoma City,Thunder,OKC,thunder,240:00,591.3,118.3,553.4,110.7,37.9,7.6,0.455,1.82,14.3,0.314,0.491,0.404,10.577,10.6,0.526,0.58,1.0,0.967,20.7,103.5,86.25,104.0,0.561
0022400618,1610612762,Utah,Jazz,UTA,jazz,240:00,553.4,110.7,591.3,118.3,-37.9,-7.6,0.595,0.93,16.2,0.509,0.686,0.596,26.214,26.2,0.544,0.567,1.0,1.0,20.7,103.5,86.25,103.0,0.439
0022400620,1610612746,LA,Clippers,LAC,clippers,265:00,533.0,106.6,541.7,108.3,-8.6,-1.7,0.511,1.04,16.8,0.289,0.72,0.516,21.698,21.7,0.572,0.59,1.0,0.983,19.38,96.91,80.75,106.0,0.491
0022400620,1610612738,Boston,Celtics,BOS,celtics,265:00,541.7,108.3,533.0,106.6,8.6,1.7,0.585,1.26,16.4,0.28,0.711,0.484,17.593,17.6,0.561,0.592,1.0,0.967,19.38,96.91,80.75,108.0,0.509
0022400612,1610612737,Atlanta,Hawks,ATL,hawks,240:00,481.5,96.3,527.8,105.6,-46.3,-9.3,0.641,1.79,16.2,0.324,0.81,0.509,12.963,13.0,0.408,0.454,1.0,0.984,21.6,108.0,90.0,108.0,0.423
0022400612,1610612765,Detroit,Pistons,DET,pistons,240:00,527.8,105.6,481.5,96.3,46.3,9.3,0.643,1.29,18.9,0.19,0.676,0.491,19.444,19.4,0.571,0.617,1.0,0.974,21.6,108.0,90.0,108.0,0.577
0022400613,1610612751,Brooklyn,Nets,BKN,nets,240:00,442.1,88.4,568.4,113.7,-126.3,-25.3,0.471,0.94,12.1,0.35,0.75,0.528,17.895,17.9,0.412,0.432,1.0,0.974,19.0,95.0,79.17,95.0,0.343
0022400613,1610612756,Phoenix,Suns,PHX,suns,240:00,568.4,113.7,442.1,88.4,126.3,25.3,0.667,2.55,20.7,0.25,0.65,0.472,11.579,11.6,0.557,0.576,1.0,0.981,19.0,95.0,79.17,95.0,0.657
0022400609,1610612743,Denver,Nuggets,DEN,nuggets,240:00,742.3,148.5,567.7,113.5,174.6,34.9,0.75,2.79,25.7,0.471,0.741,0.636,14.433,14.4,0.706,0.75,1.0,0.965,19.3,96.5,80.42,97.0,0.667
0022400609,1610612755,Philadelphia,76ers,PHI,sixers,240:00,567.7,113.5,742.3,148.5,-174.6,-34.9,0.773,3.4,23.6,0.259,0.529,0.364,10.417,10.4,0.536,0.548,1.0,0.991,19.3,96.5,80.42,96.0,0.333
0022400606,1610612751,Brooklyn,Nets,BKN,nets,240:00,500.0,100.0,521.1,104.2,-21.1,-4.2,0.656,1.24,15.4,0.362,0.75,0.538,17.895,17.9,0.442,0.49,1.0,0.983,19.0,95.0,79.17,95.0,0.42
0022400606,1610612752,New York,Knicks,NYK,knicks,240:00,521.1,104.2,500.0,100.0,21.1,4.2,0.725,2.42,21.3,0.25,0.638,0.462,12.632,12.6,0.506,0.531,1.0,0.963,19.0,95.0,79.17,95.0,0.58
0022400610,1610612747,Los Angeles,Lakers,LAL,lakers,240:00,560.6,112.1,435.6,87.1,125.0,25.0,0.698,2.73,21.7,0.188,0.746,0.505,11.111,11.1,0.539,0.567,1.0,0.991,20.0,100.0,83.33,99.0,0.64
0022400610,1610612764,Washington,Wizards,WAS,wizards,240:00,435.6,87.1,560.6,112.1,-125.0,-25.0,0.735,1.92,17.6,0.254,0.813,0.495,12.871,12.9,0.416,0.437,1.0,0.949,20.0,100.0,83.33,101.0,0.36
0022400607,1610612748,Miami,Heat,MIA,heat,240:00,557.3,111.5,604.2,120.8,-46.9,-9.4,0.634,2.6,19.1,0.264,0.745,0.49,10.417,10.4,0.516,0.544,1.0,0.964,19.2,96.0,80.0,96.0,0.461
0022400607,1610612757,Portland,Trail Blazers,POR,blazers,240:00,604.2,120.8,557.3,111.5,46.9,9.4,0.581,3.13,18.8,0.255,0.736,0.51,8.333,8.3,0.58,0.597,1.0,0.963,19.2,96.0,80.0,96.0,0.539
0022400608,1610612761,Toronto,Raptors,TOR,raptors,240:00,592.4,118.5,500.0,100.0,92.4,18.5,0.744,2.42,23.0,0.125,0.698,0.452,13.043,13.0,0.623,0.639,1.0,0.99,18.5,92.5,77.08,92.0,0.635
0022400608,1610612753,Orlando,Magic,ORL,magic,240:00,500.0,100.0,592.4,118.5,-92.4,-18.5,0.457,1.14,12.8,0.302,0.875,0.548,15.054,15.1,0.465,0.498,1.0,0.982,18.5,92.5,77.08,93.0,0.365
0022400604,1610612744,Golden State,Warriors,GSW,warriors,240:00,447.4,89.5,651.0,130.2,-203.7,-40.7,0.875,2.33,20.3,0.246,0.727,0.448,12.632,12.6,0.424,0.439,1.0,0.991,19.1,95.5,79.58,95.0,0.304
0022400604,1610612738,Boston,Celtics,BOS,celtics,240:00,651.0,130.2,447.4,89.5,203.7,40.7,0.673,3.3,23.4,0.273,0.754,0.552,10.417,10.4,0.641,0.654,1.0,0.963,19.1,95.5,79.58,96.0,0.696
0022400601,1610612763,Memphis,Grizzlies,MEM,grizzlies,240:00,529.4,105.9,519.6,103.9,9.8,2.0,0.514,1.46,14.1,0.269,0.644,0.468,12.745,12.7,0.471,0.535,1.0,0.983,20.4,102.0,85.0,102.0,0.534
0022400601,1610612750,Minnesota,Timberwolves,MIN,timberwolves,240:00,519.6,103.9,529.4,105.9,-9.8,-2.0,0.694,1.56,17.0,0.356,0.731,0.532,15.686,15.7,0.462,0.505,1.0,0.992,20.4,102.0,85.0,102.0,0.466
0022400600,1610612745,Houston,Rockets,HOU,rockets,240:00,480.0,96.0,529.7,105.9,-49.7,-9.9,0.514,1.12,13.9,0.317,0.587,0.434,17.0,17.0,0.452,0.475,1.0,0.992,20.1,100.5,83.75,100.0,0.394
0022400600,1610612765,Detroit,Pistons,DET,pistons,240:00,529.7,105.9,480.0,96.0,49.7,9.9,0.5,0.91,15.0,0.413,0.683,0.566,22.772,22.8,0.534,0.566,1.0,0.983,20.1,100.5,83.75,101.0,0.606
0022400605,1610612740,New Orleans,Pelicans,NOP,pelicans,265:00,544.2,108.8,526.5,105.3,17.7,3.5,0.683,2.0,18.8,0.148,0.667,0.433,12.389,12.4,0.527,0.587,1.0,0.975,20.47,102.34,85.28,113.0,0.533
0022400605,1610612762,Utah,Jazz,UTA,jazz,265:00,526.5,105.3,544.2,108.8,-17.7,-3.5,0.595,1.79,15.6,0.333,0.852,0.567,12.389,12.4,0.448,0.499,1.0,0.97,20.47,102.34,85.28,113.0,0.467
0022400602,1610612752,New York,Knicks,NYK,knicks,240:00,601.0,120.2,561.2,112.2,39.8,8.0,0.66,1.94,20.9,0.4,0.583,0.495,16.162,16.2,0.572,0.6,1.0,0.966,19.7,98.5,82.08,99.0,0.559
0022400602,1610612737,Atlanta,Hawks,ATL,hawks,240:00,561.2,112.2,601.0,120.2,-39.8,-8.0,0.575,0.96,16.4,0.417,0.6,0.505,24.49,24.5,0.547,0.581,1.0,0.991,19.7,98.5,82.08,98.0,0.441
0022400603,1610612739,Cleveland,Cavaliers,CLE,cavaliers,240:00,608.2,121.6,469.4,93.9,138.9,27.8,0.659,3.0,19.0,0.321,0.886,0.57,9.278,9.3,0.532,0.561,1.0,0.983,19.5,97.5,81.25,97.0,0.607
0022400603,1610612756,Phoenix,Suns,PHX,suns,240:00,469.4,93.9,608.2,121.6,-138.9,-27.8,0.611,1.29,17.6,0.114,0.679,0.43,17.347,17.3,0.532,0.556,1.0,0.971,19.5,97.5,81.25,98.0,0.393
0022400599,1610612766,Charlotte,Hornets,CHA,hornets,240:00,567.0,113.4,535.7,107.1,31.3,6.3,0.7,2.15,18.9,0.387,0.667,0.513,13.402,13.4,0.495,0.519,1.0,1.0,19.5,97.5,81.25,97.0,0.503
0022400599,1610612742,Dallas,Mavericks,DAL,mavericks,240:00,535.7,107.1,567.0,113.4,-31.3,-6.3,0.5,1.36,14.2,0.333,0.613,0.487,14.286,14.3,0.466,0.528,1.0,0.983,19.5,97.5,81.25,98.0,0.497
0022400611,1610612746,LA,Clippers,LAC,clippers,240:00,515.6,103.1,583.3,116.7,-67.7,-13.5,0.649,2.4,17.6,0.281,0.596,0.439,10.417,10.4,0.441,0.488,1.0,0.973,19.2,96.0,80.0,96.0,0.431
0022400611,1610612741,Chicago,Bulls,CHI,bulls,240:00,583.3,116.7,515.6,103.1,67.7,13.5,0.658,2.08,17.5,0.404,0.719,0.561,12.5,12.5,0.484,0.531,1.0,0.975,19.2,96.0,80.0,96.0,0.569
0022400596,1610612746,LA,Clippers,LAC,clippers,240:00,604.2,120.8,536.8,107.4,67.3,13.5,0.574,2.08,19.6,0.341,0.795,0.554,13.542,13.5,0.59,0.609,1.0,0.964,19.1,95.5,79.58,96.0,0.553
0022400596,1610612747,Los Angeles,Lakers,LAL,lakers,240:00,536.8,107.4,604.2,120.8,-67.3,-13.5,0.684,1.53,20.2,0.205,0.659,0.446,17.895,17.9,0.559,0.605,1.0,0.971,19.1,95.5,79.58,95.0,0.447
0022400593,1610612753,Orlando,Magic,ORL,magic,240:00,510.2,102.0,582.5,116.5,-72.3,-14.5,0.789,4.29,20.5,0.313,0.641,0.434,7.143,7.1,0.431,0.459,1.0,1.0,19.5,97.5,81.25,98.0,0.418
0022400593,1610612743,Denver,Nuggets,DEN,nuggets,240:00,582.5,116.5,510.2,102.0,72.3,14.5,0.6,1.14,17.8,0.359,0.687,0.566,21.649,21.6,0.565,0.623,1.0,0.982,19.5,97.5,81.25,97.0,0.582
0022400595,1610612760,Oklahoma City,Thunder,OKC,thunder,240:00,648.0,129.6,515.3,103.1,132.7,26.5,0.771,3.08,25.7,0.225,0.698,0.495,12.245,12.2,0.661,0.685,1.0,0.972,19.6,98.0,81.67,98.0,0.631
0022400595,1610612751,Brooklyn,Nets,BKN,nets,240:00,515.3,103.1,648.0,129.6,-132.7,-26.5,0.676,1.47,18.0,0.302,0.775,0.505,17.347,17.3,0.494,0.53,1.0,0.947,19.6,98.0,81.67,98.0,0.369
0022400598,1610612758,Sacramento,Kings,SAC,kings,240:00,569.4,113.9,463.0,92.6,106.5,21.3,0.609,2.33,18.9,0.24,0.746,0.514,11.111,11.1,0.547,0.583,1.0,0.975,21.6,108.0,90.0,108.0,0.639
0022400598,1610612764,Washington,Wizards,WAS,wizards,240:00,463.0,92.6,569.4,113.9,-106.5,-21.3,0.594,1.12,13.5,0.254,0.76,0.486,15.741,15.7,0.416,0.485,1.0,0.984,21.6,108.0,90.0,108.0,0.361
0022400592,1610612748,Miami,Heat,MIA,heat,240:00,640.0,128.0,535.0,107.0,105.0,21.0,0.7,3.18,23.6,0.289,0.717,0.52,11.0,11.0,0.621,0.644,1.0,0.982,20.0,100.0,83.33,100.0,0.601
0022400592,1610612759,San Antonio,Spurs,SAS,spurs,240:00,535.0,107.0,640.0,128.0,-105.0,-21.0,0.683,1.87,19.6,0.283,0.711,0.48,15.0,15.0,0.533,0.546,1.0,0.974,20.0,100.0,83.33,100.0,0.399
0022400597,1610612757,Portland,Trail Blazers,POR,blazers,240:00,565.0,113.0,500.0,100.0,65.0,13.0,0.5,1.17,15.0,0.38,0.771,0.571,18.0,18.0,0.522,0.565,1.0,0.983,20.2,101.0,84.17,100.0,0.537
0022400597,1610612741,Chicago,Bulls,CHI,bulls,240:00,500.0,100.0,565.0,113.0,-65.0,-13.0,0.583,1.31,15.7,0.229,0.62,0.429,15.686,15.7,0.494,0.552,1.0,0.947,20.2,101.0,84.17,102.0,0.463
0022400594,1610612749,Milwaukee,Bucks,MIL,bucks,240:00,634.0,126.8,561.9,112.4,72.2,14.4,0.721,4.43,22.1,0.25,0.824,0.545,7.216,7.2,0.575,0.614,1.0,0.972,19.4,97.0,80.83,97.0,0.591
0022400594,1610612755,Philadelphia,76ers,PHI,sixers,240:00,561.9,112.4,634.0,126.8,-72.2,-14.4,0.667,2.89,19.7,0.176,0.75,0.455,9.278,9.3,0.547,0.57,1.0,0.962,19.4,97.0,80.83,97.0,0.409
0022400591,1610612757,Portland,Trail Blazers,POR,blazers,240:00,500.0,100.0,595.2,119.0,-95.2,-19.0,0.718,1.47,20.0,0.18,0.531,0.377,18.447,18.4,0.523,0.548,1.0,1.0,20.8,104.0,86.67,103.0,0.418
0022400591,1610612745,Houston,Rockets,HOU,rockets,240:00,595.2,119.0,500.0,100.0,95.2,19.0,0.521,1.79,15.7,0.469,0.82,0.623,13.333,13.3,0.509,0.531,1.0,0.97,20.8,104.0,86.67,105.0,0.582
0022400586,1610612765,Detroit,Pistons,DET,pistons,240:00,599.0,119.8,625.0,125.0,-26.0,-5.2,0.5,2.44,15.5,0.328,0.681,0.486,8.911,8.9,0.516,0.551,1.0,0.975,20.1,100.5,83.75,101.0,0.429
0022400586,1610612756,Phoenix,Suns,PHX,suns,240:00,625.0,125.0,599.0,119.8,26.0,5.2,0.581,2.5,17.9,0.319,0.672,0.514,10.0,10.0,0.541,0.603,1.0,0.983,20.1,100.5,83.75,100.0,0.571
0022400589,1610612744,Golden State,Warriors,GSW,warriors,240:00,616.2,123.2,587.6,117.5,28.5,5.7,0.533,2.4,16.6,0.386,0.745,0.556,10.101,10.1,0.542,0.572,1.0,0.959,19.6,98.0,81.67,99.0,0.558
0022400589,1610612764,Washington,Wizards,WAS,wizards,240:00,587.6,117.5,616.2,123.2,-28.5,-5.7,0.632,1.71,17.9,0.255,0.614,0.444,14.433,14.4,0.57,0.593,1.0,0.991,19.6,98.0,81.67,97.0,0.442
0022400588,1610612754,Indiana,Pacers,IND,pacers,240:00,599.0,119.8,525.8,105.2,73.2,14.6,0.682,1.67,21.1,0.39,0.75,0.591,18.75,18.8,0.596,0.617,1.0,0.982,19.3,96.5,80.42,96.0,0.597
0022400588,1610612755,Philadelphia,76ers,PHI,sixers,240:00,525.8,105.2,599.0,119.8,-73.2,-14.6,0.553,2.33,16.0,0.25,0.61,0.409,9.278,9.3,0.483,0.517,1.0,0.973,19.3,96.5,80.42,97.0,0.403
0022400587,1610612738,Boston,Celtics,BOS,celtics,265:00,522.7,104.5,545.9,109.2,-23.1,-4.6,0.575,1.64,15.0,0.328,0.706,0.492,12.727,12.7,0.457,0.504,1.0,0.985,19.83,99.17,82.64,110.0,0.456
0022400587,1610612737,Atlanta,Hawks,ATL,hawks,265:00,545.9,109.2,522.7,104.5,23.1,4.6,0.614,1.5,17.9,0.294,0.672,0.508,16.514,16.5,0.522,0.565,1.0,0.984,19.83,99.17,82.64,109.0,0.544
0022400590,1610612750,Minnesota,Timberwolves,MIN,timberwolves,240:00,603.1,120.6,645.8,129.2,-42.7,-8.5,0.628,3.38,19.7,0.265,0.686,0.48,8.247,8.2,0.561,0.595,1.0,0.964,19.3,96.5,80.42,97.0,0.484
0022400590,1610612739,Cleveland,Cavaliers,CLE,cavaliers,240:00,645.8,129.2,603.1,120.6,42.7,8.5,0.643,3.38,19.4,0.314,0.735,0.52,8.333,8.3,0.549,0.602,1.0,0.982,19.3,96.5,80.42,96.0,0.516
0022400581,1610612740,New Orleans,Pelicans,NOP,pelicans,240:00,653.8,130.8,597.1,119.4,56.8,11.4,0.723,2.62,20.9,0.417,0.745,0.561,12.5,12.5,0.58,0.598,1.0,0.977,20.7,103.5,86.25,104.0,0.525
0022400581,1610612762,Utah,Jazz,UTA,jazz,240:00,597.1,119.4,653.8,130.8,-56.8,-11.4,0.698,1.88,20.7,0.255,0.583,0.439,15.534,15.5,0.576,0.62,1.0,0.983,20.7,103.5,86.25,103.0,0.475
0022400583,1610612742,Dallas,Mavericks,DAL,mavericks,240:00,557.9,111.6,510.4,102.1,47.5,9.5,0.676,1.47,19.8,0.143,0.672,0.45,17.895,17.9,0.6,0.626,1.0,0.98,19.1,95.5,79.58,95.0,0.59
0022400583,1610612760,Oklahoma City,Thunder,OKC,thunder,240:00,510.4,102.1,557.9,111.6,-47.5,-9.5,0.686,1.6,17.3,0.328,0.857,0.55,15.625,15.6,0.495,0.509,1.0,0.965,19.1,95.5,79.58,96.0,0.41
0022400580,1610612749,Milwaukee,Bucks,MIL,bucks,240:00,643.6,128.7,554.5,110.9,89.1,17.8,0.595,1.79,18.0,0.295,0.667,0.495,13.861,13.9,0.599,0.656,1.0,0.974,20.2,101.0,84.17,101.0,0.565
0022400580,1610612761,Toronto,Raptors,TOR,raptors,240:00,554.5,110.9,643.6,128.7,-89.1,-17.8,0.721,2.21,20.8,0.333,0.705,0.505,13.861,13.9,0.516,0.551,1.0,0.966,20.2,101.0,84.17,101.0,0.435
0022400579,1610612748,Miami,Heat,MIA,heat,240:00,559.4,111.9,671.7,134.3,-112.3,-22.5,0.667,3.75,21.4,0.196,0.818,0.5,7.921,7.9,0.544,0.582,1.0,0.955,20.0,100.0,83.33,101.0,0.43
0022400579,1610612743,Denver,Nuggets,DEN,nuggets,240:00,671.7,134.3,559.4,111.9,112.3,22.5,0.7,5.83,24.6,0.182,0.804,0.5,6.061,6.1,0.63,0.663,1.0,0.981,20.0,100.0,83.33,99.0,0.57
0022400584,1610612741,Chicago,Bulls,CHI,bulls,240:00,597.1,119.4,612.7,122.5,-15.7,-3.1,0.708,2.43,22.7,0.333,0.692,0.52,13.592,13.6,0.579,0.608,1.0,0.983,20.5,102.5,85.42,103.0,0.51
0022400584,1610612766,Charlotte,Hornets,CHA,hornets,240:00,612.7,122.5,597.1,119.4,15.7,3.1,0.542,2.17,18.1,0.308,0.667,0.48,11.765,11.8,0.568,0.596,1.0,0.983,20.5,102.5,85.42,102.0,0.49
0022400582,1610612759,San Antonio,Spurs,SAS,spurs,240:00,554.5,110.9,693.1,138.6,-138.6,-27.7,0.725,1.71,20.4,0.273,0.711,0.494,16.832,16.8,0.554,0.595,1.0,0.982,20.2,101.0,84.17,101.0,0.409
0022400582,1610612763,Memphis,Grizzlies,MEM,grizzlies,240:00,693.1,138.6,554.5,110.9,138.6,27.7,0.709,4.33,25.5,0.289,0.727,0.506,8.911,8.9,0.665,0.676,1.0,0.965,20.2,101.0,84.17,101.0,0.591
0022400577,1610612738,Boston,Celtics,BOS,celtics,240:00,672.2,134.4,516.5,103.3,155.7,31.1,0.595,2.5,19.8,0.282,0.615,0.473,11.111,11.1,0.631,0.675,1.0,0.99,18.1,90.5,75.42,90.0,0.676
0022400577,1610612753,Orlando,Magic,ORL,magic,240:00,516.5,103.3,672.2,134.4,-155.7,-31.1,0.441,1.25,11.9,0.385,0.718,0.527,13.187,13.2,0.445,0.491,1.0,0.937,18.1,90.5,75.42,91.0,0.324
0022400585,1610612747,Los Angeles,Lakers,LAL,lakers,240:00,560.4,112.1,554.9,111.0,5.5,1.1,0.632,2.4,19.2,0.222,0.652,0.44,10.989,11.0,0.537,0.567,1.0,0.98,18.2,91.0,75.83,91.0,0.499
0022400585,1610612751,Brooklyn,Nets,BKN,nets,240:00,554.9,111.0,560.4,112.1,-5.5,-1.1,0.757,1.65,20.7,0.348,0.778,0.56,18.681,18.7,0.555,0.576,1.0,0.981,18.2,91.0,75.83,91.0,0.501
0022400578,1610612752,New York,Knicks,NYK,knicks,240:00,544.0,108.8,630.4,126.1,-86.5,-17.3,0.543,2.11,15.1,0.291,0.7,0.463,9.89,9.9,0.467,0.508,1.0,1.0,18.3,91.5,76.25,91.0,0.429
0022400578,1610612750,Minnesota,Timberwolves,MIN,timberwolves,240:00,630.4,126.1,544.0,108.8,86.5,17.3,0.548,1.44,18.1,0.3,0.709,0.537,17.391,17.4,0.671,0.681,1.0,0.962,18.3,91.5,76.25,92.0,0.571
0022400573,1610612764,Washington,Wizards,WAS,wizards,240:00,580.2,116.0,619.0,123.8,-38.9,-7.8,0.609,2.15,18.9,0.264,0.75,0.485,12.264,12.3,0.571,0.592,1.0,0.975,21.1,105.5,87.92,106.0,0.466
0022400573,1610612756,Phoenix,Suns,PHX,suns,240:00,619.0,123.8,580.2,116.0,38.9,7.8,0.75,2.06,22.1,0.25,0.736,0.515,15.238,15.2,0.612,0.659,1.0,0.991,21.1,105.5,87.92,105.0,0.534
0022400574,1610612760,Oklahoma City,Thunder,OKC,thunder,240:00,638.1,127.6,532.7,106.5,105.4,21.1,0.472,3.57,17.7,0.208,0.706,0.452,6.667,6.7,0.59,0.61,1.0,0.991,21.2,106.0,88.33,105.0,0.539
0022400574,1610612739,Cleveland,Cavaliers,CLE,cavaliers,240:00,532.7,106.5,638.1,127.6,-105.4,-21.1,0.762,1.52,20.8,0.294,0.792,0.548,19.626,19.6,0.539,0.574,1.0,0.967,21.2,106.0,88.33,107.0,0.461
0022400572,1610612765,Detroit,Pistons,DET,pistons,240:00,490.2,98.0,544.1,108.8,-53.9,-10.8,0.611,1.16,15.6,0.304,0.843,0.561,18.627,18.6,0.445,0.497,1.0,0.983,20.4,102.0,85.0,102.0,0.412
0022400572,1610612754,Indiana,Pacers,IND,pacers,240:00,544.1,108.8,490.2,98.0,53.9,10.8,0.683,2.8,20.3,0.157,0.696,0.439,9.804,9.8,0.534,0.562,1.0,0.973,20.4,102.0,85.0,102.0,0.588
0022400576,1610612758,Sacramento,Kings,SAC,kings,240:00,634.6,126.9,604.8,121.0,29.9,6.0,0.653,2.67,21.2,0.32,0.688,0.5,11.538,11.5,0.571,0.613,1.0,0.992,20.9,104.5,87.08,104.0,0.519
0022400576,1610612745,Houston,Rockets,HOU,rockets,240:00,604.8,121.0,634.6,126.9,-29.9,-6.0,0.49,1.71,16.7,0.313,0.68,0.5,13.333,13.3,0.591,0.613,1.0,0.975,20.9,104.5,87.08,105.0,0.481
0022400575,1610612757,Portland,Trail Blazers,POR,blazers,240:00,454.1,90.8,590.0,118.0,-135.9,-27.2,0.706,1.5,17.5,0.259,0.684,0.427,16.327,16.3,0.423,0.46,1.0,1.0,19.8,99.0,82.5,98.0,0.328
0022400575,1610612746,LA,Clippers,LAC,clippers,240:00,590.0,118.0,454.1,90.8,135.9,27.2,0.523,1.28,17.2,0.316,0.741,0.573,18.0,18.0,0.628,0.656,1.0,0.946,19.8,99.0,82.5,100.0,0.672
0022400566,1610612740,New Orleans,Pelicans,NOP,pelicans,240:00,577.7,115.5,563.1,112.6,14.6,2.9,0.558,2.4,16.8,0.286,0.667,0.467,9.709,9.7,0.51,0.553,1.0,0.992,20.6,103.0,85.83,103.0,0.511
0022400566,1610612742,Dallas,Mavericks,DAL,mavericks,240:00,563.1,112.6,577.7,115.5,-14.6,-2.9,0.628,1.59,18.4,0.333,0.714,0.533,16.505,16.5,0.544,0.574,1.0,0.967,20.6,103.0,85.83,103.0,0.489
0022400571,1610612746,LA,Clippers,LAC,clippers,240:00,649.5,129.9,349.0,69.8,300.5,60.1,0.605,1.63,19.7,0.25,0.698,0.535,16.495,16.5,0.62,0.683,1.0,0.962,19.3,96.5,80.42,97.0,0.888
0022400571,1610612751,Brooklyn,Nets,BKN,nets,240:00,349.0,69.8,649.5,129.9,-300.5,-60.1,0.6,0.68,11.5,0.302,0.75,0.465,22.917,22.9,0.331,0.361,1.0,0.974,19.3,96.5,80.42,96.0,0.112
0022400570,1610612747,Los Angeles,Lakers,LAL,lakers,240:00,615.8,123.2,568.4,113.7,47.4,9.5,0.702,4.71,23.9,0.222,0.829,0.488,7.368,7.4,0.594,0.608,1.0,0.971,19.0,95.0,79.17,95.0,0.548
0022400570,1610612748,Miami,Heat,MIA,heat,240:00,568.4,113.7,615.8,123.2,-47.4,-9.5,0.641,1.25,19.8,0.171,0.778,0.513,21.053,21.1,0.644,0.678,1.0,0.97,19.0,95.0,79.17,95.0,0.452
0022400561,1610612755,Philadelphia,76ers,PHI,sixers,265:00,613.4,122.7,637.8,127.6,-24.4,-4.9,0.587,2.25,19.6,0.304,0.581,0.438,12.371,12.4,0.571,0.606,1.0,0.982,17.66,88.3,73.58,97.0,0.462
0022400561,1610612752,New York,Knicks,NYK,knicks,265:00,637.8,127.6,613.4,122.7,24.4,4.9,0.609,1.75,19.6,0.419,0.696,0.562,16.327,16.3,0.628,0.647,1.0,0.957,17.66,88.3,73.58,98.0,0.538
0022400567,1610612759,San Antonio,Spurs,SAS,spurs,240:00,558.3,111.7,620.2,124.0,-61.9,-12.4,0.55,2.0,16.4,0.192,0.696,0.454,10.68,10.7,0.539,0.57,1.0,1.0,20.7,103.5,86.25,103.0,0.449
0022400567,1610612763,Memphis,Grizzlies,MEM,grizzlies,240:00,620.2,124.0,558.3,111.7,61.9,12.4,0.549,3.5,18.9,0.304,0.808,0.546,7.692,7.7,0.573,0.584,1.0,0.983,20.7,103.5,86.25,104.0,0.551
0022400568,1610612743,Denver,Nuggets,DEN,nuggets,240:00,574.5,114.9,688.2,137.6,-113.7,-22.7,0.55,1.1,17.1,0.325,0.574,0.46,21.277,21.3,0.627,0.641,1.0,0.953,18.7,93.5,77.92,94.0,0.417
0022400568,1610612745,Houston,Rockets,HOU,rockets,240:00,688.2,137.6,574.5,114.9,113.7,22.7,0.571,2.55,19.9,0.426,0.675,0.54,11.828,11.8,0.612,0.631,1.0,0.965,18.7,93.5,77.92,93.0,0.583
0022400569,1610612762,Utah,Jazz,UTA,jazz,240:00,554.5,110.9,579.2,115.8,-24.8,-5.0,0.698,2.5,21.3,0.226,0.698,0.438,11.881,11.9,0.548,0.557,1.0,0.982,20.2,101.0,84.17,101.0,0.454
0022400569,1610612766,Charlotte,Hornets,CHA,hornets,240:00,579.2,115.8,554.5,110.9,24.8,5.0,0.6,1.5,19.3,0.302,0.774,0.563,17.822,17.8,0.6,0.621,1.0,0.991,20.2,101.0,84.17,101.0,0.546
0022400564,1610612749,Milwaukee,Bucks,MIL,bucks,240:00,581.0,116.2,442.9,88.6,138.1,27.6,0.533,1.14,17.9,0.167,0.788,0.594,20.0,20.0,0.674,0.698,1.0,0.982,21.0,105.0,87.5,105.0,0.711
0022400564,1610612753,Orlando,Magic,ORL,magic,240:00,442.9,88.6,581.0,116.2,-138.1,-27.6,0.727,1.85,16.9,0.212,0.833,0.406,12.381,12.4,0.411,0.446,1.0,0.992,21.0,105.0,87.5,105.0,0.289
0022400563,1610612741,Chicago,Bulls,CHI,bulls,240:00,443.4,88.7,528.8,105.8,-85.4,-17.1,0.59,1.15,16.5,0.204,0.746,0.509,18.868,18.9,0.477,0.509,1.0,0.966,21.0,105.0,87.5,106.0,0.464
0022400563,1610612737,Atlanta,Hawks,ATL,hawks,240:00,528.8,105.8,443.4,88.7,85.4,17.1,0.683,2.55,18.9,0.254,0.796,0.491,10.577,10.6,0.475,0.501,1.0,0.983,21.0,105.0,87.5,104.0,0.536
0022400565,1610612750,Minnesota,Timberwolves,MIN,timberwolves,240:00,638.9,127.8,637.4,127.5,1.5,0.3,0.553,2.33,16.2,0.352,0.614,0.469,10.0,10.0,0.541,0.582,1.0,0.991,18.1,90.5,75.42,90.0,0.473
0022400565,1610612744,Golden State,Warriors,GSW,warriors,240:00,637.4,127.5,638.9,127.8,-1.5,-0.3,0.65,2.0,19.4,0.386,0.648,0.531,14.286,14.3,0.598,0.636,1.0,0.963,18.1,90.5,75.42,91.0,0.527
0022400562,1610612761,Toronto,Raptors,TOR,raptors,240:00,585.1,117.0,516.0,103.2,69.1,13.8,0.778,3.18,24.3,0.319,0.729,0.547,11.702,11.7,0.567,0.575,1.0,0.972,18.8,94.0,78.33,94.0,0.6
0022400562,1610612738,Boston,Celtics,BOS,celtics,240:00,516.0,103.2,585.1,117.0,-69.1,-13.8,0.667,2.67,17.9,0.271,0.681,0.453,9.574,9.6,0.484,0.49,1.0,0.982,18.8,94.0,78.33,94.0,0.4
0022400560,1610612757,Portland,Trail Blazers,POR,blazers,240:00,575.8,115.2,653.5,130.7,-77.7,-15.5,0.513,1.18,15.0,0.286,0.651,0.457,17.172,17.2,0.552,0.59,1.0,1.0,20.0,100.0,83.33,99.0,0.39
0022400560,1610612751,Brooklyn,Nets,BKN,nets,240:00,653.5,130.7,575.8,115.2,77.7,15.5,0.735,2.77,24.0,0.349,0.714,0.543,12.871,12.9,0.65,0.674,1.0,0.965,20.0,100.0,83.33,101.0,0.61
0022400559,1610612742,Dallas,Mavericks,DAL,mavericks,240:00,495.0,99.0,596.0,119.2,-101.0,-20.2,0.711,2.25,19.1,0.255,0.61,0.406,12.0,12.0,0.472,0.497,1.0,0.974,19.9,99.5,82.92,100.0,0.398
0022400559,1610612743,Denver,Nuggets,DEN,nuggets,240:00,596.0,119.2,495.0,99.0,101.0,20.2,0.651,1.4,19.6,0.39,0.745,0.594,20.202,20.2,0.596,0.637,1.0,0.974,19.9,99.5,82.92,99.0,0.602
0022400556,1610612737,Atlanta,Hawks,ATL,hawks,240:00,592.2,118.4,573.5,114.7,18.7,3.7,0.512,1.57,14.9,0.404,0.818,0.584,13.592,13.6,0.526,0.557,1.0,0.96,20.5,102.5,85.42,103.0,0.48
0022400556,1610612756,Phoenix,Suns,PHX,suns,240:00,573.5,114.7,592.2,118.4,-18.7,-3.7,0.651,2.15,20.3,0.182,0.596,0.416,12.745,12.7,0.589,0.61,1.0,0.982,20.5,102.5,85.42,102.0,0.52
0022400558,1610612749,Milwaukee,Bucks,MIL,bucks,240:00,643.6,128.7,575.0,115.0,68.6,13.7,0.653,3.56,21.5,0.321,0.759,0.542,8.911,8.9,0.581,0.608,1.0,0.966,20.1,100.5,83.75,101.0,0.552
0022400558,1610612758,Sacramento,Kings,SAC,kings,240:00,575.0,115.0,643.6,128.7,-68.6,-13.7,0.595,2.78,18.2,0.241,0.679,0.458,9.0,9.0,0.532,0.559,1.0,1.0,20.1,100.5,83.75,100.0,0.448
0022400554,1610612754,Indiana,Pacers,IND,pacers,240:00,579.2,115.8,622.5,124.5,-43.3,-8.7,0.682,2.14,20.7,0.286,0.638,0.458,13.861,13.9,0.549,0.581,1.0,0.965,20.3,101.5,84.58,101.0,0.469
0022400554,1610612739,Cleveland,Cavaliers,CLE,cavaliers,240:00,622.5,124.5,579.2,115.8,43.3,8.7,0.581,1.67,17.4,0.362,0.714,0.542,14.706,14.7,0.567,0.619,1.0,0.966,20.3,101.5,84.58,102.0,0.531
0022400555,1610612755,Philadelphia,76ers,PHI,sixers,240:00,515.2,103.0,602.0,120.4,-86.9,-17.4,0.622,1.05,16.7,0.34,0.722,0.5,22.222,22.2,0.518,0.55,1.0,0.983,19.7,98.5,82.08,99.0,0.384
0022400555,1610612760,Oklahoma City,Thunder,OKC,thunder,240:00,602.0,120.4,515.2,103.0,86.9,17.4,0.711,1.78,22.9,0.278,0.66,0.5,18.367,18.4,0.63,0.664,1.0,0.981,19.7,98.5,82.08,98.0,0.616
0022400557,1610612741,Chicago,Bulls,CHI,bulls,240:00,553.9,110.8,595.0,119.0,-41.1,-8.2,0.689,2.07,19.9,0.39,0.724,0.556,14.706,14.7,0.51,0.527,1.0,0.968,20.2,101.0,84.17,102.0,0.472
0022400557,1610612740,New Orleans,Pelicans,NOP,pelicans,240:00,595.0,119.0,553.9,110.8,41.1,8.2,0.762,3.2,21.6,0.276,0.61,0.444,10.0,10.0,0.51,0.554,1.0,1.0,20.2,101.0,84.17,100.0,0.528
0022400548,1610612764,Washington,Wizards,WAS,wizards,240:00,530.0,106.0,594.1,118.8,-64.1,-12.8,0.675,2.45,19.7,0.185,0.591,0.367,11.0,11.0,0.533,0.543,1.0,0.991,20.1,100.5,83.75,100.0,0.445
0022400548,1610612750,Minnesota,Timberwolves,MIN,timberwolves,240:00,594.1,118.8,530.0,106.0,64.1,12.8,0.488,1.05,14.4,0.409,0.815,0.633,18.812,18.8,0.578,0.621,1.0,0.966,20.1,100.5,83.75,101.0,0.555
0022400552,1610612747,Los Angeles,Lakers,LAL,lakers,240:00,531.3,106.3,656.3,131.3,-125.0,-25.0,0.615,1.26,17.3,0.373,0.643,0.495,19.792,19.8,0.529,0.542,1.0,0.983,19.2,96.0,80.0,96.0,0.365
0022400552,1610612759,San Antonio,Spurs,SAS,spurs,240:00,656.3,131.3,531.3,106.3,125.0,25.0,0.625,2.73,21.3,0.357,0.627,0.505,11.458,11.5,0.606,0.638,1.0,0.982,19.2,96.0,80.0,96.0,0.635
0022400553,1610612746,LA,Clippers,LAC,clippers,240:00,545.0,109.0,490.0,98.0,55.0,11.0,0.622,2.33,20.4,0.18,0.808,0.5,12.0,12.0,0.554,0.56,1.0,0.991,20.0,100.0,83.33,100.0,0.556
0022400553,1610612748,Miami,Heat,MIA,heat,240:00,490.0,98.0,545.0,109.0,-55.0,-11.0,0.667,1.38,16.7,0.192,0.82,0.5,16.0,16.0,0.488,0.527,1.0,0.973,20.0,100.0,83.33,100.0,0.444
0022400549,1610612752,New York,Knicks,NYK,knicks,240:00,595.0,119.0,620.0,124.0,-25.0,-5.0,0.65,1.44,18.7,0.31,0.696,0.511,18.0,18.0,0.594,0.641,1.0,0.973,20.0,100.0,83.33,100.0,0.496
0022400549,1610612765,Detroit,Pistons,DET,pistons,240:00,620.0,124.0,595.0,119.0,25.0,5.0,0.435,1.54,14.9,0.304,0.69,0.489,13.0,13.0,0.582,0.62,1.0,0.965,20.0,100.0,83.33,100.0,0.504
0022400551,1610612745,Houston,Rockets,HOU,rockets,240:00,606.1,121.2,590.0,118.0,16.1,3.2,0.683,1.22,19.2,0.432,0.651,0.54,23.232,23.2,0.605,0.634,1.0,0.983,19.9,99.5,82.92,99.0,0.552
0022400551,1610612763,Memphis,Grizzlies,MEM,grizzlies,240:00,590.0,118.0,606.1,121.2,-16.1,-3.2,0.333,0.83,11.7,0.349,0.568,0.46,18.0,18.0,0.619,0.633,1.0,0.982,19.9,99.5,82.92,100.0,0.448
0022400550,1610612761,Toronto,Raptors,TOR,raptors,240:00,553.2,110.6,537.2,107.4,16.0,3.2,0.683,1.87,20.3,0.327,0.625,0.486,15.957,16.0,0.547,0.562,1.0,0.973,18.8,94.0,78.33,94.0,0.518
0022400550,1610612744,Golden State,Warriors,GSW,warriors,240:00,537.2,107.4,553.2,110.6,-16.0,-3.2,0.657,1.53,16.7,0.375,0.673,0.514,15.957,16.0,0.489,0.517,1.0,0.974,18.8,94.0,78.33,94.0,0.482
0022400544,1610612753,Orlando,Magic,ORL,magic,240:00,565.2,113.0,538.0,107.6,27.2,5.4,0.59,1.35,17.2,0.413,0.775,0.581,18.478,18.5,0.531,0.563,1.0,0.973,18.4,92.0,76.67,92.0,0.541
0022400544,1610612755,Philadelphia,76ers,PHI,sixers,240:00,538.0,107.6,565.2,113.0,-27.2,-5.4,0.515,0.94,14.5,0.225,0.587,0.419,19.565,19.6,0.542,0.606,1.0,0.97,18.4,92.0,76.67,92.0,0.459
0022400547,1610612756,Phoenix,Suns,PHX,suns,240:00,594.1,118.8,570.7,114.1,23.4,4.7,0.738,2.58,22.0,0.213,0.66,0.45,11.881,11.9,0.58,0.621,1.0,0.973,20.0,100.0,83.33,101.0,0.53
0022400547,1610612766,Charlotte,Hornets,CHA,hornets,240:00,570.7,114.1,594.1,118.8,-23.4,-4.7,0.732,1.88,20.4,0.34,0.787,0.55,16.162,16.2,0.527,0.561,1.0,1.0,20.0,100.0,83.33,99.0,0.47
0022400539,1610612752,New York,Knicks,NYK,knicks,240:00,700.0,140.0,535.4,107.1,164.6,32.9,0.569,2.42,20.6,0.308,0.709,0.543,12.0,12.0,0.682,0.71,1.0,0.964,19.9,99.5,82.92,100.0,0.667
0022400539,1610612749,Milwaukee,Bucks,MIL,bucks,240:00,535.4,107.1,700.0,140.0,-164.6,-32.9,0.512,1.57,16.1,0.291,0.692,0.457,14.141,14.1,0.511,0.522,1.0,0.991,19.9,99.5,82.92,99.0,0.333
0022400543,1610612739,Cleveland,Cavaliers,CLE,cavaliers,240:00,474.5,94.9,545.5,109.1,-71.0,-14.2,0.727,1.85,18.8,0.135,0.741,0.443,13.265,13.3,0.464,0.511,1.0,1.0,19.7,98.5,82.08,98.0,0.43
0022400543,1610612754,Indiana,Pacers,IND,pacers,240:00,545.5,109.1,474.5,94.9,71.0,14.2,0.698,2.5,21.3,0.259,0.865,0.557,12.121,12.1,0.527,0.54,1.0,0.973,19.7,98.5,82.08,99.0,0.57
0022400540,1610612742,Dallas,Mavericks,DAL,mavericks,240:00,526.0,105.2,577.3,115.5,-51.3,-10.3,0.771,2.25,19.9,0.245,0.577,0.41,12.5,12.5,0.482,0.526,1.0,0.991,19.3,96.5,80.42,96.0,0.445
0022400540,1610612743,Denver,Nuggets,DEN,nuggets,240:00,577.3,115.5,526.0,105.2,51.3,10.3,0.5,1.64,16.2,0.423,0.755,0.59,14.433,14.4,0.527,0.545,1.0,0.966,19.3,96.5,80.42,97.0,0.555
0022400545,1610612764,Washington,Wizards,WAS,wizards,240:00,448.1,89.6,641.5,128.3,-193.4,-38.7,0.714,1.11,14.5,0.211,0.615,0.404,16.981,17.0,0.392,0.487,1.0,0.966,21.2,106.0,88.33,106.0,0.305
0022400545,1610612760,Oklahoma City,Thunder,OKC,thunder,240:00,641.5,128.3,448.1,89.6,193.4,38.7,0.578,2.0,17.1,0.385,0.789,0.596,12.264,12.3,0.542,0.616,1.0,0.984,21.2,106.0,88.33,106.0,0.695
0022400542,1610612738,Boston,Celtics,BOS,celtics,240:00,594.1,118.8,589.1,117.8,5.0,1.0,0.523,1.92,15.8,0.383,0.837,0.587,11.881,11.9,0.5,0.54,1.0,0.984,20.2,101.0,84.17,101.0,0.486
0022400542,1610612740,New Orleans,Pelicans,NOP,pelicans,240:00,589.1,117.8,594.1,118.8,-5.0,-1.0,0.6,2.4,18.2,0.163,0.617,0.413,9.901,9.9,0.564,0.611,1.0,0.981,20.2,101.0,84.17,101.0,0.514
0022400541,1610612741,Chicago,Bulls,CHI,bulls,240:00,583.3,116.7,613.9,122.8,-30.5,-6.1,0.605,3.25,18.8,0.189,0.769,0.476,7.843,7.8,0.559,0.584,1.0,0.964,20.3,101.5,84.58,102.0,0.449
0022400541,1610612758,Sacramento,Kings,SAC,kings,240:00,613.9,122.8,583.3,116.7,30.5,6.1,0.702,4.13,22.6,0.231,0.811,0.524,7.921,7.9,0.563,0.595,1.0,0.991,20.3,101.5,84.58,101.0,0.551
0022400546,1610612762,Utah,Jazz,UTA,jazz,265:00,543.7,108.7,533.7,106.7,10.0,2.0,0.625,2.27,18.4,0.173,0.69,0.445,10.68,10.7,0.539,0.567,1.0,0.973,18.75,93.74,78.11,103.0,0.476
0022400546,1610612751,Brooklyn,Nets,BKN,nets,265:00,533.7,106.7,543.7,108.7,-10.0,-2.0,0.667,2.36,17.6,0.31,0.827,0.555,10.577,10.6,0.478,0.517,1.0,0.959,18.75,93.74,78.11,104.0,0.524
0022400533,1610612756,Phoenix,Suns,PHX,suns,240:00,606.4,121.3,563.8,112.8,42.6,8.5,0.591,2.36,19.4,0.311,0.579,0.461,11.702,11.7,0.587,0.604,1.0,0.981,18.8,94.0,78.33,94.0,0.547
0022400533,1610612762,Utah,Jazz,UTA,jazz,240:00,563.8,112.8,606.4,121.3,-42.6,-8.5,0.619,2.0,18.1,0.421,0.689,0.539,13.83,13.8,0.484,0.51,1.0,0.983,18.8,94.0,78.33,94.0,0.453
0022400536,1610612757,Portland,Trail Blazers,POR,blazers,240:00,505.2,101.0,613.4,122.7,-108.2,-21.6,0.667,1.41,16.7,0.403,0.735,0.55,17.526,17.5,0.447,0.474,1.0,0.992,19.4,97.0,80.83,97.0,0.38
0022400536,1610612748,Miami,Heat,MIA,heat,240:00,613.4,122.7,505.2,101.0,108.2,21.6,0.705,2.82,22.1,0.265,0.597,0.45,11.34,11.3,0.582,0.601,1.0,0.982,19.4,97.0,80.83,97.0,0.62
0022400535,1610612750,Minnesota,Timberwolves,MIN,timberwolves,240:00,612.7,122.5,622.5,124.5,-9.8,-2.0,0.787,1.95,25.0,0.231,0.571,0.441,18.627,18.6,0.669,0.684,1.0,0.973,20.4,102.0,85.0,102.0,0.559
0022400535,1610612763,Memphis,Grizzlies,MEM,grizzlies,240:00,622.5,124.5,612.7,122.5,9.8,2.0,0.521,1.92,16.2,0.429,0.769,0.559,12.745,12.7,0.519,0.546,1.0,0.992,20.4,102.0,85.0,102.0,0.441
0022400534,1610612765,Detroit,Pistons,DET,pistons,240:00,615.0,123.0,570.0,114.0,45.0,9.0,0.795,2.06,23.8,0.279,0.696,0.515,17.0,17.0,0.637,0.66,1.0,0.964,20.0,100.0,83.33,100.0,0.564
0022400534,1610612761,Toronto,Raptors,TOR,raptors,240:00,570.0,114.0,615.0,123.0,-45.0,-9.0,0.675,2.25,18.8,0.304,0.721,0.485,12.0,12.0,0.522,0.549,1.0,0.983,20.0,100.0,83.33,100.0,0.436
0022400530,1610612741,Chicago,Bulls,CHI,bulls,240:00,657.1,131.4,500.0,100.0,157.1,31.4,0.736,2.6,24.8,0.289,0.746,0.556,14.286,14.3,0.679,0.682,1.0,0.966,21.0,105.0,87.5,105.0,0.667
0022400530,1610612764,Washington,Wizards,WAS,wizards,240:00,500.0,100.0,657.1,131.4,-157.1,-31.4,0.667,1.63,17.7,0.254,0.711,0.444,15.238,15.2,0.49,0.506,1.0,0.975,21.0,105.0,87.5,105.0,0.333
0022400525,1610612754,Indiana,Pacers,IND,pacers,240:00,551.0,110.2,494.8,99.0,56.2,11.2,0.628,1.8,19.9,0.262,0.745,0.536,15.306,15.3,0.579,0.598,1.0,0.972,19.5,97.5,81.25,98.0,0.594
0022400525,1610612744,Golden State,Warriors,GSW,warriors,240:00,494.8,99.0,551.0,110.2,-56.2,-11.2,0.658,1.79,18.4,0.255,0.738,0.464,14.433,14.4,0.473,0.496,1.0,0.982,19.5,97.5,81.25,97.0,0.406
0022400528,1610612738,Boston,Celtics,BOS,celtics,240:00,489.9,98.0,570.0,114.0,-80.1,-16.0,0.647,1.47,16.7,0.212,0.655,0.445,15.152,15.2,0.47,0.518,1.0,0.982,19.9,99.5,82.92,99.0,0.423
0022400528,1610612758,Sacramento,Kings,SAC,kings,240:00,570.0,114.0,489.9,98.0,80.1,16.0,0.591,2.17,17.8,0.345,0.788,0.555,12.0,12.0,0.52,0.538,1.0,0.95,19.9,99.5,82.92,100.0,0.577
0022400527,1610612755,Philadelphia,76ers,PHI,sixers,240:00,586.7,117.3,627.6,125.5,-40.8,-8.2,0.548,2.56,17.2,0.265,0.64,0.455,9.184,9.2,0.538,0.579,1.0,0.982,19.6,98.0,81.67,98.0,0.452
0022400527,1610612740,New Orleans,Pelicans,NOP,pelicans,240:00,627.6,125.5,586.7,117.3,40.8,8.2,0.705,2.58,21.1,0.36,0.735,0.545,12.245,12.2,0.582,0.6,1.0,0.983,19.6,98.0,81.67,98.0,0.548
0022400531,1610612743,Denver,Nuggets,DEN,nuggets,240:00,613.9,122.8,514.7,102.9,99.2,19.8,0.756,2.27,22.5,0.348,0.722,0.55,14.851,14.9,0.569,0.611,1.0,0.983,20.3,101.5,84.58,101.0,0.625
0022400531,1610612751,Brooklyn,Nets,BKN,nets,240:00,514.7,102.9,613.9,122.8,-99.2,-19.8,0.684,1.53,18.2,0.278,0.652,0.45,16.667,16.7,0.5,0.534,1.0,0.983,20.3,101.5,84.58,102.0,0.375
0022400526,1610612753,Orlando,Magic,ORL,magic,240:00,552.1,110.4,561.9,112.4,-9.8,-2.0,0.541,1.82,15.3,0.278,0.75,0.49,11.458,11.5,0.512,0.544,1.0,0.982,19.3,96.5,80.42,96.0,0.469
0022400526,1610612749,Milwaukee,Bucks,MIL,bucks,240:00,561.9,112.4,552.1,110.4,9.8,2.0,0.419,1.38,14.3,0.25,0.722,0.51,13.402,13.4,0.572,0.585,1.0,0.963,19.3,96.5,80.42,97.0,0.531
0022400529,1610612752,New York,Knicks,NYK,knicks,240:00,495.1,99.0,617.6,123.5,-122.5,-24.5,0.486,1.5,12.9,0.322,0.732,0.49,11.765,11.8,0.406,0.476,1.0,0.967,20.4,102.0,85.0,102.0,0.388
0022400529,1610612760,Oklahoma City,Thunder,OKC,thunder,240:00,617.6,123.5,495.1,99.0,122.5,24.5,0.417,1.33,15.0,0.268,0.678,0.51,14.706,14.7,0.618,0.65,1.0,0.982,20.4,102.0,85.0,102.0,0.612
0022400522,1610612756,Phoenix,Suns,PHX,suns,240:00,640.6,128.1,592.8,118.6,47.8,9.6,0.673,2.06,23.2,0.351,0.778,0.585,16.667,16.7,0.653,0.671,1.0,0.991,19.3,96.5,80.42,96.0,0.54
0022400522,1610612737,Atlanta,Hawks,ATL,hawks,240:00,592.8,118.6,640.6,128.1,-47.8,-9.6,0.762,2.91,23.0,0.222,0.649,0.415,11.34,11.3,0.576,0.615,1.0,0.972,19.3,96.5,80.42,97.0,0.46
0022400517,1610612739,Cleveland,Cavaliers,CLE,cavaliers,240:00,680.4,136.1,649.5,129.9,30.9,6.2,0.66,2.82,21.5,0.348,0.684,0.5,11.34,11.3,0.629,0.66,1.0,0.991,19.4,97.0,80.83,97.0,0.515
0022400517,1610612761,Toronto,Raptors,TOR,raptors,240:00,649.5,129.9,680.4,136.1,-30.9,-6.2,0.642,2.62,23.8,0.316,0.652,0.5,13.402,13.4,0.674,0.665,1.0,0.982,19.4,97.0,80.83,97.0,0.485
0022400521,1610612742,Dallas,Mavericks,DAL,mavericks,240:00,596.9,119.4,566.3,113.3,30.6,6.1,0.65,1.86,18.2,0.388,0.679,0.543,14.286,14.3,0.511,0.578,1.0,0.974,19.6,98.0,81.67,98.0,0.568
0022400521,1610612757,Portland,Trail Blazers,POR,blazers,240:00,566.3,113.3,596.9,119.4,-30.6,-6.1,0.615,1.85,17.1,0.321,0.612,0.457,13.265,13.3,0.505,0.545,1.0,0.974,19.6,98.0,81.67,98.0,0.432
0022400519,1610612753,Orlando,Magic,ORL,magic,240:00,478.5,95.7,565.2,113.0,-86.7,-17.3,0.636,1.31,15.8,0.368,0.691,0.527,17.204,17.2,0.437,0.467,1.0,0.973,18.5,92.5,77.08,93.0,0.401
0022400519,1610612750,Minnesota,Timberwolves,MIN,timberwolves,240:00,565.2,113.0,478.5,95.7,86.7,17.3,0.618,2.1,16.2,0.309,0.632,0.473,10.87,10.9,0.471,0.527,1.0,0.972,18.5,92.5,77.08,92.0,0.599
0022400518,1610612765,Detroit,Pistons,DET,pistons,240:00,541.7,108.3,551.5,110.3,-9.9,-2.0,0.641,1.67,18.8,0.24,0.667,0.455,15.625,15.6,0.535,0.559,1.0,0.981,19.3,96.5,80.42,96.0,0.462
0022400518,1610612744,Golden State,Warriors,GSW,warriors,240:00,551.5,110.3,541.7,108.3,9.9,2.0,0.78,2.13,21.9,0.333,0.76,0.545,15.464,15.5,0.545,0.557,1.0,0.974,19.3,96.5,80.42,97.0,0.538
0022400523,1610612762,Utah,Jazz,UTA,jazz,240:00,474.2,94.8,505.2,101.0,-31.0,-6.2,0.606,1.18,15.4,0.255,0.684,0.481,17.526,17.5,0.464,0.508,1.0,0.973,19.3,96.5,80.42,97.0,0.472
0022400523,1610612748,Miami,Heat,MIA,heat,240:00,505.2,101.0,474.2,94.8,31.0,6.2,0.722,1.86,18.6,0.316,0.745,0.519,14.583,14.6,0.473,0.497,1.0,0.982,19.3,96.5,80.42,96.0,0.528
0022400520,1610612763,Memphis,Grizzlies,MEM,grizzlies,240:00,552.9,110.6,572.1,114.4,-19.2,-3.8,0.476,1.0,14.6,0.298,0.639,0.491,19.231,19.2,0.56,0.592,1.0,0.983,20.8,104.0,86.67,104.0,0.513
0022400520,1610612745,Houston,Rockets,HOU,rockets,240:00,572.1,114.4,552.9,110.6,19.2,3.8,0.512,1.62,14.3,0.361,0.702,0.509,12.5,12.5,0.495,0.522,1.0,0.992,20.8,104.0,86.67,104.0,0.487
0022400515,1610612743,Denver,Nuggets,DEN,nuggets,240:00,636.4,127.3,525.5,105.1,110.9,22.2,0.592,2.42,21.0,0.227,0.75,0.51,12.121,12.1,0.646,0.653,1.0,0.972,19.7,98.5,82.08,99.0,0.61
0022400515,1610612746,LA,Clippers,LAC,clippers,240:00,525.5,105.1,636.4,127.3,-110.9,-22.2,0.467,1.17,11.2,0.25,0.773,0.49,12.245,12.2,0.444,0.528,1.0,0.982,19.7,98.5,82.08,98.0,0.39
0022400509,1610612739,Cleveland,Cavaliers,CLE,cavaliers,240:00,638.6,127.7,610.0,122.0,28.6,5.7,0.766,2.4,23.2,0.396,0.714,0.544,14.851,14.9,0.606,0.633,1.0,0.983,20.1,100.5,83.75,101.0,0.502
0022400509,1610612760,Oklahoma City,Thunder,OKC,thunder,240:00,610.0,122.0,638.6,127.7,-28.6,-5.7,0.729,2.69,24.0,0.286,0.604,0.456,13.0,13.0,0.594,0.626,1.0,1.0,20.1,100.5,83.75,100.0,0.498
0022400510,1610612754,Indiana,Pacers,IND,pacers,240:00,638.6,127.7,548.5,109.7,90.1,18.0,0.712,2.85,23.1,0.415,0.745,0.57,12.871,12.9,0.57,0.583,1.0,0.959,20.4,102.0,85.0,101.0,0.587
0022400510,1610612741,Chicago,Bulls,CHI,bulls,240:00,548.5,109.7,638.6,127.7,-90.1,-18.0,0.523,1.28,16.7,0.255,0.585,0.43,17.476,17.5,0.581,0.599,1.0,0.965,20.4,102.0,85.0,103.0,0.413
0022400513,1610612751,Brooklyn,Nets,BKN,nets,240:00,510.4,102.1,588.5,117.7,-78.1,-15.6,0.727,1.6,17.6,0.296,0.721,0.485,15.625,15.6,0.459,0.514,1.0,0.982,19.2,96.0,80.0,96.0,0.418
0022400513,1610612765,Detroit,Pistons,DET,pistons,240:00,588.5,117.7,510.4,102.1,78.1,15.6,0.667,2.0,21.7,0.279,0.704,0.515,15.625,15.6,0.61,0.619,1.0,0.954,19.2,96.0,80.0,96.0,0.582
0022400511,1610612752,New York,Knicks,NYK,knicks,240:00,589.5,117.9,515.8,103.2,73.7,14.7,0.571,1.5,17.3,0.447,0.8,0.609,16.842,16.8,0.545,0.579,1.0,0.957,19.0,95.0,79.17,95.0,0.53
0022400511,1610612761,Toronto,Raptors,TOR,raptors,240:00,515.8,103.2,589.5,117.9,-73.7,-14.7,0.658,1.47,19.5,0.2,0.553,0.391,17.895,17.9,0.558,0.586,1.0,0.971,19.0,95.0,79.17,95.0,0.47
0022400512,1610612755,Philadelphia,76ers,PHI,sixers,240:00,592.4,118.5,559.8,112.0,32.6,6.5,0.525,2.33,16.4,0.294,0.537,0.419,9.783,9.8,0.54,0.566,1.0,0.953,18.4,92.0,76.67,92.0,0.534
0022400512,1610612764,Washington,Wizards,WAS,wizards,240:00,559.8,112.0,592.4,118.5,-32.6,-6.5,0.619,1.44,18.2,0.463,0.706,0.581,19.565,19.6,0.516,0.526,1.0,0.966,18.4,92.0,76.67,92.0,0.466
0022400514,1610612740,New Orleans,Pelicans,NOP,pelicans,240:00,543.5,108.7,639.8,128.0,-96.3,-19.3,0.475,1.0,14.3,0.423,0.548,0.479,20.652,20.7,0.511,0.527,1.0,0.974,18.5,92.5,77.08,92.0,0.385
0022400514,1610612757,Portland,Trail Blazers,POR,blazers,240:00,639.8,128.0,543.5,108.7,96.3,19.3,0.5,1.6,17.8,0.452,0.577,0.521,16.129,16.1,0.619,0.635,1.0,0.964,18.5,92.5,77.08,93.0,0.615
0022400516,1610612749,Milwaukee,Bucks,MIL,bucks,240:00,605.0,121.0,530.3,106.1,74.7,14.9,0.591,2.36,18.6,0.3,0.774,0.563,11.0,11.0,0.582,0.6,1.0,0.974,19.9,99.5,82.92,100.0,0.576
0022400516,1610612759,San Antonio,Spurs,SAS,spurs,240:00,530.3,106.1,605.0,121.0,-74.7,-14.9,0.686,2.67,17.6,0.226,0.7,0.438,9.091,9.1,0.463,0.506,1.0,1.0,19.9,99.5,82.92,99.0,0.424
0022400505,1610612740,New Orleans,Pelicans,NOP,pelicans,240:00,500.0,100.0,525.3,105.1,-25.3,-5.1,0.657,1.64,16.3,0.328,0.655,0.479,14.433,14.4,0.436,0.464,1.0,1.0,19.6,98.0,81.67,97.0,0.427
0022400505,1610612750,Minnesota,Timberwolves,MIN,timberwolves,240:00,525.3,105.1,500.0,100.0,25.3,5.1,0.684,1.53,18.1,0.345,0.672,0.521,17.172,17.2,0.511,0.534,1.0,0.958,19.6,98.0,81.67,99.0,0.573
0022400506,1610612762,Utah,Jazz,UTA,jazz,240:00,599.0,119.8,613.9,122.8,-14.9,-3.0,0.625,1.56,16.8,0.39,0.717,0.545,15.842,15.8,0.516,0.565,1.0,0.976,20.2,101.0,84.17,101.0,0.46
0022400506,1610612737,Atlanta,Hawks,ATL,hawks,240:00,613.9,122.8,599.0,119.8,14.9,3.0,0.745,3.5,23.3,0.283,0.61,0.455,9.901,9.9,0.571,0.593,1.0,0.991,20.2,101.0,84.17,101.0,0.54
0022400503,1610612764,Washington,Wizards,WAS,wizards,240:00,565.7,113.1,675.0,135.0,-109.3,-21.9,0.512,1.17,15.2,0.353,0.563,0.455,18.182,18.2,0.545,0.573,1.0,0.991,19.9,99.5,82.92,99.0,0.373
0022400503,1610612745,Houston,Rockets,HOU,rockets,240:00,675.0,135.0,565.7,113.1,109.3,21.9,0.62,3.1,20.4,0.438,0.647,0.545,10.0,10.0,0.593,0.63,1.0,0.975,19.9,99.5,82.92,100.0,0.627
0022400502,1610612766,Charlotte,Hornets,CHA,hornets,240:00,569.3,113.9,514.9,103.0,54.5,10.9,0.605,1.64,15.6,0.393,0.778,0.574,13.861,13.9,0.454,0.519,1.0,0.976,20.2,101.0,84.17,101.0,0.544
0022400502,1610612756,Phoenix,Suns,PHX,suns,240:00,514.9,103.0,569.3,113.9,-54.5,-10.9,0.692,2.45,19.4,0.222,0.607,0.426,10.891,10.9,0.467,0.518,1.0,0.991,20.2,101.0,84.17,101.0,0.456
0022400507,1610612743,Denver,Nuggets,DEN,nuggets,240:00,563.8,112.8,621.1,124.2,-57.2,-11.4,0.55,1.38,16.5,0.347,0.622,0.479,17.021,17.0,0.54,0.566,1.0,0.991,18.9,94.5,78.75,94.0,0.405
0022400507,1610612738,Boston,Celtics,BOS,celtics,240:00,621.1,124.2,563.8,112.8,57.2,11.4,0.682,2.5,21.1,0.378,0.653,0.521,12.632,12.6,0.568,0.61,1.0,0.964,18.9,94.5,78.75,95.0,0.595
0022400508,1610612744,Golden State,Warriors,GSW,warriors,240:00,510.4,102.1,600.0,120.0,-89.6,-17.9,0.7,2.33,19.7,0.31,0.808,0.545,12.5,12.5,0.48,0.489,1.0,0.956,19.1,95.5,79.58,96.0,0.441
0022400508,1610612748,Miami,Heat,MIA,heat,240:00,600.0,120.0,510.4,102.1,89.6,17.9,0.744,3.2,23.4,0.192,0.69,0.455,10.526,10.5,0.56,0.579,1.0,0.99,19.1,95.5,79.58,95.0,0.559
0022400504,1610612742,Dallas,Mavericks,DAL,mavericks,240:00,641.3,128.3,516.0,103.2,125.3,25.1,0.644,2.23,21.6,0.317,0.86,0.595,14.13,14.1,0.628,0.64,1.0,0.971,18.6,93.0,77.5,92.0,0.575
0022400504,1610612747,Los Angeles,Lakers,LAL,lakers,240:00,516.0,103.2,641.3,128.3,-125.3,-25.1,0.588,2.0,16.7,0.14,0.683,0.405,10.638,10.6,0.527,0.567,1.0,0.96,18.6,93.0,77.5,94.0,0.425
0022400499,1610612763,Memphis,Grizzlies,MEM,grizzlies,240:00,572.1,114.4,490.6,98.1,81.5,16.3,0.6,1.6,16.9,0.264,0.721,0.509,14.423,14.4,0.523,0.575,1.0,0.983,21.0,105.0,87.5,104.0,0.581
0022400499,1610612742,Dallas,Mavericks,DAL,mavericks,240:00,490.6,98.1,572.1,114.4,-81.5,-16.3,0.625,1.67,17.0,0.279,0.736,0.491,14.151,14.2,0.474,0.497,1.0,0.975,21.0,105.0,87.5,106.0,0.419
0022400495,1610612751,Brooklyn,Nets,BKN,nets,240:00,521.1,104.2,601.1,120.2,-80.0,-16.0,0.561,1.64,16.1,0.417,0.795,0.566,14.737,14.7,0.469,0.481,1.0,0.975,18.9,94.5,78.75,95.0,0.421
0022400495,1610612754,Indiana,Pacers,IND,pacers,240:00,601.1,120.2,521.1,104.2,80.0,16.0,0.55,1.83,17.7,0.205,0.583,0.434,12.766,12.8,0.582,0.634,1.0,0.971,18.9,94.5,78.75,94.0,0.579
0022400494,1610612755,Philadelphia,76ers,PHI,sixers,240:00,521.1,104.2,567.7,113.5,-46.7,-9.3,0.588,2.0,15.5,0.237,0.814,0.48,10.526,10.5,0.477,0.503,1.0,0.991,19.1,95.5,79.58,95.0,0.393
0022400494,1610612756,Phoenix,Suns,PHX,suns,240:00,567.7,113.5,521.1,104.2,46.7,9.3,0.78,2.67,23.5,0.186,0.763,0.52,12.5,12.5,0.593,0.61,1.0,0.971,19.1,95.5,79.58,96.0,0.607
0022400498,1610612741,Chicago,Bulls,CHI,bulls,240:00,553.4,110.7,534.0,106.8,19.4,3.9,0.568,1.92,17.0,0.356,0.673,0.505,12.621,12.6,0.495,0.525,1.0,1.0,20.6,103.0,85.83,103.0,0.51
0022400498,1610612759,San Antonio,Spurs,SAS,spurs,240:00,534.0,106.8,553.4,110.7,-19.4,-3.9,0.705,1.82,20.5,0.327,0.644,0.495,16.505,16.5,0.542,0.548,1.0,0.983,20.6,103.0,85.83,103.0,0.49
0022400496,1610612752,New York,Knicks,NYK,knicks,240:00,516.5,103.3,565.9,113.2,-49.5,-9.9,0.444,1.33,13.2,0.298,0.75,0.506,13.187,13.2,0.469,0.518,1.0,0.981,18.2,91.0,75.83,91.0,0.418
0022400496,1610612753,Orlando,Magic,ORL,magic,240:00,565.9,113.2,516.5,103.3,49.5,9.9,0.59,1.92,18.5,0.25,0.702,0.494,13.187,13.2,0.571,0.599,1.0,0.95,18.2,91.0,75.83,91.0,0.582
0022400497,1610612761,Toronto,Raptors,TOR,raptors,240:00,504.9,101.0,621.4,124.3,-116.5,-23.3,0.659,1.8,18.8,0.259,0.75,0.456,14.563,14.6,0.5,0.519,1.0,0.983,20.6,103.0,85.83,103.0,0.38
0022400497,1610612749,Milwaukee,Bucks,MIL,bucks,240:00,621.4,124.3,504.9,101.0,116.5,23.3,0.787,1.76,24.8,0.25,0.741,0.544,20.388,20.4,0.707,0.722,1.0,0.982,20.6,103.0,85.83,103.0,0.62
0022400501,1610612758,Sacramento,Kings,SAC,kings,290:00,530.2,106.0,508.6,101.7,21.6,4.3,0.667,2.0,18.0,0.313,0.774,0.535,12.931,12.9,0.477,0.515,1.0,0.971,19.2,96.0,80.0,116.0,0.505
0022400501,1610612748,Miami,Heat,MIA,heat,290:00,508.6,101.7,530.2,106.0,-21.6,-4.3,0.581,1.79,16.1,0.226,0.687,0.465,12.069,12.1,0.475,0.518,1.0,0.985,19.2,96.0,80.0,116.0,0.495
0022400500,1610612750,Minnesota,Timberwolves,MIN,timberwolves,240:00,562.5,112.5,557.9,111.6,4.6,0.9,0.585,1.6,17.1,0.364,0.691,0.527,15.625,15.6,0.533,0.543,1.0,0.966,19.1,95.5,79.58,96.0,0.495
0022400500,1610612746,LA,Clippers,LAC,clippers,240:00,557.9,111.6,562.5,112.5,-4.6,-0.9,0.622,1.77,17.0,0.309,0.636,0.473,13.684,13.7,0.483,0.53,1.0,0.991,19.1,95.5,79.58,95.0,0.505
0022400493,1610612765,Detroit,Pistons,DET,pistons,240:00,608.2,121.6,586.7,117.3,21.5,4.3,0.548,1.53,16.2,0.407,0.75,0.561,15.464,15.5,0.527,0.569,1.0,0.983,19.5,97.5,81.25,97.0,0.481
0022400493,1610612757,Portland,Trail Blazers,POR,blazers,240:00,586.7,117.3,608.2,121.6,-21.5,-4.3,0.667,2.0,22.7,0.25,0.593,0.439,16.327,16.3,0.622,0.624,1.0,0.972,19.5,97.5,81.25,98.0,0.519
0022400492,1610612744,Golden State,Warriors,GSW,warriors,240:00,505.1,101.0,645.0,129.0,-139.9,-28.0,0.595,1.0,16.7,0.261,0.636,0.444,22.449,22.4,0.531,0.557,1.0,1.0,19.8,99.0,82.5,98.0,0.344
0022400492,1610612758,Sacramento,Kings,SAC,kings,240:00,645.0,129.0,505.1,101.0,139.9,28.0,0.689,1.94,21.1,0.364,0.739,0.556,16.0,16.0,0.626,0.667,1.0,0.957,19.8,99.0,82.5,100.0,0.656
0022400491,1610612745,Houston,Rockets,HOU,rockets,240:00,639.8,128.0,625.0,125.0,14.8,3.0,0.404,3.17,14.1,0.418,0.744,0.561,6.452,6.5,0.545,0.554,1.0,0.974,18.5,92.5,77.08,93.0,0.474
0022400491,1610612747,Los Angeles,Lakers,LAL,lakers,240:00,625.0,125.0,639.8,128.0,-14.8,-3.0,0.684,2.6,20.2,0.256,0.582,0.439,10.87,10.9,0.59,0.637,1.0,0.981,18.5,92.5,77.08,92.0,0.526
0022400487,1610612760,Oklahoma City,Thunder,OKC,thunder,240:00,535.7,107.1,474.2,94.8,61.5,12.3,0.564,1.38,16.5,0.265,0.722,0.505,16.327,16.3,0.54,0.566,1.0,0.964,19.5,97.5,81.25,98.0,0.59
0022400487,1610612738,Boston,Celtics,BOS,celtics,240:00,474.2,94.8,535.7,107.1,-61.5,-12.3,0.548,1.06,13.2,0.278,0.735,0.495,16.495,16.5,0.418,0.481,1.0,0.991,19.5,97.5,81.25,97.0,0.41
0022400490,1610612753,Orlando,Magic,ORL,magic,240:00,474.2,94.8,535.7,107.1,-61.5,-12.3,0.714,2.27,17.9,0.288,0.659,0.436,11.34,11.3,0.429,0.444,1.0,1.0,19.5,97.5,81.25,97.0,0.401
0022400490,1610612762,Utah,Jazz,UTA,jazz,240:00,535.7,107.1,474.2,94.8,61.5,12.3,0.538,0.95,15.9,0.341,0.712,0.564,22.449,22.4,0.549,0.59,1.0,0.991,19.5,97.5,81.25,98.0,0.599
0022400489,1610612764,Washington,Wizards,WAS,wizards,240:00,494.9,99.0,561.2,112.2,-66.3,-13.3,0.658,1.56,18.1,0.264,0.717,0.491,16.162,16.2,0.489,0.515,1.0,0.965,19.7,98.5,82.08,99.0,0.433
0022400489,1610612740,New Orleans,Pelicans,NOP,pelicans,240:00,561.2,112.2,494.9,99.0,66.3,13.3,0.703,2.17,18.7,0.283,0.736,0.509,12.245,12.2,0.511,0.557,1.0,0.982,19.7,98.5,82.08,98.0,0.567
0022400488,1610612739,Cleveland,Cavaliers,CLE,cavaliers,240:00,575.0,115.0,530.3,106.1,44.7,8.9,0.659,2.42,20.6,0.255,0.685,0.476,12.0,12.0,0.56,0.581,1.0,0.991,19.9,99.5,82.92,100.0,0.559
0022400488,1610612766,Charlotte,Hornets,CHA,hornets,240:00,530.3,106.1,575.0,115.0,-44.7,-8.9,0.5,1.19,14.2,0.315,0.745,0.524,16.162,16.2,0.5,0.528,1.0,0.991,19.9,99.5,82.92,99.0,0.441
0022400484,1610612759,San Antonio,Spurs,SAS,spurs,265:00,504.5,100.9,564.8,113.0,-60.3,-12.1,0.683,2.0,18.1,0.281,0.714,0.496,12.727,12.7,0.457,0.496,1.0,0.961,19.74,98.72,82.26,110.0,0.431
0022400484,1610612743,Denver,Nuggets,DEN,nuggets,265:00,564.8,113.0,504.5,100.9,60.3,12.1,0.681,4.57,20.3,0.286,0.719,0.504,6.481,6.5,0.481,0.516,1.0,0.984,19.74,98.72,82.26,108.0,0.569
0022400485,1610612744,Golden State,Warriors,GSW,warriors,240:00,611.1,122.2,565.0,113.0,46.1,9.2,0.727,1.78,22.7,0.238,0.568,0.407,18.182,18.2,0.661,0.665,1.0,0.982,19.9,99.5,82.92,99.0,0.515
0022400485,1610612763,Memphis,Grizzlies,MEM,grizzlies,240:00,565.0,113.0,611.1,122.2,-46.1,-9.2,0.63,1.26,19.6,0.432,0.762,0.593,23.0,23.0,0.574,0.594,1.0,0.966,19.9,99.5,82.92,100.0,0.485
0022400483,1610612749,Milwaukee,Bucks,MIL,bucks,240:00,505.0,101.0,525.0,105.0,-20.0,-4.0,0.61,2.27,18.5,0.161,0.804,0.451,10.891,10.9,0.5,0.515,1.0,0.991,20.1,100.5,83.75,101.0,0.478
0022400483,1610612757,Portland,Trail Blazers,POR,blazers,240:00,525.0,105.0,505.0,101.0,20.0,4.0,0.512,1.17,16.2,0.196,0.839,0.549,18.0,18.0,0.559,0.579,1.0,0.982,20.1,100.5,83.75,100.0,0.522
0022400480,1610612754,Indiana,Pacers,IND,pacers,240:00,642.9,128.6,562.5,112.5,80.4,16.1,0.761,4.38,23.3,0.373,0.875,0.593,8.163,8.2,0.557,0.599,1.0,0.974,19.4,97.0,80.83,98.0,0.55
0022400480,1610612756,Phoenix,Suns,PHX,suns,240:00,562.5,112.5,642.9,128.6,-80.4,-16.1,0.789,2.31,22.9,0.125,0.627,0.407,13.542,13.5,0.564,0.619,1.0,0.98,19.4,97.0,80.83,96.0,0.45
0022400486,1610612746,LA,Clippers,LAC,clippers,240:00,584.8,117.0,477.3,95.5,107.5,21.5,0.679,2.12,22.6,0.239,0.846,0.561,15.179,15.2,0.62,0.633,1.0,0.967,22.2,111.0,92.5,112.0,0.598
0022400486,1610612737,Atlanta,Hawks,ATL,hawks,240:00,477.3,95.5,584.8,117.0,-107.5,-21.5,0.789,1.3,20.3,0.154,0.761,0.439,20.909,20.9,0.523,0.55,1.0,0.992,22.2,111.0,92.5,110.0,0.402
0022400479,1610612765,Detroit,Pistons,DET,pistons,240:00,595.0,119.0,530.3,106.1,64.7,12.9,0.578,1.86,17.9,0.388,0.816,0.602,14.0,14.0,0.554,0.584,1.0,0.958,19.9,99.5,82.92,100.0,0.597
0022400479,1610612750,Minnesota,Timberwolves,MIN,timberwolves,240:00,530.3,106.1,595.0,119.0,-64.7,-12.9,0.588,1.18,15.6,0.184,0.612,0.398,17.172,17.2,0.525,0.574,1.0,0.991,19.9,99.5,82.92,99.0,0.403
0022400481,1610612748,Miami,Heat,MIA,heat,240:00,485.4,97.1,653.8,130.8,-168.4,-33.7,0.714,1.67,18.5,0.143,0.612,0.378,14.563,14.6,0.494,0.536,1.0,0.991,20.7,103.5,86.25,103.0,0.37
0022400481,1610612762,Utah,Jazz,UTA,jazz,240:00,653.8,130.8,485.4,97.1,168.4,33.7,0.596,2.21,20.1,0.388,0.857,0.622,13.462,13.5,0.615,0.635,1.0,0.976,20.7,103.5,86.25,104.0,0.63
0022400482,1610612741,Chicago,Bulls,CHI,bulls,240:00,655.7,131.1,588.8,117.8,66.9,13.4,0.706,2.77,23.7,0.233,0.642,0.458,12.264,12.3,0.649,0.682,1.0,0.974,21.3,106.5,88.75,106.0,0.544
0022400482,1610612752,New York,Knicks,NYK,knicks,240:00,588.8,117.8,655.7,131.1,-66.9,-13.4,0.563,2.08,17.6,0.358,0.767,0.542,12.15,12.1,0.536,0.576,1.0,0.968,21.3,106.5,88.75,107.0,0.456
0022400478,1610612751,Brooklyn,Nets,BKN,nets,240:00,447.6,89.5,580.2,116.0,-132.6,-26.5,0.647,1.0,16.3,0.154,0.791,0.442,20.952,21.0,0.5,0.52,1.0,0.991,21.1,105.5,87.92,105.0,0.321
0022400478,1610612755,Philadelphia,76ers,PHI,sixers,240:00,580.2,116.0,447.6,89.5,132.6,26.5,0.738,1.72,21.4,0.209,0.846,0.558,16.981,17.0,0.604,0.646,1.0,0.982,21.1,105.5,87.92,106.0,0.679
0022400471,1610612745,Houston,Rockets,HOU,rockets,240:00,494.3,98.9,619.3,123.9,-125.1,-25.0,0.281,0.64,7.8,0.375,0.634,0.485,16.092,16.1,0.42,0.461,1.0,0.972,17.5,87.5,72.92,87.0,0.29
0022400471,1610612738,Boston,Celtics,BOS,celtics,240:00,619.3,123.9,494.3,98.9,125.1,25.0,0.513,1.43,16.4,0.366,0.625,0.515,15.909,15.9,0.63,0.642,1.0,0.98,17.5,87.5,72.92,88.0,0.71
0022400474,1610612742,Dallas,Mavericks,DAL,mavericks,240:00,586.5,117.3,644.2,128.8,-57.7,-11.5,0.674,2.42,18.5,0.4,0.723,0.542,11.538,11.5,0.49,0.539,1.0,0.984,20.8,104.0,86.67,104.0,0.428
0022400474,1610612739,Cleveland,Cavaliers,CLE,cavaliers,240:00,644.2,128.8,586.5,117.3,57.7,11.5,0.731,4.75,24.5,0.277,0.6,0.458,7.692,7.7,0.607,0.627,1.0,0.974,20.8,104.0,86.67,104.0,0.572
0022400470,1610612761,Toronto,Raptors,TOR,raptors,240:00,544.9,109.0,588.9,117.8,-43.9,-8.8,0.737,2.55,22.2,0.209,0.682,0.448,12.36,12.4,0.538,0.566,1.0,0.99,17.9,89.5,74.58,89.0,0.467
0022400470,1610612753,Orlando,Magic,ORL,magic,240:00,588.9,117.8,544.9,109.0,43.9,8.8,0.865,2.29,23.5,0.318,0.791,0.552,15.556,15.6,0.589,0.613,1.0,0.942,17.9,89.5,74.58,90.0,0.533
0022400472,1610612740,New Orleans,Pelicans,NOP,pelicans,240:00,640.8,128.2,594.1,118.8,46.7,9.3,0.75,4.5,23.5,0.286,0.619,0.44,7.767,7.8,0.594,0.625,1.0,0.966,20.4,102.0,85.0,103.0,0.55
0022400472,1610612764,Washington,Wizards,WAS,wizards,240:00,594.1,118.8,640.8,128.2,-46.7,-9.3,0.622,1.33,19.3,0.381,0.714,0.56,20.792,20.8,0.589,0.626,1.0,1.0,20.4,102.0,85.0,101.0,0.45
0022400473,1610612760,Oklahoma City,Thunder,OKC,thunder,240:00,585.0,117.0,535.0,107.0,50.0,10.0,0.628,2.08,20.0,0.186,0.755,0.489,13.0,13.0,0.595,0.627,1.0,0.981,20.0,100.0,83.33,100.0,0.563
0022400473,1610612752,New York,Knicks,NYK,knicks,240:00,535.0,107.0,585.0,117.0,-50.0,-10.0,0.512,1.83,16.4,0.245,0.814,0.511,12.0,12.0,0.528,0.549,1.0,0.982,20.0,100.0,83.33,100.0,0.437
0022400469,1610612765,Detroit,Pistons,DET,pistons,240:00,500.0,100.0,474.7,94.9,25.3,5.1,0.538,1.4,15.4,0.309,0.774,0.537,15.306,15.3,0.484,0.496,1.0,0.974,19.7,98.5,82.08,98.0,0.482
0022400469,1610612766,Charlotte,Hornets,CHA,hornets,240:00,474.7,94.9,500.0,100.0,-25.3,-5.1,0.758,1.39,18.4,0.226,0.691,0.463,18.182,18.2,0.469,0.504,1.0,0.973,19.7,98.5,82.08,99.0,0.518
0022400476,1610612758,Sacramento,Kings,SAC,kings,240:00,650.9,130.2,610.1,122.0,40.9,8.2,0.653,3.2,21.3,0.24,0.686,0.465,9.434,9.4,0.601,0.632,1.0,0.992,21.5,107.5,89.58,106.0,0.506
0022400476,1610612763,Memphis,Grizzlies,MEM,grizzlies,240:00,610.1,122.0,650.9,130.2,-40.9,-8.2,0.721,1.82,20.1,0.314,0.76,0.535,15.596,15.6,0.579,0.634,1.0,0.984,21.5,107.5,89.58,109.0,0.494
0022400477,1610612747,Los Angeles,Lakers,LAL,lakers,240:00,607.1,121.4,510.0,102.0,97.1,19.4,0.651,1.47,19.0,0.447,0.721,0.602,19.388,19.4,0.563,0.601,1.0,0.983,19.8,99.0,82.5,98.0,0.598
0022400477,1610612737,Atlanta,Hawks,ATL,hawks,240:00,510.0,102.0,607.1,121.4,-97.1,-19.4,0.537,2.75,15.8,0.279,0.553,0.398,8.0,8.0,0.44,0.473,1.0,0.966,19.8,99.0,82.5,100.0,0.402
0022400475,1610612743,Denver,Nuggets,DEN,nuggets,240:00,550.0,110.0,565.0,113.0,-15.0,-3.0,0.786,4.13,22.4,0.246,0.661,0.451,8.0,8.0,0.51,0.529,1.0,0.982,20.0,100.0,83.33,100.0,0.502
0022400475,1610612759,San Antonio,Spurs,SAS,spurs,240:00,565.0,113.0,550.0,110.0,15.0,3.0,0.674,2.38,20.7,0.339,0.754,0.549,13.0,13.0,0.53,0.54,1.0,0.975,20.0,100.0,83.33,100.0,0.498
0022400468,1610612747,Los Angeles,Lakers,LAL,lakers,240:00,587.6,117.5,546.4,109.3,41.2,8.2,0.698,2.31,20.8,0.327,0.683,0.484,13.402,13.4,0.537,0.569,1.0,0.974,19.4,97.0,80.83,97.0,0.519
0022400468,1610612757,Portland,Trail Blazers,POR,blazers,240:00,546.4,109.3,587.6,117.5,-41.2,-8.2,0.6,1.33,17.9,0.317,0.673,0.516,18.557,18.6,0.556,0.594,1.0,0.982,19.4,97.0,80.83,97.0,0.481
0022400463,1610612748,Miami,Heat,MIA,heat,240:00,592.8,118.6,666.7,133.3,-73.9,-14.8,0.791,2.13,24.8,0.188,0.7,0.5,16.495,16.5,0.647,0.683,1.0,0.951,19.3,96.5,80.42,97.0,0.5
0022400463,1610612754,Indiana,Pacers,IND,pacers,240:00,666.7,133.3,592.8,118.6,73.9,14.8,0.686,4.38,24.0,0.3,0.813,0.5,8.333,8.3,0.62,0.621,1.0,0.973,19.3,96.5,80.42,96.0,0.5
0022400464,1610612750,Minnesota,Timberwolves,MIN,timberwolves,240:00,668.6,133.7,686.0,137.2,-17.4,-3.5,0.649,1.5,19.2,0.405,0.696,0.566,18.605,18.6,0.642,0.687,1.0,0.97,17.2,86.0,71.67,86.0,0.486
0022400464,1610612738,Boston,Celtics,BOS,celtics,240:00,686.0,137.2,668.6,133.7,17.4,3.5,0.652,7.5,23.1,0.304,0.595,0.434,4.651,4.7,0.62,0.623,1.0,0.97,17.2,86.0,71.67,86.0,0.514
0022400467,1610612744,Golden State,Warriors,GSW,warriors,240:00,702.0,140.4,530.3,106.1,171.7,34.3,0.774,3.42,27.7,0.229,0.78,0.553,12.121,12.1,0.736,0.743,1.0,0.972,19.8,99.0,82.5,99.0,0.647
0022400467,1610612755,Philadelphia,76ers,PHI,sixers,240:00,530.3,106.1,702.0,140.4,-171.7,-34.3,0.5,1.55,13.4,0.22,0.771,0.447,11.111,11.1,0.475,0.547,1.0,0.982,19.8,99.0,82.5,99.0,0.353
0022400465,1610612749,Milwaukee,Bucks,MIL,bucks,240:00,555.6,111.1,570.7,114.1,-15.2,-3.0,0.525,1.5,15.3,0.327,0.686,0.5,14.141,14.1,0.506,0.538,1.0,0.991,19.8,99.0,82.5,99.0,0.45
0022400465,1610612751,Brooklyn,Nets,BKN,nets,240:00,570.7,114.1,555.6,111.1,15.2,3.0,0.684,1.86,18.6,0.314,0.673,0.5,14.141,14.1,0.5,0.563,1.0,0.991,19.8,99.0,82.5,99.0,0.55
0022400466,1610612760,Oklahoma City,Thunder,OKC,thunder,240:00,591.8,118.4,494.9,99.0,96.9,19.4,0.674,2.9,21.6,0.156,0.739,0.451,10.204,10.2,0.581,0.612,1.0,0.981,19.7,98.5,82.08,98.0,0.592
0022400466,1610612746,LA,Clippers,LAC,clippers,240:00,494.9,99.0,591.8,118.4,-96.9,-19.4,0.658,1.25,18.4,0.261,0.844,0.549,20.202,20.2,0.537,0.554,1.0,0.964,19.7,98.5,82.08,99.0,0.408
0022400462,1610612758,Sacramento,Kings,SAC,kings,240:00,576.5,115.3,540.4,108.1,36.1,7.2,0.585,1.41,17.4,0.364,0.733,0.551,17.347,17.3,0.542,0.598,1.0,0.991,19.7,98.5,82.08,98.0,0.564
0022400462,1610612755,Philadelphia,76ers,PHI,sixers,240:00,540.4,108.1,576.5,115.3,-36.1,-7.2,0.6,1.26,17.8,0.267,0.636,0.449,19.192,19.2,0.565,0.593,1.0,0.964,19.7,98.5,82.08,99.0,0.436
0022400455,1610612765,Detroit,Pistons,DET,pistons,240:00,535.7,107.1,489.8,98.0,45.9,9.2,0.61,1.04,18.1,0.385,0.702,0.573,24.49,24.5,0.595,0.607,1.0,0.973,19.6,98.0,81.67,98.0,0.584
0022400455,1610612753,Orlando,Magic,ORL,magic,240:00,489.8,98.0,535.7,107.1,-45.9,-9.2,0.486,1.38,13.6,0.298,0.615,0.427,13.265,13.3,0.451,0.481,1.0,0.982,19.6,98.0,81.67,98.0,0.416
0022400459,1610612761,Toronto,Raptors,TOR,raptors,240:00,663.3,132.7,582.5,116.5,80.8,16.2,0.692,3.27,25.2,0.237,0.756,0.518,11.224,11.2,0.682,0.694,1.0,0.963,19.5,97.5,81.25,98.0,0.58
0022400459,1610612751,Brooklyn,Nets,BKN,nets,240:00,582.5,116.5,663.3,132.7,-80.8,-16.2,0.667,2.15,20.6,0.244,0.763,0.482,13.402,13.4,0.546,0.59,1.0,0.972,19.5,97.5,81.25,97.0,0.42
0022400457,1610612748,Miami,Heat,MIA,heat,240:00,633.0,126.6,568.4,113.7,64.6,12.9,0.773,2.62,24.5,0.275,0.786,0.537,13.83,13.8,0.614,0.645,1.0,0.962,18.9,94.5,78.75,94.0,0.552
0022400457,1610612740,New Orleans,Pelicans,NOP,pelicans,240:00,568.4,113.7,633.0,126.6,-64.6,-12.9,0.625,2.27,19.4,0.214,0.725,0.463,11.579,11.6,0.556,0.602,1.0,0.962,18.9,94.5,78.75,95.0,0.448
0022400461,1610612743,Denver,Nuggets,DEN,nuggets,240:00,637.6,127.5,550.5,110.1,87.2,17.4,0.83,3.38,27.5,0.171,0.724,0.495,11.927,11.9,0.628,0.673,1.0,0.974,21.8,109.0,90.83,109.0,0.594
0022400461,1610612737,Atlanta,Hawks,ATL,hawks,240:00,550.5,110.1,637.6,127.5,-87.2,-17.4,0.756,2.43,21.4,0.276,0.829,0.505,12.844,12.8,0.53,0.549,1.0,0.968,21.8,109.0,90.83,109.0,0.406
0022400456,1610612764,Washington,Wizards,WAS,wizards,240:00,573.4,114.7,500.0,100.0,73.4,14.7,0.735,2.12,22.5,0.288,0.788,0.538,15.596,15.6,0.581,0.599,1.0,0.952,21.6,108.0,90.0,109.0,0.559
0022400456,1610612741,Chicago,Bulls,CHI,bulls,240:00,500.0,100.0,573.4,114.7,-73.4,-14.7,0.683,1.4,19.2,0.212,0.712,0.462,18.692,18.7,0.522,0.545,1.0,1.0,21.6,108.0,90.0,107.0,0.441
0022400458,1610612752,New York,Knicks,NYK,knicks,240:00,589.1,117.8,509.9,102.0,79.2,15.8,0.66,2.38,22.0,0.214,0.683,0.49,12.871,12.9,0.606,0.626,1.0,0.982,20.2,101.0,84.17,101.0,0.63
0022400458,1610612762,Utah,Jazz,UTA,jazz,240:00,509.9,102.0,589.1,117.8,-79.2,-15.8,0.59,1.35,16.1,0.317,0.786,0.51,16.832,16.8,0.474,0.502,1.0,0.975,20.2,101.0,84.17,101.0,0.37
0022400460,1610612745,Houston,Rockets,HOU,rockets,240:00,561.2,112.2,495.0,99.0,66.2,13.2,0.381,1.14,12.5,0.286,0.842,0.529,14.286,14.3,0.517,0.555,1.0,0.982,19.8,99.0,82.5,98.0,0.521
0022400460,1610612742,Dallas,Mavericks,DAL,mavericks,240:00,495.0,99.0,561.2,112.2,-66.2,-13.2,0.475,0.95,15.2,0.158,0.714,0.471,20.0,20.0,0.607,0.603,1.0,0.962,19.8,99.0,82.5,100.0,0.479
0022400449,1610612738,Boston,Celtics,BOS,celtics,240:00,651.0,130.2,366.0,73.2,285.1,57.0,0.617,2.23,21.2,0.279,0.7,0.524,13.542,13.5,0.667,0.668,1.0,0.991,19.3,96.5,80.42,96.0,0.802
0022400449,1610612761,Toronto,Raptors,TOR,raptors,240:00,366.0,73.2,651.0,130.2,-285.1,-57.0,0.667,0.86,13.6,0.3,0.721,0.476,21.649,21.6,0.372,0.391,1.0,0.982,19.3,96.5,80.42,97.0,0.198
0022400454,1610612747,Los Angeles,Lakers,LAL,lakers,240:00,550.0,110.0,610.0,122.0,-60.0,-12.0,0.619,2.89,18.6,0.259,0.755,0.495,9.0,9.0,0.489,0.532,1.0,0.974,20.0,100.0,83.33,100.0,0.455
0022400454,1610612739,Cleveland,Cavaliers,CLE,cavaliers,240:00,610.0,122.0,550.0,110.0,60.0,12.0,0.711,2.91,22.2,0.245,0.741,0.505,11.0,11.0,0.581,0.607,1.0,0.982,20.0,100.0,83.33,100.0,0.545
0022400453,1610612756,Phoenix,Suns,PHX,suns,240:00,533.3,106.7,551.9,110.4,-18.6,-3.7,0.667,1.65,18.8,0.296,0.617,0.465,16.19,16.2,0.505,0.544,1.0,0.983,21.1,105.5,87.92,105.0,0.514
0022400453,1610612763,Memphis,Grizzlies,MEM,grizzlies,240:00,551.9,110.4,533.3,106.7,18.6,3.7,0.675,1.59,17.5,0.383,0.704,0.535,16.038,16.0,0.505,0.539,1.0,0.984,21.1,105.5,87.92,106.0,0.486
0022400451,1610612759,San Antonio,Spurs,SAS,spurs,240:00,616.2,123.2,438.8,87.8,177.4,35.5,0.771,4.11,24.2,0.365,0.776,0.582,9.091,9.1,0.536,0.574,1.0,0.991,19.7,98.5,82.08,99.0,0.715
0022400451,1610612746,LA,Clippers,LAC,clippers,240:00,438.8,87.8,616.2,123.2,-177.4,-35.5,0.567,1.21,13.4,0.224,0.635,0.418,14.286,14.3,0.408,0.453,1.0,0.991,19.7,98.5,82.08,98.0,0.285
0022400452,1610612760,Oklahoma City,Thunder,OKC,thunder,240:00,559.4,111.9,519.8,104.0,39.6,7.9,0.595,2.08,18.1,0.25,0.75,0.477,11.881,11.9,0.539,0.57,1.0,0.956,20.2,101.0,84.17,101.0,0.553
0022400452,1610612750,Minnesota,Timberwolves,MIN,timberwolves,240:00,519.8,104.0,559.4,111.9,-39.6,-7.9,0.538,0.88,15.9,0.25,0.75,0.523,23.762,23.8,0.589,0.623,1.0,0.973,20.2,101.0,84.17,101.0,0.447
0022400450,1610612754,Indiana,Pacers,IND,pacers,240:00,513.8,102.8,550.5,110.1,-36.7,-7.3,0.65,1.44,17.3,0.268,0.768,0.518,16.514,16.5,0.517,0.543,1.0,0.96,21.8,109.0,90.83,109.0,0.467
0022400450,1610612749,Milwaukee,Bucks,MIL,bucks,240:00,550.5,110.1,513.8,102.8,36.7,7.3,0.6,2.25,18.1,0.232,0.732,0.482,11.009,11.0,0.526,0.558,1.0,0.975,21.8,109.0,90.83,109.0,0.533
0022400444,1610612740,New Orleans,Pelicans,NOP,pelicans,240:00,576.5,115.3,597.9,119.6,-21.4,-4.3,0.714,1.88,21.9,0.22,0.617,0.432,16.327,16.3,0.622,0.641,1.0,0.981,19.5,97.5,81.25,98.0,0.515
0022400444,1610612746,LA,Clippers,LAC,clippers,240:00,597.9,119.6,576.5,115.3,21.4,4.3,0.585,1.41,17.4,0.383,0.78,0.568,17.526,17.5,0.552,0.593,1.0,0.991,19.5,97.5,81.25,97.0,0.485
0022400448,1610612758,Sacramento,Kings,SAC,kings,240:00,534.0,106.8,485.4,97.1,48.5,9.7,0.595,1.56,16.7,0.379,0.917,0.623,15.534,15.5,0.47,0.508,1.0,0.984,20.6,103.0,85.83,103.0,0.538
0022400448,1610612742,Dallas,Mavericks,DAL,mavericks,240:00,485.4,97.1,534.0,106.8,-48.5,-9.7,0.531,0.94,13.7,0.083,0.621,0.377,17.476,17.5,0.5,0.563,1.0,0.972,20.6,103.0,85.83,103.0,0.462
0022400442,1610612766,Charlotte,Hornets,CHA,hornets,265:00,473.7,94.7,508.8,101.8,-35.2,-7.0,0.548,1.64,15.8,0.159,0.71,0.447,12.281,12.3,0.465,0.492,1.0,0.984,20.56,102.79,85.66,114.0,0.462
0022400442,1610612741,Chicago,Bulls,CHI,bulls,265:00,508.8,101.8,473.7,94.7,35.2,7.0,0.795,2.07,19.0,0.29,0.841,0.553,13.274,13.3,0.462,0.496,1.0,0.977,20.56,102.79,85.66,113.0,0.538
0022400445,1610612762,Utah,Jazz,UTA,jazz,240:00,605.0,121.0,653.5,130.7,-48.5,-9.7,0.636,1.75,20.3,0.227,0.574,0.418,16.0,16.0,0.587,0.632,1.0,0.991,20.1,100.5,83.75,100.0,0.43
0022400445,1610612743,Denver,Nuggets,DEN,nuggets,240:00,653.5,130.7,605.0,121.0,48.5,9.7,0.717,5.43,23.5,0.426,0.773,0.582,6.931,6.9,0.548,0.582,1.0,0.976,20.1,100.5,83.75,101.0,0.57
0022400443,1610612764,Washington,Wizards,WAS,wizards,240:00,530.0,106.0,617.6,123.5,-87.6,-17.5,0.641,1.92,17.9,0.268,0.661,0.464,13.0,13.0,0.489,0.521,1.0,1.0,20.2,101.0,84.17,100.0,0.394
0022400443,1610612752,New York,Knicks,NYK,knicks,240:00,617.6,123.5,530.0,106.0,87.6,17.5,0.756,4.25,21.9,0.339,0.732,0.536,7.843,7.8,0.536,0.578,1.0,0.959,20.2,101.0,84.17,102.0,0.606
0022400446,1610612744,Golden State,Warriors,GSW,warriors,240:00,452.4,90.5,538.1,107.6,-85.7,-17.1,0.606,1.33,13.6,0.324,0.759,0.516,14.286,14.3,0.379,0.43,1.0,0.976,21.0,105.0,87.5,105.0,0.407
0022400446,1610612739,Cleveland,Cavaliers,CLE,cavaliers,240:00,538.1,107.6,452.4,90.5,85.7,17.1,0.568,1.56,17.5,0.241,0.676,0.484,15.238,15.2,0.552,0.563,1.0,0.983,21.0,105.0,87.5,105.0,0.593
0022400447,1610612757,Portland,Trail Blazers,POR,blazers,240:00,530.9,106.2,644.3,128.9,-113.4,-22.7,0.622,0.88,16.4,0.426,0.636,0.513,26.804,26.8,0.532,0.571,1.0,0.966,19.4,97.0,80.83,97.0,0.37
0022400447,1610612755,Philadelphia,76ers,PHI,sixers,240:00,644.3,128.9,530.9,106.2,113.4,22.7,0.465,1.05,15.5,0.364,0.574,0.488,19.588,19.6,0.647,0.705,1.0,0.982,19.4,97.0,80.83,97.0,0.63
0022400439,1610612745,Houston,Rockets,HOU,rockets,240:00,520.8,104.2,541.7,108.3,-20.8,-4.2,0.632,1.85,17.1,0.367,0.686,0.514,13.542,13.5,0.459,0.487,1.0,0.983,19.2,96.0,80.0,96.0,0.458
0022400439,1610612748,Miami,Heat,MIA,heat,240:00,541.7,108.3,520.8,104.2,20.8,4.2,0.568,1.4,15.8,0.314,0.633,0.486,15.625,15.6,0.5,0.54,1.0,0.973,19.2,96.0,80.0,96.0,0.542
0022400441,1610612750,Minnesota,Timberwolves,MIN,timberwolves,240:00,577.3,115.5,567.0,113.4,10.3,2.1,0.535,2.3,16.0,0.407,0.778,0.584,10.309,10.3,0.485,0.517,1.0,0.983,19.4,97.0,80.83,97.0,0.491
0022400441,1610612759,San Antonio,Spurs,SAS,spurs,240:00,567.0,113.4,577.3,115.5,-10.3,-2.1,0.658,2.5,18.7,0.222,0.593,0.416,10.309,10.3,0.5,0.554,1.0,0.972,19.4,97.0,80.83,97.0,0.509
0022400440,1610612760,Oklahoma City,Thunder,OKC,thunder,240:00,613.2,122.6,495.3,99.1,117.9,23.6,0.673,3.5,22.7,0.255,0.629,0.46,9.434,9.4,0.573,0.6,1.0,0.992,21.3,106.5,88.75,106.0,0.605
0022400440,1610612763,Memphis,Grizzlies,MEM,grizzlies,240:00,495.3,99.1,613.2,122.6,-117.9,-23.6,0.811,1.43,18.8,0.371,0.745,0.54,19.626,19.6,0.454,0.499,1.0,0.977,21.3,106.5,88.75,107.0,0.395
0022400436,1610612753,Orlando,Magic,ORL,magic,240:00,579.5,115.9,580.5,116.1,-0.9,-0.2,0.811,2.31,22.2,0.392,0.643,0.505,14.773,14.8,0.518,0.543,1.0,1.0,17.5,87.5,72.92,88.0,0.499
0022400436,1610612751,Brooklyn,Nets,BKN,nets,240:00,580.5,116.1,579.5,115.9,0.9,0.2,0.688,1.29,17.9,0.357,0.608,0.495,19.54,19.5,0.527,0.592,1.0,0.97,17.5,87.5,72.92,87.0,0.501
0022400438,1610612761,Toronto,Raptors,TOR,raptors,240:00,490.8,98.2,618.2,123.6,-127.4,-25.5,0.684,0.84,16.8,0.426,0.673,0.559,28.44,28.4,0.488,0.552,1.0,1.0,21.9,109.5,91.25,109.0,0.383
0022400438,1610612737,Atlanta,Hawks,ATL,hawks,240:00,618.2,123.6,490.8,98.2,127.4,25.5,0.652,2.0,19.1,0.327,0.574,0.441,13.636,13.6,0.579,0.616,1.0,0.984,21.9,109.5,91.25,110.0,0.617
0022400437,1610612738,Boston,Celtics,BOS,celtics,240:00,581.6,116.3,621.2,124.2,-39.6,-7.9,0.605,3.25,19.4,0.208,0.739,0.455,8.163,8.2,0.548,0.562,1.0,1.0,19.7,98.5,82.08,98.0,0.433
0022400437,1610612754,Indiana,Pacers,IND,pacers,240:00,621.2,124.2,581.6,116.3,39.6,7.9,0.587,3.0,19.6,0.261,0.792,0.545,9.091,9.1,0.58,0.622,1.0,0.973,19.7,98.5,82.08,99.0,0.567
0022400431,1610612744,Golden State,Warriors,GSW,warriors,240:00,561.9,112.4,541.2,108.2,20.6,4.1,0.634,2.17,17.8,0.397,0.618,0.504,12.371,12.4,0.48,0.512,1.0,0.975,19.4,97.0,80.83,97.0,0.507
0022400431,1610612756,Phoenix,Suns,PHX,suns,240:00,541.2,108.2,561.9,112.4,-20.6,-4.1,0.538,1.5,15.1,0.382,0.603,0.496,14.433,14.4,0.473,0.516,1.0,0.975,19.4,97.0,80.83,97.0,0.493
0022400430,1610612741,Chicago,Bulls,CHI,bulls,240:00,568.6,113.7,538.8,107.8,29.8,6.0,0.733,3.0,22.3,0.269,0.77,0.54,10.784,10.8,0.547,0.566,1.0,0.991,20.5,102.5,85.42,102.0,0.54
0022400430,1610612749,Milwaukee,Bucks,MIL,bucks,240:00,538.8,107.8,568.6,113.7,-29.8,-6.0,0.659,3.38,18.9,0.23,0.731,0.46,7.767,7.8,0.475,0.513,1.0,0.983,20.5,102.5,85.42,103.0,0.46
0022400432,1610612743,Denver,Nuggets,DEN,nuggets,240:00,663.4,132.7,593.1,118.6,70.2,14.0,0.63,2.07,20.6,0.297,0.66,0.511,13.861,13.9,0.64,0.685,1.0,0.982,20.3,101.5,84.58,101.0,0.576
0022400432,1610612765,Detroit,Pistons,DET,pistons,240:00,593.1,118.6,663.4,132.7,-70.2,-14.0,0.63,2.42,19.5,0.34,0.703,0.489,11.765,11.8,0.547,0.576,1.0,0.975,20.3,101.5,84.58,102.0,0.424
0022400429,1610612764,Washington,Wizards,WAS,wizards,265:00,589.3,117.9,601.8,120.4,-12.5,-2.5,0.627,1.88,20.4,0.26,0.75,0.5,15.179,15.2,0.601,0.625,1.0,0.968,20.38,101.89,84.91,112.0,0.482
0022400429,1610612752,New York,Knicks,NYK,knicks,265:00,601.8,120.4,589.3,117.9,12.5,2.5,0.51,1.73,17.2,0.25,0.74,0.5,13.274,13.3,0.577,0.627,1.0,0.976,20.38,101.89,84.91,113.0,0.518
0022400427,1610612737,Atlanta,Hawks,ATL,hawks,240:00,612.2,122.4,550.0,110.0,62.2,12.4,0.773,2.62,23.9,0.222,0.784,0.521,13.265,13.3,0.599,0.627,1.0,0.981,19.8,99.0,82.5,98.0,0.555
0022400427,1610612748,Miami,Heat,MIA,heat,240:00,550.0,110.0,612.2,122.4,-62.2,-12.4,0.575,2.56,17.2,0.216,0.778,0.479,9.0,9.0,0.517,0.562,1.0,0.955,19.8,99.0,82.5,100.0,0.445
0022400433,1610612762,Utah,Jazz,UTA,jazz,240:00,566.3,113.3,581.6,116.3,-15.3,-3.1,0.628,1.23,18.6,0.426,0.74,0.588,22.449,22.4,0.551,0.581,1.0,0.975,19.6,98.0,81.67,98.0,0.477
0022400433,1610612755,Philadelphia,76ers,PHI,sixers,240:00,581.6,116.3,566.3,113.3,15.3,3.1,0.611,2.75,16.5,0.26,0.574,0.412,8.163,8.2,0.512,0.574,1.0,0.973,19.6,98.0,81.67,98.0,0.523
0022400434,1610612757,Portland,Trail Blazers,POR,blazers,240:00,611.7,122.3,586.5,117.3,25.1,5.0,0.587,1.93,18.5,0.327,0.735,0.531,13.592,13.6,0.56,0.601,1.0,0.992,20.7,103.5,86.25,103.0,0.543
0022400434,1610612742,Dallas,Mavericks,DAL,mavericks,240:00,586.5,117.3,611.7,122.3,-25.1,-5.0,0.465,1.54,14.6,0.265,0.673,0.469,12.5,12.5,0.567,0.607,1.0,0.974,20.7,103.5,86.25,104.0,0.457
0022400435,1610612747,Los Angeles,Lakers,LAL,lakers,240:00,666.7,133.3,622.4,124.5,44.2,8.8,0.717,3.0,23.9,0.176,0.653,0.458,11.111,11.1,0.688,0.721,1.0,0.971,19.7,98.5,82.08,99.0,0.554
0022400435,1610612758,Sacramento,Kings,SAC,kings,240:00,622.4,124.5,666.7,133.3,-44.2,-8.8,0.76,3.8,24.8,0.347,0.824,0.542,10.204,10.2,0.566,0.583,1.0,0.983,19.7,98.5,82.08,98.0,0.446
0022400428,1610612766,Charlotte,Hornets,CHA,hornets,240:00,474.7,94.9,530.0,106.0,-55.3,-11.1,0.586,0.94,13.4,0.222,0.771,0.48,18.182,18.2,0.431,0.509,1.0,1.0,19.9,99.5,82.92,99.0,0.415
0022400428,1610612760,Oklahoma City,Thunder,OKC,thunder,240:00,530.0,106.0,474.7,94.9,55.3,11.1,0.69,1.71,20.9,0.229,0.778,0.52,17.0,17.0,0.534,0.563,1.0,0.973,19.9,99.5,82.92,100.0,0.585
0022400420,1610612738,Boston,Celtics,BOS,celtics,240:00,724.5,144.9,541.2,108.2,183.3,36.7,0.66,3.1,20.9,0.413,0.661,0.549,10.204,10.2,0.636,0.678,1.0,0.983,19.5,97.5,81.25,98.0,0.655
0022400420,1610612754,Indiana,Pacers,IND,pacers,240:00,541.2,108.2,724.5,144.9,-183.3,-36.7,0.711,2.25,18.9,0.339,0.587,0.451,12.371,12.4,0.478,0.515,1.0,0.991,19.5,97.5,81.25,97.0,0.345
0022400419,1610612753,Orlando,Magic,ORL,magic,240:00,447.4,89.5,568.4,113.7,-121.1,-24.2,0.625,1.18,15.4,0.286,0.632,0.426,17.895,17.9,0.425,0.461,1.0,0.982,19.0,95.0,79.17,95.0,0.327
0022400419,1610612752,New York,Knicks,NYK,knicks,240:00,568.4,113.7,447.4,89.5,121.1,24.2,0.45,1.0,14.2,0.368,0.714,0.574,18.947,18.9,0.56,0.6,1.0,0.972,19.0,95.0,79.17,95.0,0.673
0022400421,1610612751,Brooklyn,Nets,BKN,nets,240:00,467.7,93.5,505.3,101.1,-37.5,-7.5,0.629,1.22,16.4,0.339,0.729,0.519,19.355,19.4,0.456,0.465,1.0,0.973,18.8,94.0,78.33,93.0,0.388
0022400421,1610612759,San Antonio,Spurs,SAS,spurs,240:00,505.3,101.1,467.7,93.5,37.5,7.5,0.813,1.73,19.4,0.271,0.661,0.481,15.789,15.8,0.487,0.534,1.0,0.954,18.8,94.0,78.33,95.0,0.612
0022400426,1610612746,LA,Clippers,LAC,clippers,240:00,520.4,104.1,474.2,94.8,46.2,9.2,0.475,0.83,15.0,0.263,0.623,0.485,23.469,23.5,0.6,0.625,1.0,0.954,19.5,97.5,81.25,98.0,0.545
0022400426,1610612744,Golden State,Warriors,GSW,warriors,240:00,474.2,94.8,520.4,104.1,-46.2,-9.2,0.686,1.71,16.7,0.377,0.737,0.515,14.433,14.4,0.405,0.443,1.0,0.992,19.5,97.5,81.25,97.0,0.455
0022400422,1610612745,Houston,Rockets,HOU,rockets,240:00,595.7,119.1,594.7,118.9,1.0,0.2,0.422,1.36,14.4,0.385,0.705,0.531,14.894,14.9,0.543,0.558,1.0,0.982,18.9,94.5,78.75,94.0,0.493
0022400422,1610612750,Minnesota,Timberwolves,MIN,timberwolves,240:00,594.7,118.9,595.7,119.1,-1.0,-0.2,0.595,1.56,18.9,0.295,0.615,0.469,16.842,16.8,0.633,0.627,1.0,0.972,18.9,94.5,78.75,95.0,0.507
0022400425,1610612756,Phoenix,Suns,PHX,suns,240:00,478.5,95.7,532.6,106.5,-54.1,-10.8,0.719,1.44,17.3,0.315,0.739,0.51,17.204,17.2,0.464,0.489,1.0,0.945,18.5,92.5,77.08,93.0,0.441
0022400425,1610612742,Dallas,Mavericks,DAL,mavericks,240:00,532.6,106.5,478.5,95.7,54.1,10.8,0.686,1.6,18.8,0.261,0.685,0.49,16.304,16.3,0.513,0.56,1.0,0.99,18.5,92.5,77.08,92.0,0.559
0022400424,1610612743,Denver,Nuggets,DEN,nuggets,240:00,642.9,128.6,702.8,140.6,-60.0,-12.0,0.736,3.0,25.0,0.279,0.689,0.489,12.381,12.4,0.644,0.662,1.0,0.983,21.1,105.5,87.92,105.0,0.463
0022400424,1610612739,Cleveland,Cavaliers,CLE,cavaliers,240:00,702.8,140.6,642.9,128.6,60.0,12.0,0.741,3.64,25.0,0.311,0.721,0.511,10.377,10.4,0.682,0.705,1.0,0.958,21.1,105.5,87.92,106.0,0.537
0022400423,1610612740,New Orleans,Pelicans,NOP,pelicans,240:00,568.8,113.8,600.0,120.0,-31.2,-6.2,0.698,1.76,19.2,0.34,0.694,0.51,15.596,15.6,0.505,0.57,1.0,1.0,21.9,109.5,91.25,109.0,0.471
0022400423,1610612763,Memphis,Grizzlies,MEM,grizzlies,240:00,600.0,120.0,568.8,113.8,31.2,6.2,0.714,1.76,19.4,0.306,0.66,0.49,15.455,15.5,0.567,0.632,1.0,0.968,21.9,109.5,91.25,110.0,0.529
0022400417,1610612757,Portland,Trail Blazers,POR,blazers,240:00,616.2,123.2,606.1,121.2,10.1,2.0,0.578,2.36,19.3,0.229,0.755,0.495,11.111,11.1,0.59,0.618,1.0,1.0,19.8,99.0,82.5,99.0,0.51
0022400417,1610612762,Utah,Jazz,UTA,jazz,240:00,606.1,121.2,616.2,123.2,-10.1,-2.0,0.634,2.0,19.0,0.245,0.771,0.505,13.131,13.1,0.599,0.619,1.0,0.991,19.8,99.0,82.5,99.0,0.49
0022400414,1610612763,Memphis,Grizzlies,MEM,grizzlies,240:00,685.8,137.2,557.5,111.5,128.3,25.7,0.621,2.0,20.5,0.5,0.717,0.612,15.929,15.9,0.615,0.636,1.0,0.986,22.6,113.0,94.17,113.0,0.598
0022400414,1610612761,Toronto,Raptors,TOR,raptors,240:00,557.5,111.5,685.8,137.2,-128.3,-25.7,0.796,2.6,23.2,0.283,0.5,0.388,13.274,13.3,0.519,0.543,1.0,0.992,22.6,113.0,94.17,113.0,0.402
0022400410,1610612754,Indiana,Pacers,IND,pacers,240:00,570.0,114.0,600.0,120.0,-30.0,-6.0,0.667,2.55,19.9,0.26,0.796,0.538,11.0,11.0,0.551,0.578,1.0,0.982,20.0,100.0,83.33,100.0,0.495
0022400410,1610612760,Oklahoma City,Thunder,OKC,thunder,240:00,600.0,120.0,570.0,114.0,30.0,6.0,0.455,6.67,15.3,0.204,0.74,0.462,3.0,3.0,0.532,0.568,1.0,0.982,20.0,100.0,83.33,100.0,0.505
0022400418,1610612758,Sacramento,Kings,SAC,kings,240:00,565.0,113.0,570.0,114.0,-5.0,-1.0,0.513,1.43,15.4,0.217,0.717,0.485,14.0,14.0,0.561,0.605,1.0,0.982,20.0,100.0,83.33,100.0,0.5
0022400418,1610612765,Detroit,Pistons,DET,pistons,240:00,570.0,114.0,565.0,113.0,5.0,1.0,0.658,2.5,17.9,0.283,0.783,0.515,10.0,10.0,0.511,0.559,1.0,0.983,20.0,100.0,83.33,100.0,0.5
0022400412,1610612764,Washington,Wizards,WAS,wizards,240:00,533.0,106.6,523.8,104.8,9.2,1.8,0.641,2.27,17.6,0.218,0.727,0.473,10.377,10.4,0.505,0.547,1.0,0.983,21.1,105.5,87.92,106.0,0.513
0022400412,1610612766,Charlotte,Hornets,CHA,hornets,240:00,523.8,104.8,533.0,106.6,-9.2,-1.8,0.756,1.63,20.5,0.273,0.782,0.527,18.095,18.1,0.527,0.549,1.0,0.983,21.1,105.5,87.92,105.0,0.487
0022400415,1610612749,Milwaukee,Bucks,MIL,bucks,240:00,525.0,105.0,560.6,112.1,-35.6,-7.1,0.561,1.0,16.9,0.318,0.717,0.522,23.0,23.0,0.584,0.595,1.0,0.973,19.9,99.5,82.92,100.0,0.477
0022400415,1610612751,Brooklyn,Nets,BKN,nets,240:00,560.6,112.1,525.0,105.0,35.6,7.1,0.641,1.19,18.2,0.283,0.682,0.478,21.212,21.2,0.573,0.605,1.0,0.991,19.9,99.5,82.92,99.0,0.523
0022400413,1610612737,Atlanta,Hawks,ATL,hawks,240:00,665.1,133.0,633.3,126.7,31.8,6.4,0.696,2.29,21.1,0.326,0.739,0.539,13.208,13.2,0.612,0.678,1.0,0.958,21.1,105.5,87.92,106.0,0.554
0022400413,1610612741,Chicago,Bulls,CHI,bulls,240:00,633.3,126.7,665.1,133.0,-31.8,-6.4,0.679,2.25,23.5,0.261,0.674,0.461,15.238,15.2,0.653,0.661,1.0,0.974,21.1,105.5,87.92,105.0,0.446
0022400411,1610612753,Orlando,Magic,ORL,magic,240:00,453.6,90.7,463.5,92.7,-9.9,-2.0,0.412,0.61,11.3,0.304,0.822,0.56,23.711,23.7,0.474,0.518,1.0,0.964,19.3,96.5,80.42,97.0,0.5
0022400411,1610612748,Miami,Heat,MIA,heat,240:00,463.5,92.7,453.6,90.7,9.9,2.0,0.677,1.0,16.8,0.178,0.696,0.44,21.875,21.9,0.507,0.542,1.0,0.981,19.3,96.5,80.42,96.0,0.5
0022400416,1610612740,New Orleans,Pelicans,NOP,pelicans,240:00,538.8,107.8,615.4,123.1,-76.5,-15.3,0.674,1.81,19.1,0.351,0.566,0.455,15.534,15.5,0.495,0.519,1.0,0.967,20.7,103.5,86.25,103.0,0.448
0022400416,1610612745,Houston,Rockets,HOU,rockets,240:00,615.4,123.1,538.8,107.8,76.5,15.3,0.413,1.19,13.0,0.434,0.649,0.545,15.385,15.4,0.567,0.597,1.0,0.969,20.7,103.5,86.25,104.0,0.552
0022400409,1610612756,Phoenix,Suns,PHX,suns,240:00,591.4,118.3,537.6,107.5,53.8,10.8,0.756,3.44,22.3,0.306,0.674,0.484,9.677,9.7,0.528,0.568,1.0,0.963,18.6,93.0,77.5,93.0,0.587
0022400409,1610612743,Denver,Nuggets,DEN,nuggets,240:00,537.6,107.5,591.4,118.3,-53.8,-10.8,0.556,1.25,15.6,0.326,0.694,0.516,17.204,17.2,0.513,0.554,1.0,0.981,18.6,93.0,77.5,93.0,0.413
0022400408,1610612744,Golden State,Warriors,GSW,warriors,240:00,594.7,118.9,605.3,121.1,-10.5,-2.1,0.634,2.0,18.8,0.347,0.72,0.535,13.684,13.7,0.562,0.586,1.0,0.973,19.0,95.0,79.17,95.0,0.464
0022400408,1610612747,Los Angeles,Lakers,LAL,lakers,240:00,605.3,121.1,594.7,118.9,10.5,2.1,0.732,3.33,21.6,0.28,0.653,0.465,9.474,9.5,0.533,0.581,1.0,0.982,19.0,95.0,79.17,95.0,0.536
0022400406,1610612742,Dallas,Mavericks,DAL,mavericks,240:00,544.0,108.8,564.5,112.9,-20.6,-4.1,0.417,1.15,12.7,0.235,0.723,0.469,14.286,14.3,0.506,0.539,1.0,0.99,18.4,92.0,76.67,91.0,0.438
0022400406,1610612750,Minnesota,Timberwolves,MIN,timberwolves,240:00,564.5,112.9,544.0,108.8,20.6,4.1,0.575,2.3,17.8,0.277,0.765,0.531,10.753,10.8,0.547,0.572,1.0,0.962,18.4,92.0,76.67,93.0,0.562
0022400405,1610612752,New York,Knicks,NYK,knicks,240:00,603.1,120.6,593.8,118.8,9.3,1.9,0.578,5.2,18.4,0.316,0.762,0.505,5.155,5.2,0.515,0.547,1.0,0.974,19.3,96.5,80.42,97.0,0.481
0022400405,1610612759,San Antonio,Spurs,SAS,spurs,240:00,593.8,118.8,603.1,120.6,-9.3,-1.9,0.786,2.2,23.7,0.238,0.684,0.495,15.625,15.6,0.602,0.63,1.0,0.991,19.3,96.5,80.42,96.0,0.519
0022400407,1610612738,Boston,Celtics,BOS,celtics,240:00,587.6,117.5,614.6,122.9,-27.0,-5.4,0.558,1.85,17.3,0.345,0.83,0.569,13.402,13.4,0.558,0.566,1.0,0.983,19.3,96.5,80.42,97.0,0.443
0022400407,1610612755,Philadelphia,76ers,PHI,sixers,240:00,614.6,122.9,587.6,117.5,27.0,5.4,0.683,4.67,21.2,0.17,0.655,0.431,6.25,6.3,0.563,0.612,1.0,0.99,19.3,96.5,80.42,96.0,0.557
0022400399,1610612763,Memphis,Grizzlies,MEM,grizzlies,240:00,514.0,102.8,532.7,106.5,-18.7,-3.7,0.684,1.3,16.6,0.369,0.702,0.525,18.692,18.7,0.465,0.498,1.0,0.985,21.4,107.0,89.17,107.0,0.475
0022400399,1610612746,LA,Clippers,LAC,clippers,240:00,532.7,106.5,514.0,102.8,18.7,3.7,0.524,1.29,15.1,0.298,0.631,0.475,15.888,15.9,0.484,0.531,1.0,0.992,21.4,107.0,89.17,107.0,0.525
0022400403,1610612744,Golden State,Warriors,GSW,warriors,240:00,535.7,107.1,555.0,111.0,-19.3,-3.9,0.744,2.64,20.9,0.226,0.729,0.465,11.224,11.2,0.5,0.529,1.0,1.0,19.8,99.0,82.5,98.0,0.483
0022400403,1610612754,Indiana,Pacers,IND,pacers,240:00,555.0,111.0,535.7,107.1,19.3,3.9,0.578,2.17,18.7,0.271,0.774,0.535,12.0,12.0,0.549,0.573,1.0,0.956,19.8,99.0,82.5,100.0,0.517
0022400404,1610612747,Los Angeles,Lakers,LAL,lakers,240:00,575.8,115.2,596.9,119.4,-21.2,-4.2,0.7,1.4,20.6,0.243,0.756,0.524,20.202,20.2,0.635,0.671,1.0,0.954,19.7,98.5,82.08,99.0,0.515
0022400404,1610612765,Detroit,Pistons,DET,pistons,240:00,596.9,119.4,575.8,115.2,21.2,4.2,0.511,2.0,18.0,0.244,0.757,0.476,12.245,12.2,0.571,0.601,1.0,1.0,19.7,98.5,82.08,98.0,0.485
0022400401,1610612742,Dallas,Mavericks,DAL,mavericks,240:00,647.1,129.4,540.0,108.0,107.1,21.4,0.563,2.45,18.6,0.327,0.596,0.465,10.784,10.8,0.6,0.629,1.0,0.958,20.2,101.0,84.17,102.0,0.608
0022400401,1610612757,Portland,Trail Blazers,POR,blazers,240:00,540.0,108.0,647.1,129.4,-107.1,-21.4,0.535,1.21,16.0,0.404,0.673,0.535,19.0,19.0,0.505,0.533,1.0,0.992,20.2,101.0,84.17,100.0,0.393
0022400392,1610612739,Cleveland,Cavaliers,CLE,cavaliers,240:00,626.3,125.3,576.5,115.3,49.7,9.9,0.767,3.67,22.8,0.26,0.579,0.43,9.091,9.1,0.582,0.613,1.0,0.982,19.7,98.5,82.08,99.0,0.564
0022400392,1610612762,Utah,Jazz,UTA,jazz,240:00,576.5,115.3,626.3,125.3,-49.7,-9.9,0.711,1.59,18.2,0.421,0.74,0.57,17.347,17.3,0.516,0.546,1.0,0.992,19.7,98.5,82.08,98.0,0.436
0022400400,1610612760,Oklahoma City,Thunder,OKC,thunder,240:00,580.2,116.0,495.3,99.1,84.9,17.0,0.532,2.08,16.4,0.344,0.732,0.53,11.321,11.3,0.491,0.532,1.0,0.984,21.2,106.0,88.33,106.0,0.575
0022400400,1610612764,Washington,Wizards,WAS,wizards,240:00,495.3,99.1,580.2,116.0,-84.9,-17.0,0.694,1.32,17.1,0.268,0.656,0.47,17.925,17.9,0.484,0.526,1.0,0.983,21.2,106.0,88.33,106.0,0.425
0022400395,1610612737,Atlanta,Hawks,ATL,hawks,240:00,573.5,114.7,509.8,102.0,63.7,12.7,0.692,1.17,19.9,0.194,0.654,0.466,22.549,22.5,0.658,0.693,1.0,0.963,20.4,102.0,85.0,102.0,0.567
0022400395,1610612750,Minnesota,Timberwolves,MIN,timberwolves,240:00,509.8,102.0,573.5,114.7,-63.7,-12.7,0.795,1.48,20.5,0.346,0.806,0.534,20.588,20.6,0.505,0.538,1.0,0.983,20.4,102.0,85.0,102.0,0.433
0022400397,1610612752,New York,Knicks,NYK,knicks,240:00,661.9,132.4,589.6,117.9,72.3,14.5,0.667,2.0,22.7,0.293,0.865,0.564,16.19,16.2,0.692,0.704,1.0,0.966,21.1,105.5,87.92,105.0,0.541
0022400397,1610612761,Toronto,Raptors,TOR,raptors,240:00,589.6,117.9,661.9,132.4,-72.3,-14.5,0.667,1.87,20.3,0.135,0.707,0.436,14.151,14.2,0.617,0.67,1.0,0.982,21.1,105.5,87.92,106.0,0.459
0022400396,1610612748,Miami,Heat,MIA,heat,240:00,578.9,115.8,505.3,101.1,73.6,14.7,0.75,1.69,20.9,0.179,0.736,0.5,16.842,16.8,0.61,0.658,1.0,0.961,18.9,94.5,78.75,95.0,0.596
0022400396,1610612751,Brooklyn,Nets,BKN,nets,240:00,505.3,101.1,578.9,115.8,-73.6,-14.7,0.697,1.53,17.6,0.264,0.821,0.5,15.957,16.0,0.47,0.512,1.0,0.981,18.9,94.5,78.75,94.0,0.404
0022400394,1610612755,Philadelphia,76ers,PHI,sixers,240:00,549.5,109.9,524.8,105.0,24.8,5.0,0.564,2.0,15.9,0.254,0.886,0.524,10.891,10.9,0.505,0.538,1.0,0.966,20.2,101.0,84.17,101.0,0.505
0022400394,1610612759,San Antonio,Spurs,SAS,spurs,240:00,524.8,105.0,549.5,109.9,-24.8,-5.0,0.649,1.33,18.5,0.114,0.746,0.476,17.822,17.8,0.549,0.596,1.0,0.981,20.2,101.0,84.17,101.0,0.495
0022400391,1610612766,Charlotte,Hornets,CHA,hornets,240:00,515.3,103.1,581.6,116.3,-66.3,-13.3,0.676,2.27,18.4,0.232,0.603,0.421,11.224,11.2,0.472,0.507,1.0,0.982,19.6,98.0,81.67,98.0,0.459
0022400391,1610612745,Houston,Rockets,HOU,rockets,240:00,581.6,116.3,515.3,103.1,66.3,13.3,0.535,1.92,16.0,0.397,0.768,0.579,12.245,12.2,0.5,0.531,1.0,0.975,19.6,98.0,81.67,98.0,0.541
0022400393,1610612753,Orlando,Magic,ORL,magic,240:00,514.3,102.9,500.0,100.0,14.3,2.9,0.703,1.3,18.3,0.239,0.74,0.5,19.048,19.0,0.524,0.585,1.0,0.974,20.9,104.5,87.08,105.0,0.543
0022400393,1610612738,Boston,Celtics,BOS,celtics,240:00,500.0,100.0,514.3,102.9,-14.3,-2.9,0.351,0.68,10.0,0.26,0.761,0.5,18.269,18.3,0.488,0.542,1.0,0.983,20.9,104.5,87.08,104.0,0.457
0022400402,1610612743,Denver,Nuggets,DEN,nuggets,240:00,622.3,124.5,478.7,95.7,143.6,28.7,0.761,2.92,24.5,0.311,0.75,0.546,12.766,12.8,0.6,0.617,1.0,0.981,18.8,94.0,78.33,94.0,0.633
0022400402,1610612756,Phoenix,Suns,PHX,suns,240:00,478.7,95.7,622.3,124.5,-143.6,-28.7,0.697,1.53,17.8,0.25,0.689,0.454,15.957,16.0,0.476,0.502,1.0,0.972,18.8,94.0,78.33,94.0,0.367
0022400398,1610612741,Chicago,Bulls,CHI,bulls,240:00,450.5,90.1,549.0,109.8,-98.5,-19.7,0.75,1.8,19.6,0.185,0.809,0.475,14.851,14.9,0.456,0.478,1.0,0.991,20.3,101.5,84.58,101.0,0.427
0022400398,1610612749,Milwaukee,Bucks,MIL,bucks,240:00,549.0,109.8,450.5,90.1,98.5,19.7,0.6,1.85,17.8,0.191,0.815,0.525,12.745,12.7,0.563,0.593,1.0,0.973,20.3,101.5,84.58,102.0,0.573
0022400389,1610612758,Sacramento,Kings,SAC,kings,240:00,489.7,97.9,628.9,125.8,-139.2,-27.8,0.6,2.1,15.3,0.297,0.842,0.5,10.309,10.3,0.427,0.459,1.0,0.983,19.4,97.0,80.83,97.0,0.333
0022400389,1610612754,Indiana,Pacers,IND,pacers,240:00,628.9,125.8,489.7,97.9,139.2,27.8,0.72,3.0,25.9,0.158,0.703,0.5,12.371,12.4,0.68,0.681,1.0,0.961,19.4,97.0,80.83,97.0,0.667
0022400388,1610612761,Toronto,Raptors,TOR,raptors,240:00,514.0,102.8,542.9,108.6,-28.8,-5.8,0.786,1.57,21.3,0.294,0.623,0.462,19.626,19.6,0.549,0.563,1.0,0.967,21.2,106.0,88.33,107.0,0.474
0022400388,1610612745,Houston,Rockets,HOU,rockets,240:00,542.9,108.6,514.0,102.8,28.8,5.8,0.45,0.86,12.6,0.377,0.706,0.538,20.0,20.0,0.489,0.551,1.0,1.0,21.2,106.0,88.33,105.0,0.526
0022400390,1610612740,New Orleans,Pelicans,NOP,pelicans,265:00,533.1,106.6,550.0,110.0,-16.9,-3.4,0.74,2.47,21.4,0.246,0.712,0.46,12.397,12.4,0.519,0.546,1.0,0.956,21.83,109.13,90.94,121.0,0.486
0022400390,1610612743,Denver,Nuggets,DEN,nuggets,265:00,550.0,110.0,533.1,106.6,16.9,3.4,0.694,1.55,20.1,0.288,0.754,0.54,18.333,18.3,0.557,0.594,1.0,0.985,21.83,109.13,90.94,120.0,0.514
0022400387,1610612756,Phoenix,Suns,PHX,suns,240:00,612.7,122.5,652.0,130.4,-39.2,-7.8,0.667,1.58,21.4,0.235,0.727,0.513,18.627,18.6,0.667,0.709,1.0,0.982,20.4,102.0,85.0,102.0,0.481
0022400387,1610612765,Detroit,Pistons,DET,pistons,240:00,652.0,130.4,612.7,122.5,39.2,7.8,0.633,2.38,21.4,0.273,0.765,0.487,12.745,12.7,0.657,0.674,1.0,0.982,20.4,102.0,85.0,102.0,0.519
0022400380,1610612739,Cleveland,Cavaliers,CLE,cavaliers,240:00,656.3,131.3,510.3,102.1,145.9,29.2,0.646,2.38,22.0,0.311,0.731,0.536,13.542,13.5,0.656,0.652,1.0,0.991,19.3,96.5,80.42,96.0,0.65
0022400380,1610612755,Philadelphia,76ers,PHI,sixers,240:00,510.3,102.1,656.3,131.3,-145.9,-29.2,0.382,1.0,10.6,0.269,0.689,0.464,13.402,13.4,0.465,0.511,1.0,0.991,19.3,96.5,80.42,97.0,0.35
0022400382,1610612749,Milwaukee,Bucks,MIL,bucks,240:00,554.5,110.9,500.0,100.0,54.5,10.9,0.795,2.69,23.6,0.236,0.822,0.5,12.871,12.9,0.551,0.559,1.0,0.982,20.2,101.0,84.17,101.0,0.555
0022400382,1610612764,Washington,Wizards,WAS,wizards,240:00,500.0,100.0,554.5,110.9,-54.5,-10.9,0.556,1.05,15.5,0.178,0.764,0.5,18.812,18.8,0.556,0.574,1.0,0.982,20.2,101.0,84.17,101.0,0.445
0022400379,1610612751,Brooklyn,Nets,BKN,nets,240:00,465.3,93.1,519.8,104.0,-54.5,-10.9,0.632,1.26,16.8,0.333,0.729,0.514,18.812,18.8,0.441,0.473,1.0,0.975,20.2,101.0,84.17,101.0,0.442
0022400379,1610612762,Utah,Jazz,UTA,jazz,240:00,519.8,104.0,465.3,93.1,54.5,10.9,0.61,1.39,18.0,0.271,0.667,0.486,17.822,17.8,0.558,0.562,1.0,0.982,20.2,101.0,84.17,101.0,0.558
0022400383,1610612750,Minnesota,Timberwolves,MIN,timberwolves,240:00,530.9,106.2,582.5,116.5,-51.5,-10.3,0.75,1.8,19.1,0.315,0.725,0.514,15.464,15.5,0.5,0.531,1.0,0.982,19.4,97.0,80.83,97.0,0.44
0022400383,1610612744,Golden State,Warriors,GSW,warriors,240:00,582.5,116.5,530.9,106.2,51.5,10.3,0.75,2.73,21.3,0.275,0.685,0.486,11.34,11.3,0.552,0.582,1.0,0.973,19.4,97.0,80.83,97.0,0.56
0022400385,1610612742,Dallas,Mavericks,DAL,mavericks,240:00,594.7,118.9,500.0,100.0,94.7,18.9,0.625,1.92,18.7,0.286,0.708,0.495,13.684,13.7,0.534,0.578,1.0,0.982,19.2,96.0,80.0,95.0,0.57
0022400385,1610612746,LA,Clippers,LAC,clippers,240:00,500.0,100.0,594.7,118.9,-94.7,-18.9,0.529,1.06,14.0,0.292,0.714,0.505,17.526,17.5,0.481,0.535,1.0,0.964,19.2,96.0,80.0,97.0,0.43
0022400376,1610612758,Sacramento,Kings,SAC,kings,240:00,510.3,102.1,525.5,105.1,-15.2,-3.0,0.641,1.79,18.5,0.241,0.787,0.495,14.433,14.4,0.489,0.515,1.0,0.982,19.5,97.5,81.25,97.0,0.454
0022400376,1610612747,Los Angeles,Lakers,LAL,lakers,240:00,525.5,105.1,510.3,102.1,15.2,3.0,0.575,1.64,17.6,0.213,0.759,0.505,14.286,14.3,0.536,0.558,1.0,0.963,19.5,97.5,81.25,98.0,0.546
0022400377,1610612753,Orlando,Magic,ORL,magic,240:00,611.1,122.2,564.4,112.9,46.8,9.4,0.558,1.85,17.6,0.283,0.738,0.5,13.131,13.1,0.557,0.612,1.0,1.0,20.0,100.0,83.33,99.0,0.56
0022400377,1610612748,Miami,Heat,MIA,heat,240:00,564.4,112.9,611.1,122.2,-46.8,-9.4,0.444,1.07,12.7,0.262,0.717,0.5,14.851,14.9,0.54,0.61,1.0,0.973,20.0,100.0,83.33,101.0,0.44
0022400378,1610612737,Atlanta,Hawks,ATL,hawks,240:00,509.1,101.8,581.8,116.4,-72.7,-14.5,0.744,1.16,19.7,0.186,0.776,0.5,22.727,22.7,0.575,0.618,1.0,0.983,22.0,110.0,91.67,110.0,0.471
0022400378,1610612763,Memphis,Grizzlies,MEM,grizzlies,240:00,581.8,116.4,509.1,101.8,72.7,14.5,0.7,1.94,22.4,0.224,0.814,0.5,16.364,16.4,0.608,0.623,1.0,0.983,22.0,110.0,91.67,110.0,0.529
0022400386,1610612759,San Antonio,Spurs,SAS,spurs,240:00,581.6,116.3,479.6,95.9,102.0,20.4,0.75,2.75,22.4,0.327,0.717,0.541,12.245,12.2,0.527,0.565,1.0,0.982,19.6,98.0,81.67,98.0,0.635
0022400386,1610612757,Portland,Trail Blazers,POR,blazers,240:00,479.6,95.9,581.6,116.3,-102.0,-20.4,0.553,1.62,15.6,0.283,0.673,0.459,13.265,13.3,0.458,0.47,1.0,0.982,19.6,98.0,81.67,98.0,0.365
0022400384,1610612740,New Orleans,Pelicans,NOP,pelicans,240:00,494.7,98.9,553.2,110.6,-58.5,-11.7,0.676,1.21,16.9,0.388,0.633,0.51,20.213,20.2,0.482,0.509,1.0,0.982,18.8,94.0,78.33,94.0,0.438
0022400384,1610612752,New York,Knicks,NYK,knicks,240:00,553.2,110.6,494.7,98.9,58.5,11.7,0.632,1.41,17.6,0.367,0.612,0.49,18.085,18.1,0.523,0.556,1.0,0.973,18.8,94.0,78.33,94.0,0.562
0022400381,1610612741,Chicago,Bulls,CHI,bulls,240:00,480.4,96.1,602.9,120.6,-122.5,-24.5,0.757,2.15,19.3,0.262,0.654,0.442,12.745,12.7,0.449,0.476,1.0,0.983,20.4,102.0,85.0,102.0,0.391
0022400381,1610612738,Boston,Celtics,BOS,celtics,240:00,602.9,120.6,480.4,96.1,122.5,24.5,0.563,2.25,18.5,0.346,0.738,0.558,11.765,11.8,0.555,0.579,1.0,0.992,20.4,102.0,85.0,102.0,0.609
0022400375,1610612748,Miami,Heat,MIA,heat,240:00,500.0,100.0,536.1,107.2,-36.1,-7.2,0.556,1.05,15.2,0.283,0.76,0.515,19.588,19.6,0.506,0.528,1.0,0.982,19.4,97.0,80.83,97.0,0.438
0022400375,1610612760,Oklahoma City,Thunder,OKC,thunder,240:00,536.1,107.2,500.0,100.0,36.1,7.2,0.615,1.71,18.0,0.24,0.717,0.485,14.433,14.4,0.535,0.556,1.0,0.982,19.4,97.0,80.83,97.0,0.562
0022400374,1610612739,Cleveland,Cavaliers,CLE,cavaliers,240:00,590.5,118.1,476.4,95.3,114.1,22.8,0.652,1.67,20.7,0.213,0.796,0.51,17.143,17.1,0.615,0.638,1.0,0.965,21.1,105.5,87.92,105.0,0.595
0022400374,1610612749,Milwaukee,Bucks,MIL,bucks,240:00,476.4,95.3,590.5,118.1,-114.1,-22.8,0.575,1.15,16.5,0.204,0.787,0.49,18.868,18.9,0.529,0.543,1.0,0.974,21.1,105.5,87.92,106.0,0.405
0022400373,1610612755,Philadelphia,76ers,PHI,sixers,240:00,587.0,117.4,538.5,107.7,48.5,9.7,0.732,2.0,22.1,0.304,0.689,0.495,16.304,16.3,0.566,0.594,1.0,0.972,18.3,91.5,76.25,92.0,0.561
0022400373,1610612766,Charlotte,Hornets,CHA,hornets,240:00,538.5,107.7,587.0,117.4,-48.5,-9.7,0.611,1.29,17.3,0.311,0.696,0.505,18.681,18.7,0.526,0.562,1.0,0.99,18.3,91.5,76.25,91.0,0.439
0022400365,1610612745,Houston,Rockets,HOU,rockets,240:00,665.0,133.0,559.4,111.9,105.6,21.1,0.68,2.83,23.8,0.237,0.685,0.5,12.0,12.0,0.672,0.697,1.0,0.982,20.1,100.5,83.75,100.0,0.63
0022400365,1610612740,New Orleans,Pelicans,NOP,pelicans,240:00,559.4,111.9,665.0,133.0,-105.6,-21.1,0.61,2.08,17.5,0.315,0.763,0.5,11.881,11.9,0.516,0.549,1.0,0.975,20.1,100.5,83.75,101.0,0.37
0022400369,1610612756,Phoenix,Suns,PHX,suns,240:00,544.1,108.8,576.9,115.4,-32.8,-6.6,0.7,1.75,20.4,0.152,0.769,0.48,15.686,15.7,0.543,0.588,1.0,1.0,20.6,103.0,85.83,102.0,0.463
0022400369,1610612754,Indiana,Pacers,IND,pacers,240:00,576.9,115.4,544.1,108.8,32.8,6.6,0.769,3.33,20.8,0.231,0.848,0.52,8.654,8.7,0.528,0.585,1.0,0.982,20.6,103.0,85.83,104.0,0.537
0022400360,1610612765,Detroit,Pistons,DET,pistons,240:00,545.9,109.2,567.6,113.5,-21.7,-4.3,0.565,2.6,17.4,0.226,0.63,0.398,9.174,9.2,0.5,0.527,1.0,1.0,22.0,110.0,91.67,109.0,0.439
0022400360,1610612762,Utah,Jazz,UTA,jazz,240:00,567.6,113.5,545.9,109.2,21.7,4.3,0.59,0.85,15.2,0.37,0.774,0.602,24.324,24.3,0.59,0.652,1.0,0.969,22.0,110.0,91.67,111.0,0.561
0022400372,1610612758,Sacramento,Kings,SAC,kings,240:00,476.2,95.2,538.1,107.6,-61.9,-12.4,0.73,1.69,19.7,0.106,0.69,0.429,15.238,15.2,0.518,0.545,1.0,0.973,21.0,105.0,87.5,105.0,0.464
0022400372,1610612747,Los Angeles,Lakers,LAL,lakers,240:00,538.1,107.6,476.2,95.2,61.9,12.4,0.579,1.69,15.3,0.31,0.894,0.571,12.381,12.4,0.468,0.527,1.0,0.967,21.0,105.0,87.5,105.0,0.536
0022400361,1610612753,Orlando,Magic,ORL,magic,240:00,521.1,104.2,546.9,109.4,-25.8,-5.2,0.714,1.25,18.7,0.319,0.767,0.533,21.053,21.1,0.519,0.556,1.0,0.982,19.1,95.5,79.58,95.0,0.453
0022400361,1610612760,Oklahoma City,Thunder,OKC,thunder,240:00,546.9,109.4,521.1,104.2,25.8,5.2,0.575,1.77,18.0,0.233,0.681,0.467,13.542,13.5,0.542,0.583,1.0,0.981,19.1,95.5,79.58,96.0,0.547
0022400366,1610612763,Memphis,Grizzlies,MEM,grizzlies,240:00,685.7,137.1,447.1,89.4,238.6,47.7,0.717,2.24,23.8,0.396,0.77,0.606,16.19,16.2,0.679,0.688,1.0,0.992,20.9,104.5,87.08,105.0,0.738
0022400366,1610612744,Golden State,Warriors,GSW,warriors,240:00,447.1,89.4,685.7,137.1,-238.6,-47.7,0.625,1.11,14.5,0.23,0.604,0.394,17.308,17.3,0.422,0.462,1.0,1.0,20.9,104.5,87.08,104.0,0.262
0022400371,1610612757,Portland,Trail Blazers,POR,blazers,240:00,630.0,126.0,626.3,125.3,3.7,0.7,0.644,2.9,19.6,0.345,0.762,0.526,10.0,10.0,0.546,0.586,1.0,0.992,19.9,99.5,82.92,100.0,0.485
0022400371,1610612743,Denver,Nuggets,DEN,nuggets,240:00,626.3,125.3,630.0,126.0,-3.7,-0.7,0.745,3.18,24.3,0.238,0.655,0.474,11.111,11.1,0.626,0.644,1.0,0.991,19.9,99.5,82.92,99.0,0.515
0022400368,1610612742,Dallas,Mavericks,DAL,mavericks,240:00,484.7,96.9,602.0,120.4,-117.3,-23.5,0.618,1.62,15.8,0.25,0.786,0.48,13.265,13.3,0.436,0.483,1.0,0.982,19.6,98.0,81.67,98.0,0.384
0022400368,1610612746,LA,Clippers,LAC,clippers,240:00,602.0,120.4,484.7,96.9,117.3,23.5,0.682,2.0,21.9,0.214,0.75,0.52,15.306,15.3,0.6,0.638,1.0,0.963,19.6,98.0,81.67,98.0,0.616
0022400363,1610612738,Boston,Celtics,BOS,celtics,240:00,551.0,110.2,596.9,119.4,-45.9,-9.2,0.553,5.25,15.8,0.233,0.692,0.446,4.082,4.1,0.464,0.508,1.0,0.982,19.6,98.0,81.67,98.0,0.478
0022400363,1610612741,Chicago,Bulls,CHI,bulls,240:00,596.9,119.4,551.0,110.2,45.9,9.2,0.548,1.92,16.8,0.308,0.767,0.554,12.245,12.2,0.548,0.579,1.0,0.965,19.6,98.0,81.67,98.0,0.522
0022400370,1610612759,San Antonio,Spurs,SAS,spurs,265:00,568.4,113.7,547.8,109.6,20.5,4.1,0.653,1.88,19.8,0.224,0.736,0.468,14.53,14.5,0.579,0.598,1.0,0.969,21.01,105.06,87.55,117.0,0.516
0022400370,1610612737,Atlanta,Hawks,ATL,hawks,265:00,547.8,109.6,568.4,113.7,-20.5,-4.1,0.696,1.39,19.9,0.264,0.776,0.532,20.0,20.0,0.557,0.593,1.0,0.992,21.01,105.06,87.55,115.0,0.484
0022400362,1610612764,Washington,Wizards,WAS,wizards,240:00,608.9,121.8,564.4,112.9,44.6,8.9,0.805,1.83,22.1,0.326,0.603,0.491,17.822,17.8,0.596,0.636,1.0,0.983,20.2,101.0,84.17,101.0,0.56
0022400362,1610612766,Charlotte,Hornets,CHA,hornets,240:00,564.4,112.9,608.9,121.8,-44.6,-8.9,0.698,3.75,19.0,0.397,0.674,0.509,7.921,7.9,0.443,0.484,1.0,0.977,20.2,101.0,84.17,101.0,0.44
0022400367,1610612750,Minnesota,Timberwolves,MIN,timberwolves,240:00,524.5,104.9,645.6,129.1,-121.1,-24.2,0.707,2.23,21.0,0.137,0.633,0.38,12.745,12.7,0.556,0.565,1.0,0.991,20.5,102.5,85.42,102.0,0.396
0022400367,1610612752,New York,Knicks,NYK,knicks,240:00,645.6,129.1,524.5,104.9,121.1,24.2,0.78,2.6,24.4,0.367,0.863,0.62,14.563,14.6,0.619,0.639,1.0,0.975,20.5,102.5,85.42,103.0,0.604
0022400364,1610612761,Toronto,Raptors,TOR,raptors,240:00,505.4,101.1,548.9,109.8,-43.5,-8.7,0.765,2.17,19.5,0.259,0.54,0.394,12.903,12.9,0.483,0.51,1.0,0.972,18.5,92.5,77.08,93.0,0.437
0022400364,1610612751,Brooklyn,Nets,BKN,nets,240:00,548.9,109.8,505.4,101.1,43.5,8.7,0.545,1.06,13.5,0.46,0.741,0.606,18.478,18.5,0.457,0.528,1.0,0.965,18.5,92.5,77.08,92.0,0.563
0022401223,1610612761,Toronto,Raptors,TOR,raptors,240:00,560.2,112.0,554.5,110.9,5.6,1.1,0.622,1.56,18.7,0.28,0.765,0.525,16.667,16.7,0.538,0.575,1.0,1.0,21.8,109.0,90.83,108.0,0.471
0022401223,1610612741,Chicago,Bulls,CHI,bulls,240:00,554.5,110.9,560.2,112.0,-5.6,-1.1,0.767,2.75,21.6,0.235,0.72,0.475,10.909,10.9,0.538,0.579,1.0,0.983,21.8,109.0,90.83,110.0,0.529
0022401221,1610612765,Detroit,Pistons,DET,pistons,265:00,543.5,108.7,543.9,108.8,-0.4,-0.1,0.727,1.45,20.3,0.229,0.836,0.553,19.13,19.1,0.6,0.624,1.0,0.96,20.74,103.7,86.42,115.0,0.49
0022401221,1610612748,Miami,Heat,MIA,heat,265:00,543.9,108.8,543.5,108.7,0.4,0.1,0.667,2.31,19.6,0.164,0.771,0.447,11.404,11.4,0.515,0.566,1.0,0.992,20.74,103.7,86.42,114.0,0.51
0022401226,1610612746,LA,Clippers,LAC,clippers,240:00,699.0,139.8,509.5,101.9,189.5,37.9,0.571,1.75,20.0,0.25,0.714,0.518,15.534,15.5,0.726,0.749,1.0,0.982,20.8,104.0,86.67,103.0,0.67
0022401226,1610612762,Utah,Jazz,UTA,jazz,240:00,509.5,101.9,699.0,139.8,-189.5,-37.9,0.611,0.96,15.6,0.286,0.75,0.482,21.905,21.9,0.531,0.574,1.0,0.958,20.8,104.0,86.67,105.0,0.33
0022401224,1610612751,Brooklyn,Nets,BKN,nets,240:00,520.6,104.1,663.3,132.7,-142.6,-28.5,0.735,1.14,18.1,0.327,0.643,0.473,22.68,22.7,0.506,0.552,1.0,0.973,19.5,97.5,81.25,97.0,0.325
0022401224,1610612739,Cleveland,Cavaliers,CLE,cavaliers,240:00,663.3,132.7,520.6,104.1,142.6,28.5,0.767,1.94,22.6,0.357,0.673,0.527,17.347,17.3,0.648,0.693,1.0,0.973,19.5,97.5,81.25,98.0,0.675
0022401222,1610612766,Charlotte,Hornets,CHA,hornets,240:00,529.4,105.9,593.1,118.6,-63.7,-12.7,0.714,1.5,20.8,0.25,0.698,0.462,19.608,19.6,0.578,0.585,1.0,0.982,20.4,102.0,85.0,102.0,0.453
0022401222,1610612755,Philadelphia,76ers,PHI,sixers,240:00,593.1,118.6,529.4,105.9,63.7,12.7,0.512,1.05,15.4,0.302,0.75,0.538,19.608,19.6,0.613,0.649,1.0,0.983,20.4,102.0,85.0,102.0,0.548
0022401225,1610612758,Sacramento,Kings,SAC,kings,240:00,591.7,118.3,590.9,118.2,0.8,0.2,0.571,2.55,18.8,0.226,0.623,0.425,10.092,10.1,0.539,0.582,1.0,0.992,21.9,109.5,91.25,109.0,0.468
0022401225,1610612743,Denver,Nuggets,DEN,nuggets,240:00,590.9,118.2,591.7,118.3,-0.8,-0.2,0.745,2.53,22.6,0.377,0.774,0.575,13.636,13.6,0.549,0.577,1.0,0.977,21.9,109.5,91.25,110.0,0.532
0022401217,1610612764,Washington,Wizards,WAS,wizards,240:00,471.2,94.2,549.0,109.8,-77.9,-15.6,0.55,1.38,15.3,0.295,0.649,0.466,15.385,15.4,0.47,0.478,1.0,0.967,20.6,103.0,85.83,104.0,0.414
0022401217,1610612738,Boston,Celtics,BOS,celtics,240:00,549.0,109.8,471.2,94.2,77.9,15.6,0.65,1.44,17.6,0.351,0.705,0.534,17.647,17.6,0.527,0.541,1.0,1.0,20.6,103.0,85.83,102.0,0.586
0022401218,1610612759,San Antonio,Spurs,SAS,spurs,240:00,464.6,92.9,530.0,106.0,-65.4,-13.1,0.919,1.79,22.8,0.296,0.656,0.487,19.192,19.2,0.467,0.484,1.0,0.983,19.9,99.5,82.92,99.0,0.46
0022401218,1610612750,Minnesota,Timberwolves,MIN,timberwolves,240:00,530.0,106.0,464.6,92.9,65.4,13.1,0.65,2.17,17.8,0.344,0.704,0.513,12.0,12.0,0.46,0.495,1.0,0.983,19.9,99.5,82.92,100.0,0.54
0022401220,1610612747,Los Angeles,Lakers,LAL,lakers,240:00,527.3,105.5,500.0,100.0,27.3,5.5,0.59,1.0,15.8,0.26,0.593,0.44,20.909,20.9,0.537,0.585,1.0,0.967,22.0,110.0,91.67,110.0,0.549
0022401220,1610612763,Memphis,Grizzlies,MEM,grizzlies,240:00,500.0,100.0,527.3,105.5,-27.3,-5.5,0.658,1.19,15.7,0.407,0.74,0.56,19.091,19.1,0.438,0.499,1.0,0.978,22.0,110.0,91.67,110.0,0.451
0022401216,1610612754,Indiana,Pacers,IND,pacers,240:00,583.3,116.7,514.9,103.0,68.5,13.7,0.805,1.94,23.1,0.22,0.619,0.462,16.667,16.7,0.605,0.65,1.0,0.982,20.3,101.5,84.58,102.0,0.63
0022401216,1610612740,New Orleans,Pelicans,NOP,pelicans,240:00,514.9,103.0,583.3,116.7,-68.5,-13.7,0.474,1.0,12.6,0.381,0.78,0.538,17.822,17.8,0.443,0.485,1.0,0.992,20.3,101.5,84.58,101.0,0.37
0022401227,1610612753,Orlando,Magic,ORL,magic,240:00,484.0,96.8,531.9,106.4,-47.9,-9.6,0.667,1.6,18.2,0.264,0.738,0.474,15.957,16.0,0.471,0.496,1.0,0.981,18.8,94.0,78.33,94.0,0.425
0022401227,1610612752,New York,Knicks,NYK,knicks,240:00,531.9,106.4,484.0,96.8,47.9,9.6,0.606,1.05,16.3,0.262,0.736,0.526,20.213,20.2,0.535,0.594,1.0,0.981,18.8,94.0,78.33,94.0,0.575
0022401228,1610612744,Golden State,Warriors,GSW,warriors,240:00,658.4,131.7,707.9,141.6,-49.5,-9.9,0.796,3.9,24.7,0.321,0.65,0.458,9.901,9.9,0.607,0.617,1.0,0.983,20.2,101.0,84.17,101.0,0.439
0022401228,1610612742,Dallas,Mavericks,DAL,mavericks,240:00,707.9,141.6,658.4,131.7,49.5,9.9,0.692,2.25,23.8,0.35,0.679,0.542,15.842,15.8,0.718,0.73,1.0,0.974,20.2,101.0,84.17,101.0,0.561
0022401219,1610612756,Phoenix,Suns,PHX,suns,240:00,591.8,118.4,556.1,111.2,35.7,7.1,0.535,2.09,17.2,0.26,0.698,0.485,11.224,11.2,0.567,0.596,1.0,0.982,19.6,98.0,81.67,98.0,0.533
0022401219,1610612757,Portland,Trail Blazers,POR,blazers,240:00,556.1,111.2,591.8,118.4,-35.7,-7.1,0.714,2.31,21.0,0.302,0.74,0.515,13.265,13.3,0.527,0.547,1.0,1.0,19.6,98.0,81.67,98.0,0.467
0022401230,1610612760,Oklahoma City,Thunder,OKC,thunder,240:00,560.6,112.1,484.8,97.0,75.8,15.2,0.528,1.58,15.1,0.205,0.618,0.455,12.121,12.1,0.519,0.59,1.0,0.991,19.8,99.0,82.5,99.0,0.673
0022401230,1610612745,Houston,Rockets,HOU,rockets,240:00,484.8,97.0,560.6,112.1,-75.8,-15.2,0.486,1.06,12.1,0.382,0.795,0.545,16.162,16.2,0.422,0.449,1.0,0.984,19.8,99.0,82.5,99.0,0.327
0022401229,1610612749,Milwaukee,Bucks,MIL,bucks,240:00,523.8,104.8,490.4,98.1,33.4,6.7,0.718,2.15,19.6,0.2,0.846,0.529,12.381,12.4,0.535,0.562,1.0,0.965,20.9,104.5,87.08,105.0,0.552
0022401229,1610612737,Atlanta,Hawks,ATL,hawks,240:00,490.4,98.1,523.8,104.8,-33.4,-6.7,0.657,1.77,17.0,0.154,0.8,0.471,12.5,12.5,0.488,0.526,1.0,0.991,20.9,104.5,87.08,104.0,0.448
0022401214,1610612762,Utah,Jazz,UTA,jazz,240:00,663.2,132.6,705.3,141.1,-42.1,-8.4,0.698,2.0,22.7,0.216,0.698,0.475,15.789,15.8,0.701,0.727,1.0,1.0,19.0,95.0,79.17,95.0,0.461
0022401214,1610612756,Phoenix,Suns,PHX,suns,240:00,705.3,141.1,663.2,132.6,42.1,8.4,0.766,4.5,25.2,0.302,0.784,0.525,8.421,8.4,0.652,0.685,1.0,0.981,19.0,95.0,79.17,95.0,0.539
0022401213,1610612743,Denver,Nuggets,DEN,nuggets,240:00,560.7,112.1,462.3,92.5,98.5,19.7,0.548,1.05,16.4,0.263,0.896,0.616,20.561,20.6,0.61,0.659,1.0,0.966,21.3,106.5,88.75,107.0,0.624
0022401213,1610612746,LA,Clippers,LAC,clippers,240:00,462.3,92.5,560.7,112.1,-98.5,-19.7,0.649,1.26,17.8,0.104,0.737,0.384,17.925,17.9,0.53,0.539,1.0,0.991,21.3,106.5,88.75,106.0,0.376
0022401208,1610612739,Cleveland,Cavaliers,CLE,cavaliers,240:00,575.0,115.0,535.7,107.1,39.3,7.9,0.75,2.45,18.1,0.355,0.761,0.528,11.0,11.0,0.478,0.529,1.0,0.967,19.8,99.0,82.5,100.0,0.544
0022401208,1610612764,Washington,Wizards,WAS,wizards,240:00,535.7,107.1,575.0,115.0,-39.3,-7.9,0.585,1.33,18.0,0.239,0.645,0.472,18.367,18.4,0.558,0.578,1.0,0.991,19.8,99.0,82.5,98.0,0.456
0022401212,1610612741,Chicago,Bulls,CHI,bulls,240:00,519.0,103.8,452.4,90.5,66.7,13.3,0.73,1.69,18.1,0.298,0.656,0.488,15.238,15.2,0.473,0.524,1.0,0.984,21.0,105.0,87.5,105.0,0.603
0022401212,1610612766,Charlotte,Hornets,CHA,hornets,240:00,452.4,90.5,519.0,103.8,-66.7,-13.3,0.629,1.29,14.8,0.344,0.702,0.512,16.19,16.2,0.398,0.443,1.0,0.976,21.0,105.0,87.5,105.0,0.397
0022401209,1610612755,Philadelphia,76ers,PHI,sixers,240:00,545.9,109.2,611.1,122.2,-65.2,-13.0,0.486,1.2,13.4,0.353,0.745,0.541,15.306,15.3,0.494,0.54,1.0,0.991,19.7,98.5,82.08,98.0,0.4
0022401209,1610612754,Indiana,Pacers,IND,pacers,240:00,611.1,122.2,545.9,109.2,65.2,13.0,0.745,3.5,24.0,0.255,0.647,0.459,10.101,10.1,0.593,0.614,1.0,0.973,19.7,98.5,82.08,99.0,0.6
0022401211,1610612763,Memphis,Grizzlies,MEM,grizzlies,240:00,636.8,127.4,561.3,112.3,75.5,15.1,0.635,2.54,21.4,0.306,0.765,0.54,12.264,12.3,0.611,0.624,1.0,0.983,21.2,106.0,88.33,106.0,0.561
0022401211,1610612751,Brooklyn,Nets,BKN,nets,240:00,561.3,112.3,636.8,127.4,-75.5,-15.1,0.714,1.67,20.3,0.235,0.694,0.46,16.981,17.0,0.565,0.593,1.0,0.966,21.2,106.0,88.33,106.0,0.439
0022401210,1610612750,Minnesota,Timberwolves,MIN,timberwolves,240:00,489.9,98.0,439.4,87.9,50.5,10.1,0.514,1.29,13.6,0.263,0.696,0.478,14.141,14.1,0.454,0.497,1.0,0.974,19.8,99.0,82.5,99.0,0.599
0022401210,1610612747,Los Angeles,Lakers,LAL,lakers,240:00,439.4,87.9,489.9,98.0,-50.5,-10.1,0.515,0.77,12.8,0.304,0.737,0.522,22.222,22.2,0.442,0.465,1.0,0.974,19.8,99.0,82.5,99.0,0.401
0022401215,1610612757,Portland,Trail Blazers,POR,blazers,240:00,604.2,120.8,608.2,121.6,-4.1,-0.8,0.595,1.56,19.2,0.25,0.636,0.452,16.667,16.7,0.61,0.648,1.0,0.971,19.3,96.5,80.42,96.0,0.471
0022401215,1610612759,San Antonio,Spurs,SAS,spurs,240:00,608.2,121.6,604.2,120.8,4.1,0.8,0.727,2.13,22.4,0.364,0.75,0.548,15.464,15.5,0.6,0.626,1.0,0.982,19.3,96.5,80.42,97.0,0.529
0022401205,1610612738,Boston,Celtics,BOS,celtics,240:00,615.0,123.0,490.1,98.0,124.9,25.0,0.739,2.43,23.8,0.2,0.789,0.529,14.0,14.0,0.622,0.642,1.0,0.991,20.1,100.5,83.75,100.0,0.597
0022401205,1610612765,Detroit,Pistons,DET,pistons,240:00,490.1,98.0,615.0,123.0,-124.9,-25.0,0.643,3.38,19.3,0.211,0.8,0.471,7.921,7.9,0.464,0.483,1.0,0.973,20.1,100.5,83.75,101.0,0.403
0022401206,1610612748,Miami,Heat,MIA,heat,240:00,564.4,112.9,514.9,103.0,49.5,9.9,0.525,1.24,15.4,0.313,0.778,0.559,16.832,16.8,0.56,0.587,1.0,0.974,20.2,101.0,84.17,101.0,0.538
0022401206,1610612761,Toronto,Raptors,TOR,raptors,240:00,514.9,103.0,564.4,112.9,-49.5,-9.9,0.707,2.42,20.4,0.222,0.688,0.441,11.881,11.9,0.505,0.527,1.0,0.965,20.2,101.0,84.17,101.0,0.462
0022401207,1610612740,New Orleans,Pelicans,NOP,pelicans,240:00,556.1,111.2,566.3,113.3,-10.2,-2.0,0.564,1.29,16.7,0.261,0.618,0.455,17.347,17.3,0.554,0.594,1.0,0.982,19.6,98.0,81.67,98.0,0.47
0022401207,1610612758,Sacramento,Kings,SAC,kings,240:00,566.3,113.3,556.1,111.2,10.2,2.0,0.649,2.18,16.8,0.382,0.739,0.545,11.224,11.2,0.457,0.53,1.0,0.975,19.6,98.0,81.67,98.0,0.53
0022401204,1610612745,Houston,Rockets,HOU,rockets,240:00,494.6,98.9,483.9,96.8,10.7,2.1,0.605,1.35,18.0,0.289,0.62,0.463,18.478,18.5,0.494,0.521,1.0,0.981,18.5,92.5,77.08,92.0,0.514
0022401204,1610612744,Golden State,Warriors,GSW,warriors,240:00,483.9,96.8,494.6,98.9,-10.7,-2.1,0.595,1.0,16.4,0.38,0.711,0.537,23.656,23.7,0.512,0.512,1.0,0.911,18.5,92.5,77.08,93.0,0.486
0022401202,1610612752,New York,Knicks,NYK,knicks,240:00,505.1,101.0,540.0,108.0,-34.9,-7.0,0.675,1.8,19.0,0.281,0.585,0.443,15.152,15.2,0.489,0.502,1.0,0.965,19.9,99.5,82.92,99.0,0.492
0022401202,1610612737,Atlanta,Hawks,ATL,hawks,240:00,540.0,108.0,505.1,101.0,34.9,7.0,0.628,2.45,17.6,0.415,0.719,0.557,11.0,11.0,0.457,0.479,1.0,0.976,19.9,99.5,82.92,100.0,0.508
0022401201,1610612749,Milwaukee,Bucks,MIL,bucks,240:00,581.6,116.3,550.5,110.1,31.1,6.2,0.643,1.69,20.6,0.158,0.607,0.426,16.327,16.3,0.617,0.648,1.0,1.0,19.7,98.5,82.08,98.0,0.568
0022401201,1610612753,Orlando,Magic,ORL,magic,240:00,550.5,110.1,581.6,116.3,-31.1,-6.2,0.463,1.36,13.6,0.393,0.842,0.574,14.141,14.1,0.473,0.52,1.0,0.967,19.7,98.5,82.08,99.0,0.433
0022401203,1610612760,Oklahoma City,Thunder,OKC,thunder,240:00,590.0,118.0,520.0,104.0,70.0,14.0,0.63,2.07,19.6,0.339,0.795,0.54,14.0,14.0,0.554,0.567,1.0,0.983,20.0,100.0,83.33,100.0,0.542
0022401203,1610612742,Dallas,Mavericks,DAL,mavericks,240:00,520.0,104.0,590.0,118.0,-70.0,-14.0,0.658,1.32,18.7,0.205,0.661,0.46,19.0,19.0,0.569,0.589,1.0,0.972,20.0,100.0,83.33,100.0,0.458
0022400359,1610612761,Toronto,Raptors,TOR,raptors,240:00,551.0,110.2,594.7,118.9,-43.7,-8.7,0.535,1.77,16.3,0.364,0.86,0.582,13.265,13.3,0.516,0.536,1.0,0.949,19.3,96.5,80.42,98.0,0.438
0022400359,1610612752,New York,Knicks,NYK,knicks,240:00,594.7,118.9,551.0,110.2,43.7,8.7,0.762,3.2,24.1,0.14,0.636,0.418,10.526,10.5,0.616,0.625,1.0,0.99,19.3,96.5,80.42,95.0,0.562
0022400348,1610612751,Brooklyn,Nets,BKN,nets,240:00,614.1,122.8,648.4,129.7,-34.2,-6.8,0.585,1.85,19.2,0.225,0.781,0.472,14.13,14.1,0.605,0.642,1.0,0.941,18.3,91.5,76.25,92.0,0.457
0022400348,1610612749,Milwaukee,Bucks,MIL,bucks,240:00,648.4,129.7,614.1,122.8,34.2,6.8,0.667,1.63,21.1,0.219,0.775,0.528,17.582,17.6,0.684,0.719,1.0,1.0,18.3,91.5,76.25,91.0,0.543
0022400356,1610612746,LA,Clippers,LAC,clippers,240:00,557.9,111.6,615.8,123.2,-57.9,-11.6,0.512,2.63,16.4,0.231,0.636,0.417,8.421,8.4,0.505,0.535,1.0,0.981,19.0,95.0,79.17,95.0,0.423
0022400356,1610612745,Houston,Rockets,HOU,rockets,240:00,615.8,123.2,557.9,111.6,57.9,11.6,0.575,1.53,17.2,0.364,0.769,0.583,15.789,15.8,0.579,0.626,1.0,0.982,19.0,95.0,79.17,95.0,0.577
0022400353,1610612764,Washington,Wizards,WAS,wizards,240:00,518.5,103.7,642.2,128.4,-123.7,-24.7,0.465,0.95,13.2,0.404,0.64,0.514,19.444,19.4,0.46,0.511,1.0,0.992,21.7,108.5,90.42,108.0,0.368
0022400353,1610612763,Memphis,Grizzlies,MEM,grizzlies,240:00,642.2,128.4,518.5,103.7,123.7,24.7,0.68,1.89,21.1,0.36,0.596,0.486,16.514,16.5,0.609,0.644,1.0,0.961,21.7,108.5,90.42,109.0,0.632
0022400355,1610612744,Golden State,Warriors,GSW,warriors,240:00,593.8,118.8,557.9,111.6,35.9,7.2,0.667,2.15,19.7,0.346,0.783,0.551,13.542,13.5,0.556,0.577,1.0,0.956,19.1,95.5,79.58,96.0,0.532
0022400355,1610612750,Minnesota,Timberwolves,MIN,timberwolves,240:00,557.9,111.6,593.8,118.8,-35.9,-7.2,0.611,1.38,17.3,0.217,0.654,0.449,16.842,16.8,0.576,0.604,1.0,0.971,19.1,95.5,79.58,95.0,0.468
0022400358,1610612747,Los Angeles,Lakers,LAL,lakers,240:00,545.9,109.2,505.2,101.0,40.8,8.2,0.658,2.27,18.9,0.191,0.72,0.464,11.224,11.2,0.536,0.58,1.0,0.972,19.5,97.5,81.25,98.0,0.585
0022400358,1610612757,Portland,Trail Blazers,POR,blazers,240:00,505.2,101.0,545.9,109.2,-40.8,-8.2,0.486,0.94,13.3,0.28,0.809,0.536,18.557,18.6,0.47,0.526,1.0,0.982,19.5,97.5,81.25,97.0,0.415
0022400352,1610612753,Orlando,Magic,ORL,magic,240:00,575.0,115.0,555.6,111.1,19.4,3.9,0.405,1.31,12.8,0.353,0.667,0.5,13.0,13.0,0.545,0.568,1.0,0.991,19.9,99.5,82.92,100.0,0.521
0022400352,1610612756,Phoenix,Suns,PHX,suns,240:00,555.6,111.1,575.0,115.0,-19.4,-3.9,0.615,1.14,17.5,0.333,0.647,0.5,21.212,21.2,0.548,0.593,1.0,0.982,19.9,99.5,82.92,99.0,0.479
0022400354,1610612759,San Antonio,Spurs,SAS,spurs,240:00,587.4,117.5,574.3,114.9,13.1,2.6,0.643,2.08,18.0,0.396,0.741,0.577,12.621,12.6,0.516,0.567,1.0,0.976,20.4,102.0,85.0,103.0,0.538
0022400354,1610612740,New Orleans,Pelicans,NOP,pelicans,240:00,574.3,114.9,587.4,117.5,-13.1,-2.6,0.605,3.25,18.3,0.259,0.604,0.423,7.921,7.9,0.5,0.536,1.0,1.0,20.4,102.0,85.0,101.0,0.462
0022400357,1610612758,Sacramento,Kings,SAC,kings,240:00,712.1,142.4,489.9,98.0,222.2,44.4,0.684,4.88,25.7,0.311,0.735,0.532,8.081,8.1,0.68,0.681,1.0,0.982,19.8,99.0,82.5,99.0,0.687
0022400357,1610612762,Utah,Jazz,UTA,jazz,240:00,489.9,98.0,712.1,142.4,-222.2,-44.4,0.677,1.05,15.8,0.265,0.689,0.468,20.202,20.2,0.481,0.543,1.0,0.982,19.8,99.0,82.5,99.0,0.313
0022400351,1610612748,Miami,Heat,MIA,heat,240:00,616.2,123.2,582.5,116.5,33.7,6.7,0.659,2.25,19.4,0.326,0.867,0.593,12.121,12.1,0.57,0.626,1.0,0.973,19.6,98.0,81.67,99.0,0.542
0022400351,1610612739,Cleveland,Cavaliers,CLE,cavaliers,240:00,582.5,116.5,616.2,123.2,-33.7,-6.7,0.61,2.78,19.5,0.133,0.674,0.407,9.278,9.3,0.558,0.602,1.0,1.0,19.6,98.0,81.67,97.0,0.458
0022400347,1610612741,Chicago,Bulls,CHI,bulls,240:00,485.4,97.1,524.3,104.9,-38.8,-7.8,0.829,1.93,21.3,0.078,0.735,0.4,14.563,14.6,0.517,0.548,1.0,0.991,20.6,103.0,85.83,103.0,0.438
0022400347,1610612755,Philadelphia,76ers,PHI,sixers,240:00,524.3,104.9,485.4,97.1,38.8,7.8,0.581,1.56,17.7,0.265,0.922,0.6,15.534,15.5,0.516,0.55,1.0,0.974,20.6,103.0,85.83,103.0,0.562
0022400349,1610612754,Indiana,Pacers,IND,pacers,240:00,534.3,106.9,553.9,110.8,-19.6,-3.9,0.548,1.35,17.6,0.143,0.659,0.398,16.667,16.7,0.585,0.615,1.0,0.981,20.4,102.0,85.0,102.0,0.481
0022400349,1610612766,Charlotte,Hornets,CHA,hornets,240:00,553.9,110.8,534.3,106.9,19.6,3.9,0.6,0.96,17.1,0.341,0.857,0.602,24.51,24.5,0.603,0.632,1.0,0.974,20.4,102.0,85.0,102.0,0.519
0022400350,1610612737,Atlanta,Hawks,ATL,hawks,240:00,518.7,103.7,658.9,131.8,-140.2,-28.0,0.634,2.17,16.9,0.355,0.684,0.48,11.215,11.2,0.45,0.492,1.0,0.984,21.4,107.0,89.17,107.0,0.356
0022400350,1610612743,Denver,Nuggets,DEN,nuggets,240:00,658.9,131.8,518.7,103.7,140.2,28.0,0.768,2.15,26.5,0.316,0.645,0.52,18.692,18.7,0.697,0.708,1.0,0.966,21.4,107.0,89.17,107.0,0.644
0022400341,1610612764,Washington,Wizards,WAS,wizards,240:00,586.5,117.3,538.1,107.6,48.4,9.7,0.689,1.82,20.5,0.314,0.615,0.466,16.346,16.3,0.57,0.594,1.0,0.992,20.9,104.5,87.08,104.0,0.526
0022400341,1610612743,Denver,Nuggets,DEN,nuggets,240:00,538.1,107.6,586.5,117.3,-48.4,-9.7,0.739,2.27,21.4,0.385,0.686,0.534,14.286,14.3,0.511,0.529,1.0,0.976,20.9,104.5,87.08,105.0,0.474
0022400345,1610612738,Boston,Celtics,BOS,celtics,240:00,555.0,111.0,588.0,117.6,-32.9,-6.6,0.619,2.0,16.6,0.338,0.755,0.513,11.927,11.9,0.486,0.516,1.0,0.985,21.7,108.5,90.42,109.0,0.442
0022400345,1610612763,Memphis,Grizzlies,MEM,grizzlies,240:00,588.0,117.6,555.0,111.0,32.9,6.6,0.532,1.92,17.2,0.245,0.662,0.487,12.037,12.0,0.58,0.61,1.0,0.983,21.7,108.5,90.42,108.0,0.558
0022400342,1610612740,New Orleans,Pelicans,NOP,pelicans,240:00,534.3,106.9,589.1,117.8,-54.8,-11.0,0.658,1.39,18.4,0.2,0.698,0.443,17.647,17.6,0.551,0.6,1.0,0.973,20.3,101.5,84.58,102.0,0.468
0022400342,1610612760,Oklahoma City,Thunder,OKC,thunder,240:00,589.1,117.8,534.3,106.9,54.8,11.0,0.6,1.35,19.1,0.302,0.8,0.557,19.802,19.8,0.6,0.631,1.0,0.974,20.3,101.5,84.58,101.0,0.532
0022400346,1610612748,Miami,Heat,MIA,heat,240:00,636.8,127.4,584.2,116.8,52.6,10.5,0.667,2.5,21.4,0.341,0.674,0.511,12.632,12.6,0.599,0.629,1.0,0.973,19.0,95.0,79.17,95.0,0.54
0022400346,1610612756,Phoenix,Suns,PHX,suns,240:00,584.2,116.8,636.8,127.4,-52.6,-10.5,0.806,2.07,20.9,0.326,0.659,0.489,14.737,14.7,0.537,0.597,1.0,0.982,19.0,95.0,79.17,95.0,0.46
0022400344,1610612761,Toronto,Raptors,TOR,raptors,240:00,567.3,113.5,589.6,117.9,-22.3,-4.5,0.86,2.85,24.3,0.22,0.702,0.454,12.5,12.5,0.543,0.585,1.0,1.0,21.0,105.0,87.5,104.0,0.491
0022400344,1610612742,Dallas,Mavericks,DAL,mavericks,240:00,589.6,117.9,567.3,113.5,22.3,4.5,0.553,1.17,14.9,0.298,0.78,0.546,16.981,17.0,0.574,0.642,1.0,0.975,21.0,105.0,87.5,106.0,0.509
0022400340,1610612766,Charlotte,Hornets,CHA,hornets,240:00,554.3,110.9,637.4,127.5,-83.0,-16.6,0.568,1.91,16.7,0.275,0.622,0.438,11.957,12.0,0.494,0.54,1.0,0.981,18.3,91.5,76.25,92.0,0.397
0022400340,1610612739,Cleveland,Cavaliers,CLE,cavaliers,240:00,637.4,127.5,554.3,110.9,83.0,16.6,0.667,2.33,20.6,0.378,0.725,0.563,13.187,13.2,0.583,0.613,1.0,0.981,18.3,91.5,76.25,91.0,0.603
0022400343,1610612752,New York,Knicks,NYK,knicks,240:00,555.0,111.0,588.2,117.6,-33.2,-6.6,0.643,1.8,20.3,0.143,0.707,0.422,15.0,15.0,0.601,0.611,1.0,1.0,20.2,101.0,84.17,100.0,0.486
0022400343,1610612765,Detroit,Pistons,DET,pistons,240:00,588.2,117.6,555.0,111.0,33.2,6.6,0.651,1.47,19.7,0.293,0.857,0.578,18.627,18.6,0.627,0.657,1.0,0.956,20.2,101.0,84.17,102.0,0.514
0022400336,1610612741,Chicago,Bulls,CHI,bulls,240:00,591.3,118.3,634.6,126.9,-43.3,-8.7,0.717,2.75,22.3,0.231,0.805,0.484,11.538,11.5,0.582,0.601,1.0,0.991,20.8,104.0,86.67,104.0,0.445
0022400336,1610612754,Indiana,Pacers,IND,pacers,240:00,634.6,126.9,591.3,118.3,43.3,8.7,0.635,2.54,22.9,0.195,0.769,0.516,12.5,12.5,0.663,0.678,1.0,0.982,20.8,104.0,86.67,104.0,0.555
0022400337,1610612759,San Antonio,Spurs,SAS,spurs,240:00,548.5,109.7,679.6,135.9,-131.1,-26.2,0.718,2.0,19.2,0.286,0.78,0.495,13.592,13.6,0.505,0.542,1.0,0.992,20.6,103.0,85.83,103.0,0.379
0022400337,1610612758,Sacramento,Kings,SAC,kings,240:00,679.6,135.9,548.5,109.7,131.1,26.2,0.647,3.0,22.8,0.22,0.714,0.505,10.68,10.7,0.656,0.696,1.0,0.982,20.6,103.0,85.83,103.0,0.621
0022400334,1610612737,Atlanta,Hawks,ATL,hawks,265:00,582.6,116.5,578.9,115.8,3.7,0.7,0.8,2.35,23.5,0.283,0.816,0.539,14.783,14.8,0.585,0.611,1.0,0.977,20.74,103.7,86.42,115.0,0.508
0022400334,1610612747,Los Angeles,Lakers,LAL,lakers,265:00,578.9,115.8,582.6,116.5,-3.7,-0.7,0.647,2.2,21.2,0.184,0.717,0.461,13.158,13.2,0.596,0.622,1.0,0.967,20.74,103.7,86.42,114.0,0.492
0022400333,1610612755,Philadelphia,76ers,PHI,sixers,240:00,536.8,107.4,489.6,97.9,47.3,9.5,0.605,1.44,17.4,0.298,0.689,0.489,16.842,16.8,0.525,0.556,1.0,0.982,19.1,95.5,79.58,95.0,0.543
0022400333,1610612753,Orlando,Magic,ORL,magic,240:00,489.6,97.9,536.8,107.4,-47.3,-9.5,0.636,1.0,16.0,0.311,0.702,0.511,21.875,21.9,0.506,0.55,1.0,0.955,19.1,95.5,79.58,96.0,0.457
0022400338,1610612744,Golden State,Warriors,GSW,warriors,240:00,454.5,90.9,535.0,107.0,-80.5,-16.1,0.656,0.95,15.8,0.25,0.646,0.44,22.222,22.2,0.457,0.503,1.0,0.991,19.9,99.5,82.92,99.0,0.391
0022400338,1610612750,Minnesota,Timberwolves,MIN,timberwolves,240:00,535.0,107.0,454.5,90.9,80.5,16.1,0.8,1.52,21.5,0.354,0.75,0.56,21.0,21.0,0.534,0.568,1.0,0.94,19.9,99.5,82.92,100.0,0.609
0022400335,1610612738,Boston,Celtics,BOS,celtics,240:00,590.4,118.1,552.6,110.5,37.8,7.6,0.675,4.5,21.1,0.149,0.691,0.441,6.383,6.4,0.557,0.59,1.0,0.99,18.9,94.5,78.75,94.0,0.554
0022400335,1610612749,Milwaukee,Bucks,MIL,bucks,240:00,552.6,110.5,590.4,118.1,-37.8,-7.6,0.4,1.78,12.5,0.309,0.851,0.559,9.474,9.5,0.484,0.517,1.0,0.973,18.9,94.5,78.75,95.0,0.446
0022400339,1610612757,Portland,Trail Blazers,POR,blazers,240:00,476.0,95.2,671.4,134.3,-195.5,-39.1,0.622,2.09,16.8,0.164,0.644,0.368,10.577,10.6,0.463,0.483,1.0,0.982,20.9,104.5,87.08,104.0,0.277
0022400339,1610612762,Utah,Jazz,UTA,jazz,240:00,671.4,134.3,476.0,95.2,195.5,39.1,0.642,2.43,22.1,0.356,0.836,0.632,13.333,13.3,0.625,0.664,1.0,0.967,20.9,104.5,87.08,105.0,0.723
0022400330,1610612740,New Orleans,Pelicans,NOP,pelicans,240:00,611.7,122.3,596.2,119.2,15.5,3.1,0.489,1.77,16.3,0.283,0.727,0.485,12.621,12.6,0.568,0.594,1.0,0.992,20.7,103.5,86.25,103.0,0.459
0022400330,1610612756,Phoenix,Suns,PHX,suns,240:00,596.2,119.2,611.7,122.3,-15.5,-3.1,0.744,1.88,21.8,0.273,0.717,0.515,16.346,16.3,0.606,0.643,1.0,0.983,20.7,103.5,86.25,104.0,0.541
0022400326,1610612764,Washington,Wizards,WAS,wizards,240:00,481.0,96.2,652.4,130.5,-171.4,-34.3,0.641,2.08,17.1,0.25,0.667,0.422,11.429,11.4,0.46,0.478,1.0,0.975,21.0,105.0,87.5,105.0,0.331
0022400326,1610612742,Dallas,Mavericks,DAL,mavericks,240:00,652.4,130.5,481.0,96.2,171.4,34.3,0.563,1.69,18.4,0.333,0.75,0.578,15.238,15.2,0.652,0.679,1.0,0.967,21.0,105.0,87.5,105.0,0.669
0022400325,1610612739,Cleveland,Cavaliers,CLE,cavaliers,240:00,578.0,115.6,522.9,104.6,55.0,11.0,0.681,1.88,21.2,0.196,0.741,0.476,15.596,15.6,0.617,0.624,1.0,0.975,21.8,109.0,90.83,109.0,0.523
0022400325,1610612743,Denver,Nuggets,DEN,nuggets,240:00,522.9,104.6,578.0,115.6,-55.0,-11.0,0.543,1.56,17.0,0.259,0.804,0.524,14.679,14.7,0.51,0.539,1.0,0.984,21.8,109.0,90.83,109.0,0.477
0022400328,1610612761,Toronto,Raptors,TOR,raptors,240:00,442.3,88.5,614.3,122.9,-172.0,-34.4,0.75,1.2,16.6,0.283,0.764,0.513,19.231,19.2,0.417,0.466,1.0,0.992,20.9,104.5,87.08,104.0,0.329
0022400328,1610612760,Oklahoma City,Thunder,OKC,thunder,240:00,614.3,122.9,442.3,88.5,172.0,34.4,0.571,4.67,19.2,0.236,0.717,0.487,5.714,5.7,0.564,0.589,1.0,0.975,20.9,104.5,87.08,105.0,0.671
0022400332,1610612744,Golden State,Warriors,GSW,warriors,240:00,510.3,102.1,479.4,95.9,30.9,6.2,0.528,1.9,14.7,0.25,0.763,0.523,10.309,10.3,0.471,0.506,1.0,0.982,19.4,97.0,80.83,97.0,0.537
0022400332,1610612745,Houston,Rockets,HOU,rockets,240:00,479.4,95.9,510.3,102.1,-30.9,-6.2,0.571,2.5,15.3,0.237,0.75,0.477,8.247,8.2,0.43,0.463,1.0,0.982,19.4,97.0,80.83,97.0,0.463
0022400329,1610612763,Memphis,Grizzlies,MEM,grizzlies,240:00,537.4,107.5,518.9,103.8,18.5,3.7,0.711,1.23,18.8,0.25,0.705,0.514,20.561,20.6,0.556,0.611,1.0,0.991,21.3,106.5,88.75,107.0,0.571
0022400329,1610612758,Sacramento,Kings,SAC,kings,240:00,518.9,103.8,537.4,107.5,-18.5,-3.7,0.487,1.46,13.3,0.295,0.75,0.486,12.264,12.3,0.439,0.499,1.0,0.992,21.3,106.5,88.75,106.0,0.429
0022400327,1610612752,New York,Knicks,NYK,knicks,240:00,672.0,134.4,548.9,109.8,123.1,24.6,0.707,3.22,22.1,0.231,0.745,0.522,9.677,9.7,0.658,0.694,1.0,0.971,18.5,92.5,77.08,93.0,0.629
0022400327,1610612766,Charlotte,Hornets,CHA,hornets,240:00,548.9,109.8,672.0,134.4,-123.1,-24.6,0.675,2.45,20.5,0.255,0.769,0.478,11.957,12.0,0.534,0.541,1.0,0.981,18.5,92.5,77.08,92.0,0.371
0022400331,1610612759,San Antonio,Spurs,SAS,spurs,240:00,584.9,117.0,655.7,131.1,-70.8,-14.2,0.591,2.36,17.7,0.293,0.7,0.459,10.377,10.4,0.505,0.553,1.0,1.0,21.2,106.0,88.33,106.0,0.432
0022400331,1610612741,Chicago,Bulls,CHI,bulls,240:00,655.7,131.1,584.9,117.0,70.8,14.2,0.692,1.89,23.4,0.3,0.707,0.541,17.925,17.9,0.672,0.694,1.0,0.966,21.2,106.0,88.33,106.0,0.568
0022400321,1610612748,Miami,Heat,MIA,heat,240:00,697.9,139.6,484.4,96.9,213.5,42.7,0.808,2.63,27.5,0.385,0.722,0.581,16.667,16.7,0.711,0.713,1.0,0.973,19.2,96.0,80.0,96.0,0.653
0022400321,1610612747,Los Angeles,Lakers,LAL,lakers,240:00,484.4,96.9,697.9,139.6,-213.5,-42.7,0.784,2.23,20.7,0.278,0.615,0.419,13.542,13.5,0.449,0.483,1.0,0.982,19.2,96.0,80.0,96.0,0.347
0022400324,1610612746,LA,Clippers,LAC,clippers,240:00,400.0,80.0,534.7,106.9,-134.7,-26.9,0.448,0.57,10.5,0.204,0.792,0.48,23.0,23.0,0.416,0.451,1.0,0.973,20.1,100.5,83.75,100.0,0.281
0022400324,1610612750,Minnesota,Timberwolves,MIN,timberwolves,240:00,534.7,106.9,400.0,80.0,134.7,26.9,0.756,2.07,22.0,0.208,0.796,0.52,14.851,14.9,0.576,0.581,1.0,0.973,20.1,100.5,83.75,101.0,0.719
0022400322,1610612755,Philadelphia,76ers,PHI,sixers,240:00,566.7,113.3,595.5,119.1,-28.8,-5.8,0.575,1.64,17.7,0.378,0.565,0.473,15.556,15.6,0.555,0.564,1.0,0.972,17.9,89.5,74.58,90.0,0.455
0022400322,1610612753,Orlando,Magic,ORL,magic,240:00,595.5,119.1,566.7,113.3,28.8,5.8,0.512,1.5,16.3,0.435,0.622,0.527,15.73,15.7,0.536,0.568,1.0,0.991,17.9,89.5,74.58,89.0,0.545
0022400319,1610612738,Boston,Celtics,BOS,celtics,240:00,643.6,128.7,588.2,117.6,55.3,11.1,0.667,1.88,19.7,0.404,0.738,0.553,15.842,15.8,0.59,0.619,1.0,0.984,20.3,101.5,84.58,101.0,0.546
0022400319,1610612765,Detroit,Pistons,DET,pistons,240:00,588.2,117.6,643.6,128.7,-55.3,-11.1,0.628,1.42,19.3,0.262,0.596,0.447,18.627,18.6,0.631,0.653,1.0,0.965,20.3,101.5,84.58,102.0,0.454
0022400323,1610612749,Milwaukee,Bucks,MIL,bucks,240:00,500.0,100.0,572.1,114.4,-72.1,-14.4,0.697,1.28,16.8,0.2,0.603,0.417,17.308,17.3,0.519,0.557,1.0,0.982,20.8,104.0,86.67,104.0,0.397
0022400323,1610612737,Atlanta,Hawks,ATL,hawks,240:00,572.1,114.4,500.0,100.0,72.1,14.4,0.644,2.07,18.8,0.397,0.8,0.583,13.462,13.5,0.485,0.533,1.0,0.976,20.8,104.0,86.67,104.0,0.603
0022400320,1610612751,Brooklyn,Nets,BKN,nets,240:00,515.6,103.1,463.9,92.8,51.7,10.3,0.686,1.41,18.0,0.28,0.844,0.547,17.708,17.7,0.506,0.543,1.0,0.954,19.3,96.5,80.42,96.0,0.545
0022400320,1610612754,Indiana,Pacers,IND,pacers,240:00,463.9,92.8,515.6,103.1,-51.7,-10.3,0.625,1.25,16.3,0.156,0.72,0.453,16.495,16.5,0.48,0.531,1.0,0.981,19.3,96.5,80.42,97.0,0.455
0022400060,1610612746,LA,Clippers,LAC,clippers,240:00,690.2,138.0,570.7,114.1,119.6,23.9,0.617,2.07,21.2,0.41,0.659,0.538,15.217,15.2,0.665,0.687,1.0,0.972,18.4,92.0,76.67,92.0,0.598
0022400060,1610612757,Portland,Trail Blazers,POR,blazers,240:00,570.7,114.1,690.2,138.0,-119.6,-23.9,0.61,1.39,19.1,0.341,0.59,0.463,19.565,19.6,0.575,0.603,1.0,0.962,18.4,92.0,76.67,92.0,0.402
0022400052,1610612765,Detroit,Pistons,DET,pistons,240:00,524.5,104.9,633.7,126.7,-109.2,-21.8,0.55,1.22,15.8,0.314,0.838,0.534,17.647,17.6,0.523,0.553,1.0,0.983,20.3,101.5,84.58,102.0,0.408
0022400052,1610612749,Milwaukee,Bucks,MIL,bucks,240:00,633.7,126.7,524.5,104.9,109.2,21.8,0.578,1.44,19.5,0.162,0.686,0.466,17.822,17.8,0.706,0.717,1.0,0.972,20.3,101.5,84.58,101.0,0.592
0022400054,1610612761,Toronto,Raptors,TOR,raptors,240:00,564.8,113.0,518.7,103.7,46.1,9.2,0.636,1.33,19.2,0.256,0.78,0.551,19.444,19.4,0.623,0.651,1.0,0.975,21.5,107.5,89.58,108.0,0.582
0022400054,1610612754,Indiana,Pacers,IND,pacers,240:00,518.7,103.7,564.8,113.0,-46.1,-9.2,0.553,1.0,15.1,0.22,0.744,0.449,19.626,19.6,0.524,0.576,1.0,0.983,21.5,107.5,89.58,107.0,0.418
0022400059,1610612758,Sacramento,Kings,SAC,kings,240:00,638.3,127.7,584.2,116.8,54.1,10.8,0.702,3.3,23.4,0.28,0.527,0.41,10.638,10.6,0.593,0.601,1.0,0.991,18.9,94.5,78.75,94.0,0.586
0022400059,1610612745,Houston,Rockets,HOU,rockets,240:00,584.2,116.8,638.3,127.7,-54.1,-10.8,0.341,0.88,10.4,0.473,0.72,0.59,16.842,16.8,0.516,0.543,1.0,0.975,18.9,94.5,78.75,95.0,0.414
0022400055,1610612760,Oklahoma City,Thunder,OKC,thunder,240:00,685.6,137.1,552.1,110.4,133.5,26.7,0.604,4.0,21.3,0.429,0.588,0.494,8.247,8.2,0.603,0.622,1.0,0.975,19.3,96.5,80.42,97.0,0.609
0022400055,1610612762,Utah,Jazz,UTA,jazz,240:00,552.1,110.4,685.6,137.1,-133.5,-26.7,0.553,0.72,16.0,0.412,0.571,0.506,30.208,30.2,0.636,0.665,1.0,0.991,19.3,96.5,80.42,96.0,0.391
0022400058,1610612743,Denver,Nuggets,DEN,nuggets,240:00,561.3,112.3,537.4,107.5,23.9,4.8,0.8,2.13,22.5,0.093,0.698,0.427,14.151,14.2,0.576,0.63,1.0,0.991,21.3,106.5,88.75,106.0,0.527
0022400058,1610612744,Golden State,Warriors,GSW,warriors,240:00,537.4,107.5,561.3,112.3,-23.9,-4.8,0.818,2.4,22.6,0.302,0.907,0.573,14.019,14.0,0.526,0.552,1.0,0.959,21.3,106.5,88.75,107.0,0.473
0022400057,1610612756,Phoenix,Suns,PHX,suns,240:00,525.3,105.1,469.7,93.9,55.6,11.1,0.684,1.86,20.2,0.119,0.672,0.459,14.141,14.1,0.558,0.596,1.0,0.971,19.8,99.0,82.5,99.0,0.608
0022400057,1610612759,San Antonio,Spurs,SAS,spurs,240:00,469.7,93.9,525.3,105.1,-55.6,-11.1,0.743,1.86,17.8,0.328,0.881,0.541,14.141,14.1,0.39,0.427,1.0,1.0,19.8,99.0,82.5,99.0,0.392
0022400051,1610612739,Cleveland,Cavaliers,CLE,cavaliers,240:00,572.8,114.6,418.3,83.7,154.5,30.9,0.721,2.82,21.7,0.176,0.736,0.462,10.68,10.7,0.573,0.59,1.0,0.991,20.7,103.5,86.25,103.0,0.664
0022400051,1610612764,Washington,Wizards,WAS,wizards,240:00,418.3,83.7,572.8,114.6,-154.5,-30.9,0.563,0.86,13.3,0.264,0.824,0.538,20.192,20.2,0.41,0.463,1.0,0.974,20.7,103.5,86.25,104.0,0.336
0022400050,1610612766,Charlotte,Hornets,CHA,hornets,240:00,559.1,111.8,591.4,118.3,-32.3,-6.5,0.647,1.16,16.5,0.413,0.733,0.571,20.43,20.4,0.526,0.582,1.0,0.946,18.6,93.0,77.5,93.0,0.485
0022400050,1610612755,Philadelphia,76ers,PHI,sixers,240:00,591.4,118.3,559.1,111.8,32.3,6.5,0.684,2.17,20.2,0.267,0.587,0.429,12.903,12.9,0.561,0.606,1.0,1.0,18.6,93.0,77.5,93.0,0.515
0022400056,1610612742,Dallas,Mavericks,DAL,mavericks,240:00,560.2,112.0,547.2,109.4,13.0,2.6,0.615,0.96,15.8,0.4,0.692,0.549,23.148,23.1,0.562,0.603,1.0,0.977,21.4,107.0,89.17,108.0,0.511
0022400056,1610612763,Memphis,Grizzlies,MEM,grizzlies,240:00,547.2,109.4,560.2,112.0,-13.0,-2.6,0.6,1.42,18.1,0.308,0.6,0.451,17.925,17.9,0.531,0.562,1.0,1.0,21.4,107.0,89.17,106.0,0.489
0022400053,1610612752,New York,Knicks,NYK,knicks,240:00,593.1,118.6,524.8,105.0,68.4,13.7,0.698,1.58,21.0,0.262,0.731,0.521,18.627,18.6,0.594,0.645,1.0,0.965,20.3,101.5,84.58,102.0,0.57
0022400053,1610612753,Orlando,Magic,ORL,magic,240:00,524.8,105.0,593.1,118.6,-68.4,-13.7,0.526,1.25,14.9,0.269,0.738,0.479,15.842,15.8,0.489,0.541,1.0,0.991,20.3,101.5,84.58,101.0,0.43
0022400317,1610612741,Chicago,Bulls,CHI,bulls,240:00,615.4,123.1,495.1,99.0,120.2,24.0,0.688,1.94,21.7,0.326,0.78,0.581,16.346,16.3,0.609,0.638,1.0,0.966,20.7,103.5,86.25,104.0,0.632
0022400317,1610612751,Brooklyn,Nets,BKN,nets,240:00,495.1,99.0,615.4,123.1,-120.2,-24.0,0.632,1.85,17.1,0.22,0.674,0.419,12.621,12.6,0.474,0.502,1.0,0.966,20.7,103.5,86.25,103.0,0.368
0022400315,1610612737,Atlanta,Hawks,ATL,hawks,240:00,584.9,117.0,528.3,105.7,56.6,11.3,0.612,1.67,19.5,0.367,0.678,0.537,16.981,17.0,0.563,0.592,1.0,0.984,21.2,106.0,88.33,106.0,0.595
0022400315,1610612740,New Orleans,Pelicans,NOP,pelicans,240:00,528.3,105.7,584.9,117.0,-56.6,-11.3,0.477,1.31,14.4,0.322,0.633,0.463,15.094,15.1,0.505,0.521,1.0,0.984,21.2,106.0,88.33,106.0,0.405
0022400318,1610612750,Minnesota,Timberwolves,MIN,timberwolves,240:00,561.9,112.4,412.4,82.5,149.5,29.9,0.756,2.07,22.8,0.195,0.755,0.5,15.464,15.5,0.599,0.622,1.0,0.981,19.4,97.0,80.83,97.0,0.681
0022400318,1610612747,Los Angeles,Lakers,LAL,lakers,240:00,412.4,82.5,561.9,112.4,-149.5,-29.9,0.594,0.9,14.8,0.245,0.805,0.5,21.649,21.6,0.443,0.47,1.0,0.972,19.4,97.0,80.83,97.0,0.319
0022400316,1610612738,Boston,Celtics,BOS,celtics,240:00,562.5,112.5,458.8,91.8,103.7,20.7,0.641,1.47,18.2,0.314,0.754,0.546,17.708,17.7,0.545,0.57,1.0,0.973,19.3,96.5,80.42,96.0,0.566
0022400316,1610612748,Miami,Heat,MIA,heat,240:00,458.8,91.8,562.5,112.5,-103.7,-20.7,0.774,2.4,17.8,0.246,0.686,0.454,10.309,10.3,0.402,0.458,1.0,0.973,19.3,96.5,80.42,97.0,0.434
0022400308,1610612752,New York,Knicks,NYK,knicks,240:00,584.2,116.8,429.3,85.9,154.9,31.0,0.714,1.76,20.0,0.38,0.746,0.584,16.832,16.8,0.565,0.596,1.0,0.967,20.0,100.0,83.33,101.0,0.685
0022400308,1610612740,New Orleans,Pelicans,NOP,pelicans,240:00,429.3,85.9,584.2,116.8,-154.9,-31.0,0.571,1.43,14.8,0.254,0.62,0.416,14.141,14.1,0.394,0.419,1.0,1.0,20.0,100.0,83.33,99.0,0.315
0022400307,1610612739,Cleveland,Cavaliers,CLE,cavaliers,240:00,563.7,112.7,533.7,106.7,30.1,6.0,0.564,1.22,16.7,0.182,0.741,0.5,17.647,17.6,0.594,0.632,1.0,0.982,20.6,103.0,85.83,102.0,0.519
0022400307,1610612738,Boston,Celtics,BOS,celtics,240:00,533.7,106.7,563.7,112.7,-30.1,-6.0,0.447,1.55,12.7,0.259,0.818,0.5,10.577,10.6,0.489,0.537,1.0,0.957,20.6,103.0,85.83,104.0,0.481
0022400310,1610612745,Houston,Rockets,HOU,rockets,240:00,595.0,119.0,580.0,116.0,15.0,3.0,0.526,2.0,14.2,0.373,0.727,0.544,10.0,10.0,0.484,0.545,1.0,0.983,20.0,100.0,83.33,100.0,0.48
0022400310,1610612760,Oklahoma City,Thunder,OKC,thunder,240:00,580.0,116.0,595.0,119.0,-15.0,-3.0,0.714,4.29,20.8,0.273,0.627,0.456,7.0,7.0,0.516,0.552,1.0,0.982,20.0,100.0,83.33,100.0,0.52
0022400314,1610612746,LA,Clippers,LAC,clippers,240:00,617.6,123.5,598.0,119.6,19.6,3.9,0.651,2.0,19.2,0.32,0.78,0.527,13.725,13.7,0.578,0.618,1.0,0.975,20.4,102.0,85.0,102.0,0.484
0022400314,1610612743,Denver,Nuggets,DEN,nuggets,240:00,598.0,119.6,617.6,123.5,-19.6,-3.9,0.725,2.64,25.0,0.22,0.68,0.473,13.725,13.7,0.636,0.633,1.0,0.982,20.4,102.0,85.0,102.0,0.516
0022400309,1610612761,Toronto,Raptors,TOR,raptors,240:00,589.1,117.8,574.3,114.9,14.9,3.0,0.638,1.88,21.0,0.267,0.725,0.51,15.842,15.8,0.591,0.615,1.0,0.965,20.2,101.0,84.17,101.0,0.51
0022400309,1610612748,Miami,Heat,MIA,heat,240:00,574.3,114.9,589.1,117.8,-14.9,-3.0,0.641,1.79,17.9,0.275,0.733,0.49,13.861,13.9,0.528,0.578,1.0,0.983,20.2,101.0,84.17,101.0,0.49
0022400306,1610612763,Memphis,Grizzlies,MEM,grizzlies,240:00,623.9,124.8,560.2,112.0,63.7,12.7,0.735,3.6,23.4,0.217,0.787,0.505,9.174,9.2,0.613,0.648,1.0,0.983,21.7,108.5,90.42,109.0,0.564
0022400306,1610612754,Indiana,Pacers,IND,pacers,240:00,560.2,112.0,623.9,124.8,-63.7,-12.7,0.651,1.87,19.2,0.213,0.783,0.495,13.889,13.9,0.556,0.596,1.0,1.0,21.7,108.5,90.42,108.0,0.436
0022400313,1610612758,Sacramento,Kings,SAC,kings,240:00,631.3,126.3,635.0,127.0,-3.7,-0.7,0.681,3.2,20.8,0.404,0.744,0.55,10.101,10.1,0.525,0.56,1.0,1.0,19.9,99.5,82.92,99.0,0.478
0022400313,1610612759,San Antonio,Spurs,SAS,spurs,240:00,635.0,127.0,631.3,126.3,3.7,0.7,0.762,2.0,22.7,0.256,0.596,0.45,16.0,16.0,0.652,0.686,1.0,0.991,19.9,99.5,82.92,100.0,0.522
0022400305,1610612751,Brooklyn,Nets,BKN,nets,240:00,469.4,93.9,510.2,102.0,-40.8,-8.2,0.633,1.12,14.7,0.245,0.651,0.427,17.347,17.3,0.43,0.497,1.0,0.973,19.6,98.0,81.67,98.0,0.357
0022400305,1610612753,Orlando,Magic,ORL,magic,240:00,510.2,102.0,469.4,93.9,40.8,8.2,0.676,1.05,16.9,0.349,0.755,0.573,22.449,22.4,0.507,0.568,1.0,0.965,19.6,98.0,81.67,98.0,0.643
0022400312,1610612757,Portland,Trail Blazers,POR,blazers,240:00,642.2,128.4,665.0,133.0,-22.9,-4.6,0.592,1.38,20.4,0.297,0.721,0.525,20.588,20.6,0.69,0.713,1.0,0.991,20.5,102.5,85.42,102.0,0.457
0022400312,1610612742,Dallas,Mavericks,DAL,mavericks,240:00,665.0,133.0,642.2,128.4,22.9,4.6,0.688,2.54,22.4,0.279,0.703,0.475,12.621,12.6,0.655,0.687,1.0,0.982,20.5,102.5,85.42,103.0,0.543
0022400311,1610612762,Utah,Jazz,UTA,jazz,240:00,559.1,111.8,564.5,112.9,-5.4,-1.1,0.675,1.8,20.9,0.214,0.745,0.505,16.129,16.1,0.595,0.604,1.0,0.98,18.6,93.0,77.5,93.0,0.503
0022400311,1610612747,Los Angeles,Lakers,LAL,lakers,240:00,564.5,112.9,559.1,111.8,5.4,1.1,0.59,4.6,17.8,0.255,0.786,0.495,5.376,5.4,0.483,0.53,1.0,0.981,18.6,93.0,77.5,93.0,0.497
0022400302,1610612749,Milwaukee,Bucks,MIL,bucks,240:00,607.8,121.6,558.8,111.8,49.0,9.8,0.705,2.58,21.8,0.205,0.787,0.505,11.765,11.8,0.605,0.639,1.0,0.982,20.4,102.0,85.0,102.0,0.55
0022400302,1610612764,Washington,Wizards,WAS,wizards,240:00,558.8,111.8,607.8,121.6,-49.0,-9.8,0.585,2.0,17.6,0.213,0.795,0.495,11.765,11.8,0.523,0.584,1.0,0.982,20.4,102.0,85.0,102.0,0.45
0022400304,1610612762,Utah,Jazz,UTA,jazz,240:00,484.5,96.9,540.8,108.2,-56.3,-11.3,0.588,1.33,14.3,0.365,0.706,0.518,15.464,15.5,0.405,0.451,1.0,0.992,19.5,97.5,81.25,97.0,0.43
0022400304,1610612742,Dallas,Mavericks,DAL,mavericks,240:00,540.8,108.2,484.5,96.9,56.3,11.3,0.732,2.0,21.0,0.294,0.635,0.482,15.306,15.3,0.539,0.549,1.0,0.973,19.5,97.5,81.25,98.0,0.57
0022400303,1610612756,Phoenix,Suns,PHX,suns,240:00,570.7,114.1,530.3,106.1,40.4,8.1,0.816,2.21,22.8,0.14,0.782,0.5,14.141,14.1,0.595,0.637,1.0,0.971,19.8,99.0,82.5,99.0,0.555
0022400303,1610612744,Golden State,Warriors,GSW,warriors,240:00,530.3,106.1,570.7,114.1,-40.4,-8.1,0.737,3.11,20.1,0.218,0.86,0.5,9.091,9.1,0.489,0.525,1.0,0.973,19.8,99.0,82.5,99.0,0.445
0022400301,1610612765,Detroit,Pistons,DET,pistons,240:00,484.8,97.0,566.3,113.3,-81.5,-16.3,0.629,1.29,15.8,0.328,0.696,0.49,17.172,17.2,0.445,0.485,1.0,0.974,19.7,98.5,82.08,99.0,0.407
0022400301,1610612755,Philadelphia,76ers,PHI,sixers,240:00,566.3,113.3,484.8,97.0,81.5,16.3,0.452,1.12,14.5,0.304,0.672,0.51,17.347,17.3,0.559,0.586,1.0,0.964,19.7,98.5,82.08,98.0,0.593
0022400300,1610612766,Charlotte,Hornets,CHA,hornets,240:00,525.3,105.1,551.5,110.3,-26.3,-5.3,0.657,1.53,16.1,0.344,0.628,0.462,15.152,15.2,0.468,0.508,1.0,0.967,19.6,98.0,81.67,99.0,0.431
0022400300,1610612737,Atlanta,Hawks,ATL,hawks,240:00,551.5,110.3,525.3,105.1,26.3,5.3,0.711,1.23,19.3,0.372,0.656,0.538,22.68,22.7,0.551,0.595,1.0,0.982,19.6,98.0,81.67,97.0,0.569
0022400049,1610612757,Portland,Trail Blazers,POR,blazers,240:00,580.8,116.2,546.4,109.3,34.4,6.9,0.587,2.25,19.4,0.283,0.733,0.505,12.121,12.1,0.572,0.595,1.0,0.955,19.6,98.0,81.67,99.0,0.556
0022400049,1610612758,Sacramento,Kings,SAC,kings,240:00,546.4,109.3,580.8,116.2,-34.4,-6.9,0.829,1.45,21.0,0.267,0.717,0.495,20.619,20.6,0.545,0.587,1.0,1.0,19.6,98.0,81.67,97.0,0.444
0022400041,1610612737,Atlanta,Hawks,ATL,hawks,240:00,568.0,113.6,490.3,98.1,77.7,15.5,0.75,1.57,22.1,0.302,0.772,0.57,20.388,20.4,0.6,0.63,1.0,0.957,20.6,103.0,85.83,103.0,0.632
0022400041,1610612739,Cleveland,Cavaliers,CLE,cavaliers,240:00,490.3,98.1,568.0,113.6,-77.7,-15.5,0.553,1.62,15.3,0.228,0.698,0.43,12.621,12.6,0.468,0.503,1.0,0.983,20.6,103.0,85.83,103.0,0.368
0022400046,1610612748,Miami,Heat,MIA,heat,240:00,630.2,126.0,578.1,115.6,52.1,10.4,0.744,3.2,22.4,0.283,0.658,0.44,10.417,10.4,0.569,0.596,1.0,0.964,19.2,96.0,80.0,96.0,0.484
0022400046,1610612761,Toronto,Raptors,TOR,raptors,240:00,578.1,115.6,630.2,126.0,-52.1,-10.4,0.791,1.79,23.8,0.342,0.717,0.56,19.792,19.8,0.606,0.634,1.0,0.972,19.2,96.0,80.0,96.0,0.516
0022400043,1610612751,Brooklyn,Nets,BKN,nets,240:00,510.2,102.0,627.6,125.5,-117.3,-23.5,0.579,1.1,17.5,0.15,0.682,0.429,20.408,20.4,0.584,0.601,1.0,0.981,19.6,98.0,81.67,98.0,0.386
0022400043,1610612753,Orlando,Magic,ORL,magic,240:00,627.6,125.5,510.2,102.0,117.3,23.5,0.659,1.71,20.6,0.318,0.85,0.571,17.347,17.3,0.639,0.664,1.0,0.982,19.6,98.0,81.67,98.0,0.614
0022400044,1610612750,Minnesota,Timberwolves,MIN,timberwolves,240:00,489.5,97.9,489.4,97.9,0.1,0.0,0.806,1.14,18.7,0.304,0.776,0.547,23.158,23.2,0.513,0.555,1.0,0.963,18.9,94.5,78.75,95.0,0.513
0022400044,1610612746,LA,Clippers,LAC,clippers,240:00,489.4,97.9,489.5,97.9,-0.1,0.0,0.556,1.33,16.0,0.224,0.696,0.453,15.957,16.0,0.488,0.513,1.0,0.99,18.9,94.5,78.75,94.0,0.487
0022400040,1610612766,Charlotte,Hornets,CHA,hornets,240:00,532.6,106.5,538.0,107.6,-5.4,-1.1,0.694,1.67,18.4,0.345,0.596,0.461,16.304,16.3,0.489,0.513,1.0,0.982,18.4,92.0,76.67,92.0,0.492
0022400040,1610612752,New York,Knicks,NYK,knicks,240:00,538.0,107.6,532.6,106.5,5.4,1.1,0.556,0.95,15.3,0.404,0.655,0.539,22.826,22.8,0.519,0.554,1.0,0.964,18.4,92.0,76.67,92.0,0.508
0022400048,1610612747,Los Angeles,Lakers,LAL,lakers,240:00,494.7,98.9,548.9,109.8,-54.2,-10.8,0.758,1.47,19.5,0.209,0.684,0.48,18.085,18.1,0.527,0.565,1.0,0.961,18.6,93.0,77.5,94.0,0.5
0022400048,1610612760,Oklahoma City,Thunder,OKC,thunder,240:00,548.9,109.8,494.7,98.9,54.2,10.8,0.526,2.0,15.4,0.316,0.791,0.52,10.87,10.9,0.478,0.505,1.0,0.991,18.6,93.0,77.5,92.0,0.5
0022400042,1610612763,Memphis,Grizzlies,MEM,grizzlies,240:00,576.9,115.4,529.1,105.8,47.8,9.6,0.766,2.25,22.9,0.333,0.696,0.523,15.385,15.4,0.552,0.58,1.0,0.967,20.7,103.5,86.25,104.0,0.587
0022400042,1610612740,New Orleans,Pelicans,NOP,pelicans,240:00,529.1,105.8,576.9,115.4,-47.8,-9.6,0.421,1.07,11.8,0.304,0.667,0.477,14.563,14.6,0.467,0.523,1.0,0.992,20.7,103.5,86.25,103.0,0.413
0022400045,1610612754,Indiana,Pacers,IND,pacers,240:00,519.6,103.9,637.3,127.5,-117.6,-23.5,0.561,1.44,17.4,0.156,0.75,0.42,15.686,15.7,0.553,0.584,1.0,0.982,20.4,102.0,85.0,102.0,0.383
0022400045,1610612765,Detroit,Pistons,DET,pistons,240:00,637.3,127.5,519.6,103.9,117.6,23.5,0.729,1.94,24.0,0.25,0.844,0.58,17.647,17.6,0.687,0.708,1.0,0.982,20.4,102.0,85.0,102.0,0.617
0022400047,1610612741,Chicago,Bulls,CHI,bulls,240:00,620.2,124.0,657.1,131.4,-37.0,-7.4,0.583,3.5,20.4,0.109,0.736,0.444,7.692,7.7,0.624,0.645,1.0,0.991,20.9,104.5,87.08,104.0,0.491
0022400047,1610612738,Boston,Celtics,BOS,celtics,240:00,657.1,131.4,620.2,124.0,37.0,7.4,0.49,2.67,16.9,0.264,0.891,0.556,8.571,8.6,0.617,0.638,1.0,0.992,20.9,104.5,87.08,105.0,0.509
0022400297,1610612756,Phoenix,Suns,PHX,suns,240:00,573.5,114.7,622.5,124.5,-49.0,-9.8,0.61,1.47,18.8,0.162,0.795,0.506,16.667,16.7,0.61,0.655,1.0,0.981,20.4,102.0,85.0,102.0,0.464
0022400297,1610612751,Brooklyn,Nets,BKN,nets,240:00,622.5,124.5,573.5,114.7,49.0,9.8,0.727,2.46,22.4,0.205,0.838,0.494,12.745,12.7,0.609,0.657,1.0,0.982,20.4,102.0,85.0,102.0,0.536
0022400286,1610612766,Charlotte,Hornets,CHA,hornets,240:00,500.0,100.0,526.9,105.4,-26.9,-5.4,0.595,1.69,16.1,0.359,0.675,0.481,13.83,13.8,0.464,0.463,1.0,0.991,18.7,93.5,77.92,94.0,0.409
0022400286,1610612748,Miami,Heat,MIA,heat,240:00,526.9,105.4,500.0,100.0,26.9,5.4,0.636,0.95,16.5,0.325,0.641,0.519,23.656,23.7,0.548,0.593,1.0,0.953,18.7,93.5,77.92,93.0,0.591
0022400295,1610612740,New Orleans,Pelicans,NOP,pelicans,240:00,455.9,91.2,589.1,117.8,-133.2,-26.6,0.667,1.41,17.0,0.283,0.722,0.491,16.667,16.7,0.446,0.465,1.0,0.974,20.3,101.5,84.58,102.0,0.376
0022400295,1610612761,Toronto,Raptors,TOR,raptors,240:00,589.1,117.8,455.9,91.2,133.2,26.6,0.809,2.38,24.7,0.278,0.717,0.509,15.842,15.8,0.605,0.593,1.0,0.983,20.3,101.5,84.58,101.0,0.624
0022400287,1610612739,Cleveland,Cavaliers,CLE,cavaliers,240:00,584.9,117.0,642.9,128.6,-58.0,-11.6,0.705,2.38,20.3,0.309,0.647,0.472,12.264,12.3,0.542,0.578,1.0,0.975,21.1,105.5,87.92,106.0,0.453
0022400287,1610612737,Atlanta,Hawks,ATL,hawks,240:00,642.9,128.6,584.9,117.0,58.0,11.6,0.848,2.6,24.1,0.353,0.691,0.528,14.286,14.3,0.577,0.625,1.0,0.976,21.1,105.5,87.92,105.0,0.547
0022400289,1610612753,Orlando,Magic,ORL,magic,240:00,639.4,127.9,566.7,113.3,72.8,14.6,0.652,2.31,20.5,0.273,0.791,0.529,12.5,12.5,0.594,0.65,1.0,0.974,20.9,104.5,87.08,104.0,0.572
0022400289,1610612741,Chicago,Bulls,CHI,bulls,240:00,566.7,113.3,639.4,127.9,-72.8,-14.6,0.652,1.67,20.8,0.209,0.727,0.471,17.143,17.1,0.621,0.633,1.0,0.974,20.9,104.5,87.08,105.0,0.428
0022400292,1610612742,Dallas,Mavericks,DAL,mavericks,240:00,658.2,131.6,587.6,117.5,70.5,14.1,0.563,2.08,19.7,0.3,0.745,0.54,13.265,13.3,0.665,0.684,1.0,0.973,19.5,97.5,81.25,98.0,0.557
0022400292,1610612752,New York,Knicks,NYK,knicks,240:00,587.6,117.5,658.2,131.6,-70.5,-14.1,0.5,2.22,15.5,0.255,0.7,0.46,9.278,9.3,0.506,0.575,1.0,0.982,19.5,97.5,81.25,97.0,0.443
0022400296,1610612759,San Antonio,Spurs,SAS,spurs,240:00,526.0,105.2,619.8,124.0,-93.8,-18.8,0.722,1.73,19.4,0.245,0.69,0.451,15.625,15.6,0.506,0.549,1.0,0.991,19.2,96.0,80.0,96.0,0.41
0022400296,1610612747,Los Angeles,Lakers,LAL,lakers,240:00,619.8,124.0,526.0,105.2,93.8,18.8,0.646,2.38,22.3,0.31,0.755,0.549,13.542,13.5,0.606,0.63,1.0,0.991,19.2,96.0,80.0,96.0,0.59
0022400290,1610612755,Philadelphia,76ers,PHI,sixers,265:00,513.4,102.7,549.5,109.9,-36.2,-7.2,0.442,1.19,13.0,0.268,0.667,0.458,14.286,14.3,0.51,0.542,1.0,0.953,20.2,100.98,84.15,112.0,0.433
0022400290,1610612745,Houston,Rockets,HOU,rockets,265:00,549.5,109.9,513.4,102.7,36.2,7.2,0.575,1.1,15.2,0.333,0.732,0.542,18.919,18.9,0.511,0.583,1.0,0.984,20.2,100.98,84.15,111.0,0.567
0022400299,1610612744,Golden State,Warriors,GSW,warriors,240:00,495.1,99.0,525.0,105.0,-29.9,-6.0,0.714,1.56,16.4,0.368,0.769,0.542,15.686,15.7,0.439,0.471,1.0,0.945,20.2,101.0,84.17,102.0,0.442
0022400299,1610612760,Oklahoma City,Thunder,OKC,thunder,240:00,525.0,105.0,495.1,99.0,29.9,6.0,0.667,1.86,18.8,0.231,0.632,0.458,14.0,14.0,0.524,0.544,1.0,0.982,20.2,101.0,84.17,100.0,0.558
0022400291,1610612764,Washington,Wizards,WAS,wizards,240:00,466.0,93.2,593.1,118.6,-127.1,-25.4,0.6,1.05,15.1,0.3,0.681,0.485,19.417,19.4,0.459,0.507,1.0,0.975,20.5,102.5,85.42,103.0,0.363
0022400291,1610612746,LA,Clippers,LAC,clippers,240:00,593.1,118.6,466.0,93.2,127.1,25.4,0.6,1.69,18.8,0.319,0.7,0.515,15.686,15.7,0.573,0.605,1.0,0.966,20.5,102.5,85.42,102.0,0.637
0022400298,1610612762,Utah,Jazz,UTA,jazz,240:00,542.1,108.4,655.9,131.2,-113.8,-22.8,0.658,1.32,17.4,0.446,0.707,0.557,20.0,20.0,0.511,0.526,1.0,0.975,18.8,94.0,78.33,95.0,0.373
0022400298,1610612743,Denver,Nuggets,DEN,nuggets,240:00,655.9,131.2,542.1,108.4,113.8,22.8,0.652,2.73,22.2,0.293,0.554,0.443,11.828,11.8,0.613,0.648,1.0,0.99,18.8,94.0,78.33,93.0,0.627
0022400294,1610612750,Minnesota,Timberwolves,MIN,timberwolves,240:00,520.0,104.0,580.8,116.2,-60.8,-12.2,0.758,1.67,19.2,0.119,0.627,0.398,15.0,15.0,0.541,0.605,1.0,0.971,19.9,99.5,82.92,100.0,0.485
0022400294,1610612758,Sacramento,Kings,SAC,kings,240:00,580.8,116.2,520.0,104.0,60.8,12.2,0.609,1.65,19.2,0.373,0.881,0.602,17.172,17.2,0.553,0.572,1.0,0.983,19.9,99.5,82.92,99.0,0.515
0022400288,1610612754,Indiana,Pacers,IND,pacers,240:00,657.6,131.5,606.4,121.3,51.2,10.2,0.587,2.25,18.9,0.49,0.604,0.546,13.043,13.0,0.559,0.589,1.0,0.991,18.6,93.0,77.5,92.0,0.529
0022400288,1610612757,Portland,Trail Blazers,POR,blazers,240:00,606.4,121.3,657.6,131.5,-51.2,-10.2,0.705,2.21,21.5,0.396,0.51,0.454,14.894,14.9,0.598,0.603,1.0,0.956,18.6,93.0,77.5,94.0,0.471
0022400293,1610612763,Memphis,Grizzlies,MEM,grizzlies,240:00,617.9,123.6,523.6,104.7,94.3,18.9,0.608,1.82,20.8,0.261,0.729,0.5,16.038,16.0,0.64,0.655,1.0,0.975,21.2,106.0,88.33,106.0,0.587
0022400293,1610612765,Detroit,Pistons,DET,pistons,240:00,523.6,104.7,617.9,123.6,-94.3,-18.9,0.6,1.2,16.9,0.271,0.739,0.5,18.868,18.9,0.547,0.578,1.0,0.975,21.2,106.0,88.33,106.0,0.413
0022400036,1610612748,Miami,Heat,MIA,heat,240:00,578.7,115.7,602.3,120.5,-23.6,-4.7,0.743,3.25,20.5,0.267,0.714,0.483,8.989,9.0,0.519,0.571,1.0,0.97,17.7,88.5,73.75,89.0,0.501
0022400036,1610612749,Milwaukee,Bucks,MIL,bucks,240:00,602.3,120.5,578.7,115.7,23.6,4.7,0.639,1.77,18.7,0.286,0.733,0.517,14.773,14.8,0.597,0.627,1.0,0.95,17.7,88.5,73.75,88.0,0.499
0022400039,1610612756,Phoenix,Suns,PHX,suns,240:00,616.5,123.3,485.4,97.1,131.1,26.2,0.608,3.44,21.2,0.245,0.854,0.546,8.738,8.7,0.601,0.614,1.0,0.974,20.6,103.0,85.83,103.0,0.583
0022400039,1610612747,Los Angeles,Lakers,LAL,lakers,240:00,485.4,97.1,616.5,123.3,-131.1,-26.2,0.676,2.08,18.5,0.146,0.755,0.454,11.65,11.7,0.482,0.521,1.0,0.973,20.6,103.0,85.83,103.0,0.417
0022400035,1610612764,Washington,Wizards,WAS,wizards,240:00,500.0,100.0,593.5,118.7,-93.5,-18.7,0.692,1.93,18.2,0.228,0.837,0.509,12.963,13.0,0.484,0.516,1.0,0.959,21.5,107.5,89.58,108.0,0.412
0022400035,1610612741,Chicago,Bulls,CHI,bulls,240:00,593.5,118.7,500.0,100.0,93.5,18.7,0.617,2.64,20.1,0.163,0.772,0.491,10.28,10.3,0.574,0.612,1.0,0.983,21.5,107.5,89.58,107.0,0.588
0022400038,1610612762,Utah,Jazz,UTA,jazz,240:00,569.3,113.9,633.7,126.7,-64.4,-12.9,0.558,1.14,17.4,0.326,0.686,0.521,20.792,20.8,0.589,0.62,1.0,0.991,20.2,101.0,84.17,101.0,0.439
0022400038,1610612759,San Antonio,Spurs,SAS,spurs,240:00,633.7,126.7,569.3,113.9,64.4,12.9,0.667,3.0,20.4,0.314,0.674,0.479,9.901,9.9,0.581,0.613,1.0,0.983,20.2,101.0,84.17,101.0,0.561
0022400037,1610612750,Minnesota,Timberwolves,MIN,timberwolves,265:00,523.6,104.7,541.7,108.3,-18.1,-3.6,0.5,1.24,14.5,0.316,0.759,0.532,16.038,16.0,0.474,0.52,1.0,0.992,19.38,96.91,80.75,106.0,0.438
0022400037,1610612745,Houston,Rockets,HOU,rockets,265:00,541.7,108.3,523.6,104.7,18.1,3.6,0.689,2.58,20.4,0.241,0.684,0.468,11.111,11.1,0.53,0.559,1.0,0.95,19.38,96.91,80.75,108.0,0.562
0022400278,1610612765,Detroit,Pistons,DET,pistons,240:00,548.4,109.7,543.5,108.7,4.9,1.0,0.794,1.93,20.5,0.289,0.578,0.459,15.054,15.1,0.526,0.569,1.0,0.99,18.5,92.5,77.08,93.0,0.549
0022400278,1610612761,Toronto,Raptors,TOR,raptors,240:00,543.5,108.7,548.4,109.7,-4.9,-1.0,0.634,2.6,18.1,0.422,0.711,0.541,10.87,10.9,0.442,0.461,1.0,0.992,18.5,92.5,77.08,92.0,0.451
0022400279,1610612754,Indiana,Pacers,IND,pacers,240:00,548.1,109.6,534.0,106.8,14.1,2.8,0.698,2.0,20.8,0.22,0.8,0.495,14.423,14.4,0.566,0.581,1.0,0.965,20.7,103.5,86.25,104.0,0.487
0022400279,1610612740,New Orleans,Pelicans,NOP,pelicans,240:00,534.0,106.8,548.1,109.6,-14.1,-2.8,0.778,2.33,23.8,0.2,0.78,0.505,14.563,14.6,0.569,0.577,1.0,0.991,20.7,103.5,86.25,103.0,0.513
0022400283,1610612743,Denver,Nuggets,DEN,nuggets,240:00,584.2,116.8,725.0,145.0,-140.8,-28.2,0.561,2.09,16.4,0.314,0.757,0.5,10.891,10.9,0.505,0.568,1.0,0.974,20.1,100.5,83.75,101.0,0.363
0022400283,1610612752,New York,Knicks,NYK,knicks,240:00,725.0,145.0,584.2,116.8,140.8,28.2,0.804,4.09,29.2,0.243,0.686,0.5,11.0,11.0,0.712,0.732,1.0,0.972,20.1,100.5,83.75,100.0,0.637
0022400281,1610612738,Boston,Celtics,BOS,celtics,240:00,636.4,127.3,479.6,95.9,156.8,31.4,0.733,3.0,23.2,0.234,0.75,0.505,11.111,11.1,0.636,0.651,1.0,0.982,19.7,98.5,82.08,99.0,0.647
0022400281,1610612746,LA,Clippers,LAC,clippers,240:00,479.6,95.9,636.4,127.3,-156.8,-31.4,0.462,1.29,14.0,0.25,0.766,0.495,14.286,14.3,0.472,0.491,1.0,0.982,19.7,98.5,82.08,98.0,0.353
0022400280,1610612737,Atlanta,Hawks,ATL,hawks,240:00,526.5,105.3,575.9,115.2,-49.3,-9.9,0.667,2.29,20.4,0.226,0.771,0.485,12.389,12.4,0.52,0.551,1.0,0.976,22.5,112.5,93.75,113.0,0.472
0022400280,1610612742,Dallas,Mavericks,DAL,mavericks,240:00,575.9,115.2,526.5,105.3,49.3,9.9,0.511,1.33,16.3,0.229,0.774,0.515,16.071,16.1,0.585,0.622,1.0,0.984,22.5,112.5,93.75,112.0,0.528
0022400277,1610612766,Charlotte,Hornets,CHA,hornets,240:00,451.6,90.3,510.8,102.2,-59.1,-11.8,0.452,0.52,11.1,0.422,0.7,0.581,29.032,29.0,0.46,0.504,1.0,0.973,18.6,93.0,77.5,93.0,0.451
0022400277,1610612753,Orlando,Magic,ORL,magic,240:00,510.8,102.2,451.6,90.3,59.1,11.8,0.568,2.63,15.9,0.3,0.578,0.419,8.602,8.6,0.457,0.468,1.0,0.973,18.6,93.0,77.5,93.0,0.549
0022400284,1610612744,Golden State,Warriors,GSW,warriors,240:00,606.1,121.2,646.5,129.3,-40.4,-8.1,0.711,2.46,21.9,0.288,0.75,0.5,13.131,13.1,0.586,0.597,1.0,0.974,19.8,99.0,82.5,99.0,0.481
0022400284,1610612751,Brooklyn,Nets,BKN,nets,240:00,646.5,129.3,606.1,121.2,40.4,8.1,0.561,1.92,17.3,0.25,0.712,0.5,12.121,12.1,0.614,0.665,1.0,0.973,19.8,99.0,82.5,99.0,0.519
0022400282,1610612763,Memphis,Grizzlies,MEM,grizzlies,240:00,591.3,118.3,471.2,94.2,120.2,24.0,0.814,1.84,22.3,0.383,0.676,0.559,18.269,18.3,0.563,0.603,1.0,0.975,20.8,104.0,86.67,104.0,0.68
0022400282,1610612757,Portland,Trail Blazers,POR,blazers,240:00,471.2,94.2,591.3,118.3,-120.2,-24.0,0.647,2.0,14.8,0.324,0.617,0.441,10.577,10.6,0.373,0.429,1.0,0.984,20.8,104.0,86.67,104.0,0.32
0022400285,1610612758,Sacramento,Kings,SAC,kings,240:00,556.1,111.2,663.3,132.7,-107.1,-21.4,0.571,2.0,17.9,0.271,0.659,0.449,12.245,12.2,0.529,0.561,1.0,0.982,19.6,98.0,81.67,98.0,0.403
0022400285,1610612760,Oklahoma City,Thunder,OKC,thunder,240:00,663.3,132.7,556.1,111.2,107.1,21.4,0.583,1.87,20.0,0.341,0.729,0.551,15.306,15.3,0.64,0.67,1.0,0.991,19.6,98.0,81.67,98.0,0.597
0022400275,1610612739,Cleveland,Cavaliers,CLE,cavaliers,240:00,598.0,119.6,524.3,104.9,73.8,14.8,0.563,1.93,18.8,0.288,0.607,0.46,13.725,13.7,0.577,0.591,1.0,0.983,20.5,102.5,85.42,102.0,0.574
0022400275,1610612761,Toronto,Raptors,TOR,raptors,240:00,524.3,104.9,598.0,119.6,-73.8,-14.8,0.595,1.38,14.9,0.393,0.712,0.54,15.534,15.5,0.467,0.505,1.0,0.968,20.5,102.5,85.42,103.0,0.426
0022400272,1610612754,Indiana,Pacers,IND,pacers,240:00,575.0,115.0,515.0,103.0,60.0,12.0,0.756,2.58,21.5,0.271,0.783,0.521,12.0,12.0,0.547,0.587,1.0,0.973,20.0,100.0,83.33,100.0,0.556
0022400272,1610612764,Washington,Wizards,WAS,wizards,240:00,515.0,103.0,575.0,115.0,-60.0,-12.0,0.667,1.41,18.0,0.217,0.729,0.479,17.0,17.0,0.525,0.572,1.0,0.982,20.0,100.0,83.33,100.0,0.444
0022400276,1610612758,Sacramento,Kings,SAC,kings,240:00,547.9,109.6,568.4,113.7,-20.5,-4.1,0.568,1.31,16.3,0.311,0.818,0.562,17.021,17.0,0.539,0.568,1.0,0.991,18.9,94.5,78.75,94.0,0.491
0022400276,1610612751,Brooklyn,Nets,BKN,nets,240:00,568.4,113.7,547.9,109.6,20.5,4.1,0.667,1.71,18.9,0.182,0.689,0.438,14.737,14.7,0.607,0.628,1.0,0.961,18.9,94.5,78.75,95.0,0.509
0022400271,1610612738,Boston,Celtics,BOS,celtics,240:00,594.4,118.9,583.3,116.7,11.1,2.2,0.676,3.57,19.8,0.231,0.667,0.453,7.778,7.8,0.546,0.572,1.0,0.98,18.0,90.0,75.0,90.0,0.515
0022400271,1610612750,Minnesota,Timberwolves,MIN,timberwolves,240:00,583.3,116.7,594.4,118.9,-11.1,-2.2,0.514,2.38,15.0,0.333,0.769,0.547,8.889,8.9,0.506,0.54,1.0,0.981,18.0,90.0,75.0,90.0,0.485
0022400273,1610612748,Miami,Heat,MIA,heat,265:00,554.1,110.8,531.5,106.3,22.5,4.5,0.587,3.0,17.3,0.281,0.708,0.496,8.108,8.1,0.495,0.517,1.0,0.984,20.11,100.53,83.77,111.0,0.507
0022400273,1610612742,Dallas,Mavericks,DAL,mavericks,265:00,531.5,106.3,554.1,110.8,-22.5,-4.5,0.659,2.07,18.2,0.292,0.719,0.504,12.613,12.6,0.467,0.509,1.0,0.969,20.11,100.53,83.77,111.0,0.493
0022400274,1610612755,Philadelphia,76ers,PHI,sixers,240:00,510.3,102.1,651.0,130.2,-140.7,-28.1,0.647,1.57,16.2,0.315,0.676,0.462,14.433,14.4,0.448,0.508,1.0,0.965,19.3,96.5,80.42,97.0,0.358
0022400274,1610612746,LA,Clippers,LAC,clippers,240:00,651.0,130.2,510.3,102.1,140.7,28.1,0.66,1.82,22.3,0.324,0.685,0.538,17.708,17.7,0.654,0.679,1.0,1.0,19.3,96.5,80.42,96.0,0.642
0022400267,1610612745,Houston,Rockets,HOU,rockets,240:00,494.9,99.0,525.3,105.1,-30.3,-6.1,0.531,1.7,12.6,0.311,0.621,0.462,10.101,10.1,0.4,0.469,1.0,0.975,19.8,99.0,82.5,99.0,0.487
0022400267,1610612757,Portland,Trail Blazers,POR,blazers,240:00,525.3,105.1,494.9,99.0,30.3,6.1,0.471,0.89,11.7,0.379,0.689,0.538,18.182,18.2,0.478,0.519,1.0,0.967,19.8,99.0,82.5,99.0,0.513
0022400270,1610612747,Los Angeles,Lakers,LAL,lakers,240:00,500.0,100.0,628.7,125.7,-128.7,-25.7,0.692,1.8,19.7,0.16,0.73,0.402,14.706,14.7,0.517,0.542,1.0,0.982,20.3,101.5,84.58,102.0,0.385
0022400270,1610612743,Denver,Nuggets,DEN,nuggets,240:00,628.7,125.7,500.0,100.0,128.7,25.7,0.74,2.06,25.0,0.27,0.84,0.598,17.822,17.8,0.707,0.703,1.0,0.973,20.3,101.5,84.58,101.0,0.615
0022400268,1610612749,Milwaukee,Bucks,MIL,bucks,240:00,601.0,120.2,572.1,114.4,28.8,5.8,0.465,1.43,14.8,0.25,0.717,0.509,13.462,13.5,0.584,0.622,1.0,0.991,20.8,104.0,86.67,104.0,0.533
0022400268,1610612766,Charlotte,Hornets,CHA,hornets,240:00,572.1,114.4,601.0,120.2,-28.8,-5.8,0.537,2.2,15.6,0.283,0.75,0.491,9.615,9.6,0.505,0.545,1.0,1.0,20.8,104.0,86.67,104.0,0.467
0022400265,1610612753,Orlando,Magic,ORL,magic,240:00,603.3,120.7,549.5,109.9,53.8,10.8,0.625,1.67,18.1,0.458,0.714,0.578,16.304,16.3,0.529,0.574,1.0,0.965,18.3,91.5,76.25,92.0,0.588
0022400265,1610612765,Detroit,Pistons,DET,pistons,240:00,549.5,109.9,603.3,120.7,-53.8,-10.8,0.457,0.94,13.4,0.286,0.542,0.422,18.681,18.7,0.553,0.59,1.0,0.99,18.3,91.5,76.25,91.0,0.412
0022400269,1610612759,San Antonio,Spurs,SAS,spurs,240:00,571.4,114.3,510.9,102.2,60.6,12.1,0.763,3.22,22.0,0.245,0.667,0.482,9.89,9.9,0.524,0.557,1.0,0.981,18.3,91.5,76.25,91.0,0.598
0022400269,1610612744,Golden State,Warriors,GSW,warriors,240:00,510.9,102.2,571.4,114.3,-60.6,-12.1,0.806,2.9,20.7,0.333,0.755,0.518,10.87,10.9,0.453,0.467,1.0,0.991,18.3,91.5,76.25,92.0,0.402
0022400264,1610612762,Utah,Jazz,UTA,jazz,240:00,587.4,117.5,519.6,103.9,67.8,13.6,0.682,1.67,20.5,0.295,0.787,0.581,17.476,17.5,0.615,0.634,1.0,0.983,20.5,102.5,85.42,103.0,0.569
0022400264,1610612752,New York,Knicks,NYK,knicks,240:00,519.6,103.9,587.4,117.5,-67.8,-13.6,0.641,2.78,18.0,0.213,0.705,0.419,8.824,8.8,0.475,0.503,1.0,1.0,20.5,102.5,85.42,102.0,0.431
0022400266,1610612741,Chicago,Bulls,CHI,bulls,240:00,629.8,126.0,689.3,137.9,-59.5,-11.9,0.592,2.64,19.9,0.275,0.605,0.426,10.577,10.6,0.603,0.622,1.0,0.983,20.7,103.5,86.25,104.0,0.445
0022400266,1610612763,Memphis,Grizzlies,MEM,grizzlies,240:00,689.3,137.9,629.8,126.0,59.5,11.9,0.691,2.71,24.1,0.395,0.725,0.574,13.592,13.6,0.672,0.677,1.0,0.967,20.7,103.5,86.25,103.0,0.555
0022400027,1610612755,Philadelphia,76ers,PHI,sixers,240:00,614.1,122.8,538.5,107.7,75.7,15.1,0.61,2.08,18.0,0.415,0.725,0.548,13.043,13.0,0.533,0.561,1.0,0.974,18.3,91.5,76.25,92.0,0.555
0022400027,1610612751,Brooklyn,Nets,BKN,nets,240:00,538.5,107.7,614.1,122.8,-75.7,-15.1,0.718,1.47,21.5,0.275,0.585,0.452,20.879,20.9,0.576,0.597,1.0,0.99,18.3,91.5,76.25,91.0,0.445
0022400032,1610612740,New Orleans,Pelicans,NOP,pelicans,240:00,534.7,106.9,565.7,113.1,-31.0,-6.2,0.683,2.8,19.6,0.246,0.679,0.455,9.901,9.9,0.511,0.531,1.0,0.965,20.0,100.0,83.33,101.0,0.481
0022400032,1610612744,Golden State,Warriors,GSW,warriors,240:00,565.7,113.1,534.7,106.9,31.0,6.2,0.692,1.59,18.9,0.321,0.754,0.545,17.172,17.2,0.517,0.561,1.0,0.991,20.0,100.0,83.33,99.0,0.519
0022400033,1610612743,Denver,Nuggets,DEN,nuggets,240:00,594.1,118.8,608.9,121.8,-14.9,-3.0,0.767,2.2,21.6,0.352,0.63,0.48,14.851,14.9,0.561,0.584,1.0,0.967,20.2,101.0,84.17,101.0,0.48
0022400033,1610612742,Dallas,Mavericks,DAL,mavericks,240:00,608.9,121.8,594.1,118.8,14.9,3.0,0.522,1.85,16.9,0.37,0.648,0.52,12.871,12.9,0.56,0.598,1.0,0.983,20.2,101.0,84.17,101.0,0.52
0022400029,1610612749,Milwaukee,Bucks,MIL,bucks,240:00,614.3,122.9,551.9,110.4,62.4,12.5,0.688,1.83,22.1,0.25,0.686,0.484,17.143,17.1,0.628,0.653,1.0,0.991,21.1,105.5,87.92,105.0,0.537
0022400029,1610612754,Indiana,Pacers,IND,pacers,240:00,551.9,110.4,614.3,122.9,-62.4,-12.5,0.698,1.88,19.9,0.314,0.75,0.516,15.094,15.1,0.533,0.569,1.0,0.975,21.1,105.5,87.92,106.0,0.463
0022400034,1610612746,LA,Clippers,LAC,clippers,240:00,520.0,104.0,440.0,88.0,80.0,16.0,0.692,2.25,19.1,0.255,0.804,0.532,12.0,12.0,0.468,0.515,1.0,0.982,20.0,100.0,83.33,100.0,0.582
0022400034,1610612758,Sacramento,Kings,SAC,kings,240:00,440.0,88.0,520.0,104.0,-80.0,-16.0,0.594,1.27,14.6,0.196,0.745,0.468,15.0,15.0,0.428,0.47,1.0,0.982,20.0,100.0,83.33,100.0,0.418
0022400030,1610612741,Chicago,Bulls,CHI,bulls,240:00,629.6,125.9,559.6,111.9,70.0,14.0,0.735,1.89,23.8,0.189,0.656,0.48,17.593,17.6,0.68,0.714,1.0,0.991,21.7,108.5,90.42,108.0,0.57
0022400030,1610612737,Atlanta,Hawks,ATL,hawks,240:00,559.6,111.9,629.6,125.9,-70.0,-14.0,0.653,2.91,19.9,0.344,0.811,0.52,10.092,10.1,0.505,0.529,1.0,0.984,21.7,108.5,90.42,109.0,0.43
0022400031,1610612745,Houston,Rockets,HOU,rockets,240:00,563.1,112.6,427.2,85.4,135.9,27.2,0.643,1.59,18.0,0.357,0.683,0.529,16.505,16.5,0.532,0.558,1.0,0.984,20.6,103.0,85.83,103.0,0.686
0022400031,1610612757,Portland,Trail Blazers,POR,blazers,240:00,427.2,85.4,563.1,112.6,-135.9,-27.2,0.567,0.81,12.1,0.317,0.643,0.471,20.388,20.4,0.39,0.437,1.0,0.976,20.6,103.0,85.83,103.0,0.314
0022400028,1610612764,Washington,Wizards,WAS,wizards,240:00,466.0,93.2,519.2,103.8,-53.2,-10.6,0.487,0.95,14.0,0.269,0.796,0.538,19.417,19.4,0.472,0.495,1.0,0.983,20.7,103.5,86.25,103.0,0.39
0022400028,1610612738,Boston,Celtics,BOS,celtics,240:00,519.2,103.8,466.0,93.2,53.2,10.6,0.611,1.83,16.1,0.204,0.731,0.462,11.538,11.5,0.488,0.545,1.0,0.974,20.7,103.5,86.25,104.0,0.61
0022400263,1610612747,Los Angeles,Lakers,LAL,lakers,240:00,602.0,120.4,613.4,122.7,-11.4,-2.3,0.477,2.1,16.0,0.255,0.608,0.439,10.204,10.2,0.58,0.599,1.0,0.973,19.5,97.5,81.25,98.0,0.482
0022400263,1610612753,Orlando,Magic,ORL,magic,240:00,613.4,122.7,602.0,120.4,11.4,2.3,0.721,1.82,20.9,0.392,0.745,0.561,17.526,17.5,0.555,0.594,1.0,0.983,19.5,97.5,81.25,97.0,0.518
0022400260,1610612766,Charlotte,Hornets,CHA,hornets,265:00,580.2,116.0,576.2,115.2,4.0,0.8,0.523,1.44,16.0,0.288,0.583,0.446,15.094,15.1,0.581,0.602,1.0,0.967,19.11,95.55,79.62,106.0,0.507
0022400260,1610612765,Detroit,Pistons,DET,pistons,265:00,576.2,115.2,580.2,116.0,-4.0,-0.8,0.714,1.58,18.8,0.417,0.712,0.554,18.095,18.1,0.51,0.55,1.0,0.985,19.11,95.55,79.62,105.0,0.493
0022400261,1610612761,Toronto,Raptors,TOR,raptors,240:00,561.2,112.2,535.7,107.1,25.5,5.1,0.595,1.29,16.8,0.256,0.7,0.495,17.347,17.3,0.563,0.617,1.0,0.982,19.6,98.0,81.67,98.0,0.555
0022400261,1610612750,Minnesota,Timberwolves,MIN,timberwolves,240:00,535.7,107.1,561.2,112.2,-25.5,-5.1,0.485,0.94,12.4,0.3,0.744,0.505,17.347,17.3,0.488,0.555,1.0,0.982,19.6,98.0,81.67,98.0,0.445
0022400262,1610612759,San Antonio,Spurs,SAS,spurs,240:00,583.3,116.7,551.4,110.3,31.9,6.4,0.78,2.91,20.9,0.25,0.724,0.5,10.185,10.2,0.517,0.582,1.0,0.975,21.5,107.5,89.58,108.0,0.592
0022400262,1610612762,Utah,Jazz,UTA,jazz,240:00,551.4,110.3,583.3,116.7,-31.9,-6.4,0.537,1.57,15.2,0.276,0.75,0.5,13.084,13.1,0.485,0.539,1.0,0.984,21.5,107.5,89.58,107.0,0.408
0022400258,1610612744,Golden State,Warriors,GSW,warriors,240:00,535.7,107.1,433.0,86.6,102.7,20.5,0.766,2.4,22.4,0.224,0.689,0.485,13.393,13.4,0.535,0.551,1.0,0.984,22.4,112.0,93.33,112.0,0.623
0022400258,1610612737,Atlanta,Hawks,ATL,hawks,240:00,433.0,86.6,535.7,107.1,-102.7,-20.5,0.771,1.59,16.7,0.311,0.776,0.515,15.179,15.2,0.39,0.42,1.0,0.985,22.4,112.0,93.33,112.0,0.377
0022400253,1610612749,Milwaukee,Bucks,MIL,bucks,240:00,635.4,127.1,552.1,110.4,83.3,16.7,0.682,2.5,21.9,0.268,0.766,0.534,12.5,12.5,0.631,0.651,1.0,0.972,19.2,96.0,80.0,96.0,0.601
0022400253,1610612741,Chicago,Bulls,CHI,bulls,240:00,552.1,110.4,635.4,127.1,-83.3,-16.7,0.61,1.79,18.9,0.234,0.732,0.466,14.583,14.6,0.563,0.582,1.0,0.981,19.2,96.0,80.0,96.0,0.399
0022400259,1610612746,LA,Clippers,LAC,clippers,240:00,547.4,109.5,479.4,95.9,68.0,13.6,0.579,0.88,16.7,0.375,0.864,0.631,26.316,26.3,0.565,0.603,1.0,0.973,19.2,96.0,80.0,95.0,0.545
0022400259,1610612753,Orlando,Magic,ORL,magic,240:00,479.4,95.9,547.4,109.5,-68.0,-13.6,0.636,1.5,16.9,0.136,0.625,0.369,14.433,14.4,0.493,0.543,1.0,0.961,19.2,96.0,80.0,97.0,0.455
0022400257,1610612756,Phoenix,Suns,PHX,suns,240:00,598.0,119.6,676.5,135.3,-78.4,-15.7,0.667,2.14,20.7,0.265,0.703,0.453,13.725,13.7,0.592,0.613,1.0,0.983,20.4,102.0,85.0,102.0,0.429
0022400257,1610612752,New York,Knicks,NYK,knicks,240:00,676.5,135.3,598.0,119.6,78.4,15.7,0.6,2.0,21.0,0.297,0.735,0.547,14.706,14.7,0.692,0.724,1.0,0.965,20.4,102.0,85.0,102.0,0.571
0022400254,1610612745,Houston,Rockets,HOU,rockets,240:00,575.2,115.0,500.0,100.0,75.2,15.0,0.532,1.79,16.1,0.322,0.884,0.559,12.389,12.4,0.52,0.558,1.0,0.992,22.6,113.0,94.17,113.0,0.566
0022400254,1610612754,Indiana,Pacers,IND,pacers,240:00,500.0,100.0,575.2,115.0,-75.2,-15.0,0.432,0.83,13.9,0.116,0.678,0.441,20.354,20.4,0.56,0.601,1.0,0.983,22.6,113.0,94.17,113.0,0.434
0022400252,1610612739,Cleveland,Cavaliers,CLE,cavaliers,240:00,680.9,136.2,526.3,105.3,154.5,30.9,0.592,2.07,20.3,0.444,0.621,0.544,14.894,14.9,0.624,0.645,1.0,0.965,18.9,94.5,78.75,94.0,0.628
0022400252,1610612740,New Orleans,Pelicans,NOP,pelicans,240:00,526.3,105.3,680.9,136.2,-154.5,-30.9,0.59,2.09,16.7,0.379,0.556,0.456,11.579,11.6,0.467,0.492,1.0,0.991,18.9,94.5,78.75,95.0,0.372
0022400256,1610612760,Oklahoma City,Thunder,OKC,thunder,240:00,550.5,110.1,500.0,100.0,50.5,10.1,0.6,1.71,17.1,0.346,0.635,0.49,14.141,14.1,0.489,0.539,1.0,0.983,19.8,99.0,82.5,99.0,0.597
0022400256,1610612757,Portland,Trail Blazers,POR,blazers,240:00,500.0,100.0,550.5,110.1,-50.5,-10.1,0.563,0.75,13.3,0.365,0.654,0.51,24.242,24.2,0.5,0.542,1.0,0.974,19.8,99.0,82.5,99.0,0.403
0022400255,1610612763,Memphis,Grizzlies,MEM,grizzlies,240:00,585.0,117.0,555.0,111.0,30.0,6.0,0.707,1.45,20.3,0.318,0.714,0.527,20.0,20.0,0.594,0.636,1.0,0.974,20.0,100.0,83.33,100.0,0.528
0022400255,1610612755,Philadelphia,76ers,PHI,sixers,240:00,555.0,111.0,585.0,117.0,-30.0,-6.0,0.538,1.5,15.6,0.286,0.682,0.473,14.0,14.0,0.511,0.569,1.0,0.982,20.0,100.0,83.33,100.0,0.472
0022400021,1610612738,Boston,Celtics,BOS,celtics,240:00,638.3,127.7,615.8,123.2,22.5,4.5,0.727,2.46,23.4,0.244,0.688,0.473,13.83,13.8,0.64,0.651,1.0,1.0,18.9,94.5,78.75,94.0,0.502
0022400021,1610612739,Cleveland,Cavaliers,CLE,cavaliers,240:00,615.8,123.2,638.3,127.7,-22.5,-4.5,0.652,4.29,21.4,0.313,0.756,0.527,7.368,7.4,0.548,0.582,1.0,0.982,18.9,94.5,78.75,95.0,0.498
0022400025,1610612759,San Antonio,Spurs,SAS,spurs,240:00,550.0,110.0,514.9,103.0,35.1,7.0,0.821,1.52,22.2,0.265,0.661,0.481,21.0,21.0,0.584,0.602,1.0,1.0,20.1,100.5,83.75,100.0,0.532
0022400025,1610612760,Oklahoma City,Thunder,OKC,thunder,240:00,514.9,103.0,550.0,110.0,-35.1,-7.0,0.585,1.71,16.7,0.339,0.735,0.519,13.861,13.9,0.49,0.504,1.0,0.967,20.1,100.5,83.75,101.0,0.468
0022400024,1610612742,Dallas,Mavericks,DAL,mavericks,240:00,647.1,129.4,446.1,89.2,201.0,40.2,0.531,2.17,17.9,0.354,0.854,0.604,11.765,11.8,0.596,0.629,1.0,0.975,20.4,102.0,85.0,102.0,0.691
0022400024,1610612740,New Orleans,Pelicans,NOP,pelicans,240:00,446.1,89.2,647.1,129.4,-201.0,-40.2,0.613,0.9,14.8,0.146,0.646,0.396,20.588,20.6,0.468,0.522,1.0,0.982,20.4,102.0,85.0,102.0,0.309
0022400023,1610612763,Memphis,Grizzlies,MEM,grizzlies,240:00,491.1,98.2,544.6,108.9,-53.6,-10.7,0.585,1.09,14.7,0.394,0.679,0.52,19.643,19.6,0.442,0.472,1.0,0.986,22.4,112.0,93.33,112.0,0.406
0022400023,1610612743,Denver,Nuggets,DEN,nuggets,240:00,544.6,108.9,491.1,98.2,53.6,10.7,0.604,1.53,18.4,0.321,0.606,0.48,16.964,17.0,0.54,0.556,1.0,0.984,22.4,112.0,93.33,112.0,0.594
0022400022,1610612751,Brooklyn,Nets,BKN,nets,240:00,591.8,118.4,592.8,118.6,-0.9,-0.2,0.738,2.07,22.1,0.25,0.587,0.422,15.306,15.3,0.6,0.621,1.0,0.954,19.5,97.5,81.25,98.0,0.526
0022400022,1610612766,Charlotte,Hornets,CHA,hornets,240:00,592.8,118.6,591.8,118.4,0.9,0.2,0.658,1.09,17.7,0.413,0.75,0.578,23.711,23.7,0.585,0.627,1.0,0.966,19.5,97.5,81.25,97.0,0.474
0022400026,1610612747,Los Angeles,Lakers,LAL,lakers,240:00,620.0,124.0,590.0,118.0,30.0,6.0,0.714,2.14,21.9,0.175,0.652,0.43,14.0,14.0,0.645,0.675,1.0,0.981,20.0,100.0,83.33,100.0,0.542
0022400026,1610612762,Utah,Jazz,UTA,jazz,240:00,590.0,118.0,620.0,124.0,-30.0,-6.0,0.622,1.75,19.4,0.348,0.825,0.57,16.0,16.0,0.567,0.6,1.0,0.966,20.0,100.0,83.33,100.0,0.458
0022400250,1610612758,Sacramento,Kings,SAC,kings,240:00,545.5,109.1,561.9,112.4,-16.4,-3.3,0.649,1.41,17.4,0.306,0.809,0.552,17.172,17.2,0.553,0.578,1.0,0.965,19.6,98.0,81.67,99.0,0.465
0022400250,1610612737,Atlanta,Hawks,ATL,hawks,240:00,561.9,112.4,545.5,109.1,16.4,3.3,0.872,2.43,24.3,0.191,0.694,0.448,14.433,14.4,0.566,0.599,1.0,0.991,19.6,98.0,81.67,97.0,0.535
0022400246,1610612752,New York,Knicks,NYK,knicks,240:00,697.9,139.6,557.9,111.6,140.0,28.0,0.725,4.63,25.7,0.275,0.725,0.527,8.333,8.3,0.67,0.693,1.0,0.972,19.1,95.5,79.58,96.0,0.637
0022400246,1610612764,Washington,Wizards,WAS,wizards,240:00,557.9,111.6,697.9,139.6,-140.0,-28.0,0.535,2.3,17.6,0.275,0.725,0.473,10.526,10.5,0.533,0.541,1.0,1.0,19.1,95.5,79.58,95.0,0.363
0022400248,1610612749,Milwaukee,Bucks,MIL,bucks,240:00,510.1,102.0,505.1,101.0,5.1,1.0,0.553,1.31,16.4,0.208,0.65,0.454,16.162,16.2,0.536,0.553,1.0,0.991,19.8,99.0,82.5,99.0,0.509
0022400248,1610612745,Houston,Rockets,HOU,rockets,240:00,505.1,101.0,510.1,102.0,-5.1,-1.0,0.475,1.46,13.7,0.35,0.792,0.546,13.131,13.1,0.445,0.473,1.0,0.975,19.8,99.0,82.5,99.0,0.491
0022400247,1610612761,Toronto,Raptors,TOR,raptors,240:00,619.0,123.8,572.1,114.4,46.9,9.4,0.563,1.17,18.4,0.405,0.719,0.596,21.905,21.9,0.671,0.689,1.0,0.983,20.9,104.5,87.08,105.0,0.527
0022400247,1610612754,Indiana,Pacers,IND,pacers,240:00,572.1,114.4,619.0,123.8,-46.9,-9.4,0.659,2.64,19.5,0.281,0.595,0.404,10.577,10.6,0.52,0.552,1.0,0.983,20.9,104.5,87.08,104.0,0.473
0022400244,1610612765,Detroit,Pistons,DET,pistons,240:00,577.3,115.5,628.9,125.8,-51.5,-10.3,0.643,3.0,18.8,0.328,0.708,0.495,9.278,9.3,0.505,0.527,1.0,0.983,19.4,97.0,80.83,97.0,0.439
0022400244,1610612741,Chicago,Bulls,CHI,bulls,240:00,628.9,125.8,577.3,115.5,51.5,10.3,0.636,2.55,20.1,0.292,0.672,0.505,11.34,11.3,0.61,0.628,1.0,0.973,19.4,97.0,80.83,97.0,0.561
0022400245,1610612748,Miami,Heat,MIA,heat,240:00,524.8,105.0,432.0,86.4,92.7,18.5,0.722,1.73,18.8,0.212,0.902,0.553,14.851,14.9,0.489,0.546,1.0,0.982,20.4,102.0,85.0,101.0,0.573
0022400245,1610612755,Philadelphia,76ers,PHI,sixers,240:00,432.0,86.4,524.8,105.0,-92.7,-18.5,0.714,1.67,18.9,0.098,0.788,0.447,14.563,14.6,0.476,0.498,1.0,0.963,20.4,102.0,85.0,103.0,0.427
0022400251,1610612746,LA,Clippers,LAC,clippers,240:00,500.0,100.0,480.6,96.1,19.4,3.9,0.829,1.45,20.7,0.184,0.774,0.49,19.608,19.6,0.524,0.567,1.0,0.964,20.5,102.5,85.42,102.0,0.534
0022400251,1610612744,Golden State,Warriors,GSW,warriors,240:00,480.6,96.1,500.0,100.0,-19.4,-3.9,0.73,1.42,19.0,0.226,0.816,0.51,18.447,18.4,0.536,0.536,1.0,0.974,20.5,102.5,85.42,103.0,0.466
0022400249,1610612756,Phoenix,Suns,PHX,suns,240:00,550.0,110.0,612.4,122.5,-62.4,-12.5,0.714,1.92,18.4,0.396,0.75,0.548,14.444,14.4,0.494,0.527,1.0,0.964,17.9,89.5,74.58,90.0,0.417
0022400249,1610612753,Orlando,Magic,ORL,magic,240:00,612.4,122.5,550.0,110.0,62.4,12.5,0.718,2.55,22.0,0.25,0.604,0.452,12.36,12.4,0.586,0.626,1.0,0.97,17.9,89.5,74.58,89.0,0.583
0022400235,1610612754,Indiana,Pacers,IND,pacers,240:00,633.0,126.6,591.4,118.3,41.6,8.3,0.682,2.73,21.9,0.31,0.685,0.521,11.702,11.7,0.594,0.634,1.0,0.963,18.7,93.5,77.92,94.0,0.595
0022400235,1610612748,Miami,Heat,MIA,heat,240:00,591.4,118.3,633.0,126.6,-41.6,-8.3,0.583,1.91,16.0,0.315,0.69,0.479,11.828,11.8,0.506,0.557,1.0,0.982,18.7,93.5,77.92,93.0,0.405
0022400237,1610612764,Washington,Wizards,WAS,wizards,240:00,514.9,103.0,613.9,122.8,-99.0,-19.8,0.538,1.24,16.2,0.191,0.731,0.475,16.832,16.8,0.542,0.566,1.0,0.991,20.2,101.0,84.17,101.0,0.407
0022400237,1610612765,Detroit,Pistons,DET,pistons,240:00,613.9,122.8,514.9,103.0,99.0,19.8,0.587,3.0,19.0,0.269,0.809,0.525,8.911,8.9,0.562,0.588,1.0,0.983,20.2,101.0,84.17,101.0,0.593
0022400243,1610612746,LA,Clippers,LAC,clippers,240:00,604.2,120.8,552.6,110.5,51.5,10.3,0.652,3.33,21.1,0.327,0.707,0.5,9.375,9.4,0.548,0.572,1.0,0.973,19.1,95.5,79.58,96.0,0.556
0022400243,1610612762,Utah,Jazz,UTA,jazz,240:00,552.6,110.5,604.2,120.8,-51.5,-10.3,0.615,1.26,18.3,0.293,0.673,0.5,20.0,20.0,0.57,0.604,1.0,0.981,19.1,95.5,79.58,95.0,0.444
0022400239,1610612757,Portland,Trail Blazers,POR,blazers,240:00,558.8,111.8,534.0,106.8,24.8,5.0,0.705,1.55,20.0,0.4,0.521,0.456,19.608,19.6,0.537,0.551,1.0,0.992,20.5,102.5,85.42,102.0,0.504
0022400239,1610612737,Atlanta,Hawks,ATL,hawks,240:00,534.0,106.8,558.8,111.8,-24.8,-5.0,0.769,1.11,19.4,0.479,0.6,0.544,26.214,26.2,0.524,0.573,1.0,0.968,20.5,102.5,85.42,103.0,0.496
0022400240,1610612752,New York,Knicks,NYK,knicks,240:00,640.4,128.1,597.7,119.5,42.7,8.5,0.767,4.13,23.6,0.375,0.796,0.588,8.989,9.0,0.563,0.592,1.0,0.944,17.6,88.0,73.33,89.0,0.562
0022400240,1610612751,Brooklyn,Nets,BKN,nets,240:00,597.7,119.5,640.4,128.1,-42.7,-8.5,0.969,3.44,24.2,0.204,0.625,0.412,10.345,10.3,0.533,0.583,1.0,1.0,17.6,88.0,73.33,87.0,0.438
0022400241,1610612741,Chicago,Bulls,CHI,bulls,240:00,473.5,94.7,632.7,126.5,-159.3,-31.9,0.722,1.73,16.4,0.278,0.636,0.433,13.274,13.3,0.402,0.459,1.0,0.97,22.6,113.0,94.17,113.0,0.324
0022400241,1610612745,Houston,Rockets,HOU,rockets,240:00,632.7,126.5,473.5,94.7,159.3,31.9,0.618,3.09,20.5,0.364,0.722,0.567,9.735,9.7,0.571,0.6,1.0,0.985,22.6,113.0,94.17,113.0,0.676
0022400242,1610612760,Oklahoma City,Thunder,OKC,thunder,240:00,607.1,121.4,623.7,124.7,-16.6,-3.3,0.674,3.63,21.0,0.229,0.553,0.389,8.163,8.2,0.575,0.607,1.0,0.954,19.5,97.5,81.25,98.0,0.501
0022400242,1610612742,Dallas,Mavericks,DAL,mavericks,240:00,623.7,124.7,607.1,121.4,16.6,3.3,0.45,1.13,13.2,0.447,0.771,0.611,16.495,16.5,0.542,0.606,1.0,0.983,19.5,97.5,81.25,97.0,0.499
0022400236,1610612739,Cleveland,Cavaliers,CLE,cavaliers,240:00,633.7,126.7,575.8,115.2,57.9,11.6,0.591,1.3,19.0,0.324,0.705,0.568,19.802,19.8,0.656,0.717,1.0,0.982,20.0,100.0,83.33,101.0,0.575
0022400236,1610612766,Charlotte,Hornets,CHA,hornets,240:00,575.8,115.2,633.7,126.7,-57.9,-11.6,0.81,3.4,22.5,0.295,0.676,0.432,10.101,10.1,0.505,0.526,1.0,0.991,20.0,100.0,83.33,99.0,0.425
0022400238,1610612763,Memphis,Grizzlies,MEM,grizzlies,240:00,541.2,108.2,463.9,92.8,77.3,15.5,0.756,2.38,22.1,0.24,0.776,0.505,13.402,13.4,0.522,0.545,1.0,0.982,19.4,97.0,80.83,97.0,0.58
0022400238,1610612743,Denver,Nuggets,DEN,nuggets,240:00,463.9,92.8,541.2,108.2,-77.3,-15.5,0.657,1.53,17.8,0.224,0.76,0.495,15.464,15.5,0.476,0.499,1.0,0.991,19.4,97.0,80.83,97.0,0.42
0022400234,1610612750,Minnesota,Timberwolves,MIN,timberwolves,240:00,625.0,125.0,609.4,121.9,15.6,3.1,0.643,1.93,20.3,0.25,0.585,0.42,14.583,14.6,0.631,0.656,1.0,0.991,19.2,96.0,80.0,96.0,0.529
0022400234,1610612756,Phoenix,Suns,PHX,suns,240:00,609.4,121.9,625.0,125.0,-15.6,-3.1,0.63,1.38,20.4,0.415,0.75,0.58,21.875,21.9,0.624,0.639,1.0,0.965,19.2,96.0,80.0,96.0,0.471
0022400231,1610612740,New Orleans,Pelicans,NOP,pelicans,240:00,544.0,108.8,577.8,115.6,-33.8,-6.8,0.686,1.41,17.6,0.431,0.627,0.529,18.681,18.7,0.488,0.532,1.0,0.982,18.1,90.5,75.42,91.0,0.469
0022400231,1610612747,Los Angeles,Lakers,LAL,lakers,240:00,577.8,115.6,544.0,108.8,33.8,6.8,0.615,2.18,18.2,0.373,0.569,0.471,12.222,12.2,0.506,0.537,1.0,1.0,18.1,90.5,75.42,90.0,0.531
0022400232,1610612742,Dallas,Mavericks,DAL,mavericks,240:00,550.0,110.0,465.0,93.0,85.0,17.0,0.591,1.73,18.2,0.327,0.721,0.54,15.0,15.0,0.511,0.54,1.0,0.974,20.0,100.0,83.33,100.0,0.593
0022400232,1610612759,San Antonio,Spurs,SAS,spurs,240:00,465.0,93.0,550.0,110.0,-85.0,-17.0,0.75,1.75,15.2,0.279,0.673,0.46,12.0,12.0,0.381,0.459,1.0,0.966,20.0,100.0,83.33,100.0,0.407
0022400230,1610612738,Boston,Celtics,BOS,celtics,265:00,630.0,126.0,634.0,126.8,-4.0,-0.8,0.682,3.33,20.0,0.364,0.623,0.491,9.0,9.0,0.551,0.587,1.0,0.967,17.84,89.21,74.34,100.0,0.484
0022400230,1610612761,Toronto,Raptors,TOR,raptors,265:00,634.0,126.8,630.0,126.0,4.0,0.8,0.7,3.89,23.0,0.377,0.636,0.509,9.278,9.3,0.556,0.573,1.0,0.991,17.84,89.21,74.34,97.0,0.516
0022400233,1610612758,Sacramento,Kings,SAC,kings,240:00,630.2,126.0,609.4,121.9,20.8,4.2,0.571,1.71,17.9,0.349,0.644,0.5,14.583,14.6,0.62,0.644,1.0,0.991,19.2,96.0,80.0,96.0,0.511
0022400233,1610612762,Utah,Jazz,UTA,jazz,240:00,609.4,121.9,630.2,126.0,-20.8,-4.2,0.432,1.0,12.6,0.356,0.651,0.5,16.667,16.7,0.573,0.626,1.0,0.964,19.2,96.0,80.0,96.0,0.489
0022400229,1610612766,Charlotte,Hornets,CHA,hornets,240:00,599.0,119.8,593.8,118.8,5.2,1.0,0.61,2.5,17.9,0.358,0.792,0.564,10.417,10.4,0.522,0.562,1.0,0.983,19.2,96.0,80.0,96.0,0.502
0022400229,1610612749,Milwaukee,Bucks,MIL,bucks,240:00,593.8,118.8,599.0,119.8,-5.2,-1.0,0.66,3.44,22.6,0.208,0.642,0.436,9.375,9.4,0.592,0.589,1.0,0.991,19.2,96.0,80.0,96.0,0.498
0022400018,1610612760,Oklahoma City,Thunder,OKC,thunder,240:00,515.6,103.1,432.3,86.5,83.3,16.7,0.583,1.91,15.8,0.291,0.712,0.509,11.458,11.5,0.451,0.5,1.0,0.973,19.2,96.0,80.0,96.0,0.618
0022400018,1610612756,Phoenix,Suns,PHX,suns,240:00,432.3,86.5,515.6,103.1,-83.3,-16.7,0.773,1.0,13.1,0.288,0.709,0.491,17.708,17.7,0.353,0.448,1.0,0.956,19.2,96.0,80.0,96.0,0.382
0022400012,1610612737,Atlanta,Hawks,ATL,hawks,240:00,570.8,114.2,517.7,103.5,53.1,10.6,0.609,1.75,17.8,0.291,0.677,0.5,14.159,14.2,0.531,0.58,1.0,0.977,22.6,113.0,94.17,113.0,0.572
0022400012,1610612764,Washington,Wizards,WAS,wizards,240:00,517.7,103.5,570.8,114.2,-53.1,-10.6,0.651,1.75,17.3,0.323,0.709,0.5,14.159,14.2,0.476,0.508,1.0,0.97,22.6,113.0,94.17,113.0,0.428
0022400013,1610612739,Cleveland,Cavaliers,CLE,cavaliers,240:00,660.6,132.1,578.0,115.6,82.6,16.5,0.647,2.54,22.1,0.182,0.844,0.517,11.927,11.9,0.661,0.695,1.0,0.991,21.8,109.0,90.83,109.0,0.569
0022400013,1610612741,Chicago,Bulls,CHI,bulls,240:00,578.0,115.6,660.6,132.1,-82.6,-16.5,0.711,1.88,21.6,0.156,0.818,0.483,15.596,15.6,0.625,0.651,1.0,0.983,21.8,109.0,90.83,109.0,0.431
0022400010,1610612753,Orlando,Magic,ORL,magic,240:00,532.6,106.5,462.4,92.5,70.2,14.0,0.441,0.83,12.3,0.356,0.778,0.567,19.565,19.6,0.506,0.559,1.0,0.991,18.5,92.5,77.08,92.0,0.565
0022400010,1610612755,Philadelphia,76ers,PHI,sixers,240:00,462.4,92.5,532.6,106.5,-70.2,-14.0,0.655,1.06,15.6,0.222,0.644,0.433,19.355,19.4,0.472,0.529,1.0,0.942,18.5,92.5,77.08,93.0,0.435
0022400011,1610612761,Toronto,Raptors,TOR,raptors,240:00,475.0,95.0,485.3,97.1,-10.3,-2.1,0.6,1.4,14.7,0.333,0.672,0.492,15.0,15.0,0.402,0.445,1.0,0.992,20.2,101.0,84.17,100.0,0.453
0022400011,1610612765,Detroit,Pistons,DET,pistons,240:00,485.3,97.1,475.0,95.0,10.3,2.1,0.615,1.71,16.6,0.328,0.667,0.508,13.725,13.7,0.453,0.477,1.0,0.967,20.2,101.0,84.17,102.0,0.547
0022400016,1610612745,Houston,Rockets,HOU,rockets,240:00,595.2,119.0,490.6,98.1,104.7,20.9,0.674,2.58,21.1,0.216,0.695,0.473,11.429,11.4,0.584,0.607,1.0,0.991,21.1,105.5,87.92,105.0,0.615
0022400016,1610612746,LA,Clippers,LAC,clippers,240:00,490.6,98.1,595.2,119.0,-104.7,-20.9,0.353,0.8,8.9,0.305,0.784,0.527,14.151,14.2,0.433,0.498,1.0,0.976,21.1,105.5,87.92,106.0,0.385
0022400017,1610612740,New Orleans,Pelicans,NOP,pelicans,240:00,548.9,109.8,500.0,100.0,48.9,9.8,0.568,1.4,16.0,0.346,0.8,0.569,16.304,16.3,0.489,0.532,1.0,0.991,18.6,93.0,77.5,92.0,0.513
0022400017,1610612743,Denver,Nuggets,DEN,nuggets,240:00,500.0,100.0,548.9,109.8,-48.9,-9.8,0.703,3.25,20.0,0.2,0.654,0.431,8.511,8.5,0.483,0.512,1.0,0.952,18.6,93.0,77.5,94.0,0.487
0022400015,1610612759,San Antonio,Spurs,SAS,spurs,240:00,592.8,118.6,618.6,123.7,-25.8,-5.2,0.744,2.46,22.7,0.283,0.66,0.473,13.402,13.4,0.585,0.605,1.0,0.991,19.4,97.0,80.83,97.0,0.471
0022400015,1610612747,Los Angeles,Lakers,LAL,lakers,240:00,618.6,123.7,592.8,118.6,25.8,5.2,0.614,2.25,19.6,0.34,0.717,0.527,12.371,12.4,0.58,0.611,1.0,0.982,19.4,97.0,80.83,97.0,0.529
0022400020,1610612758,Sacramento,Kings,SAC,kings,265:00,600.0,120.0,607.5,121.5,-7.5,-1.5,0.438,1.62,15.0,0.286,0.745,0.529,12.381,12.4,0.563,0.601,1.0,0.992,19.2,96.0,80.0,105.0,0.508
0022400020,1610612750,Minnesota,Timberwolves,MIN,timberwolves,265:00,607.5,121.5,600.0,120.0,7.5,1.5,0.542,2.36,17.7,0.255,0.714,0.471,10.28,10.3,0.574,0.602,1.0,0.975,19.2,96.0,80.0,107.0,0.492
0022400019,1610612744,Golden State,Warriors,GSW,warriors,240:00,564.2,112.8,531.5,106.3,32.7,6.5,0.767,1.74,20.2,0.362,0.646,0.512,17.431,17.4,0.536,0.564,1.0,0.992,22.0,110.0,91.67,109.0,0.53
0022400019,1610612763,Memphis,Grizzlies,MEM,grizzlies,240:00,531.5,106.3,564.2,112.8,-32.7,-6.5,0.524,1.47,14.1,0.354,0.638,0.488,13.514,13.5,0.442,0.502,1.0,0.97,22.0,110.0,91.67,111.0,0.47
0022400009,1610612754,Indiana,Pacers,IND,pacers,240:00,555.0,111.0,607.8,121.6,-52.8,-10.6,0.636,1.4,20.3,0.233,0.795,0.517,20.0,20.0,0.593,0.611,1.0,1.0,20.2,101.0,84.17,100.0,0.44
0022400009,1610612748,Miami,Heat,MIA,heat,240:00,607.8,121.6,555.0,111.0,52.8,10.6,0.6,2.7,19.7,0.205,0.767,0.483,9.804,9.8,0.603,0.638,1.0,0.973,20.2,101.0,84.17,102.0,0.56
0022400014,1610612752,New York,Knicks,NYK,knicks,240:00,620.0,124.0,622.4,124.5,-2.4,-0.5,0.568,1.92,18.2,0.3,0.731,0.543,13.0,13.0,0.608,0.65,1.0,0.955,19.8,99.0,82.5,100.0,0.535
0022400014,1610612751,Brooklyn,Nets,BKN,nets,240:00,622.4,124.5,620.0,124.0,2.4,0.5,0.692,3.0,19.4,0.269,0.7,0.457,9.184,9.2,0.545,0.602,1.0,0.991,19.8,99.0,82.5,98.0,0.465
0022400228,1610612762,Utah,Jazz,UTA,jazz,240:00,599.0,119.8,588.5,117.7,10.4,2.1,0.581,1.25,17.9,0.465,0.628,0.547,20.833,20.8,0.582,0.61,1.0,0.974,19.2,96.0,80.0,96.0,0.501
0022400228,1610612742,Dallas,Mavericks,DAL,mavericks,240:00,588.5,117.7,599.0,119.8,-10.4,-2.1,0.581,1.47,18.2,0.372,0.535,0.453,17.708,17.7,0.576,0.602,1.0,0.982,19.2,96.0,80.0,96.0,0.499
0022400222,1610612745,Houston,Rockets,HOU,rockets,240:00,555.0,111.0,525.5,105.1,29.5,5.9,0.667,2.0,18.8,0.379,0.729,0.556,14.0,14.0,0.51,0.531,1.0,0.967,19.8,99.0,82.5,100.0,0.555
0022400222,1610612746,LA,Clippers,LAC,clippers,240:00,525.5,105.1,555.0,111.0,-29.5,-5.9,0.711,2.25,19.1,0.271,0.621,0.444,12.245,12.2,0.469,0.5,1.0,0.974,19.8,99.0,82.5,98.0,0.445
0022400217,1610612753,Orlando,Magic,ORL,magic,240:00,484.5,96.9,463.9,92.8,20.6,4.1,0.765,1.53,19.1,0.26,0.755,0.515,17.526,17.5,0.482,0.519,1.0,0.982,19.4,97.0,80.83,97.0,0.55
0022400217,1610612754,Indiana,Pacers,IND,pacers,240:00,463.9,92.8,484.5,96.9,-20.6,-4.1,0.688,1.29,16.7,0.245,0.74,0.485,17.526,17.5,0.44,0.49,1.0,0.973,19.4,97.0,80.83,97.0,0.45
0022400220,1610612755,Philadelphia,76ers,PHI,sixers,240:00,552.1,110.4,581.6,116.3,-29.5,-5.9,0.585,2.0,17.9,0.269,0.795,0.51,12.5,12.5,0.522,0.547,1.0,0.982,19.4,97.0,80.83,96.0,0.461
0022400220,1610612739,Cleveland,Cavaliers,CLE,cavaliers,240:00,581.6,116.3,552.1,110.4,29.5,5.9,0.595,2.27,18.9,0.205,0.731,0.49,11.224,11.2,0.588,0.616,1.0,0.963,19.4,97.0,80.83,98.0,0.539
0022400223,1610612749,Milwaukee,Bucks,MIL,bucks,265:00,582.6,116.5,566.0,113.2,16.5,3.3,0.578,2.17,17.7,0.275,0.727,0.509,11.009,11.0,0.553,0.599,1.0,0.967,19.47,97.36,81.13,109.0,0.559
0022400223,1610612765,Detroit,Pistons,DET,pistons,265:00,566.0,113.2,582.6,116.5,-16.5,-3.3,0.63,1.93,19.3,0.273,0.725,0.491,14.151,14.2,0.55,0.568,1.0,0.983,19.47,97.36,81.13,106.0,0.441
0022400225,1610612747,Los Angeles,Lakers,LAL,lakers,240:00,603.8,120.8,585.7,117.1,18.1,3.6,0.721,1.72,20.7,0.283,0.706,0.505,16.981,17.0,0.624,0.646,1.0,0.983,21.1,105.5,87.92,106.0,0.516
0022400225,1610612763,Memphis,Grizzlies,MEM,grizzlies,240:00,585.7,117.1,603.8,120.8,-18.1,-3.6,0.667,2.0,18.9,0.294,0.717,0.495,13.333,13.3,0.539,0.594,1.0,0.983,21.1,105.5,87.92,105.0,0.484
0022400224,1610612759,San Antonio,Spurs,SAS,spurs,240:00,643.5,128.7,613.2,122.6,30.3,6.1,0.792,4.22,24.5,0.267,0.702,0.489,8.333,8.3,0.62,0.655,1.0,0.991,21.4,107.0,89.17,108.0,0.571
0022400224,1610612764,Washington,Wizards,WAS,wizards,240:00,613.2,122.6,643.5,128.7,-30.3,-6.1,0.551,1.5,18.4,0.298,0.733,0.511,16.981,17.0,0.611,0.637,1.0,1.0,21.4,107.0,89.17,106.0,0.429
0022400221,1610612760,Oklahoma City,Thunder,OKC,thunder,240:00,563.8,112.8,468.1,93.6,95.7,19.1,0.513,2.86,16.1,0.196,0.537,0.371,7.447,7.4,0.528,0.558,1.0,0.962,18.8,94.0,78.33,94.0,0.603
0022400221,1610612740,New Orleans,Pelicans,NOP,pelicans,240:00,468.1,93.6,563.8,112.8,-95.7,-19.1,0.618,0.88,15.0,0.463,0.804,0.629,25.532,25.5,0.448,0.471,1.0,0.975,18.8,94.0,78.33,94.0,0.397
0022400227,1610612758,Sacramento,Kings,SAC,kings,240:00,654.6,130.9,536.1,107.2,118.6,23.7,0.76,2.24,26.6,0.258,0.641,0.516,17.526,17.5,0.737,0.743,1.0,0.981,19.4,97.0,80.83,97.0,0.648
0022400227,1610612756,Phoenix,Suns,PHX,suns,240:00,536.1,107.2,654.6,130.9,-118.6,-23.7,0.639,2.3,16.1,0.359,0.742,0.484,10.309,10.3,0.438,0.48,1.0,0.983,19.4,97.0,80.83,97.0,0.352
0022400218,1610612751,Brooklyn,Nets,BKN,nets,240:00,587.6,117.5,716.5,143.3,-128.9,-25.8,0.65,2.0,20.2,0.146,0.674,0.425,13.402,13.4,0.627,0.656,1.0,0.961,19.4,97.0,80.83,97.0,0.41
0022400218,1610612738,Boston,Celtics,BOS,celtics,240:00,716.5,143.3,587.6,117.5,128.9,25.8,0.7,4.38,23.8,0.326,0.854,0.575,8.247,8.2,0.656,0.671,1.0,0.973,19.4,97.0,80.83,97.0,0.59
0022400219,1610612752,New York,Knicks,NYK,knicks,240:00,591.3,118.3,601.9,120.4,-10.6,-2.1,0.646,2.07,20.8,0.292,0.786,0.522,14.423,14.4,0.59,0.603,1.0,0.975,20.7,103.5,86.25,104.0,0.473
0022400219,1610612741,Chicago,Bulls,CHI,bulls,240:00,601.9,120.4,591.3,118.3,10.6,2.1,0.705,1.72,21.7,0.214,0.708,0.478,17.476,17.5,0.622,0.66,1.0,0.991,20.7,103.5,86.25,103.0,0.527
0022400226,1610612757,Portland,Trail Blazers,POR,blazers,240:00,519.6,103.9,485.1,97.0,34.5,6.9,0.447,0.85,13.0,0.311,0.695,0.529,19.608,19.6,0.512,0.569,1.0,0.982,20.3,101.5,84.58,102.0,0.585
0022400226,1610612750,Minnesota,Timberwolves,MIN,timberwolves,240:00,485.1,97.0,519.6,103.9,-34.5,-6.9,0.432,1.14,11.9,0.305,0.689,0.471,13.861,13.9,0.431,0.473,1.0,0.992,20.3,101.5,84.58,101.0,0.415
0022400003,1610612753,Orlando,Magic,ORL,magic,240:00,570.0,114.0,440.6,88.1,129.4,25.9,0.581,2.27,18.2,0.222,0.736,0.477,11.0,11.0,0.532,0.562,1.0,0.991,20.1,100.5,83.75,100.0,0.614
0022400003,1610612766,Charlotte,Hornets,CHA,hornets,240:00,440.6,88.1,570.0,114.0,-129.4,-25.9,0.647,1.0,16.2,0.264,0.778,0.523,21.782,21.8,0.482,0.494,1.0,0.982,20.1,100.5,83.75,101.0,0.386
0022400006,1610612762,Utah,Jazz,UTA,jazz,240:00,595.7,119.1,631.6,126.3,-35.8,-7.2,0.711,2.46,22.5,0.333,0.682,0.5,13.83,13.8,0.571,0.584,1.0,0.964,18.9,94.5,78.75,94.0,0.471
0022400006,1610612756,Phoenix,Suns,PHX,suns,240:00,631.6,126.3,595.7,119.1,35.8,7.2,0.488,2.1,16.3,0.318,0.667,0.5,10.526,10.5,0.605,0.627,1.0,0.972,18.9,94.5,78.75,95.0,0.529
0022400004,1610612755,Philadelphia,76ers,PHI,sixers,240:00,495.0,99.0,555.0,111.0,-60.0,-12.0,0.613,1.27,14.6,0.212,0.711,0.443,15.0,15.0,0.458,0.529,1.0,0.964,20.0,100.0,83.33,100.0,0.396
0022400004,1610612752,New York,Knicks,NYK,knicks,240:00,555.0,111.0,495.0,99.0,60.0,12.0,0.705,2.07,21.5,0.289,0.788,0.557,15.0,15.0,0.545,0.581,1.0,0.982,20.0,100.0,83.33,100.0,0.604
0022400005,1610612749,Milwaukee,Bucks,MIL,bucks,240:00,500.0,100.0,433.7,86.7,66.3,13.3,0.658,1.47,17.6,0.322,0.655,0.487,17.172,17.2,0.489,0.499,1.0,0.983,19.7,98.5,82.08,99.0,0.556
0022400005,1610612761,Toronto,Raptors,TOR,raptors,240:00,433.7,86.7,500.0,100.0,-66.3,-13.3,0.667,0.91,14.5,0.345,0.678,0.513,22.449,22.4,0.401,0.448,1.0,0.983,19.7,98.5,82.08,98.0,0.444
0022400001,1610612738,Boston,Celtics,BOS,celtics,240:00,585.9,117.2,585.0,117.0,0.9,0.2,0.737,1.4,20.7,0.231,0.538,0.407,20.202,20.2,0.627,0.668,1.0,1.0,19.9,99.5,82.92,99.0,0.489
0022400001,1610612737,Atlanta,Hawks,ATL,hawks,240:00,585.0,117.0,585.9,117.2,-0.9,-0.2,0.7,2.19,22.0,0.462,0.769,0.593,16.0,16.0,0.556,0.559,1.0,0.976,19.9,99.5,82.92,100.0,0.511
0022400008,1610612757,Portland,Trail Blazers,POR,blazers,240:00,604.0,120.8,534.7,106.9,69.3,13.9,0.698,1.5,21.0,0.286,0.806,0.526,19.802,19.8,0.619,0.657,1.0,0.982,20.2,101.0,84.17,101.0,0.56
0022400008,1610612750,Minnesota,Timberwolves,MIN,timberwolves,240:00,534.7,106.9,604.0,120.8,-69.3,-13.9,0.595,0.96,17.1,0.194,0.714,0.474,22.772,22.8,0.596,0.65,1.0,0.972,20.2,101.0,84.17,101.0,0.44
0022400007,1610612744,Golden State,Warriors,GSW,warriors,240:00,582.5,116.5,562.5,112.5,20.0,4.0,0.644,2.23,19.3,0.333,0.756,0.525,12.621,12.6,0.553,0.567,1.0,0.983,20.7,103.5,86.25,103.0,0.54
0022400007,1610612742,Dallas,Mavericks,DAL,mavericks,240:00,562.5,112.5,582.5,116.5,-20.0,-4.0,0.591,1.44,18.4,0.244,0.667,0.475,17.308,17.3,0.589,0.619,1.0,0.965,20.7,103.5,86.25,104.0,0.46
0022400002,1610612765,Detroit,Pistons,DET,pistons,265:00,580.2,116.0,565.4,113.1,14.8,3.0,0.744,1.68,20.5,0.353,0.732,0.551,17.925,17.9,0.538,0.59,1.0,0.992,19.29,96.45,80.38,106.0,0.524
0022400002,1610612748,Miami,Heat,MIA,heat,265:00,565.4,113.1,580.2,116.0,-14.8,-3.0,0.532,2.08,17.0,0.268,0.647,0.449,11.215,11.2,0.55,0.567,1.0,0.951,19.29,96.45,80.38,107.0,0.476
0022400214,1610612740,New Orleans,Pelicans,NOP,pelicans,240:00,552.6,110.5,563.2,112.6,-10.5,-2.1,0.738,2.82,21.5,0.346,0.646,0.49,11.579,11.6,0.5,0.529,1.0,0.973,19.0,95.0,79.17,95.0,0.538
0022400214,1610612751,Brooklyn,Nets,BKN,nets,240:00,563.2,112.6,552.6,110.5,10.5,2.1,0.667,1.41,17.6,0.354,0.654,0.51,17.895,17.9,0.542,0.579,1.0,0.973,19.0,95.0,79.17,95.0,0.462
0022400216,1610612759,San Antonio,Spurs,SAS,spurs,240:00,604.2,120.8,500.0,100.0,104.2,20.8,0.721,1.72,22.5,0.262,0.774,0.547,18.75,18.8,0.635,0.655,1.0,0.972,19.2,96.0,80.0,96.0,0.604
0022400216,1610612758,Sacramento,Kings,SAC,kings,240:00,500.0,100.0,604.2,120.8,-104.2,-20.8,0.462,1.64,14.3,0.226,0.738,0.453,11.458,11.5,0.484,0.505,1.0,0.981,19.2,96.0,80.0,96.0,0.396
0022400215,1610612760,Oklahoma City,Thunder,OKC,thunder,240:00,656.9,131.4,627.5,125.5,29.4,5.9,0.66,2.82,21.4,0.267,0.564,0.405,10.784,10.8,0.615,0.663,1.0,0.974,20.4,102.0,85.0,102.0,0.529
0022400215,1610612746,LA,Clippers,LAC,clippers,240:00,627.5,125.5,656.9,131.4,-29.4,-5.9,0.705,1.29,20.7,0.436,0.733,0.595,23.529,23.5,0.675,0.69,1.0,0.966,20.4,102.0,85.0,102.0,0.471
0022400213,1610612745,Houston,Rockets,HOU,rockets,240:00,524.5,104.9,451.0,90.2,73.5,14.7,0.325,0.62,9.6,0.417,0.759,0.598,20.588,20.6,0.489,0.546,1.0,0.967,20.4,102.0,85.0,102.0,0.593
0022400213,1610612764,Washington,Wizards,WAS,wizards,240:00,451.0,90.2,524.5,104.9,-73.5,-14.7,0.583,1.11,15.4,0.241,0.583,0.402,18.627,18.6,0.472,0.491,1.0,0.974,20.4,102.0,85.0,102.0,0.407
0022400212,1610612741,Chicago,Bulls,CHI,bulls,240:00,548.5,109.7,572.1,114.4,-23.6,-4.7,0.605,1.24,18.3,0.283,0.746,0.543,20.388,20.4,0.575,0.601,1.0,0.983,20.7,103.5,86.25,103.0,0.489
0022400212,1610612739,Cleveland,Cavaliers,CLE,cavaliers,240:00,572.1,114.4,548.5,109.7,23.6,4.7,0.605,2.89,17.9,0.254,0.717,0.457,8.654,8.7,0.521,0.553,1.0,0.966,20.7,103.5,86.25,104.0,0.511
0022400208,1610612743,Denver,Nuggets,DEN,nuggets,240:00,616.2,123.2,606.1,121.2,10.1,2.0,0.778,3.5,23.8,0.277,0.761,0.516,10.101,10.1,0.584,0.607,1.0,0.982,19.8,99.0,82.5,99.0,0.509
0022400208,1610612742,Dallas,Mavericks,DAL,mavericks,240:00,606.1,121.2,616.2,123.2,-10.1,-2.0,0.604,2.9,20.9,0.239,0.723,0.484,10.101,10.1,0.589,0.61,1.0,0.982,19.8,99.0,82.5,99.0,0.491
0022400201,1610612765,Detroit,Pistons,DET,pistons,240:00,515.6,103.1,531.6,106.3,-16.0,-3.2,0.583,1.17,15.7,0.321,0.638,0.486,18.75,18.8,0.494,0.526,1.0,0.973,19.1,95.5,79.58,96.0,0.476
0022400201,1610612745,Houston,Rockets,HOU,rockets,240:00,531.6,106.3,515.6,103.1,16.0,3.2,0.5,1.58,14.1,0.362,0.679,0.514,12.632,12.6,0.446,0.488,1.0,0.983,19.1,95.5,79.58,95.0,0.524
0022400205,1610612755,Philadelphia,76ers,PHI,sixers,265:00,500.0,100.0,490.7,98.1,9.3,1.9,0.615,1.41,17.1,0.188,0.661,0.455,15.888,15.9,0.518,0.561,1.0,0.974,19.38,96.91,80.75,107.0,0.518
0022400205,1610612766,Charlotte,Hornets,CHA,hornets,265:00,490.7,98.1,500.0,100.0,-9.3,-1.9,0.611,1.05,14.7,0.339,0.813,0.545,19.626,19.6,0.453,0.502,1.0,0.969,19.38,96.91,80.75,107.0,0.482
0022400210,1610612757,Portland,Trail Blazers,POR,blazers,240:00,404.5,80.9,603.6,120.7,-199.1,-39.8,0.529,0.75,11.9,0.348,0.659,0.467,21.818,21.8,0.36,0.407,1.0,0.985,22.1,110.5,92.08,110.0,0.198
0022400210,1610612763,Memphis,Grizzlies,MEM,grizzlies,240:00,603.6,120.7,404.5,80.9,199.1,39.8,0.681,1.39,20.5,0.341,0.652,0.533,20.721,20.7,0.647,0.688,1.0,0.96,22.1,110.5,92.08,111.0,0.802
0022400203,1610612754,Indiana,Pacers,IND,pacers,240:00,666.7,133.3,611.1,122.2,55.6,11.1,0.6,2.7,19.7,0.239,0.75,0.477,10.101,10.1,0.631,0.667,1.0,0.945,19.8,99.0,82.5,99.0,0.518
0022400203,1610612752,New York,Knicks,NYK,knicks,240:00,611.1,122.2,666.7,133.3,-55.6,-11.1,0.5,1.64,17.4,0.25,0.761,0.523,14.141,14.1,0.596,0.638,1.0,0.972,19.8,99.0,82.5,99.0,0.482
0022400202,1610612749,Milwaukee,Bucks,MIL,bucks,240:00,545.9,109.2,576.5,115.3,-30.6,-6.1,0.538,1.62,16.8,0.136,0.75,0.469,13.265,13.3,0.562,0.593,1.0,0.971,19.6,98.0,81.67,98.0,0.499
0022400202,1610612738,Boston,Celtics,BOS,celtics,240:00,576.5,115.3,545.9,109.2,30.6,6.1,0.771,2.25,19.6,0.25,0.864,0.531,12.245,12.2,0.517,0.577,1.0,0.982,19.6,98.0,81.67,98.0,0.501
0022400206,1610612750,Minnesota,Timberwolves,MIN,timberwolves,240:00,474.7,94.9,479.8,96.0,-5.1,-1.0,0.629,1.1,16.1,0.296,0.739,0.5,20.202,20.2,0.472,0.501,1.0,0.974,19.8,99.0,82.5,99.0,0.487
0022400206,1610612748,Miami,Heat,MIA,heat,240:00,479.8,96.0,474.7,94.9,5.1,1.0,0.529,0.78,14.0,0.261,0.704,0.5,23.232,23.2,0.513,0.548,1.0,0.964,19.8,99.0,82.5,99.0,0.513
0022400209,1610612756,Phoenix,Suns,PHX,suns,265:00,522.1,104.4,561.9,112.4,-39.8,-8.0,0.682,2.5,19.4,0.19,0.764,0.458,10.619,10.6,0.505,0.529,1.0,0.968,20.47,102.34,85.28,113.0,0.474
0022400209,1610612758,Sacramento,Kings,SAC,kings,265:00,561.9,112.4,522.1,104.4,39.8,8.0,0.46,1.53,15.5,0.236,0.81,0.542,13.274,13.3,0.544,0.575,1.0,0.984,20.47,102.34,85.28,113.0,0.526
0022400204,1610612753,Orlando,Magic,ORL,magic,240:00,643.6,128.7,500.0,100.0,143.6,28.7,0.61,2.08,18.2,0.365,0.762,0.543,12.766,12.8,0.544,0.593,1.0,0.982,18.8,94.0,78.33,94.0,0.61
0022400204,1610612764,Washington,Wizards,WAS,wizards,240:00,500.0,100.0,643.6,128.7,-143.6,-28.7,0.606,1.18,16.1,0.238,0.635,0.457,18.085,18.1,0.528,0.566,1.0,0.962,18.8,94.0,78.33,94.0,0.39
0022400211,1610612747,Los Angeles,Lakers,LAL,lakers,240:00,668.5,133.7,565.9,113.2,102.5,20.5,0.682,6.0,22.4,0.273,0.587,0.433,5.435,5.4,0.581,0.626,1.0,0.981,18.3,91.5,76.25,92.0,0.619
0022400211,1610612761,Toronto,Raptors,TOR,raptors,240:00,565.9,113.2,668.5,133.7,-102.5,-20.5,0.703,1.44,19.1,0.413,0.727,0.567,19.78,19.8,0.512,0.562,1.0,0.973,18.3,91.5,76.25,91.0,0.381
0022400207,1610612760,Oklahoma City,Thunder,OKC,thunder,240:00,585.9,117.2,641.4,128.3,-55.6,-11.1,0.595,2.27,17.7,0.34,0.617,0.47,11.111,11.1,0.505,0.55,1.0,0.991,19.8,99.0,82.5,99.0,0.447
0022400207,1610612744,Golden State,Warriors,GSW,warriors,240:00,641.4,128.3,585.9,117.2,55.6,11.1,0.778,2.33,23.0,0.383,0.66,0.53,15.152,15.2,0.624,0.641,1.0,0.966,19.8,99.0,82.5,99.0,0.553
0022400198,1610612737,Atlanta,Hawks,ATL,hawks,240:00,533.0,106.6,601.0,120.2,-67.9,-13.6,0.756,2.21,20.4,0.294,0.667,0.475,13.208,13.2,0.511,0.553,1.0,0.959,21.0,105.0,87.5,106.0,0.442
0022400198,1610612741,Chicago,Bulls,CHI,bulls,240:00,601.0,120.2,533.0,106.6,67.9,13.6,0.652,1.67,20.0,0.333,0.706,0.525,17.308,17.3,0.571,0.612,1.0,0.992,21.0,105.0,87.5,104.0,0.558
0022400200,1610612746,LA,Clippers,LAC,clippers,240:00,541.2,108.2,530.9,106.2,10.3,2.1,0.514,1.29,14.4,0.233,0.689,0.5,14.433,14.4,0.526,0.583,1.0,0.963,19.4,97.0,80.83,97.0,0.54
0022400200,1610612761,Toronto,Raptors,TOR,raptors,240:00,530.9,106.2,541.2,108.2,-10.3,-2.1,0.65,2.6,18.3,0.311,0.767,0.5,10.309,10.3,0.479,0.494,1.0,0.983,19.4,97.0,80.83,97.0,0.46
0022400197,1610612759,San Antonio,Spurs,SAS,spurs,240:00,528.8,105.8,533.7,106.7,-4.8,-1.0,0.763,1.45,20.3,0.208,0.75,0.479,19.231,19.2,0.547,0.589,1.0,0.991,20.8,104.0,86.67,104.0,0.483
0022400197,1610612762,Utah,Jazz,UTA,jazz,240:00,533.7,106.7,528.8,105.8,4.8,1.0,0.605,1.28,16.7,0.25,0.792,0.521,17.308,17.3,0.524,0.57,1.0,0.983,20.8,104.0,86.67,104.0,0.517
0022400199,1610612739,Cleveland,Cavaliers,CLE,cavaliers,240:00,570.7,114.1,543.5,108.7,27.2,5.4,0.6,1.5,19.4,0.222,0.674,0.468,17.391,17.4,0.608,0.637,1.0,0.96,18.4,92.0,76.67,92.0,0.562
0022400199,1610612751,Brooklyn,Nets,BKN,nets,240:00,543.5,108.7,570.7,114.1,-27.2,-5.4,0.618,1.05,16.5,0.326,0.778,0.532,21.739,21.7,0.546,0.596,1.0,0.953,18.4,92.0,76.67,92.0,0.438
0022400192,1610612760,Oklahoma City,Thunder,OKC,thunder,240:00,611.7,122.3,519.4,103.9,92.2,18.4,0.522,2.18,17.6,0.213,0.691,0.471,10.68,10.7,0.589,0.629,1.0,0.982,20.6,103.0,85.83,103.0,0.595
0022400192,1610612745,Houston,Rockets,HOU,rockets,240:00,519.4,103.9,611.7,122.3,-92.2,-18.4,0.487,1.12,13.7,0.309,0.787,0.529,16.505,16.5,0.494,0.527,1.0,0.983,20.6,103.0,85.83,103.0,0.405
0022400196,1610612758,Sacramento,Kings,SAC,kings,240:00,500.0,100.0,551.5,110.3,-51.5,-10.3,0.514,1.36,15.4,0.14,0.681,0.422,14.286,14.3,0.494,0.553,1.0,0.971,19.5,97.5,81.25,98.0,0.476
0022400196,1610612746,LA,Clippers,LAC,clippers,240:00,551.5,110.3,500.0,100.0,51.5,10.3,0.556,0.95,15.3,0.319,0.86,0.578,21.649,21.6,0.531,0.587,1.0,0.982,19.5,97.5,81.25,97.0,0.524
0022400195,1610612747,Los Angeles,Lakers,LAL,lakers,240:00,597.9,119.6,552.1,110.4,45.9,9.2,0.636,2.15,20.7,0.233,0.721,0.519,13.402,13.4,0.612,0.636,1.0,0.953,19.3,96.5,80.42,97.0,0.567
0022400195,1610612755,Philadelphia,76ers,PHI,sixers,240:00,552.1,110.4,597.9,119.6,-45.9,-9.2,0.718,3.5,19.9,0.279,0.767,0.481,8.333,8.3,0.474,0.499,1.0,0.973,19.3,96.5,80.42,96.0,0.433
0022400194,1610612743,Denver,Nuggets,DEN,nuggets,240:00,655.3,131.1,592.2,118.4,63.1,12.6,0.74,2.06,25.2,0.219,0.735,0.531,17.476,17.5,0.728,0.755,1.0,0.973,20.6,103.0,85.83,103.0,0.577
0022400194,1610612748,Miami,Heat,MIA,heat,240:00,592.2,118.4,655.3,131.1,-63.1,-12.6,0.717,2.36,22.1,0.265,0.781,0.469,13.592,13.6,0.596,0.612,1.0,0.957,20.6,103.0,85.83,103.0,0.423
0022400188,1610612739,Cleveland,Cavaliers,CLE,cavaliers,240:00,635.5,127.1,546.7,109.3,88.8,17.8,0.717,1.65,21.9,0.275,0.736,0.538,18.692,18.7,0.659,0.699,1.0,0.983,21.4,107.0,89.17,107.0,0.58
0022400188,1610612744,Golden State,Warriors,GSW,warriors,240:00,546.7,109.3,635.5,127.1,-88.8,-17.8,0.681,1.88,20.9,0.264,0.725,0.462,15.888,15.9,0.546,0.562,1.0,0.992,21.4,107.0,89.17,107.0,0.42
0022400191,1610612763,Memphis,Grizzlies,MEM,grizzlies,240:00,609.5,121.9,495.2,99.0,114.3,22.9,0.652,1.58,19.4,0.407,0.702,0.559,18.095,18.1,0.546,0.593,1.0,0.976,21.0,105.0,87.5,105.0,0.607
0022400191,1610612764,Washington,Wizards,WAS,wizards,240:00,495.2,99.0,609.5,121.9,-114.3,-22.9,0.711,1.5,18.2,0.298,0.593,0.441,17.143,17.1,0.457,0.504,1.0,1.0,21.0,105.0,87.5,105.0,0.393
0022400186,1610612753,Orlando,Magic,ORL,magic,240:00,599.0,119.8,458.3,91.7,140.6,28.1,0.622,1.87,20.1,0.366,0.736,0.574,15.625,15.6,0.57,0.604,1.0,0.964,19.2,96.0,80.0,96.0,0.687
0022400186,1610612740,New Orleans,Pelicans,NOP,pelicans,240:00,458.3,91.7,599.0,119.8,-140.6,-28.1,0.563,1.13,14.1,0.264,0.634,0.426,16.667,16.7,0.44,0.481,1.0,0.973,19.2,96.0,80.0,96.0,0.313
0022400193,1610612750,Minnesota,Timberwolves,MIN,timberwolves,240:00,610.6,122.1,495.1,99.0,115.4,23.1,0.681,1.6,20.4,0.423,0.714,0.574,19.231,19.2,0.598,0.616,1.0,0.96,20.7,103.5,86.25,104.0,0.639
0022400193,1610612757,Portland,Trail Blazers,POR,blazers,240:00,495.1,99.0,610.6,122.1,-115.4,-23.1,0.333,0.76,9.8,0.286,0.577,0.426,16.505,16.5,0.462,0.502,1.0,0.983,20.7,103.5,86.25,103.0,0.361
0022400185,1610612765,Detroit,Pistons,DET,pistons,240:00,575.5,115.1,565.4,113.1,10.1,2.0,0.614,1.29,18.2,0.326,0.618,0.485,19.811,19.8,0.587,0.612,1.0,0.983,21.3,106.5,88.75,106.0,0.506
0022400185,1610612737,Atlanta,Hawks,ATL,hawks,240:00,565.4,113.1,575.5,115.1,-10.1,-2.0,0.682,1.67,19.0,0.382,0.674,0.515,16.822,16.8,0.531,0.565,1.0,0.969,21.3,106.5,88.75,107.0,0.494
0022400190,1610612742,Dallas,Mavericks,DAL,mavericks,240:00,614.1,122.8,619.6,123.9,-5.4,-1.1,0.439,1.64,15.0,0.256,0.711,0.5,11.957,12.0,0.581,0.63,1.0,0.98,18.4,92.0,76.67,92.0,0.485
0022400190,1610612756,Phoenix,Suns,PHX,suns,240:00,619.6,123.9,614.1,122.8,5.4,1.1,0.605,2.89,19.8,0.289,0.744,0.5,9.783,9.8,0.587,0.607,1.0,0.971,18.4,92.0,76.67,92.0,0.515
0022400189,1610612752,New York,Knicks,NYK,knicks,240:00,617.0,123.4,494.7,98.9,122.3,24.5,0.814,3.18,24.0,0.36,0.72,0.54,11.702,11.7,0.549,0.584,1.0,0.964,18.9,94.5,78.75,94.0,0.629
0022400189,1610612749,Milwaukee,Bucks,MIL,bucks,240:00,494.7,98.9,617.0,123.4,-122.3,-24.5,0.556,1.67,15.5,0.28,0.64,0.46,12.632,12.6,0.476,0.505,1.0,0.972,18.9,94.5,78.75,95.0,0.371
0022400184,1610612766,Charlotte,Hornets,CHA,hornets,240:00,547.9,109.6,441.5,88.3,106.4,21.3,0.605,1.53,17.0,0.358,0.852,0.607,15.957,16.0,0.517,0.541,1.0,0.982,18.8,94.0,78.33,94.0,0.601
0022400184,1610612754,Indiana,Pacers,IND,pacers,240:00,441.5,88.3,547.9,109.6,-106.4,-21.3,0.727,1.71,19.0,0.148,0.642,0.393,14.894,14.9,0.452,0.465,1.0,0.971,18.8,94.0,78.33,94.0,0.399
0022400187,1610612738,Boston,Celtics,BOS,celtics,265:00,534.7,106.9,514.9,103.0,19.8,4.0,0.59,1.77,17.2,0.212,0.65,0.446,12.871,12.9,0.511,0.549,1.0,0.991,18.29,91.47,76.23,101.0,0.539
0022400187,1610612751,Brooklyn,Nets,BKN,nets,265:00,514.9,103.0,534.7,106.9,-19.8,-4.0,0.585,1.85,16.6,0.35,0.788,0.554,12.871,12.9,0.46,0.488,1.0,0.975,18.29,91.47,76.23,101.0,0.461
0022400181,1610612741,Chicago,Bulls,CHI,bulls,240:00,613.4,122.7,688.8,137.8,-75.4,-15.1,0.638,2.31,21.6,0.273,0.595,0.43,13.402,13.4,0.619,0.629,1.0,0.991,19.5,97.5,81.25,97.0,0.444
0022400181,1610612750,Minnesota,Timberwolves,MIN,timberwolves,240:00,688.8,137.8,613.4,122.7,75.4,15.1,0.569,2.07,20.1,0.405,0.727,0.57,14.286,14.3,0.634,0.672,1.0,0.974,19.5,97.5,81.25,98.0,0.556
0022400183,1610612759,San Antonio,Spurs,SAS,spurs,240:00,627.7,125.5,552.6,110.5,75.0,15.0,0.795,2.19,24.6,0.317,0.66,0.505,17.021,17.0,0.634,0.656,1.0,0.972,18.9,94.5,78.75,94.0,0.592
0022400183,1610612757,Portland,Trail Blazers,POR,blazers,240:00,552.6,110.5,627.7,125.5,-75.0,-15.0,0.561,1.64,17.2,0.34,0.683,0.495,14.737,14.7,0.529,0.549,1.0,0.982,18.9,94.5,78.75,95.0,0.408
0022400182,1610612749,Milwaukee,Bucks,MIL,bucks,240:00,634.0,126.8,515.5,103.1,118.6,23.7,0.465,1.82,15.5,0.289,0.773,0.528,11.34,11.3,0.601,0.633,1.0,0.982,19.4,97.0,80.83,97.0,0.582
0022400182,1610612762,Utah,Jazz,UTA,jazz,240:00,515.5,103.1,634.0,126.8,-118.6,-23.7,0.727,1.09,18.3,0.227,0.711,0.472,22.68,22.7,0.539,0.589,1.0,0.981,19.4,97.0,80.83,97.0,0.418
0022400170,1610612754,Indiana,Pacers,IND,pacers,240:00,608.2,121.6,578.1,115.6,30.1,6.0,0.512,1.91,17.1,0.139,0.717,0.463,11.34,11.3,0.618,0.675,1.0,0.971,19.3,96.5,80.42,97.0,0.537
0022400170,1610612753,Orlando,Magic,ORL,magic,240:00,578.1,115.6,608.2,121.6,-30.1,-6.0,0.619,1.63,19.3,0.283,0.861,0.537,16.667,16.7,0.555,0.594,1.0,0.991,19.3,96.5,80.42,96.0,0.463
0022400175,1610612740,New Orleans,Pelicans,NOP,pelicans,240:00,622.4,124.5,655.0,131.0,-32.6,-6.5,0.5,2.1,16.0,0.25,0.609,0.426,10.204,10.2,0.551,0.608,1.0,0.991,19.8,99.0,82.5,98.0,0.453
0022400175,1610612739,Cleveland,Cavaliers,CLE,cavaliers,240:00,655.0,131.0,622.4,124.5,32.6,6.5,0.635,2.54,21.9,0.391,0.75,0.574,13.0,13.0,0.63,0.644,1.0,0.949,19.8,99.0,82.5,100.0,0.547
0022400171,1610612737,Atlanta,Hawks,ATL,hawks,240:00,611.1,122.2,580.0,116.0,31.1,6.2,0.689,3.88,20.7,0.345,0.773,0.529,8.081,8.1,0.525,0.552,1.0,0.992,19.9,99.5,82.92,99.0,0.528
0022400171,1610612752,New York,Knicks,NYK,knicks,240:00,580.0,116.0,611.1,122.2,-31.1,-6.2,0.707,1.81,21.0,0.227,0.655,0.471,16.0,16.0,0.619,0.64,1.0,0.972,19.9,99.5,82.92,100.0,0.472
0022400179,1610612746,LA,Clippers,LAC,clippers,240:00,604.4,120.9,538.5,107.7,65.9,13.2,0.659,1.42,21.3,0.281,0.703,0.507,20.879,20.9,0.653,0.684,1.0,0.96,18.2,91.0,75.83,91.0,0.594
0022400179,1610612755,Philadelphia,76ers,PHI,sixers,240:00,538.5,107.7,604.4,120.9,-65.9,-13.2,0.475,0.95,15.7,0.297,0.719,0.493,21.978,22.0,0.596,0.602,1.0,0.98,18.2,91.0,75.83,91.0,0.406
0022400174,1610612763,Memphis,Grizzlies,MEM,grizzlies,240:00,635.9,127.2,558.8,111.8,77.1,15.4,0.583,1.56,18.8,0.388,0.788,0.594,17.476,17.5,0.608,0.635,1.0,0.983,20.5,102.5,85.42,103.0,0.57
0022400174,1610612747,Los Angeles,Lakers,LAL,lakers,240:00,558.8,111.8,635.9,127.2,-77.1,-15.4,0.561,2.09,16.9,0.212,0.612,0.406,10.784,10.8,0.522,0.558,1.0,0.991,20.5,102.5,85.42,102.0,0.43
0022400169,1610612766,Charlotte,Hornets,CHA,hornets,240:00,529.4,105.9,535.0,107.0,-5.6,-1.1,0.564,1.83,16.5,0.196,0.82,0.505,11.765,11.8,0.511,0.556,1.0,0.982,20.2,101.0,84.17,102.0,0.483
0022400169,1610612765,Detroit,Pistons,DET,pistons,240:00,535.0,107.0,529.4,105.9,5.6,1.1,0.739,3.09,23.8,0.18,0.804,0.495,11.0,11.0,0.543,0.546,1.0,0.991,20.2,101.0,84.17,100.0,0.517
0022400178,1610612756,Phoenix,Suns,PHX,suns,240:00,586.7,117.3,571.4,114.3,15.3,3.1,0.69,1.81,21.0,0.273,0.731,0.521,16.327,16.3,0.607,0.626,1.0,0.991,19.6,98.0,81.67,98.0,0.513
0022400178,1610612748,Miami,Heat,MIA,heat,240:00,571.4,114.3,586.7,117.3,-15.3,-3.1,0.675,2.7,19.4,0.269,0.727,0.479,10.204,10.2,0.505,0.556,1.0,0.982,19.6,98.0,81.67,98.0,0.487
0022400177,1610612743,Denver,Nuggets,DEN,nuggets,240:00,568.8,113.8,559.6,111.9,9.2,1.8,0.81,1.89,21.4,0.32,0.75,0.555,16.514,16.5,0.562,0.599,1.0,0.984,21.8,109.0,90.83,109.0,0.533
0022400177,1610612760,Oklahoma City,Thunder,OKC,thunder,240:00,559.6,111.9,568.8,113.8,-9.2,-1.8,0.659,2.07,19.0,0.25,0.68,0.445,12.844,12.8,0.52,0.554,1.0,0.984,21.8,109.0,90.83,109.0,0.467
0022400172,1610612738,Boston,Celtics,BOS,celtics,240:00,583.3,116.7,614.6,122.9,-31.3,-6.3,0.579,1.83,16.5,0.291,0.692,0.486,12.5,12.5,0.528,0.564,1.0,0.991,19.2,96.0,80.0,96.0,0.461
0022400172,1610612744,Golden State,Warriors,GSW,warriors,240:00,614.6,122.9,583.3,116.7,31.3,6.3,0.524,2.0,16.4,0.308,0.709,0.514,11.458,11.5,0.538,0.581,1.0,0.991,19.2,96.0,80.0,96.0,0.539
0022400176,1610612742,Dallas,Mavericks,DAL,mavericks,240:00,556.1,111.2,462.6,92.5,93.5,18.7,0.733,2.2,21.7,0.24,0.727,0.495,14.019,14.0,0.548,0.582,1.0,0.983,21.4,107.0,89.17,107.0,0.606
0022400176,1610612741,Chicago,Bulls,CHI,bulls,240:00,462.6,92.5,556.1,111.2,-93.5,-18.7,0.694,1.09,17.0,0.273,0.76,0.505,21.495,21.5,0.488,0.515,1.0,0.975,21.4,107.0,89.17,107.0,0.394
0022400173,1610612745,Houston,Rockets,HOU,rockets,240:00,616.5,123.3,485.4,97.1,131.1,26.2,0.519,2.33,19.3,0.298,0.792,0.547,11.65,11.7,0.615,0.619,1.0,0.966,20.6,103.0,85.83,103.0,0.618
0022400173,1610612759,San Antonio,Spurs,SAS,spurs,240:00,485.4,97.1,616.5,123.3,-131.1,-26.2,0.541,1.0,15.2,0.208,0.702,0.453,19.417,19.4,0.53,0.555,1.0,0.973,20.6,103.0,85.83,103.0,0.382
0022400180,1610612758,Sacramento,Kings,SAC,kings,240:00,642.1,128.4,569.1,113.8,73.0,14.6,0.619,2.6,18.6,0.438,0.739,0.585,10.526,10.5,0.522,0.586,1.0,0.982,18.9,94.5,78.75,95.0,0.588
0022400180,1610612761,Toronto,Raptors,TOR,raptors,240:00,569.1,113.8,642.1,128.4,-73.0,-14.6,0.581,2.08,19.1,0.261,0.563,0.415,12.766,12.8,0.545,0.566,1.0,0.981,18.9,94.5,78.75,94.0,0.412
0022400161,1610612745,Houston,Rockets,HOU,rockets,240:00,586.0,117.2,527.2,105.4,58.8,11.8,0.488,1.91,16.0,0.37,0.719,0.563,11.828,11.8,0.534,0.568,1.0,0.964,18.5,92.5,77.08,93.0,0.586
0022400161,1610612752,New York,Knicks,NYK,knicks,240:00,527.2,105.4,586.0,117.2,-58.8,-11.8,0.588,2.0,15.6,0.281,0.63,0.437,10.87,10.9,0.449,0.499,1.0,0.991,18.5,92.5,77.08,92.0,0.414
0022400166,1610612743,Denver,Nuggets,DEN,nuggets,240:00,593.1,118.6,577.7,115.5,15.5,3.1,0.707,1.71,19.6,0.37,0.61,0.505,16.667,16.7,0.554,0.607,1.0,0.992,20.5,102.5,85.42,102.0,0.525
0022400166,1610612761,Toronto,Raptors,TOR,raptors,240:00,577.7,115.5,593.1,118.6,-15.5,-3.1,0.809,2.71,23.2,0.39,0.63,0.495,13.592,13.6,0.519,0.536,1.0,0.968,20.5,102.5,85.42,103.0,0.475
0022400165,1610612742,Dallas,Mavericks,DAL,mavericks,240:00,604.8,121.0,632.1,126.4,-27.3,-5.5,0.63,3.22,20.7,0.13,0.773,0.444,8.571,8.6,0.601,0.635,1.0,0.982,21.1,105.5,87.92,105.0,0.467
0022400165,1610612754,Indiana,Pacers,IND,pacers,240:00,632.1,126.4,604.8,121.0,27.3,5.5,0.556,3.0,20.5,0.227,0.87,0.556,9.434,9.4,0.637,0.645,1.0,0.966,21.1,105.5,87.92,106.0,0.533
0022400156,1610612765,Detroit,Pistons,DET,pistons,240:00,580.8,116.2,525.5,105.1,55.3,11.1,0.489,1.83,15.5,0.389,0.765,0.571,12.121,12.1,0.51,0.544,1.0,0.975,19.7,98.5,82.08,99.0,0.527
0022400156,1610612747,Los Angeles,Lakers,LAL,lakers,240:00,525.5,105.1,580.8,116.2,-55.3,-11.1,0.757,2.15,20.3,0.235,0.611,0.429,13.265,13.3,0.488,0.532,1.0,0.991,19.7,98.5,82.08,98.0,0.473
0022400162,1610612750,Minnesota,Timberwolves,MIN,timberwolves,240:00,581.6,116.3,479.4,95.9,102.3,20.5,0.59,1.53,17.6,0.238,0.741,0.521,15.306,15.3,0.608,0.63,1.0,0.981,19.5,97.5,81.25,98.0,0.625
0022400162,1610612766,Charlotte,Hornets,CHA,hornets,240:00,479.4,95.9,581.6,116.3,-102.3,-20.5,0.543,1.36,14.7,0.259,0.762,0.479,14.433,14.4,0.455,0.489,1.0,0.991,19.5,97.5,81.25,97.0,0.375
0022400167,1610612756,Phoenix,Suns,PHX,suns,240:00,584.2,116.8,574.3,114.9,9.9,2.0,0.571,1.71,17.8,0.238,0.771,0.522,13.861,13.9,0.579,0.631,1.0,0.973,20.2,101.0,84.17,101.0,0.53
0022400167,1610612755,Philadelphia,76ers,PHI,sixers,240:00,574.3,114.9,584.2,116.8,-9.9,-2.0,0.675,1.8,19.6,0.229,0.762,0.478,14.851,14.9,0.575,0.611,1.0,0.973,20.2,101.0,84.17,101.0,0.47
0022400160,1610612741,Chicago,Bulls,CHI,bulls,240:00,611.7,122.3,655.3,131.1,-43.7,-8.7,0.8,4.0,24.0,0.231,0.674,0.432,8.738,8.7,0.547,0.594,1.0,0.991,20.6,103.0,85.83,103.0,0.458
0022400160,1610612762,Utah,Jazz,UTA,jazz,240:00,655.3,131.1,611.7,122.3,43.7,8.7,0.729,2.69,23.0,0.326,0.769,0.568,12.621,12.6,0.629,0.66,1.0,0.983,20.6,103.0,85.83,103.0,0.542
0022400168,1610612746,LA,Clippers,LAC,clippers,240:00,614.1,122.8,571.4,114.3,42.7,8.5,0.61,2.27,18.5,0.333,0.625,0.471,11.957,12.0,0.561,0.58,1.0,0.964,18.3,91.5,76.25,92.0,0.496
0022400168,1610612759,San Antonio,Spurs,SAS,spurs,240:00,571.4,114.3,614.1,122.8,-42.7,-8.5,0.579,1.57,16.8,0.375,0.667,0.529,15.385,15.4,0.506,0.551,1.0,0.954,18.3,91.5,76.25,91.0,0.504
0022400158,1610612751,Brooklyn,Nets,BKN,nets,240:00,576.1,115.2,553.2,110.6,22.9,4.6,0.7,2.0,20.9,0.311,0.551,0.436,15.217,15.2,0.554,0.577,1.0,0.991,18.6,93.0,77.5,92.0,0.473
0022400158,1610612763,Memphis,Grizzlies,MEM,grizzlies,240:00,553.2,110.6,576.1,115.2,-22.9,-4.6,0.674,1.93,20.3,0.449,0.689,0.564,15.957,16.0,0.516,0.538,1.0,0.974,18.6,93.0,77.5,94.0,0.527
0022400164,1610612740,New Orleans,Pelicans,NOP,pelicans,240:00,531.9,106.4,641.3,128.3,-109.4,-21.9,0.632,1.5,18.0,0.37,0.634,0.494,17.021,17.0,0.512,0.549,1.0,0.945,18.6,93.0,77.5,94.0,0.405
0022400164,1610612757,Portland,Trail Blazers,POR,blazers,240:00,641.3,128.3,531.9,106.4,109.4,21.9,0.457,1.75,16.4,0.366,0.63,0.506,13.043,13.0,0.607,0.624,1.0,0.991,18.6,93.0,77.5,92.0,0.595
0022400163,1610612760,Oklahoma City,Thunder,OKC,thunder,240:00,505.0,101.0,430.0,86.0,75.0,15.0,0.59,1.35,17.0,0.234,0.741,0.505,16.832,16.8,0.529,0.554,1.0,0.955,20.1,100.5,83.75,101.0,0.578
0022400163,1610612753,Orlando,Magic,ORL,magic,240:00,430.0,86.0,505.0,101.0,-75.0,-15.0,0.69,1.05,14.9,0.259,0.766,0.495,19.0,19.0,0.384,0.458,1.0,0.982,20.1,100.5,83.75,100.0,0.422
0022400159,1610612748,Miami,Heat,MIA,heat,240:00,585.1,117.0,609.9,122.0,-24.8,-5.0,0.649,2.18,17.5,0.373,0.682,0.516,11.702,11.7,0.524,0.56,1.0,0.956,18.5,92.5,77.08,94.0,0.518
0022400159,1610612758,Sacramento,Kings,SAC,kings,240:00,609.9,122.0,585.1,117.0,24.8,5.0,0.523,1.64,18.0,0.318,0.627,0.484,15.385,15.4,0.57,0.599,1.0,0.981,18.5,92.5,77.08,91.0,0.482
0022400155,1610612764,Washington,Wizards,WAS,wizards,240:00,543.7,108.7,601.0,120.2,-57.3,-11.5,0.69,2.9,19.9,0.255,0.707,0.487,9.709,9.7,0.49,0.532,1.0,0.974,20.7,103.5,86.25,103.0,0.456
0022400155,1610612744,Golden State,Warriors,GSW,warriors,240:00,601.0,120.2,543.7,108.7,57.3,11.5,0.659,4.14,19.3,0.293,0.745,0.513,6.731,6.7,0.515,0.558,1.0,0.967,20.7,103.5,86.25,104.0,0.544
0022400157,1610612737,Atlanta,Hawks,ATL,hawks,240:00,438.7,87.7,585.7,117.1,-147.0,-29.4,0.622,1.15,16.2,0.241,0.778,0.509,18.868,18.9,0.449,0.484,1.0,0.958,21.1,105.5,87.92,106.0,0.372
0022400157,1610612738,Boston,Celtics,BOS,celtics,240:00,585.7,117.1,438.7,87.7,147.0,29.4,0.563,2.08,18.8,0.222,0.759,0.491,12.381,12.4,0.576,0.587,1.0,0.983,21.1,105.5,87.92,105.0,0.628
0022400154,1610612739,Cleveland,Cavaliers,CLE,cavaliers,240:00,574.3,114.9,564.4,112.9,9.9,2.0,0.609,2.8,20.6,0.14,0.818,0.457,9.901,9.9,0.599,0.6,1.0,0.981,20.2,101.0,84.17,101.0,0.507
0022400154,1610612749,Milwaukee,Bucks,MIL,bucks,240:00,564.4,112.9,574.3,114.9,-9.9,-2.0,0.5,1.4,16.2,0.182,0.86,0.543,14.851,14.9,0.587,0.616,1.0,0.982,20.2,101.0,84.17,101.0,0.493
0022400152,1610612740,New Orleans,Pelicans,NOP,pelicans,240:00,566.3,113.3,642.9,128.6,-76.5,-15.3,0.564,1.22,15.8,0.385,0.667,0.505,18.367,18.4,0.522,0.562,1.0,0.991,19.6,98.0,81.67,98.0,0.399
0022400152,1610612737,Atlanta,Hawks,ATL,hawks,240:00,642.9,128.6,566.3,113.3,76.5,15.3,0.58,1.81,20.9,0.333,0.615,0.495,16.327,16.3,0.653,0.675,1.0,0.982,19.6,98.0,81.67,98.0,0.601
0022400151,1610612751,Brooklyn,Nets,BKN,nets,240:00,494.6,98.9,563.8,112.8,-69.2,-13.8,0.719,1.64,18.9,0.136,0.605,0.368,15.054,15.1,0.514,0.543,1.0,0.98,18.7,93.5,77.92,93.0,0.407
0022400151,1610612765,Detroit,Pistons,DET,pistons,240:00,563.8,112.8,494.6,98.9,69.2,13.8,0.676,1.19,18.5,0.395,0.864,0.632,22.34,22.3,0.552,0.599,1.0,0.945,18.7,93.5,77.92,94.0,0.593
0022400153,1610612742,Dallas,Mavericks,DAL,mavericks,240:00,534.7,106.9,420.8,84.2,113.9,22.8,0.595,1.32,18.0,0.283,0.698,0.523,18.812,18.8,0.553,0.568,1.0,0.974,20.2,101.0,84.17,101.0,0.672
0022400153,1610612753,Orlando,Magic,ORL,magic,240:00,420.8,84.2,534.7,106.9,-113.9,-22.8,0.613,1.27,13.7,0.302,0.717,0.477,14.851,14.9,0.376,0.419,1.0,0.967,20.2,101.0,84.17,101.0,0.328
0022400141,1610612766,Charlotte,Hornets,CHA,hornets,240:00,530.9,106.2,582.5,116.5,-51.5,-10.3,0.6,1.85,17.9,0.25,0.681,0.455,13.402,13.4,0.533,0.542,1.0,0.982,19.4,97.0,80.83,97.0,0.429
0022400141,1610612738,Boston,Celtics,BOS,celtics,240:00,582.5,116.5,530.9,106.2,51.5,10.3,0.639,1.53,17.3,0.319,0.75,0.545,15.464,15.5,0.537,0.599,1.0,0.991,19.4,97.0,80.83,97.0,0.571
0022400146,1610612759,San Antonio,Spurs,SAS,spurs,240:00,588.5,117.7,542.1,108.4,46.4,9.3,0.744,2.46,23.2,0.262,0.813,0.556,13.542,13.5,0.596,0.624,1.0,0.962,19.1,95.5,79.58,96.0,0.595
0022400146,1610612750,Minnesota,Timberwolves,MIN,timberwolves,240:00,542.1,108.4,588.5,117.7,-46.4,-9.3,0.538,1.62,16.8,0.188,0.738,0.444,13.684,13.7,0.543,0.567,1.0,0.981,19.1,95.5,79.58,95.0,0.405
0022400143,1610612761,Toronto,Raptors,TOR,raptors,265:00,564.7,112.9,551.7,110.3,12.9,2.6,0.674,1.63,19.1,0.288,0.684,0.495,16.379,16.4,0.574,0.603,1.0,0.977,21.01,105.06,87.55,116.0,0.515
0022400143,1610612758,Sacramento,Kings,SAC,kings,265:00,551.7,110.3,564.7,112.9,-12.9,-2.6,0.457,1.17,13.5,0.316,0.712,0.505,15.517,15.5,0.51,0.561,1.0,0.985,21.01,105.06,87.55,116.0,0.485
0022400142,1610612755,Philadelphia,76ers,PHI,sixers,240:00,540.4,108.1,620.0,124.0,-79.6,-15.9,0.611,1.57,16.3,0.25,0.61,0.402,14.141,14.1,0.511,0.547,1.0,0.973,19.9,99.5,82.92,99.0,0.377
0022400142,1610612763,Memphis,Grizzlies,MEM,grizzlies,240:00,620.0,124.0,540.4,108.1,79.6,15.9,0.729,2.06,23.2,0.39,0.75,0.598,17.0,17.0,0.621,0.644,1.0,0.957,19.9,99.5,82.92,100.0,0.623
0022400148,1610612743,Denver,Nuggets,DEN,nuggets,240:00,608.5,121.7,485.8,97.2,122.6,24.5,0.688,1.83,20.4,0.418,0.792,0.592,16.981,17.0,0.566,0.591,1.0,0.969,21.2,106.0,88.33,106.0,0.607
0022400148,1610612762,Utah,Jazz,UTA,jazz,240:00,485.8,97.2,608.5,121.7,-122.6,-24.5,0.75,1.0,17.1,0.208,0.582,0.408,22.642,22.6,0.5,0.568,1.0,0.957,21.2,106.0,88.33,106.0,0.393
0022400144,1610612745,Houston,Rockets,HOU,rockets,265:00,565.4,113.1,593.5,118.7,-28.0,-5.6,0.614,2.45,17.1,0.364,0.745,0.522,10.28,10.3,0.481,0.515,1.0,0.985,19.38,96.91,80.75,107.0,0.446
0022400144,1610612744,Golden State,Warriors,GSW,warriors,265:00,593.5,118.7,565.4,113.1,28.0,5.6,0.65,1.86,18.2,0.255,0.636,0.478,13.084,13.1,0.609,0.635,1.0,0.983,19.38,96.91,80.75,107.0,0.554
0022400147,1610612764,Washington,Wizards,WAS,wizards,240:00,475.7,95.1,572.8,114.6,-97.1,-19.4,0.605,1.92,16.8,0.193,0.609,0.413,11.65,11.7,0.456,0.489,1.0,0.974,20.6,103.0,85.83,103.0,0.457
0022400147,1610612748,Miami,Heat,MIA,heat,240:00,572.8,114.6,475.7,95.1,97.1,19.4,0.442,1.36,12.9,0.391,0.807,0.587,13.592,13.6,0.495,0.524,1.0,0.977,20.6,103.0,85.83,103.0,0.543
0022400150,1610612746,LA,Clippers,LAC,clippers,240:00,460.0,92.0,525.0,105.0,-65.0,-13.0,0.719,1.05,16.8,0.264,0.88,0.563,22.0,22.0,0.475,0.509,1.0,0.965,20.0,100.0,83.33,100.0,0.445
0022400150,1610612760,Oklahoma City,Thunder,OKC,thunder,240:00,525.0,105.0,460.0,92.0,65.0,13.0,0.694,2.08,19.1,0.12,0.736,0.437,12.0,12.0,0.524,0.568,1.0,0.981,20.0,100.0,83.33,100.0,0.555
0022400149,1610612756,Phoenix,Suns,PHX,suns,240:00,500.0,100.0,475.5,95.1,24.5,4.9,0.829,2.07,19.5,0.279,0.747,0.537,13.592,13.6,0.468,0.502,1.0,0.958,20.5,102.5,85.42,103.0,0.59
0022400149,1610612757,Portland,Trail Blazers,POR,blazers,240:00,475.5,95.1,500.0,100.0,-24.5,-4.9,0.459,2.83,12.4,0.253,0.721,0.463,5.882,5.9,0.396,0.419,1.0,1.0,20.5,102.5,85.42,102.0,0.41
0022400145,1610612749,Milwaukee,Bucks,MIL,bucks,240:00,588.5,117.7,593.8,118.8,-5.2,-1.0,0.558,1.85,18.2,0.275,0.771,0.515,13.542,13.5,0.584,0.591,1.0,1.0,19.2,96.0,80.0,96.0,0.457
0022400145,1610612739,Cleveland,Cavaliers,CLE,cavaliers,240:00,593.8,118.8,588.5,117.7,5.2,1.0,0.705,4.43,22.5,0.229,0.725,0.485,7.292,7.3,0.566,0.584,1.0,0.981,19.2,96.0,80.0,96.0,0.543
0022400132,1610612766,Charlotte,Hornets,CHA,hornets,240:00,556.1,111.2,626.3,125.3,-70.1,-14.0,0.476,1.25,14.8,0.34,0.667,0.495,16.327,16.3,0.566,0.566,1.0,0.957,19.7,98.5,82.08,98.0,0.384
0022400132,1610612738,Boston,Celtics,BOS,celtics,240:00,626.3,125.3,556.1,111.2,70.1,14.0,0.512,2.1,15.7,0.333,0.66,0.505,10.101,10.1,0.552,0.611,1.0,0.965,19.7,98.5,82.08,99.0,0.616
0022400139,1610612750,Minnesota,Timberwolves,MIN,timberwolves,240:00,595.0,119.0,574.3,114.9,20.7,4.1,0.791,2.0,23.6,0.244,0.6,0.448,17.0,17.0,0.627,0.654,1.0,0.973,20.1,100.5,83.75,100.0,0.527
0022400139,1610612743,Denver,Nuggets,DEN,nuggets,240:00,574.3,114.9,595.0,119.0,-20.7,-4.1,0.732,2.0,19.6,0.4,0.756,0.552,14.851,14.9,0.505,0.554,1.0,0.951,20.1,100.5,83.75,101.0,0.473
0022400137,1610612761,Toronto,Raptors,TOR,raptors,240:00,606.8,121.4,635.9,127.2,-29.1,-5.8,0.673,3.18,22.0,0.375,0.688,0.519,10.68,10.7,0.533,0.554,1.0,0.984,20.6,103.0,85.83,103.0,0.452
0022400137,1610612747,Los Angeles,Lakers,LAL,lakers,240:00,635.9,127.2,606.8,121.4,29.1,5.8,0.69,2.9,19.9,0.313,0.625,0.481,9.709,9.7,0.54,0.618,1.0,0.991,20.6,103.0,85.83,103.0,0.548
0022400136,1610612751,Brooklyn,Nets,BKN,nets,240:00,594.1,118.8,543.7,108.7,50.4,10.1,0.694,3.09,23.4,0.217,0.698,0.475,10.891,10.9,0.58,0.602,1.0,0.991,20.4,102.0,85.0,101.0,0.579
0022400136,1610612741,Chicago,Bulls,CHI,bulls,240:00,543.7,108.7,594.1,118.8,-50.4,-10.1,0.632,1.5,16.9,0.302,0.783,0.525,15.534,15.5,0.528,0.568,1.0,0.975,20.4,102.0,85.0,103.0,0.421
0022400135,1610612737,Atlanta,Hawks,ATL,hawks,240:00,552.9,110.6,591.3,118.3,-38.5,-7.7,0.732,2.31,20.7,0.2,0.681,0.422,12.5,12.5,0.549,0.575,1.0,0.983,20.8,104.0,86.67,104.0,0.451
0022400135,1610612758,Sacramento,Kings,SAC,kings,240:00,591.3,118.3,552.9,110.6,38.5,7.7,0.651,2.0,19.0,0.319,0.8,0.578,13.462,13.5,0.545,0.602,1.0,0.983,20.8,104.0,86.67,104.0,0.549
0022400140,1610612757,Portland,Trail Blazers,POR,blazers,240:00,570.0,114.0,685.0,137.0,-115.0,-23.0,0.692,1.42,19.1,0.32,0.6,0.453,19.0,19.0,0.56,0.59,1.0,1.0,20.0,100.0,83.33,100.0,0.404
0022400140,1610612760,Oklahoma City,Thunder,OKC,thunder,240:00,685.0,137.0,570.0,114.0,115.0,23.0,0.608,2.38,20.8,0.4,0.68,0.547,13.0,13.0,0.637,0.663,1.0,0.992,20.0,100.0,83.33,100.0,0.596
0022400134,1610612765,Detroit,Pistons,DET,pistons,240:00,494.9,99.0,646.5,129.3,-151.5,-30.3,0.561,1.05,17.7,0.195,0.66,0.451,22.222,22.2,0.574,0.583,1.0,0.981,19.8,99.0,82.5,99.0,0.395
0022400134,1610612752,New York,Knicks,NYK,knicks,240:00,646.5,129.3,494.9,99.0,151.5,30.3,0.596,3.1,21.1,0.34,0.805,0.549,10.101,10.1,0.604,0.607,1.0,0.974,19.8,99.0,82.5,99.0,0.605
0022400138,1610612740,New Orleans,Pelicans,NOP,pelicans,240:00,637.8,127.6,602.0,120.4,35.7,7.1,0.571,3.5,19.2,0.37,0.727,0.531,8.163,8.2,0.545,0.572,1.0,0.966,19.6,98.0,81.67,98.0,0.521
0022400138,1610612754,Indiana,Pacers,IND,pacers,240:00,602.0,120.4,637.8,127.6,-35.7,-7.1,0.761,2.5,24.1,0.273,0.63,0.469,14.286,14.3,0.607,0.623,1.0,0.991,19.6,98.0,81.67,98.0,0.479
0022400133,1610612739,Cleveland,Cavaliers,CLE,cavaliers,240:00,588.2,117.6,539.6,107.9,48.6,9.7,0.568,1.92,18.4,0.222,0.778,0.525,12.745,12.7,0.592,0.626,1.0,0.973,20.3,101.5,84.58,102.0,0.556
0022400133,1610612753,Orlando,Magic,ORL,magic,240:00,539.6,107.9,588.2,117.6,-48.6,-9.7,0.634,1.86,18.7,0.222,0.778,0.475,13.861,13.9,0.517,0.542,1.0,1.0,20.3,101.5,84.58,101.0,0.444
0022400129,1610612742,Dallas,Mavericks,DAL,mavericks,240:00,536.8,107.4,580.6,116.1,-43.8,-8.8,0.538,2.1,16.5,0.25,0.583,0.435,10.526,10.5,0.518,0.544,1.0,0.981,18.8,94.0,78.33,95.0,0.479
0022400129,1610612745,Houston,Rockets,HOU,rockets,240:00,580.6,116.1,536.8,107.4,43.8,8.8,0.525,2.1,15.1,0.417,0.75,0.565,10.753,10.8,0.454,0.496,1.0,0.983,18.8,94.0,78.33,93.0,0.521
0022400128,1610612763,Memphis,Grizzlies,MEM,grizzlies,240:00,581.0,116.2,480.6,96.1,100.4,20.1,0.605,1.53,18.3,0.268,0.82,0.598,16.19,16.2,0.573,0.638,1.0,0.948,20.8,104.0,86.67,105.0,0.675
0022400128,1610612749,Milwaukee,Bucks,MIL,bucks,240:00,480.6,96.1,581.0,116.2,-100.4,-20.1,0.488,2.0,14.9,0.18,0.732,0.402,9.709,9.7,0.474,0.474,1.0,0.991,20.8,104.0,86.67,103.0,0.325
0022400130,1610612762,Utah,Jazz,UTA,jazz,240:00,440.0,88.0,524.8,105.0,-84.8,-17.0,0.594,0.73,13.9,0.353,0.727,0.547,26.0,26.0,0.433,0.487,1.0,0.992,20.1,100.5,83.75,100.0,0.39
0022400130,1610612759,San Antonio,Spurs,SAS,spurs,240:00,524.8,105.0,440.0,88.0,84.8,17.0,0.658,2.27,17.7,0.273,0.647,0.453,10.891,10.9,0.478,0.519,1.0,0.974,20.1,100.5,83.75,101.0,0.61
0022400131,1610612746,LA,Clippers,LAC,clippers,240:00,595.0,119.0,618.8,123.8,-23.8,-4.8,0.6,1.93,18.8,0.34,0.795,0.553,14.0,14.0,0.548,0.582,1.0,0.991,20.1,100.5,83.75,100.0,0.467
0022400131,1610612756,Phoenix,Suns,PHX,suns,240:00,618.8,123.8,595.0,119.0,23.8,4.8,0.69,2.42,20.9,0.205,0.66,0.447,11.881,11.9,0.622,0.663,1.0,0.973,20.1,100.5,83.75,101.0,0.533
0022400121,1610612764,Washington,Wizards,WAS,wizards,240:00,627.4,125.5,566.0,113.2,61.3,12.3,0.681,2.0,21.5,0.256,0.64,0.462,15.094,15.1,0.618,0.665,1.0,0.966,21.2,106.0,88.33,106.0,0.553
0022400121,1610612737,Atlanta,Hawks,ATL,hawks,240:00,566.0,113.2,627.4,125.5,-61.3,-12.3,0.622,1.65,18.5,0.36,0.744,0.538,16.038,16.0,0.537,0.576,1.0,0.967,21.2,106.0,88.33,106.0,0.447
0022400127,1610612746,LA,Clippers,LAC,clippers,240:00,558.5,111.7,557.9,111.6,0.6,0.1,0.634,1.86,18.8,0.327,0.679,0.5,14.894,14.9,0.528,0.536,1.0,0.991,18.9,94.5,78.75,94.0,0.505
0022400127,1610612757,Portland,Trail Blazers,POR,blazers,240:00,557.9,111.6,558.5,111.7,-0.6,-0.1,0.463,1.46,14.5,0.321,0.673,0.5,13.684,13.7,0.522,0.545,1.0,0.973,18.9,94.5,78.75,95.0,0.495
0022400120,1610612755,Philadelphia,76ers,PHI,sixers,240:00,516.3,103.3,570.7,114.1,-54.3,-10.9,0.515,1.89,14.4,0.2,0.689,0.432,9.783,9.8,0.468,0.52,1.0,0.99,18.4,92.0,76.67,92.0,0.442
0022400120,1610612765,Detroit,Pistons,DET,pistons,240:00,570.7,114.1,516.3,103.3,54.3,10.9,0.639,1.35,17.8,0.311,0.8,0.568,18.478,18.5,0.558,0.599,1.0,0.972,18.4,92.0,76.67,92.0,0.558
0022400117,1610612766,Charlotte,Hornets,CHA,hornets,240:00,669.9,134.0,645.6,129.1,24.3,4.9,0.633,1.94,20.4,0.396,0.571,0.478,15.534,15.5,0.628,0.657,1.0,0.983,20.6,103.0,85.83,103.0,0.49
0022400117,1610612761,Toronto,Raptors,TOR,raptors,240:00,645.6,129.1,669.9,134.0,-24.3,-4.9,0.712,2.64,23.6,0.429,0.604,0.522,13.592,13.6,0.621,0.638,1.0,0.992,20.6,103.0,85.83,103.0,0.51
0022400124,1610612763,Memphis,Grizzlies,MEM,grizzlies,240:00,535.4,107.1,601.0,120.2,-65.7,-13.1,0.711,1.23,18.9,0.391,0.675,0.523,22.222,22.2,0.519,0.565,1.0,0.983,19.8,99.0,82.5,99.0,0.45
0022400124,1610612751,Brooklyn,Nets,BKN,nets,240:00,601.0,120.2,535.4,107.1,65.7,13.1,0.659,1.42,19.6,0.325,0.609,0.477,19.192,19.2,0.606,0.654,1.0,0.946,19.8,99.0,82.5,99.0,0.55
0022400118,1610612739,Cleveland,Cavaliers,CLE,cavaliers,240:00,638.1,127.6,523.8,104.8,114.3,22.9,0.661,3.08,24.8,0.19,0.78,0.482,11.429,11.4,0.665,0.667,1.0,0.991,21.0,105.0,87.5,105.0,0.579
0022400118,1610612747,Los Angeles,Lakers,LAL,lakers,240:00,523.8,104.8,638.1,127.6,-114.3,-22.9,0.553,1.0,15.7,0.22,0.81,0.518,20.0,20.0,0.532,0.601,1.0,0.982,21.0,105.0,87.5,105.0,0.421
0022400122,1610612748,Miami,Heat,MIA,heat,240:00,563.2,112.6,617.0,123.4,-53.9,-10.8,0.73,2.7,20.5,0.217,0.791,0.494,10.526,10.5,0.562,0.584,1.0,0.981,18.9,94.5,78.75,95.0,0.442
0022400122,1610612752,New York,Knicks,NYK,knicks,240:00,617.0,123.4,563.2,112.6,53.9,10.8,0.75,2.73,22.6,0.209,0.783,0.506,11.702,11.7,0.598,0.639,1.0,0.971,18.9,94.5,78.75,94.0,0.558
0022400126,1610612744,Golden State,Warriors,GSW,warriors,240:00,559.1,111.8,473.4,94.7,85.7,17.1,0.78,2.29,23.0,0.304,0.639,0.495,15.054,15.1,0.546,0.561,1.0,0.981,18.7,93.5,77.92,93.0,0.59
0022400126,1610612740,New Orleans,Pelicans,NOP,pelicans,240:00,473.4,94.7,559.1,111.8,-85.7,-17.1,0.727,1.6,17.1,0.361,0.696,0.505,15.957,16.0,0.428,0.45,1.0,0.966,18.7,93.5,77.92,94.0,0.41
0022400123,1610612741,Chicago,Bulls,CHI,bulls,240:00,500.0,100.0,485.3,97.1,14.7,2.9,0.639,1.53,17.0,0.216,0.865,0.544,14.706,14.7,0.506,0.537,1.0,0.982,20.4,102.0,85.0,102.0,0.507
0022400123,1610612753,Orlando,Magic,ORL,magic,240:00,485.3,97.1,500.0,100.0,-14.7,-2.9,0.714,2.08,18.8,0.135,0.784,0.456,11.765,11.8,0.471,0.522,1.0,0.991,20.4,102.0,85.0,102.0,0.493
0022400125,1610612760,Oklahoma City,Thunder,OKC,thunder,240:00,530.3,106.1,465.0,93.0,65.3,13.1,0.683,2.0,20.6,0.184,0.686,0.44,14.141,14.1,0.556,0.567,1.0,0.954,19.9,99.5,82.92,99.0,0.56
0022400125,1610612759,San Antonio,Spurs,SAS,spurs,240:00,465.0,93.0,530.3,106.1,-65.3,-13.1,0.629,1.0,15.9,0.314,0.816,0.56,22.0,22.0,0.482,0.513,1.0,0.974,19.9,99.5,82.92,100.0,0.44
0022400119,1610612754,Indiana,Pacers,IND,pacers,265:00,562.5,112.5,564.1,112.8,-1.6,-0.3,0.66,1.74,19.3,0.345,0.676,0.528,15.833,15.8,0.553,0.589,1.0,0.964,21.46,107.32,89.43,120.0,0.543
0022400119,1610612738,Boston,Celtics,BOS,celtics,265:00,564.1,112.8,562.5,112.5,1.6,0.3,0.523,1.64,14.2,0.324,0.655,0.472,11.966,12.0,0.491,0.538,1.0,0.993,21.46,107.32,89.43,117.0,0.457
0022400115,1610612762,Utah,Jazz,UTA,jazz,240:00,489.8,98.0,576.5,115.3,-86.7,-17.3,0.686,1.41,17.5,0.268,0.689,0.455,17.347,17.3,0.472,0.504,1.0,0.982,19.6,98.0,81.67,98.0,0.394
0022400115,1610612758,Sacramento,Kings,SAC,kings,240:00,576.5,115.3,489.8,98.0,86.7,17.3,0.542,2.17,18.8,0.311,0.732,0.545,12.245,12.2,0.565,0.576,1.0,0.973,19.6,98.0,81.67,98.0,0.606
0022400116,1610612744,Golden State,Warriors,GSW,warriors,240:00,645.8,129.2,552.1,110.4,93.8,18.8,0.739,4.25,23.1,0.327,0.676,0.472,8.333,8.3,0.582,0.604,1.0,0.973,19.2,96.0,80.0,96.0,0.562
0022400116,1610612740,New Orleans,Pelicans,NOP,pelicans,240:00,552.1,110.4,645.8,129.2,-93.8,-18.8,0.575,0.96,17.6,0.324,0.673,0.528,25.0,25.0,0.601,0.627,1.0,0.972,19.2,96.0,80.0,96.0,0.438
0022400113,1610612751,Brooklyn,Nets,BKN,nets,265:00,655.7,131.1,685.7,137.1,-30.1,-6.0,0.755,4.11,23.7,0.271,0.735,0.505,8.491,8.5,0.615,0.644,1.0,0.966,19.11,95.55,79.62,106.0,0.474
0022400113,1610612743,Denver,Nuggets,DEN,nuggets,265:00,685.7,137.1,655.7,131.1,30.1,6.0,0.674,6.2,20.8,0.265,0.729,0.495,4.762,4.8,0.59,0.656,1.0,0.983,19.11,95.55,79.62,105.0,0.526
0022400114,1610612750,Minnesota,Timberwolves,MIN,timberwolves,240:00,587.6,117.5,612.2,122.4,-24.6,-4.9,0.846,1.65,23.1,0.295,0.7,0.511,20.619,20.6,0.63,0.645,1.0,0.991,19.5,97.5,81.25,97.0,0.485
0022400114,1610612742,Dallas,Mavericks,DAL,mavericks,240:00,612.2,122.4,587.6,117.5,24.6,4.9,0.556,2.5,18.2,0.3,0.705,0.489,10.204,10.2,0.57,0.595,1.0,0.973,19.5,97.5,81.25,98.0,0.515
0022400109,1610612759,San Antonio,Spurs,SAS,spurs,240:00,537.2,107.4,576.1,115.2,-38.9,-7.8,0.595,1.29,16.4,0.396,0.692,0.543,18.085,18.1,0.483,0.525,1.0,1.009,18.6,93.0,77.5,94.0,0.497
0022400109,1610612745,Houston,Rockets,HOU,rockets,240:00,576.1,115.2,537.2,107.4,38.9,7.8,0.571,1.67,15.6,0.308,0.604,0.457,13.043,13.0,0.5,0.555,1.0,1.0,18.6,93.0,77.5,92.0,0.503
0022400103,1610612737,Atlanta,Hawks,ATL,hawks,240:00,561.3,112.3,576.2,115.2,-14.9,-3.0,0.821,2.0,21.6,0.222,0.725,0.49,15.094,15.1,0.574,0.614,1.0,0.974,21.1,105.5,87.92,106.0,0.542
0022400103,1610612764,Washington,Wizards,WAS,wizards,240:00,576.2,115.2,561.3,112.3,14.9,3.0,0.585,1.33,16.8,0.275,0.778,0.51,17.143,17.1,0.566,0.601,1.0,0.992,21.1,105.5,87.92,105.0,0.458
0022400102,1610612753,Orlando,Magic,ORL,magic,240:00,595.0,119.0,569.3,113.9,25.7,5.1,0.667,1.73,18.3,0.34,0.698,0.53,15.0,15.0,0.548,0.597,1.0,0.991,20.1,100.5,83.75,100.0,0.537
0022400102,1610612754,Indiana,Pacers,IND,pacers,240:00,569.3,113.9,595.0,119.0,-25.7,-5.1,0.61,1.92,17.7,0.302,0.66,0.47,12.871,12.9,0.54,0.568,1.0,0.974,20.1,100.5,83.75,101.0,0.463
0022400108,1610612763,Memphis,Grizzlies,MEM,grizzlies,240:00,591.3,118.3,600.0,120.0,-8.7,-1.7,0.725,3.7,22.7,0.354,0.759,0.545,9.615,9.6,0.523,0.527,1.0,1.0,20.9,104.5,87.08,104.0,0.488
0022400108,1610612741,Chicago,Bulls,CHI,bulls,240:00,600.0,120.0,591.3,118.3,8.7,1.7,0.8,4.0,23.4,0.241,0.646,0.455,8.571,8.6,0.575,0.586,1.0,0.983,20.9,104.5,87.08,105.0,0.512
0022400111,1610612756,Phoenix,Suns,PHX,suns,240:00,567.7,113.5,541.2,108.2,26.5,5.3,0.525,1.91,16.3,0.245,0.695,0.491,11.458,11.5,0.523,0.569,1.0,0.981,19.3,96.5,80.42,96.0,0.538
0022400111,1610612747,Los Angeles,Lakers,LAL,lakers,240:00,541.2,108.2,567.7,113.5,-26.5,-5.3,0.641,2.08,17.9,0.305,0.755,0.509,12.371,12.4,0.489,0.515,1.0,0.965,19.3,96.5,80.42,97.0,0.462
0022400106,1610612752,New York,Knicks,NYK,knicks,240:00,541.7,108.3,561.2,112.2,-19.6,-3.9,0.55,1.38,16.1,0.365,0.705,0.521,16.667,16.7,0.494,0.531,1.0,0.991,19.4,97.0,80.83,96.0,0.453
0022400106,1610612739,Cleveland,Cavaliers,CLE,cavaliers,240:00,561.2,112.2,541.7,108.3,19.6,3.9,0.538,1.5,16.0,0.295,0.635,0.479,14.286,14.3,0.549,0.594,1.0,0.964,19.4,97.0,80.83,98.0,0.547
0022400107,1610612761,Toronto,Raptors,TOR,raptors,265:00,548.2,109.6,561.9,112.4,-13.7,-2.7,0.612,2.0,18.1,0.387,0.712,0.535,13.158,13.2,0.495,0.529,1.0,0.978,20.56,102.79,85.66,114.0,0.469
0022400107,1610612743,Denver,Nuggets,DEN,nuggets,265:00,561.9,112.4,548.2,109.6,13.7,2.7,0.617,1.81,18.5,0.288,0.613,0.465,14.159,14.2,0.536,0.582,1.0,0.984,20.56,102.79,85.66,113.0,0.531
0022400112,1610612758,Sacramento,Kings,SAC,kings,240:00,572.2,114.4,500.0,100.0,72.2,14.4,0.676,1.56,18.8,0.244,0.673,0.474,16.495,16.5,0.543,0.603,1.0,0.981,19.5,97.5,81.25,97.0,0.579
0022400112,1610612757,Portland,Trail Blazers,POR,blazers,240:00,500.0,100.0,572.2,114.4,-72.2,-14.4,0.486,0.94,12.9,0.327,0.756,0.526,18.367,18.4,0.446,0.509,1.0,0.983,19.5,97.5,81.25,98.0,0.421
0022400104,1610612738,Boston,Celtics,BOS,celtics,240:00,589.1,117.8,529.4,105.9,59.7,11.9,0.558,1.71,17.9,0.191,0.796,0.5,13.861,13.9,0.598,0.624,1.0,0.973,20.3,101.5,84.58,101.0,0.559
0022400104,1610612749,Milwaukee,Bucks,MIL,bucks,240:00,529.4,105.9,589.1,117.8,-59.7,-11.9,0.486,1.06,13.8,0.204,0.809,0.5,16.667,16.7,0.5,0.565,1.0,0.973,20.3,101.5,84.58,102.0,0.441
0022400110,1610612742,Dallas,Mavericks,DAL,mavericks,240:00,550.0,110.0,505.0,101.0,45.0,9.0,0.628,1.93,18.6,0.327,0.633,0.487,14.0,14.0,0.511,0.537,1.0,0.983,20.1,100.5,83.75,100.0,0.553
0022400110,1610612762,Utah,Jazz,UTA,jazz,240:00,505.0,101.0,550.0,110.0,-45.0,-9.0,0.706,1.6,16.3,0.367,0.673,0.513,14.851,14.9,0.424,0.487,1.0,0.959,20.1,100.5,83.75,101.0,0.447
0022400105,1610612748,Miami,Heat,MIA,heat,240:00,552.1,110.4,510.4,102.1,41.7,8.3,0.632,2.0,17.9,0.264,0.643,0.459,12.5,12.5,0.517,0.548,1.0,0.955,19.2,96.0,80.0,96.0,0.595
0022400105,1610612765,Detroit,Pistons,DET,pistons,240:00,510.4,102.1,552.1,110.4,-41.7,-8.3,0.4,0.82,10.8,0.357,0.736,0.541,17.708,17.7,0.462,0.498,1.0,0.974,19.2,96.0,80.0,96.0,0.405
0022400099,1610612757,Portland,Trail Blazers,POR,blazers,240:00,644.3,128.9,530.9,106.2,113.4,22.7,0.581,1.56,16.8,0.5,0.604,0.551,16.495,16.5,0.538,0.584,1.0,0.984,19.4,97.0,80.83,97.0,0.584
0022400099,1610612740,New Orleans,Pelicans,NOP,pelicans,240:00,530.9,106.2,644.3,128.9,-113.4,-22.7,0.632,1.41,16.9,0.396,0.5,0.449,17.526,17.5,0.477,0.523,1.0,0.966,19.4,97.0,80.83,97.0,0.416
0022400097,1610612754,Indiana,Pacers,IND,pacers,265:00,527.8,105.6,541.3,108.3,-13.5,-2.7,0.718,1.4,18.9,0.265,0.552,0.421,18.519,18.5,0.542,0.576,1.0,0.983,19.65,98.26,81.89,108.0,0.517
0022400097,1610612755,Philadelphia,76ers,PHI,sixers,265:00,541.3,108.3,527.8,105.6,13.5,2.7,0.357,0.75,10.0,0.448,0.735,0.579,18.349,18.3,0.485,0.528,1.0,0.97,19.65,98.26,81.89,109.0,0.483
0022400098,1610612751,Brooklyn,Nets,BKN,nets,240:00,580.8,116.2,515.2,103.0,65.7,13.1,0.59,1.92,16.8,0.283,0.795,0.515,12.121,12.1,0.516,0.569,1.0,0.982,19.8,99.0,82.5,99.0,0.523
0022400098,1610612749,Milwaukee,Bucks,MIL,bucks,240:00,515.2,103.0,580.8,116.2,-65.7,-13.1,0.606,1.11,15.7,0.205,0.717,0.485,18.182,18.2,0.514,0.582,1.0,0.991,19.8,99.0,82.5,99.0,0.477
0022400101,1610612744,Golden State,Warriors,GSW,warriors,240:00,500.0,100.0,543.7,108.7,-43.7,-8.7,0.5,0.9,13.6,0.315,0.686,0.495,20.192,20.2,0.511,0.532,1.0,0.975,20.7,103.5,86.25,104.0,0.427
0022400101,1610612746,LA,Clippers,LAC,clippers,240:00,543.7,108.7,500.0,100.0,43.7,8.7,0.643,1.5,18.5,0.314,0.685,0.505,17.476,17.5,0.522,0.559,1.0,0.983,20.7,103.5,86.25,103.0,0.573
0022400100,1610612760,Oklahoma City,Thunder,OKC,thunder,240:00,627.5,125.5,514.9,103.0,112.6,22.5,0.591,2.6,18.2,0.306,0.617,0.477,9.804,9.8,0.584,0.621,1.0,0.966,20.3,101.5,84.58,102.0,0.636
0022400100,1610612737,Atlanta,Hawks,ATL,hawks,240:00,514.9,103.0,627.5,125.5,-112.6,-22.5,0.667,1.2,16.2,0.383,0.694,0.523,19.802,19.8,0.451,0.501,1.0,0.976,20.3,101.5,84.58,101.0,0.364
0022400089,1610612765,Detroit,Pistons,DET,pistons,240:00,608.2,121.6,632.7,126.5,-24.4,-4.9,0.628,1.8,19.0,0.383,0.673,0.535,15.464,15.5,0.568,0.604,1.0,0.974,19.5,97.5,81.25,97.0,0.504
0022400089,1610612738,Boston,Celtics,BOS,celtics,240:00,632.7,126.5,608.2,121.6,24.4,4.9,0.5,1.9,14.2,0.327,0.617,0.465,10.204,10.2,0.544,0.601,1.0,0.974,19.5,97.5,81.25,98.0,0.496
0022400088,1610612766,Charlotte,Hornets,CHA,hornets,240:00,540.8,108.2,581.6,116.3,-40.8,-8.2,0.513,1.0,14.4,0.396,0.694,0.539,20.408,20.4,0.511,0.539,1.0,0.966,19.6,98.0,81.67,98.0,0.404
0022400088,1610612748,Miami,Heat,MIA,heat,240:00,581.6,116.3,540.8,108.2,40.8,8.2,0.825,2.36,22.8,0.306,0.604,0.461,14.286,14.3,0.547,0.58,1.0,0.982,19.6,98.0,81.67,98.0,0.596
0022400091,1610612741,Chicago,Bulls,CHI,bulls,240:00,413.0,82.6,495.7,99.1,-82.6,-16.5,0.719,0.88,15.1,0.222,0.828,0.528,22.609,22.6,0.429,0.467,1.0,0.984,23.0,115.0,95.83,115.0,0.392
0022400091,1610612760,Oklahoma City,Thunder,OKC,thunder,240:00,495.7,99.1,413.0,82.6,82.6,16.5,0.467,2.1,14.4,0.172,0.778,0.472,8.696,8.7,0.458,0.492,1.0,0.992,23.0,115.0,95.83,115.0,0.608
0022400092,1610612763,Memphis,Grizzlies,MEM,grizzlies,240:00,590.5,118.1,533.7,106.7,56.8,11.4,0.826,2.11,24.7,0.279,0.685,0.505,17.143,17.1,0.61,0.642,1.0,0.966,20.9,104.5,87.08,105.0,0.604
0022400092,1610612753,Orlando,Magic,ORL,magic,240:00,533.7,106.7,590.5,118.1,-56.8,-11.4,0.568,1.11,15.0,0.315,0.721,0.495,18.269,18.3,0.523,0.559,1.0,0.992,20.9,104.5,87.08,104.0,0.396
0022400096,1610612747,Los Angeles,Lakers,LAL,lakers,240:00,612.1,122.4,599.1,119.8,13.1,2.6,0.667,1.68,20.5,0.378,0.818,0.596,17.757,17.8,0.598,0.639,1.0,0.976,21.3,106.5,88.75,107.0,0.504
0022400096,1610612758,Sacramento,Kings,SAC,kings,240:00,599.1,119.8,612.1,122.4,-13.1,-2.6,0.711,2.29,21.9,0.182,0.622,0.404,13.208,13.2,0.597,0.641,1.0,0.991,21.3,106.5,88.75,106.0,0.496
0022400093,1610612750,Minnesota,Timberwolves,MIN,timberwolves,240:00,554.5,110.9,505.0,101.0,49.5,9.9,0.744,2.23,20.7,0.213,0.686,0.459,12.871,12.9,0.554,0.593,1.0,0.973,20.1,100.5,83.75,101.0,0.565
0022400093,1610612761,Toronto,Raptors,TOR,raptors,240:00,505.0,101.0,554.5,110.9,-49.5,-9.9,0.707,1.45,20.0,0.314,0.787,0.541,20.0,20.0,0.511,0.528,1.0,0.991,20.1,100.5,83.75,100.0,0.435
0022400090,1610612764,Washington,Wizards,WAS,wizards,240:00,557.7,111.5,636.8,127.4,-79.1,-15.8,0.676,1.67,16.6,0.355,0.63,0.472,14.423,14.4,0.464,0.527,1.0,1.0,21.0,105.0,87.5,104.0,0.4
0022400090,1610612739,Cleveland,Cavaliers,CLE,cavaliers,240:00,636.8,127.4,557.7,111.5,79.1,15.8,0.574,1.59,18.1,0.37,0.645,0.528,16.038,16.0,0.636,0.656,1.0,0.975,21.0,105.0,87.5,106.0,0.6
0022400087,1610612743,Denver,Nuggets,DEN,nuggets,240:00,536.1,107.2,573.7,114.7,-37.6,-7.5,0.571,2.0,15.2,0.278,0.705,0.469,10.309,10.3,0.483,0.533,1.0,0.964,19.2,96.0,80.0,97.0,0.461
0022400087,1610612746,LA,Clippers,LAC,clippers,240:00,573.7,114.7,536.1,107.2,37.6,7.5,0.75,1.76,21.7,0.295,0.722,0.531,17.895,17.9,0.561,0.597,1.0,0.991,19.2,96.0,80.0,95.0,0.539
0022400094,1610612759,San Antonio,Spurs,SAS,spurs,240:00,567.7,113.5,557.9,111.6,9.8,2.0,0.59,1.35,17.6,0.317,0.702,0.541,17.708,17.7,0.544,0.597,1.0,0.991,19.1,95.5,79.58,96.0,0.583
0022400094,1610612745,Houston,Rockets,HOU,rockets,240:00,557.9,111.6,567.7,113.5,-9.8,-2.0,0.553,1.91,15.9,0.298,0.683,0.459,11.579,11.6,0.484,0.524,1.0,0.991,19.1,95.5,79.58,95.0,0.417
0022400095,1610612756,Phoenix,Suns,PHX,suns,240:00,587.6,117.5,520.4,104.1,67.2,13.4,0.722,2.36,19.4,0.239,0.754,0.524,11.34,11.3,0.538,0.592,1.0,0.991,19.5,97.5,81.25,97.0,0.589
0022400095,1610612742,Dallas,Mavericks,DAL,mavericks,240:00,520.4,104.1,587.6,117.5,-67.2,-13.4,0.595,2.44,16.5,0.246,0.761,0.476,9.184,9.2,0.468,0.505,1.0,0.973,19.5,97.5,81.25,98.0,0.411
0022400085,1610612747,Los Angeles,Lakers,LAL,lakers,240:00,608.9,121.8,568.6,113.7,40.3,8.1,0.825,2.54,23.4,0.189,0.8,0.506,12.871,12.9,0.627,0.667,1.0,0.981,20.3,101.5,84.58,101.0,0.541
0022400085,1610612756,Phoenix,Suns,PHX,suns,240:00,568.6,113.7,608.9,121.8,-40.3,-8.1,0.833,2.06,24.3,0.2,0.811,0.494,16.667,16.7,0.616,0.648,1.0,0.972,20.3,101.5,84.58,102.0,0.459
0022400086,1610612757,Portland,Trail Blazers,POR,blazers,240:00,504.9,101.0,514.7,102.9,-9.8,-2.0,0.703,1.3,18.1,0.309,0.741,0.523,19.608,19.6,0.483,0.521,1.0,0.992,20.4,102.0,85.0,102.0,0.491
0022400086,1610612740,New Orleans,Pelicans,NOP,pelicans,240:00,514.7,102.9,504.9,101.0,9.8,2.0,0.694,1.79,18.0,0.259,0.691,0.477,13.725,13.7,0.488,0.527,1.0,1.0,20.4,102.0,85.0,102.0,0.509
0022400081,1610612752,New York,Knicks,NYK,knicks,240:00,634.0,126.8,500.0,100.0,134.0,26.8,0.432,1.58,14.8,0.293,0.711,0.512,12.371,12.4,0.595,0.636,1.0,0.991,19.5,97.5,81.25,97.0,0.591
0022400081,1610612754,Indiana,Pacers,IND,pacers,240:00,500.0,100.0,634.0,126.8,-134.0,-26.8,0.683,1.75,20.1,0.289,0.707,0.488,16.327,16.3,0.512,0.534,1.0,0.964,19.5,97.5,81.25,98.0,0.409
0022400079,1610612737,Atlanta,Hawks,ATL,hawks,240:00,595.2,119.0,582.5,116.5,12.7,2.5,0.641,1.79,17.6,0.267,0.567,0.438,13.333,13.3,0.568,0.64,1.0,0.957,20.8,104.0,86.67,105.0,0.577
0022400079,1610612766,Charlotte,Hornets,CHA,hornets,240:00,582.5,116.5,595.2,119.0,-12.7,-2.5,0.595,1.22,14.6,0.433,0.733,0.562,17.476,17.5,0.495,0.547,1.0,0.992,20.8,104.0,86.67,103.0,0.423
0022400082,1610612745,Houston,Rockets,HOU,rockets,240:00,587.2,117.4,500.0,100.0,87.2,17.4,0.465,1.05,12.8,0.467,0.683,0.575,17.431,17.4,0.526,0.562,1.0,0.971,21.7,108.5,90.42,109.0,0.581
0022400082,1610612763,Memphis,Grizzlies,MEM,grizzlies,240:00,500.0,100.0,587.2,117.4,-87.2,-17.4,0.632,1.26,15.9,0.317,0.533,0.425,17.593,17.6,0.473,0.505,1.0,0.976,21.7,108.5,90.42,108.0,0.419
0022400084,1610612762,Utah,Jazz,UTA,jazz,240:00,413.5,82.7,616.5,123.3,-203.0,-40.6,0.621,0.82,12.5,0.343,0.607,0.463,21.154,21.2,0.364,0.416,1.0,0.968,20.7,103.5,86.25,104.0,0.269
0022400084,1610612744,Golden State,Warriors,GSW,warriors,240:00,616.5,123.3,413.5,82.7,203.0,40.6,0.686,2.33,22.0,0.393,0.657,0.537,14.563,14.6,0.575,0.584,1.0,0.984,20.7,103.5,86.25,103.0,0.731
0022400078,1610612761,Toronto,Raptors,TOR,raptors,240:00,569.3,113.9,524.5,104.9,44.8,9.0,0.714,0.93,16.8,0.523,0.727,0.636,26.733,26.7,0.5,0.597,1.0,0.984,20.3,101.5,84.58,101.0,0.632
0022400078,1610612755,Philadelphia,76ers,PHI,sixers,240:00,524.5,104.9,569.3,113.9,-44.8,-9.0,0.655,1.19,14.2,0.273,0.477,0.364,15.686,15.7,0.441,0.539,1.0,0.991,20.3,101.5,84.58,102.0,0.368
0022400083,1610612749,Milwaukee,Bucks,MIL,bucks,240:00,570.1,114.0,610.1,122.0,-40.0,-8.0,0.522,1.6,16.8,0.24,0.78,0.51,14.019,14.0,0.565,0.587,1.0,0.992,21.6,108.0,90.0,107.0,0.45
0022400083,1610612741,Chicago,Bulls,CHI,bulls,240:00,610.1,122.0,570.1,114.0,40.0,8.0,0.652,3.0,20.0,0.22,0.76,0.49,9.174,9.2,0.589,0.627,1.0,0.958,21.6,108.0,90.0,109.0,0.55
0022400077,1610612753,Orlando,Magic,ORL,magic,240:00,591.8,118.4,510.1,102.0,81.7,16.3,0.718,2.15,21.1,0.175,0.745,0.495,13.265,13.3,0.62,0.648,1.0,0.981,19.7,98.5,82.08,98.0,0.65
0022400077,1610612751,Brooklyn,Nets,BKN,nets,240:00,510.1,102.0,591.8,118.4,-81.7,-16.3,0.629,1.16,16.5,0.255,0.825,0.505,19.192,19.2,0.506,0.547,1.0,0.964,19.7,98.5,82.08,99.0,0.35
0022400080,1610612739,Cleveland,Cavaliers,CLE,cavaliers,240:00,570.7,114.1,505.0,101.0,65.7,13.1,0.667,2.15,20.9,0.182,0.739,0.467,13.131,13.1,0.591,0.613,1.0,0.981,19.9,99.5,82.92,99.0,0.603
0022400080,1610612765,Detroit,Pistons,DET,pistons,240:00,505.0,101.0,570.7,114.1,-65.7,-13.1,0.658,1.14,18.2,0.261,0.818,0.533,22.0,22.0,0.549,0.571,1.0,0.973,19.9,99.5,82.92,100.0,0.397
0022400075,1610612743,Denver,Nuggets,DEN,nuggets,240:00,439.4,87.9,520.4,104.1,-81.0,-16.2,0.829,1.81,19.0,0.391,0.683,0.532,16.162,16.2,0.393,0.418,1.0,0.968,19.7,98.5,82.08,99.0,0.472
0022400075,1610612760,Oklahoma City,Thunder,OKC,thunder,240:00,520.4,104.1,439.4,87.9,81.0,16.2,0.535,1.92,16.4,0.317,0.609,0.468,12.245,12.2,0.465,0.48,1.0,0.991,19.7,98.5,82.08,98.0,0.528
0022400074,1610612742,Dallas,Mavericks,DAL,mavericks,240:00,576.9,115.4,519.0,103.8,57.9,11.6,0.643,2.7,18.1,0.302,0.714,0.482,9.615,9.6,0.505,0.535,1.0,0.992,20.9,104.5,87.08,104.0,0.496
0022400074,1610612759,San Antonio,Spurs,SAS,spurs,240:00,519.0,103.8,576.9,115.4,-57.9,-11.6,0.769,1.58,20.3,0.286,0.698,0.518,18.095,18.1,0.523,0.564,1.0,0.983,20.9,104.5,87.08,105.0,0.504
0022400073,1610612764,Washington,Wizards,WAS,wizards,240:00,495.1,99.0,586.5,117.3,-91.4,-18.3,0.659,1.8,18.5,0.286,0.7,0.481,14.563,14.6,0.468,0.496,1.0,0.975,20.7,103.5,86.25,103.0,0.436
0022400073,1610612738,Boston,Celtics,BOS,celtics,240:00,586.5,117.3,495.1,99.0,91.4,18.3,0.5,1.5,15.0,0.3,0.714,0.519,13.462,13.5,0.561,0.599,1.0,0.975,20.7,103.5,86.25,104.0,0.564
0022400076,1610612758,Sacramento,Kings,SAC,kings,240:00,563.7,112.7,579.2,115.8,-15.5,-3.1,0.553,2.33,16.0,0.191,0.83,0.511,8.824,8.8,0.53,0.59,1.0,0.982,20.3,101.5,84.58,102.0,0.515
0022400076,1610612750,Minnesota,Timberwolves,MIN,timberwolves,240:00,579.2,115.8,563.7,112.7,15.5,3.1,0.585,1.41,18.0,0.17,0.809,0.489,16.832,16.8,0.593,0.626,1.0,0.991,20.3,101.5,84.58,101.0,0.485
0022400072,1610612757,Portland,Trail Blazers,POR,blazers,240:00,481.5,96.3,642.2,128.4,-160.7,-32.1,0.583,1.17,14.5,0.271,0.612,0.426,16.667,16.7,0.435,0.494,1.0,0.984,21.7,108.5,90.42,108.0,0.324
0022400072,1610612744,Golden State,Warriors,GSW,warriors,240:00,642.2,128.4,481.5,96.3,160.7,32.1,0.792,2.11,22.9,0.388,0.729,0.574,16.514,16.5,0.624,0.659,1.0,0.969,21.7,108.5,90.42,109.0,0.676
0022400068,1610612745,Houston,Rockets,HOU,rockets,240:00,546.9,109.4,572.9,114.6,-26.0,-5.2,0.5,2.38,13.6,0.373,0.6,0.47,8.333,8.3,0.432,0.47,1.0,0.983,19.2,96.0,80.0,96.0,0.427
0022400068,1610612766,Charlotte,Hornets,CHA,hornets,240:00,572.9,114.6,546.9,109.4,26.0,5.2,0.526,1.18,14.7,0.4,0.627,0.53,17.708,17.7,0.535,0.576,1.0,0.966,19.2,96.0,80.0,96.0,0.573
0022400063,1610612765,Detroit,Pistons,DET,pistons,240:00,550.5,110.1,569.3,113.9,-18.8,-3.8,0.579,1.57,15.9,0.321,0.744,0.51,14.141,14.1,0.483,0.543,1.0,0.974,20.0,100.0,83.33,99.0,0.414
0022400063,1610612754,Indiana,Pacers,IND,pacers,240:00,569.3,113.9,550.5,110.1,18.8,3.8,0.762,2.13,22.2,0.256,0.679,0.49,14.851,14.9,0.56,0.612,1.0,0.964,20.0,100.0,83.33,101.0,0.586
0022400065,1610612748,Miami,Heat,MIA,heat,240:00,500.0,100.0,591.8,118.4,-91.8,-18.4,0.75,2.18,18.3,0.192,0.61,0.414,11.34,11.3,0.457,0.512,1.0,0.991,19.5,97.5,81.25,97.0,0.424
0022400065,1610612753,Orlando,Magic,ORL,magic,240:00,591.8,118.4,500.0,100.0,91.8,18.4,0.683,2.0,18.8,0.39,0.808,0.586,14.286,14.3,0.521,0.549,1.0,0.967,19.5,97.5,81.25,98.0,0.576
0022400069,1610612740,New Orleans,Pelicans,NOP,pelicans,240:00,569.4,113.9,513.9,102.8,55.6,11.1,0.644,2.42,19.5,0.231,0.78,0.5,11.111,11.1,0.536,0.579,1.0,0.975,21.6,108.0,90.0,108.0,0.572
0022400069,1610612741,Chicago,Bulls,CHI,bulls,240:00,513.9,102.8,569.4,113.9,-55.6,-11.1,0.619,1.24,17.9,0.22,0.769,0.5,19.444,19.4,0.547,0.572,1.0,0.983,21.6,108.0,90.0,108.0,0.428
0022400070,1610612762,Utah,Jazz,UTA,jazz,240:00,596.2,119.2,600.0,120.0,-3.8,-0.8,0.525,1.24,14.6,0.388,0.704,0.553,16.346,16.3,0.529,0.592,1.0,0.967,20.9,104.5,87.08,104.0,0.522
0022400070,1610612763,Memphis,Grizzlies,MEM,grizzlies,240:00,600.0,120.0,596.2,119.2,3.8,0.8,0.651,2.15,18.8,0.296,0.612,0.447,12.381,12.4,0.566,0.6,1.0,0.967,20.9,104.5,87.08,105.0,0.478
0022400066,1610612755,Philadelphia,76ers,PHI,sixers,240:00,545.0,109.0,607.8,121.6,-62.8,-12.6,0.439,1.8,12.9,0.356,0.78,0.53,10.0,10.0,0.459,0.496,1.0,1.0,20.2,101.0,84.17,100.0,0.37
0022400066,1610612749,Milwaukee,Bucks,MIL,bucks,240:00,607.8,121.6,545.0,109.0,62.8,12.6,0.628,1.93,19.6,0.22,0.644,0.47,13.725,13.7,0.638,0.662,1.0,0.964,20.2,101.0,84.17,102.0,0.63
0022400067,1610612761,Toronto,Raptors,TOR,raptors,240:00,514.6,102.9,673.3,134.7,-158.7,-31.7,0.694,1.32,16.9,0.385,0.718,0.527,18.447,18.4,0.488,0.537,1.0,0.959,20.4,102.0,85.0,103.0,0.352
0022400067,1610612739,Cleveland,Cavaliers,CLE,cavaliers,240:00,673.3,134.7,514.6,102.9,158.7,31.7,0.569,2.23,20.6,0.282,0.615,0.473,12.871,12.9,0.667,0.691,1.0,0.991,20.4,102.0,85.0,101.0,0.648
0022400071,1610612746,LA,Clippers,LAC,clippers,265:00,500.0,100.0,513.3,102.7,-13.3,-2.7,0.643,1.23,17.3,0.293,0.864,0.539,19.469,19.5,0.5,0.537,1.0,0.977,20.47,102.34,85.28,113.0,0.448
0022400071,1610612756,Phoenix,Suns,PHX,suns,265:00,513.3,102.7,500.0,100.0,13.3,2.7,0.658,1.14,17.4,0.136,0.707,0.461,19.469,19.5,0.583,0.624,1.0,0.975,20.47,102.34,85.28,113.0,0.552
0022400064,1610612737,Atlanta,Hawks,ATL,hawks,240:00,571.4,114.3,552.4,110.5,19.0,3.8,0.641,1.56,17.4,0.304,0.679,0.51,15.238,15.2,0.544,0.599,1.0,0.983,21.0,105.0,87.5,105.0,0.589
0022400064,1610612751,Brooklyn,Nets,BKN,nets,240:00,552.4,110.5,571.4,114.3,-19.0,-3.8,0.525,1.11,14.7,0.321,0.696,0.49,18.095,18.1,0.533,0.569,1.0,0.975,21.0,105.0,87.5,105.0,0.411
0022400062,1610612747,Los Angeles,Lakers,LAL,lakers,240:00,578.9,115.8,547.9,109.6,31.1,6.2,0.524,3.14,15.9,0.375,0.63,0.5,7.368,7.4,0.468,0.519,1.0,0.974,18.9,94.5,78.75,95.0,0.575
0022400062,1610612750,Minnesota,Timberwolves,MIN,timberwolves,240:00,547.9,109.6,578.9,115.8,-31.1,-6.2,0.486,1.06,13.0,0.37,0.625,0.5,17.021,17.0,0.488,0.532,1.0,0.982,18.9,94.5,78.75,94.0,0.425
0022400061,1610612738,Boston,Celtics,BOS,celtics,240:00,725.3,145.1,598.9,119.8,126.4,25.3,0.688,8.25,23.9,0.298,0.816,0.529,4.396,4.4,0.658,0.67,1.0,0.971,18.2,91.0,75.83,91.0,0.581
0022400061,1610612752,New York,Knicks,NYK,knicks,240:00,598.9,119.8,725.3,145.1,-126.4,-25.3,0.465,1.67,16.9,0.184,0.702,0.471,13.187,13.2,0.622,0.641,1.0,0.969,18.2,91.0,75.83,91.0,0.419
