gameId,teamId,teamCity,teamName,teamTricode,teamSlug,minutes,estimatedOffensiveRating,offensiveRating,estimatedDefensiveRating,defensiveRating,estimatedNetRating,netRating,assistPercentage,assistToTurnover,assistRatio,offensiveReboundPercentage,defensiveReboundPercentage,reboundPercentage,estimatedTeamTurnoverPercentage,turnoverRatio,effectiveFieldGoalPercentage,trueShootingPercentage,usagePercentage,estimatedUsagePercentage,estimatedPace,pace,pacePer40,possessions,PIE
0022201230,1610612757,Portland,Trail Blazers,POR,blazers,240:00,450.9,90.2,707.2,141.4,-256.3,-51.3,0.658,1.79,17.0,0.18,0.763,0.404,12.5,12.5,0.447,0.478,1.0,0.984,22.3,111.5,92.92,112.0,0.264
0022201230,1610612744,Golden State,Warriors,GSW,warriors,240:00,707.2,141.4,450.9,90.2,256.3,51.3,0.81,2.94,28.1,0.237,0.82,0.596,14.414,14.4,0.745,0.762,1.0,0.983,22.3,111.5,92.92,111.0,0.736
0022201219,1610612748,Miami,Heat,MIA,heat,240:00,608.9,121.8,550.0,110.0,58.9,11.8,0.667,1.67,21.4,0.244,0.732,0.526,17.822,17.8,0.651,0.67,1.0,0.982,20.1,100.5,83.75,101.0,0.556
0022201219,1610612753,Orlando,Magic,ORL,magic,240:00,550.0,110.0,608.9,121.8,-58.9,-11.8,0.763,2.07,20.1,0.268,0.756,0.474,14.0,14.0,0.517,0.547,1.0,0.991,20.1,100.5,83.75,100.0,0.444
0022201222,1610612764,Washington,Wizards,WAS,wizards,240:00,519.0,103.8,537.7,107.5,-18.7,-3.7,0.683,2.15,18.8,0.276,0.75,0.5,12.381,12.4,0.495,0.513,1.0,0.983,21.1,105.5,87.92,105.0,0.468
0022201222,1610612745,Houston,Rockets,HOU,rockets,240:00,537.7,107.5,519.0,103.8,18.7,3.7,0.545,1.6,16.8,0.25,0.724,0.5,14.151,14.2,0.522,0.557,1.0,0.992,21.1,105.5,87.92,106.0,0.532
0022201221,1610612761,Toronto,Raptors,TOR,raptors,240:00,599.0,119.8,519.8,104.0,79.2,15.8,0.604,3.22,20.6,0.234,0.848,0.538,8.911,8.9,0.563,0.593,1.0,0.982,20.2,101.0,84.17,101.0,0.556
0022201221,1610612749,Milwaukee,Bucks,MIL,bucks,240:00,519.8,104.0,599.0,119.8,-79.2,-15.8,0.737,2.0,20.6,0.152,0.766,0.462,13.861,13.9,0.537,0.575,1.0,0.981,20.2,101.0,84.17,101.0,0.444
0022201228,1610612747,Los Angeles,Lakers,LAL,lakers,240:00,609.5,121.9,551.9,110.4,57.6,11.5,0.596,2.55,19.2,0.25,0.804,0.524,10.476,10.5,0.577,0.602,1.0,0.983,21.1,105.5,87.92,105.0,0.53
0022201228,1610612762,Utah,Jazz,UTA,jazz,240:00,551.9,110.4,609.5,121.9,-57.6,-11.5,0.608,2.82,21.1,0.196,0.75,0.476,10.377,10.4,0.554,0.564,1.0,0.974,21.1,105.5,87.92,106.0,0.47
0022201229,1610612756,Phoenix,Suns,PHX,suns,240:00,553.4,110.7,583.3,116.7,-29.9,-6.0,0.69,4.14,19.6,0.271,0.679,0.47,6.796,6.8,0.495,0.524,1.0,0.975,20.5,102.5,85.42,103.0,0.483
0022201229,1610612746,LA,Clippers,LAC,clippers,240:00,583.3,116.7,553.4,110.7,29.9,6.0,0.449,2.2,15.5,0.321,0.729,0.53,9.804,9.8,0.515,0.538,1.0,0.992,20.5,102.5,85.42,102.0,0.517
0022201220,1610612752,New York,Knicks,NYK,knicks,240:00,612.6,122.5,635.1,127.0,-22.5,-4.5,0.558,1.93,17.9,0.367,0.804,0.557,13.514,13.5,0.551,0.578,1.0,0.985,22.2,111.0,92.5,111.0,0.469
0022201220,1610612754,Indiana,Pacers,IND,pacers,240:00,635.1,127.0,612.6,122.5,22.5,4.5,0.717,2.2,21.6,0.196,0.633,0.443,13.514,13.5,0.624,0.667,1.0,0.992,22.2,111.0,92.5,111.0,0.531
0022201216,1610612738,Boston,Celtics,BOS,celtics,240:00,612.2,122.4,581.6,116.3,30.6,6.1,0.786,2.2,22.8,0.292,0.685,0.5,15.306,15.3,0.612,0.631,1.0,0.982,19.6,98.0,81.67,98.0,0.508
0022201216,1610612737,Atlanta,Hawks,ATL,hawks,240:00,581.6,116.3,612.2,122.4,-30.6,-6.1,0.614,3.0,19.0,0.315,0.708,0.5,9.184,9.2,0.51,0.541,1.0,0.983,19.6,98.0,81.67,98.0,0.492
0022201224,1610612742,Dallas,Mavericks,DAL,mavericks,240:00,517.7,103.5,616.1,123.2,-98.4,-19.7,0.609,7.0,18.7,0.138,0.719,0.41,3.54,3.5,0.505,0.509,1.0,0.959,22.5,112.5,93.75,113.0,0.397
0022201224,1610612759,San Antonio,Spurs,SAS,spurs,240:00,616.1,123.2,517.7,103.5,98.4,19.7,0.608,2.58,19.5,0.281,0.862,0.59,10.714,10.7,0.563,0.589,1.0,0.992,22.5,112.5,93.75,112.0,0.603
0022201227,1610612743,Denver,Nuggets,DEN,nuggets,240:00,561.9,112.4,494.8,99.0,67.1,13.4,0.595,1.25,17.5,0.457,0.76,0.615,20.619,20.6,0.542,0.574,1.0,0.941,19.3,96.5,80.42,97.0,0.594
0022201227,1610612758,Sacramento,Kings,SAC,kings,240:00,494.8,99.0,561.9,112.4,-67.1,-13.4,0.649,1.6,18.2,0.24,0.543,0.385,15.625,15.6,0.5,0.519,1.0,0.991,19.3,96.5,80.42,96.0,0.406
0022201218,1610612739,Cleveland,Cavaliers,CLE,cavaliers,240:00,470.3,94.1,524.8,105.0,-54.5,-10.9,0.771,1.69,19.1,0.241,0.717,0.46,15.842,15.8,0.449,0.495,1.0,0.982,20.2,101.0,84.17,101.0,0.429
0022201218,1610612766,Charlotte,Hornets,CHA,hornets,240:00,524.8,105.0,470.3,94.1,54.5,10.9,0.622,1.21,16.9,0.283,0.759,0.54,18.812,18.8,0.494,0.563,1.0,0.982,20.2,101.0,84.17,101.0,0.571
0022201223,1610612741,Chicago,Bulls,CHI,bulls,240:00,520.2,104.0,409.1,81.8,111.1,22.2,0.525,5.25,15.9,0.211,0.673,0.438,4.04,4.0,0.453,0.492,1.0,0.973,19.8,99.0,82.5,99.0,0.648
0022201223,1610612765,Detroit,Pistons,DET,pistons,240:00,409.1,81.8,520.2,104.0,-111.1,-22.2,0.645,0.8,14.6,0.327,0.789,0.563,25.253,25.3,0.418,0.446,1.0,0.966,19.8,99.0,82.5,99.0,0.352
0022201226,1610612760,Oklahoma City,Thunder,OKC,thunder,240:00,569.3,113.9,490.2,98.0,79.1,15.8,0.667,1.88,21.0,0.277,0.782,0.549,15.842,15.8,0.567,0.593,1.0,0.982,20.3,101.5,84.58,101.0,0.568
0022201226,1610612763,Memphis,Grizzlies,MEM,grizzlies,240:00,490.2,98.0,569.3,113.9,-79.1,-15.8,0.625,2.08,18.0,0.218,0.723,0.451,11.765,11.8,0.473,0.5,1.0,0.982,20.3,101.5,84.58,102.0,0.432
0022201217,1610612751,Brooklyn,Nets,BKN,nets,240:00,504.8,101.0,638.1,127.6,-133.3,-26.7,0.629,1.16,16.1,0.22,0.647,0.436,18.269,18.3,0.494,0.551,1.0,0.983,20.9,104.5,87.08,104.0,0.374
0022201217,1610612755,Philadelphia,76ers,PHI,sixers,240:00,638.1,127.6,504.8,101.0,133.3,26.7,0.585,2.38,20.3,0.353,0.78,0.564,12.381,12.4,0.594,0.613,1.0,0.984,20.9,104.5,87.08,105.0,0.626
0022201225,1610612750,Minnesota,Timberwolves,MIN,timberwolves,240:00,548.5,109.7,519.2,103.8,29.3,5.9,0.641,1.47,18.1,0.224,0.692,0.465,16.505,16.5,0.555,0.591,1.0,1.0,20.7,103.5,86.25,103.0,0.513
0022201225,1610612740,New Orleans,Pelicans,NOP,pelicans,240:00,519.2,103.8,548.5,109.7,-29.3,-5.9,0.45,1.2,13.0,0.308,0.776,0.535,14.423,14.4,0.461,0.525,1.0,0.975,20.7,103.5,86.25,104.0,0.487
0022201213,1610612762,Utah,Jazz,UTA,jazz,240:00,556.6,111.3,532.7,106.5,23.9,4.8,0.682,1.88,19.2,0.345,0.846,0.582,15.094,15.1,0.495,0.536,1.0,0.992,21.3,106.5,88.75,106.0,0.519
0022201213,1610612743,Denver,Nuggets,DEN,nuggets,240:00,532.7,106.5,556.6,111.3,-23.9,-4.8,0.78,2.29,21.8,0.154,0.655,0.418,13.084,13.1,0.539,0.567,1.0,0.983,21.3,106.5,88.75,107.0,0.481
0022201215,1610612746,LA,Clippers,LAC,clippers,240:00,660.2,132.0,606.8,121.4,53.4,10.7,0.612,2.5,20.0,0.37,0.848,0.609,11.65,11.7,0.591,0.64,1.0,0.983,20.6,103.0,85.83,103.0,0.545
0022201215,1610612757,Portland,Trail Blazers,POR,blazers,240:00,606.8,121.4,660.2,132.0,-53.4,-10.7,0.681,3.2,22.5,0.152,0.63,0.391,9.709,9.7,0.607,0.631,1.0,0.982,20.6,103.0,85.83,103.0,0.455
0022201214,1610612759,San Antonio,Spurs,SAS,spurs,240:00,617.9,123.6,705.6,141.1,-87.7,-17.5,0.68,2.62,22.2,0.277,0.755,0.521,12.264,12.3,0.595,0.621,1.0,0.992,21.3,106.5,88.75,106.0,0.439
0022201214,1610612750,Minnesota,Timberwolves,MIN,timberwolves,240:00,705.6,141.1,617.9,123.6,87.7,17.5,0.75,6.0,26.1,0.245,0.723,0.479,6.542,6.5,0.673,0.685,1.0,0.983,21.3,106.5,88.75,107.0,0.561
0022201209,1610612740,New Orleans,Pelicans,NOP,pelicans,240:00,588.5,117.7,552.6,110.5,35.9,7.2,0.643,2.25,21.1,0.158,0.778,0.522,12.5,12.5,0.595,0.644,1.0,0.99,19.1,95.5,79.58,96.0,0.599
0022201209,1610612752,New York,Knicks,NYK,knicks,240:00,552.6,110.5,588.5,117.7,-35.9,-7.2,0.5,1.9,15.1,0.222,0.842,0.478,10.526,10.5,0.511,0.542,1.0,0.991,19.1,95.5,79.58,95.0,0.401
0022201202,1610612766,Charlotte,Hornets,CHA,hornets,240:00,524.0,104.8,538.5,107.7,-14.4,-2.9,0.579,1.29,15.9,0.269,0.686,0.476,16.346,16.3,0.506,0.546,1.0,1.0,20.8,104.0,86.67,104.0,0.485
0022201202,1610612745,Houston,Rockets,HOU,rockets,240:00,538.5,107.7,524.0,104.8,14.4,2.9,0.5,1.11,14.9,0.314,0.731,0.524,18.269,18.3,0.511,0.553,1.0,0.992,20.8,104.0,86.67,104.0,0.515
0022201212,1610612747,Los Angeles,Lakers,LAL,lakers,240:00,581.7,116.3,514.4,102.9,67.3,13.5,0.556,1.56,17.6,0.271,0.73,0.532,15.385,15.4,0.587,0.608,1.0,0.974,20.8,104.0,86.67,104.0,0.559
0022201212,1610612756,Phoenix,Suns,PHX,suns,240:00,514.4,102.9,581.7,116.3,-67.3,-13.5,0.535,2.56,16.0,0.27,0.729,0.468,8.654,8.7,0.457,0.486,1.0,0.983,20.8,104.0,86.67,104.0,0.441
0022201211,1610612758,Sacramento,Kings,SAC,kings,240:00,485.0,97.0,589.1,117.8,-104.1,-20.8,0.632,2.0,16.7,0.323,0.615,0.436,12.0,12.0,0.444,0.458,1.0,0.983,20.1,100.5,83.75,100.0,0.359
0022201211,1610612744,Golden State,Warriors,GSW,warriors,240:00,589.1,117.8,485.0,97.0,104.1,20.8,0.878,1.5,23.7,0.385,0.677,0.564,23.762,23.8,0.628,0.672,1.0,0.966,20.1,100.5,83.75,101.0,0.641
0022201206,1610612738,Boston,Celtics,BOS,celtics,240:00,636.8,127.4,531.3,106.3,105.6,21.1,0.822,1.76,25.0,0.41,0.732,0.6,22.105,22.1,0.648,0.67,1.0,0.973,19.1,95.5,79.58,95.0,0.621
0022201206,1610612761,Toronto,Raptors,TOR,raptors,240:00,531.3,106.3,636.8,127.4,-105.6,-21.1,0.525,2.63,16.0,0.268,0.59,0.4,8.333,8.3,0.478,0.508,1.0,0.973,19.1,95.5,79.58,96.0,0.379
0022201204,1610612764,Washington,Wizards,WAS,wizards,240:00,542.9,108.6,519.2,103.8,23.6,4.7,0.59,1.35,16.2,0.286,0.724,0.523,16.19,16.2,0.506,0.568,1.0,0.966,20.9,104.5,87.08,105.0,0.558
0022201204,1610612748,Miami,Heat,MIA,heat,240:00,519.2,103.8,542.9,108.6,-23.6,-4.7,0.605,1.63,17.9,0.276,0.714,0.477,15.385,15.4,0.515,0.523,1.0,1.0,20.9,104.5,87.08,104.0,0.442
0022201207,1610612751,Brooklyn,Nets,BKN,nets,240:00,515.3,103.1,424.2,84.8,91.1,18.2,0.771,2.7,19.7,0.222,0.649,0.441,10.204,10.2,0.444,0.505,1.0,0.982,19.7,98.5,82.08,98.0,0.63
0022201207,1610612753,Orlando,Magic,ORL,magic,240:00,424.2,84.8,515.3,103.1,-91.1,-18.2,0.548,0.81,12.6,0.351,0.778,0.559,21.212,21.2,0.397,0.445,1.0,0.983,19.7,98.5,82.08,99.0,0.37
0022201203,1610612754,Indiana,Pacers,IND,pacers,240:00,547.6,109.5,581.0,116.2,-33.3,-6.7,0.707,1.53,20.0,0.261,0.755,0.516,18.095,18.1,0.56,0.603,1.0,0.991,21.0,105.0,87.5,105.0,0.479
0022201203,1610612765,Detroit,Pistons,DET,pistons,240:00,581.0,116.2,547.6,109.5,33.3,6.7,0.545,1.85,17.0,0.245,0.739,0.484,12.381,12.4,0.561,0.601,1.0,0.983,21.0,105.0,87.5,105.0,0.521
0022201208,1610612749,Milwaukee,Bucks,MIL,bucks,240:00,558.8,111.8,671.6,134.3,-112.7,-22.5,0.714,1.58,20.3,0.314,0.714,0.495,18.627,18.6,0.571,0.589,1.0,0.966,20.4,102.0,85.0,102.0,0.392
0022201208,1610612763,Memphis,Grizzlies,MEM,grizzlies,240:00,671.6,134.3,558.8,111.8,112.7,22.5,0.736,3.25,25.5,0.286,0.686,0.505,11.765,11.8,0.677,0.688,1.0,0.982,20.4,102.0,85.0,102.0,0.608
0022201205,1610612737,Atlanta,Hawks,ATL,hawks,265:00,545.8,109.2,562.0,112.4,-16.2,-3.2,0.627,1.52,20.3,0.128,0.685,0.426,17.5,17.5,0.609,0.628,1.0,0.976,21.83,109.13,90.94,120.0,0.494
0022201205,1610612755,Philadelphia,76ers,PHI,sixers,265:00,562.0,112.4,545.8,109.2,16.2,3.2,0.647,1.65,19.3,0.315,0.872,0.574,16.529,16.5,0.554,0.593,1.0,0.978,21.83,109.13,90.94,121.0,0.506
0022201210,1610612742,Dallas,Mavericks,DAL,mavericks,240:00,554.5,110.9,575.0,115.0,-20.5,-4.1,0.548,2.3,17.2,0.185,0.822,0.475,9.901,9.9,0.548,0.567,1.0,0.964,20.1,100.5,83.75,101.0,0.468
0022201210,1610612741,Chicago,Bulls,CHI,bulls,240:00,575.0,115.0,554.5,110.9,20.5,4.1,0.522,2.0,18.2,0.178,0.815,0.525,12.0,12.0,0.585,0.599,1.0,0.991,20.1,100.5,83.75,100.0,0.532
0022201198,1610612755,Philadelphia,76ers,PHI,sixers,240:00,526.0,105.2,664.9,133.0,-138.9,-27.8,0.59,1.35,18.7,0.105,0.725,0.423,17.708,17.7,0.579,0.611,1.0,0.97,19.3,96.5,80.42,96.0,0.385
0022201198,1610612748,Miami,Heat,MIA,heat,240:00,664.9,133.0,526.0,105.2,138.9,27.8,0.796,3.55,26.5,0.275,0.895,0.577,11.34,11.3,0.659,0.682,1.0,0.963,19.3,96.5,80.42,97.0,0.615
0022201199,1610612759,San Antonio,Spurs,SAS,spurs,240:00,597.2,119.4,588.0,117.6,9.3,1.9,0.617,1.93,18.0,0.41,0.696,0.533,13.889,13.9,0.491,0.545,1.0,0.977,21.6,108.0,90.0,108.0,0.494
0022201199,1610612757,Portland,Trail Blazers,POR,blazers,240:00,588.0,117.6,597.2,119.4,-9.3,-1.9,0.667,2.13,21.9,0.304,0.59,0.467,14.815,14.8,0.583,0.611,1.0,0.983,21.6,108.0,90.0,108.0,0.506
0022201201,1610612756,Phoenix,Suns,PHX,suns,240:00,633.0,126.6,611.7,122.3,21.3,4.3,0.634,2.6,20.0,0.244,0.643,0.446,10.638,10.6,0.627,0.661,1.0,0.971,18.8,94.0,78.33,94.0,0.516
0022201201,1610612743,Denver,Nuggets,DEN,nuggets,240:00,611.7,122.3,633.0,126.6,-21.3,-4.3,0.545,1.85,18.2,0.357,0.756,0.554,13.83,13.8,0.578,0.617,1.0,0.981,18.8,94.0,78.33,94.0,0.484
0022201200,1610612762,Utah,Jazz,UTA,jazz,240:00,475.7,95.1,548.1,109.6,-72.3,-14.5,0.585,1.26,17.9,0.159,0.656,0.448,18.447,18.4,0.524,0.544,1.0,0.991,20.7,103.5,86.25,103.0,0.435
0022201200,1610612760,Oklahoma City,Thunder,OKC,thunder,240:00,548.1,109.6,475.7,95.1,72.3,14.5,0.744,2.23,19.0,0.344,0.841,0.552,12.5,12.5,0.479,0.526,1.0,0.984,20.7,103.5,86.25,104.0,0.565
0022201197,1610612753,Orlando,Magic,ORL,magic,240:00,465.3,93.1,590.0,118.0,-124.7,-24.9,0.636,0.95,15.4,0.3,0.762,0.511,21.782,21.8,0.476,0.514,1.0,0.974,20.1,100.5,83.75,101.0,0.379
0022201197,1610612739,Cleveland,Cavaliers,CLE,cavaliers,240:00,590.0,118.0,465.3,93.1,124.7,24.9,0.674,1.82,22.0,0.238,0.7,0.489,17.0,17.0,0.625,0.642,1.0,0.982,20.1,100.5,83.75,100.0,0.621
0022201189,1610612765,Detroit,Pistons,DET,pistons,240:00,580.6,116.1,661.3,132.3,-80.6,-16.1,0.659,1.93,20.3,0.302,0.636,0.471,15.054,15.1,0.565,0.599,1.0,0.981,18.6,93.0,77.5,93.0,0.426
0022201189,1610612751,Brooklyn,Nets,BKN,nets,240:00,661.3,132.3,580.6,116.1,80.6,16.1,0.8,2.77,24.8,0.364,0.698,0.529,13.978,14.0,0.622,0.64,1.0,0.963,18.6,93.0,77.5,93.0,0.574
0022201195,1610612742,Dallas,Mavericks,DAL,mavericks,240:00,627.6,125.5,613.4,122.7,14.1,2.8,0.545,2.4,18.2,0.217,0.557,0.411,10.204,10.2,0.607,0.635,1.0,0.972,19.5,97.5,81.25,98.0,0.506
0022201195,1610612758,Sacramento,Kings,SAC,kings,240:00,613.4,122.7,627.6,125.5,-14.1,-2.8,0.674,3.44,20.0,0.443,0.783,0.589,9.278,9.3,0.491,0.52,1.0,0.992,19.5,97.5,81.25,97.0,0.494
0022201196,1610612746,LA,Clippers,LAC,clippers,240:00,595.2,119.0,561.9,112.4,33.3,6.7,0.535,1.77,17.3,0.122,0.761,0.46,12.381,12.4,0.622,0.666,1.0,0.973,21.0,105.0,87.5,105.0,0.531
0022201196,1610612747,Los Angeles,Lakers,LAL,lakers,240:00,561.9,112.4,595.2,119.0,-33.3,-6.7,0.6,1.93,18.9,0.239,0.878,0.54,13.333,13.3,0.573,0.593,1.0,0.983,21.0,105.0,87.5,105.0,0.469
0022201193,1610612749,Milwaukee,Bucks,MIL,bucks,240:00,541.2,108.2,479.2,95.8,62.1,12.4,0.667,2.0,19.0,0.296,0.854,0.559,13.402,13.4,0.522,0.542,1.0,0.982,19.3,96.5,80.42,97.0,0.533
0022201193,1610612741,Chicago,Bulls,CHI,bulls,240:00,479.2,95.8,541.2,108.2,-62.1,-12.4,0.778,1.87,21.4,0.146,0.704,0.441,15.625,15.6,0.5,0.524,1.0,0.99,19.3,96.5,80.42,96.0,0.467
0022201190,1610612754,Indiana,Pacers,IND,pacers,240:00,620.2,124.0,650.9,130.2,-30.8,-6.2,0.733,1.94,22.0,0.289,0.528,0.418,16.346,16.3,0.603,0.644,1.0,1.0,21.0,105.0,87.5,104.0,0.472
0022201190,1610612752,New York,Knicks,NYK,knicks,240:00,650.9,130.2,620.2,124.0,30.8,6.2,0.654,1.89,20.6,0.472,0.711,0.582,16.981,17.0,0.61,0.622,1.0,0.947,21.0,105.0,87.5,106.0,0.528
0022201192,1610612738,Boston,Celtics,BOS,celtics,240:00,500.0,100.0,479.4,95.9,20.6,4.1,0.526,1.33,14.8,0.327,0.727,0.527,15.464,15.5,0.489,0.5,1.0,0.983,19.4,97.0,80.83,97.0,0.494
0022201192,1610612761,Toronto,Raptors,TOR,raptors,240:00,479.4,95.9,500.0,100.0,-20.6,-4.1,0.541,1.67,15.2,0.273,0.673,0.473,12.371,12.4,0.444,0.477,1.0,0.973,19.4,97.0,80.83,97.0,0.506
0022201191,1610612737,Atlanta,Hawks,ATL,hawks,240:00,626.2,125.2,542.1,108.4,84.1,16.8,0.698,1.76,19.9,0.333,0.717,0.547,15.888,15.9,0.589,0.659,1.0,0.975,21.4,107.0,89.17,107.0,0.592
0022201191,1610612764,Washington,Wizards,WAS,wizards,240:00,542.1,108.4,626.2,125.2,-84.1,-16.8,0.511,1.64,15.9,0.283,0.667,0.453,13.084,13.1,0.511,0.55,1.0,0.975,21.4,107.0,89.17,107.0,0.408
0022201194,1610612740,New Orleans,Pelicans,NOP,pelicans,265:00,621.6,124.3,590.1,118.0,31.5,6.3,0.795,2.19,22.0,0.26,0.672,0.481,14.414,14.4,0.619,0.656,1.0,0.976,20.11,100.53,83.77,111.0,0.529
0022201194,1610612763,Memphis,Grizzlies,MEM,grizzlies,265:00,590.1,118.0,621.6,124.3,-31.5,-6.3,0.66,2.36,20.2,0.328,0.74,0.519,12.613,12.6,0.538,0.57,1.0,0.977,20.11,100.53,83.77,111.0,0.471
0022201179,1610612764,Washington,Wizards,WAS,wizards,240:00,592.6,118.5,642.2,128.4,-49.6,-9.9,0.6,3.33,20.3,0.182,0.686,0.425,8.333,8.3,0.571,0.591,1.0,0.992,21.7,108.5,90.42,108.0,0.458
0022201179,1610612749,Milwaukee,Bucks,MIL,bucks,240:00,642.2,128.4,592.6,118.5,49.6,9.9,0.66,1.83,20.9,0.314,0.818,0.575,16.514,16.5,0.668,0.668,1.0,0.976,21.7,108.5,90.42,109.0,0.542
0022201176,1610612766,Charlotte,Hornets,CHA,hornets,240:00,520.8,104.2,631.6,126.3,-110.7,-22.1,0.75,1.5,20.5,0.22,0.755,0.511,18.75,18.8,0.545,0.586,1.0,0.971,19.1,95.5,79.58,96.0,0.417
0022201176,1610612761,Toronto,Raptors,TOR,raptors,240:00,631.6,126.3,520.8,104.2,110.7,22.1,0.643,3.86,20.1,0.245,0.78,0.489,7.368,7.4,0.563,0.598,1.0,0.991,19.1,95.5,79.58,95.0,0.583
0022201184,1610612763,Memphis,Grizzlies,MEM,grizzlies,240:00,583.3,116.7,534.3,106.9,49.0,9.8,0.714,2.5,21.4,0.191,0.741,0.495,11.765,11.8,0.586,0.615,1.0,0.982,20.4,102.0,85.0,102.0,0.574
0022201184,1610612757,Portland,Trail Blazers,POR,blazers,240:00,534.3,106.9,583.3,116.7,-49.0,-9.8,0.548,2.3,16.4,0.259,0.809,0.505,9.804,9.8,0.505,0.522,1.0,0.966,20.4,102.0,85.0,102.0,0.426
0022201187,1610612744,Golden State,Warriors,GSW,warriors,240:00,660.2,132.0,618.8,123.8,41.4,8.3,0.532,1.79,16.6,0.442,0.727,0.589,13.592,13.6,0.6,0.628,1.0,0.96,20.4,102.0,85.0,103.0,0.566
0022201187,1610612760,Oklahoma City,Thunder,OKC,thunder,240:00,618.8,123.8,660.2,132.0,-41.4,-8.3,0.523,2.3,16.5,0.273,0.558,0.411,9.901,9.9,0.532,0.577,1.0,1.0,20.4,102.0,85.0,101.0,0.434
0022201178,1610612753,Orlando,Magic,ORL,magic,240:00,594.7,118.9,603.1,120.6,-8.4,-1.7,0.556,1.92,18.5,0.341,0.795,0.568,13.684,13.7,0.562,0.586,1.0,1.0,19.2,96.0,80.0,95.0,0.493
0022201178,1610612739,Cleveland,Cavaliers,CLE,cavaliers,240:00,603.1,120.6,594.7,118.9,8.4,1.7,0.548,2.56,18.1,0.205,0.659,0.432,9.278,9.3,0.589,0.63,1.0,0.971,19.2,96.0,80.0,97.0,0.507
0022201186,1610612762,Utah,Jazz,UTA,jazz,265:00,599.1,119.8,608.1,121.6,-9.0,-1.8,0.617,2.07,19.5,0.196,0.712,0.469,12.613,12.6,0.606,0.642,1.0,0.967,20.11,100.53,83.77,111.0,0.484
0022201186,1610612747,Los Angeles,Lakers,LAL,lakers,265:00,608.1,121.6,599.1,119.8,9.0,1.8,0.563,2.25,17.8,0.288,0.804,0.531,10.811,10.8,0.563,0.606,1.0,0.976,20.11,100.53,83.77,111.0,0.516
0022201183,1610612745,Houston,Rockets,HOU,rockets,240:00,601.9,120.4,509.9,102.0,92.0,18.4,0.489,1.77,15.3,0.417,0.725,0.559,12.621,12.6,0.52,0.551,1.0,0.976,20.4,102.0,85.0,103.0,0.554
0022201183,1610612743,Denver,Nuggets,DEN,nuggets,240:00,509.9,102.0,601.9,120.4,-92.0,-18.4,0.634,1.3,18.4,0.275,0.583,0.441,19.802,19.8,0.534,0.543,1.0,1.0,20.4,102.0,85.0,101.0,0.446
0022201180,1610612751,Brooklyn,Nets,BKN,nets,240:00,536.8,107.4,569.1,113.8,-32.3,-6.5,0.538,2.1,16.2,0.264,0.723,0.48,10.526,10.5,0.506,0.53,1.0,0.963,18.9,94.5,78.75,95.0,0.456
0022201180,1610612750,Minnesota,Timberwolves,MIN,timberwolves,240:00,569.1,113.8,536.8,107.4,32.3,6.5,0.512,1.75,16.4,0.277,0.736,0.52,12.766,12.8,0.529,0.565,1.0,0.953,18.9,94.5,78.75,94.0,0.544
0022201177,1610612765,Detroit,Pistons,DET,pistons,240:00,570.7,114.1,641.3,128.3,-70.7,-14.1,0.583,1.5,17.4,0.211,0.769,0.494,15.217,15.2,0.568,0.619,1.0,0.98,18.4,92.0,76.67,92.0,0.418
0022201177,1610612748,Miami,Heat,MIA,heat,240:00,641.3,128.3,570.7,114.1,70.7,14.1,0.634,3.25,20.5,0.231,0.789,0.506,8.696,8.7,0.594,0.645,1.0,0.97,18.4,92.0,76.67,92.0,0.582
0022201181,1610612755,Philadelphia,76ers,PHI,sixers,240:00,578.7,115.7,567.4,113.5,11.2,2.2,0.538,1.75,17.6,0.225,0.661,0.479,13.483,13.5,0.571,0.606,1.0,0.959,17.8,89.0,74.17,89.0,0.508
0022201181,1610612738,Boston,Celtics,BOS,celtics,240:00,567.4,113.5,578.7,115.7,-11.2,-2.2,0.737,3.5,20.6,0.339,0.775,0.521,8.989,9.0,0.5,0.515,1.0,0.981,17.8,89.0,74.17,89.0,0.492
0022201188,1610612756,Phoenix,Suns,PHX,suns,240:00,586.7,117.3,484.5,96.9,102.2,20.4,0.581,1.79,17.5,0.408,0.772,0.604,14.286,14.3,0.539,0.572,1.0,0.966,19.5,97.5,81.25,98.0,0.614
0022201188,1610612759,San Antonio,Spurs,SAS,spurs,240:00,484.5,96.9,586.7,117.3,-102.2,-20.4,0.714,2.08,18.7,0.228,0.592,0.396,12.371,12.4,0.461,0.489,1.0,1.0,19.5,97.5,81.25,97.0,0.386
0022201182,1610612741,Chicago,Bulls,CHI,bulls,240:00,519.8,104.0,602.9,120.6,-83.1,-16.6,0.39,2.0,13.0,0.125,0.718,0.391,7.921,7.9,0.5,0.537,1.0,0.991,20.3,101.5,84.58,101.0,0.395
0022201182,1610612737,Atlanta,Hawks,ATL,hawks,240:00,602.9,120.6,519.8,104.0,83.1,16.6,0.542,1.53,18.8,0.282,0.875,0.609,16.667,16.7,0.616,0.652,1.0,0.973,20.3,101.5,84.58,102.0,0.605
0022201185,1610612740,New Orleans,Pelicans,NOP,pelicans,240:00,525.5,105.1,623.7,124.7,-98.2,-19.6,0.541,1.43,15.0,0.306,0.711,0.5,14.286,14.3,0.482,0.537,1.0,0.965,19.5,97.5,81.25,98.0,0.407
0022201185,1610612758,Sacramento,Kings,SAC,kings,240:00,623.7,124.7,525.5,105.1,98.2,19.6,0.761,2.92,24.1,0.289,0.694,0.5,12.371,12.4,0.599,0.62,1.0,0.991,19.5,97.5,81.25,97.0,0.593
0022201164,1610612751,Brooklyn,Nets,BKN,nets,240:00,544.1,108.8,539.2,107.8,4.9,1.0,0.658,2.78,18.4,0.176,0.704,0.448,8.824,8.8,0.494,0.55,1.0,0.973,20.4,102.0,85.0,102.0,0.488
0022201164,1610612762,Utah,Jazz,UTA,jazz,240:00,539.2,107.8,544.1,108.8,-4.9,-1.0,0.6,2.18,17.1,0.296,0.824,0.552,10.784,10.8,0.484,0.528,1.0,1.0,20.4,102.0,85.0,102.0,0.512
0022201168,1610612752,New York,Knicks,NYK,knicks,240:00,590.0,118.0,545.0,109.0,45.0,9.0,0.674,2.58,22.1,0.205,0.805,0.494,12.0,12.0,0.597,0.615,1.0,0.972,20.0,100.0,83.33,100.0,0.546
0022201168,1610612764,Washington,Wizards,WAS,wizards,240:00,545.0,109.0,590.0,118.0,-45.0,-9.0,0.667,1.37,19.4,0.195,0.795,0.506,19.0,19.0,0.595,0.627,1.0,0.972,20.0,100.0,83.33,100.0,0.454
0022201174,1610612749,Milwaukee,Bucks,MIL,bucks,240:00,629.0,125.8,565.2,113.0,63.8,12.8,0.609,2.33,21.2,0.297,0.75,0.553,12.903,12.9,0.638,0.656,1.0,0.942,18.5,92.5,77.08,93.0,0.605
0022201174,1610612755,Philadelphia,76ers,PHI,sixers,240:00,565.2,113.0,629.0,125.8,-63.8,-12.8,0.475,1.73,15.4,0.25,0.703,0.447,11.957,12.0,0.529,0.561,1.0,0.99,18.5,92.5,77.08,92.0,0.395
0022201171,1610612745,Houston,Rockets,HOU,rockets,240:00,550.5,110.1,670.0,134.0,-119.5,-23.9,0.523,2.3,16.4,0.3,0.727,0.481,10.101,10.1,0.495,0.512,1.0,0.974,19.9,99.5,82.92,99.0,0.349
0022201171,1610612747,Los Angeles,Lakers,LAL,lakers,240:00,670.0,134.0,550.5,110.1,119.5,23.9,0.692,6.0,24.3,0.273,0.7,0.519,6.0,6.0,0.608,0.636,1.0,0.973,19.9,99.5,82.92,100.0,0.651
0022201167,1610612737,Atlanta,Hawks,ATL,hawks,265:00,578.9,115.8,575.2,115.0,3.7,0.7,0.549,2.55,17.4,0.317,0.75,0.518,9.649,9.6,0.528,0.561,1.0,0.962,20.56,102.79,85.66,114.0,0.513
0022201167,1610612742,Dallas,Mavericks,DAL,mavericks,265:00,575.2,115.0,578.9,115.8,-3.7,-0.7,0.49,1.71,16.0,0.25,0.683,0.482,12.389,12.4,0.568,0.596,1.0,0.984,20.56,102.79,85.66,113.0,0.487
0022201173,1610612739,Cleveland,Cavaliers,CLE,cavaliers,240:00,575.0,115.0,519.8,104.0,55.2,11.0,0.523,1.77,16.8,0.292,0.694,0.495,13.0,13.0,0.539,0.567,1.0,0.974,20.1,100.5,83.75,100.0,0.553
0022201173,1610612754,Indiana,Pacers,IND,pacers,240:00,519.8,104.0,575.0,115.0,-55.2,-11.0,0.583,1.24,15.6,0.306,0.708,0.505,16.832,16.8,0.488,0.548,1.0,0.974,20.1,100.5,83.75,101.0,0.447
0022201170,1610612758,Sacramento,Kings,SAC,kings,265:00,587.7,117.5,622.8,124.6,-35.1,-7.0,0.49,1.6,15.5,0.328,0.646,0.472,13.158,13.2,0.529,0.572,1.0,0.992,20.65,103.25,86.04,114.0,0.443
0022201170,1610612759,San Antonio,Spurs,SAS,spurs,265:00,622.8,124.6,587.7,117.5,35.1,7.0,0.596,1.72,19.3,0.354,0.672,0.528,15.789,15.8,0.597,0.641,1.0,0.985,20.65,103.25,86.04,114.0,0.557
0022201163,1610612766,Charlotte,Hornets,CHA,hornets,240:00,556.7,111.3,659.8,132.0,-103.1,-20.6,0.619,1.44,19.3,0.295,0.583,0.446,18.557,18.6,0.582,0.595,1.0,0.982,19.4,97.0,80.83,97.0,0.397
0022201163,1610612761,Toronto,Raptors,TOR,raptors,240:00,659.8,132.0,556.7,111.3,103.1,20.6,0.679,4.75,24.5,0.417,0.705,0.554,8.247,8.2,0.577,0.595,1.0,0.974,19.4,97.0,80.83,97.0,0.603
0022201166,1610612750,Minnesota,Timberwolves,MIN,timberwolves,240:00,530.3,106.1,540.4,108.1,-10.1,-2.0,0.763,1.61,21.2,0.209,0.754,0.52,18.182,18.2,0.551,0.589,1.0,0.981,19.8,99.0,82.5,99.0,0.526
0022201166,1610612757,Portland,Trail Blazers,POR,blazers,240:00,540.4,108.1,530.3,106.1,10.1,2.0,0.674,2.9,20.4,0.246,0.791,0.48,10.101,10.1,0.511,0.526,1.0,0.982,19.8,99.0,82.5,99.0,0.474
0022201165,1610612741,Chicago,Bulls,CHI,bulls,240:00,653.1,130.6,540.4,108.1,112.7,22.5,0.58,9.67,21.8,0.128,0.761,0.441,3.061,3.1,0.58,0.617,1.0,0.981,19.7,98.5,82.08,98.0,0.597
0022201165,1610612763,Memphis,Grizzlies,MEM,grizzlies,240:00,540.4,108.1,653.1,130.6,-112.7,-22.5,0.744,1.61,21.0,0.239,0.872,0.559,18.182,18.2,0.577,0.599,1.0,0.982,19.7,98.5,82.08,99.0,0.403
0022201175,1610612743,Denver,Nuggets,DEN,nuggets,240:00,560.0,112.0,550.0,110.0,10.0,2.0,0.545,1.85,16.6,0.375,0.54,0.462,13.0,13.0,0.485,0.519,1.0,0.967,20.0,100.0,83.33,100.0,0.518
0022201175,1610612744,Golden State,Warriors,GSW,warriors,240:00,550.0,110.0,560.0,112.0,-10.0,-2.0,0.619,1.73,16.8,0.46,0.625,0.538,15.0,15.0,0.443,0.489,1.0,0.984,20.0,100.0,83.33,100.0,0.482
0022201172,1610612760,Oklahoma City,Thunder,OKC,thunder,240:00,596.0,119.2,659.8,132.0,-63.8,-12.8,0.583,2.63,15.1,0.357,0.811,0.538,8.081,8.1,0.472,0.556,1.0,0.975,19.6,98.0,81.67,99.0,0.436
0022201172,1610612756,Phoenix,Suns,PHX,suns,240:00,659.8,132.0,596.0,119.2,63.8,12.8,0.674,2.38,23.0,0.189,0.643,0.462,13.402,13.4,0.648,0.686,1.0,1.0,19.6,98.0,81.67,97.0,0.564
0022201169,1610612753,Orlando,Magic,ORL,magic,240:00,640.0,128.0,505.0,101.0,135.0,27.0,0.698,1.88,21.6,0.256,0.74,0.528,16.0,16.0,0.687,0.691,1.0,0.972,20.1,100.5,83.75,100.0,0.653
0022201169,1610612765,Detroit,Pistons,DET,pistons,240:00,505.0,101.0,640.0,128.0,-135.0,-27.0,0.688,1.38,16.4,0.26,0.744,0.472,15.842,15.8,0.468,0.543,1.0,0.982,20.1,100.5,83.75,101.0,0.347
0022201162,1610612740,New Orleans,Pelicans,NOP,pelicans,240:00,642.1,128.4,606.4,121.3,35.7,7.1,0.5,3.0,15.9,0.348,0.667,0.505,7.368,7.4,0.529,0.602,1.0,0.973,18.9,94.5,78.75,95.0,0.564
0022201162,1610612746,LA,Clippers,LAC,clippers,240:00,606.4,121.3,642.1,128.4,-35.7,-7.1,0.595,1.92,18.8,0.333,0.652,0.495,13.83,13.8,0.559,0.599,1.0,1.0,18.9,94.5,78.75,94.0,0.436
0022201161,1610612748,Miami,Heat,MIA,heat,240:00,658.2,131.6,616.2,123.2,42.0,8.4,0.6,2.45,19.6,0.302,0.967,0.575,11.224,11.2,0.599,0.653,1.0,0.955,19.7,98.5,82.08,98.0,0.505
0022201161,1610612742,Dallas,Mavericks,DAL,mavericks,240:00,616.2,123.2,658.2,131.6,-42.0,-8.4,0.681,2.29,24.2,0.033,0.698,0.425,14.141,14.1,0.701,0.726,1.0,0.97,19.7,98.5,82.08,99.0,0.495
0022201151,1610612764,Washington,Wizards,WAS,wizards,240:00,529.1,105.8,568.6,113.7,-39.5,-7.9,0.585,1.85,16.2,0.323,0.787,0.518,12.621,12.6,0.471,0.494,1.0,0.968,20.5,102.5,85.42,103.0,0.405
0022201151,1610612753,Orlando,Magic,ORL,magic,240:00,568.6,113.7,529.1,105.8,39.5,7.9,0.591,2.36,18.8,0.213,0.677,0.482,10.784,10.8,0.545,0.583,1.0,0.982,20.5,102.5,85.42,102.0,0.595
0022201153,1610612751,Brooklyn,Nets,BKN,nets,240:00,652.6,130.5,557.3,111.5,95.3,19.1,0.673,2.54,23.9,0.25,0.63,0.468,13.684,13.7,0.642,0.662,1.0,0.981,19.1,95.5,79.58,95.0,0.58
0022201153,1610612737,Atlanta,Hawks,ATL,hawks,240:00,557.3,111.5,652.6,130.5,-95.3,-19.1,0.59,2.09,16.8,0.37,0.75,0.532,11.458,11.5,0.473,0.529,1.0,0.991,19.1,95.5,79.58,96.0,0.42
0022201154,1610612739,Cleveland,Cavaliers,CLE,cavaliers,240:00,617.0,123.4,684.2,136.8,-67.2,-13.4,0.75,3.3,24.4,0.186,0.62,0.419,10.638,10.6,0.61,0.632,1.0,0.99,18.9,94.5,78.75,94.0,0.468
0022201154,1610612752,New York,Knicks,NYK,knicks,240:00,684.2,136.8,617.0,123.4,67.2,13.4,0.49,2.4,17.6,0.38,0.814,0.581,10.526,10.5,0.618,0.628,1.0,0.982,18.9,94.5,78.75,95.0,0.532
0022201148,1610612766,Charlotte,Hornets,CHA,hornets,240:00,474.0,94.8,630.2,126.0,-156.3,-31.3,0.771,1.23,20.6,0.205,0.778,0.494,22.917,22.9,0.545,0.559,1.0,0.981,19.2,96.0,80.0,96.0,0.348
0022201148,1610612741,Chicago,Bulls,CHI,bulls,240:00,630.2,126.0,474.0,94.8,156.3,31.3,0.556,3.57,19.1,0.222,0.795,0.506,7.292,7.3,0.585,0.619,1.0,0.981,19.2,96.0,80.0,96.0,0.653
0022201158,1610612744,Golden State,Warriors,GSW,warriors,240:00,656.6,131.3,575.0,115.0,81.6,16.3,0.787,2.47,24.2,0.333,0.66,0.5,15.152,15.2,0.618,0.636,1.0,0.983,19.9,99.5,82.92,99.0,0.559
0022201158,1610612759,San Antonio,Spurs,SAS,spurs,240:00,575.0,115.0,656.6,131.3,-81.6,-16.3,0.643,1.8,18.8,0.34,0.667,0.5,15.0,15.0,0.544,0.569,1.0,0.966,19.9,99.5,82.92,100.0,0.441
0022201149,1610612754,Indiana,Pacers,IND,pacers,240:00,576.2,115.2,557.1,111.4,19.0,3.8,0.667,1.88,18.9,0.414,0.735,0.561,15.238,15.2,0.52,0.548,1.0,0.969,21.0,105.0,87.5,105.0,0.505
0022201149,1610612760,Oklahoma City,Thunder,OKC,thunder,240:00,557.1,111.4,576.2,115.2,-19.0,-3.8,0.5,1.91,15.1,0.265,0.586,0.439,10.476,10.5,0.5,0.568,1.0,0.966,21.0,105.0,87.5,105.0,0.495
0022201156,1610612763,Memphis,Grizzlies,MEM,grizzlies,240:00,514.3,102.9,451.9,90.4,62.4,12.5,0.581,1.67,17.5,0.25,0.772,0.513,14.286,14.3,0.495,0.522,1.0,0.975,20.9,104.5,87.08,105.0,0.56
0022201156,1610612746,LA,Clippers,LAC,clippers,240:00,451.9,90.4,514.3,102.9,-62.4,-12.5,0.765,1.44,18.2,0.228,0.75,0.487,17.308,17.3,0.439,0.48,1.0,0.983,20.9,104.5,87.08,104.0,0.44
0022201152,1610612738,Boston,Celtics,BOS,celtics,240:00,586.5,117.3,548.1,109.6,38.5,7.7,0.643,2.25,18.6,0.255,0.686,0.462,11.538,11.5,0.526,0.577,1.0,0.983,20.8,104.0,86.67,104.0,0.528
0022201152,1610612762,Utah,Jazz,UTA,jazz,240:00,548.1,109.6,586.5,117.3,-38.5,-7.7,0.5,1.28,16.3,0.314,0.745,0.538,17.308,17.3,0.526,0.558,1.0,1.0,20.8,104.0,86.67,104.0,0.472
0022201157,1610612750,Minnesota,Timberwolves,MIN,timberwolves,240:00,533.7,106.7,580.2,116.0,-46.5,-9.3,0.61,1.56,17.6,0.236,0.617,0.412,15.385,15.4,0.5,0.537,1.0,1.0,21.0,105.0,87.5,104.0,0.408
0022201157,1610612747,Los Angeles,Lakers,LAL,lakers,240:00,580.2,116.0,533.7,106.7,46.5,9.3,0.622,1.75,18.4,0.383,0.764,0.588,15.094,15.1,0.55,0.596,1.0,0.968,21.0,105.0,87.5,106.0,0.592
0022201150,1610612755,Philadelphia,76ers,PHI,sixers,240:00,650.0,130.0,611.1,122.2,38.9,7.8,0.683,1.56,21.4,0.394,0.609,0.519,20.0,20.0,0.644,0.696,1.0,0.961,18.0,90.0,75.0,90.0,0.558
0022201150,1610612761,Toronto,Raptors,TOR,raptors,240:00,611.1,122.2,650.0,130.0,-38.9,-7.8,0.619,2.0,19.4,0.391,0.606,0.481,14.444,14.4,0.548,0.584,1.0,0.981,18.0,90.0,75.0,90.0,0.442
0022201155,1610612745,Houston,Rockets,HOU,rockets,240:00,599.0,119.8,580.8,116.2,18.2,3.6,0.474,1.5,13.1,0.388,0.686,0.54,11.881,11.9,0.524,0.589,1.0,0.966,20.0,100.0,83.33,101.0,0.526
0022201155,1610612765,Detroit,Pistons,DET,pistons,240:00,580.8,116.2,599.0,119.8,-18.2,-3.6,0.558,2.0,17.4,0.314,0.612,0.46,12.121,12.1,0.545,0.57,1.0,0.991,20.0,100.0,83.33,99.0,0.474
0022201159,1610612757,Portland,Trail Blazers,POR,blazers,240:00,570.0,114.0,676.5,135.3,-106.5,-21.3,0.725,1.45,20.1,0.3,0.722,0.477,20.0,20.0,0.582,0.599,1.0,0.983,20.2,101.0,84.17,100.0,0.38
0022201159,1610612758,Sacramento,Kings,SAC,kings,240:00,676.5,135.3,570.0,114.0,106.5,21.3,0.704,2.92,25.5,0.278,0.7,0.523,12.745,12.7,0.722,0.729,1.0,0.973,20.2,101.0,84.17,102.0,0.62
0022201160,1610612756,Phoenix,Suns,PHX,suns,240:00,510.2,102.0,474.5,94.9,35.7,7.1,0.757,1.75,19.7,0.315,0.7,0.518,16.327,16.3,0.477,0.514,1.0,0.991,19.6,98.0,81.67,98.0,0.558
0022201160,1610612743,Denver,Nuggets,DEN,nuggets,240:00,474.5,94.9,510.2,102.0,-35.7,-7.1,0.5,1.73,14.2,0.3,0.685,0.482,11.224,11.2,0.432,0.448,1.0,0.991,19.6,98.0,81.67,98.0,0.442
0022201147,1610612743,Denver,Nuggets,DEN,nuggets,240:00,478.3,95.7,581.5,116.3,-103.3,-20.7,0.656,2.1,16.4,0.278,0.75,0.49,10.87,10.9,0.425,0.468,1.0,0.972,18.4,92.0,76.67,92.0,0.382
0022201147,1610612740,New Orleans,Pelicans,NOP,pelicans,240:00,581.5,116.3,478.3,95.7,103.3,20.7,0.579,1.83,17.6,0.25,0.722,0.51,13.043,13.0,0.556,0.597,1.0,0.961,18.4,92.0,76.67,92.0,0.618
0022201146,1610612749,Milwaukee,Bucks,MIL,bucks,240:00,490.1,98.0,707.1,141.4,-217.0,-43.4,0.579,1.69,15.3,0.338,0.762,0.505,12.871,12.9,0.446,0.464,1.0,0.975,20.0,100.0,83.33,101.0,0.307
0022201146,1610612738,Boston,Celtics,BOS,celtics,240:00,707.1,141.4,490.1,98.0,217.0,43.4,0.549,3.11,20.4,0.238,0.662,0.495,9.091,9.1,0.681,0.701,1.0,0.982,20.0,100.0,83.33,99.0,0.693
0022201138,1610612752,New York,Knicks,NYK,knicks,240:00,554.9,111.0,500.0,100.0,54.9,11.0,0.579,1.38,17.7,0.256,0.826,0.551,17.582,17.6,0.586,0.586,1.0,0.98,18.3,91.5,76.25,91.0,0.575
0022201138,1610612748,Miami,Heat,MIA,heat,240:00,500.0,100.0,554.9,111.0,-54.9,-11.0,0.571,1.82,16.7,0.174,0.744,0.449,11.957,12.0,0.525,0.54,1.0,0.97,18.3,91.5,76.25,92.0,0.425
0022201145,1610612757,Portland,Trail Blazers,POR,blazers,240:00,388.3,77.7,582.5,116.5,-194.2,-38.8,0.6,1.29,13.7,0.172,0.75,0.431,13.592,13.6,0.371,0.407,1.0,0.991,20.6,103.0,85.83,103.0,0.281
0022201145,1610612758,Sacramento,Kings,SAC,kings,240:00,582.5,116.5,388.3,77.7,194.2,38.8,0.714,3.0,20.7,0.25,0.828,0.569,9.709,9.7,0.554,0.585,1.0,0.974,20.6,103.0,85.83,103.0,0.719
0022201144,1610612756,Phoenix,Suns,PHX,suns,240:00,540.4,108.1,505.1,101.0,35.4,7.1,0.575,2.88,16.4,0.305,0.642,0.464,8.081,8.1,0.448,0.496,1.0,0.983,19.8,99.0,82.5,99.0,0.564
0022201144,1610612750,Minnesota,Timberwolves,MIN,timberwolves,240:00,505.1,101.0,540.4,108.1,-35.4,-7.1,0.6,1.14,16.9,0.358,0.695,0.536,21.212,21.2,0.511,0.525,1.0,0.983,19.8,99.0,82.5,99.0,0.436
0022201140,1610612741,Chicago,Bulls,CHI,bulls,240:00,555.6,111.1,617.3,123.5,-61.8,-12.4,0.689,2.21,22.3,0.205,0.605,0.402,14.141,14.1,0.563,0.587,1.0,0.972,19.7,98.5,82.08,99.0,0.465
0022201140,1610612747,Los Angeles,Lakers,LAL,lakers,240:00,617.3,123.5,555.6,111.1,61.8,12.4,0.489,1.38,16.1,0.395,0.795,0.598,16.327,16.3,0.564,0.61,1.0,0.983,19.7,98.5,82.08,98.0,0.535
0022201143,1610612759,San Antonio,Spurs,SAS,spurs,240:00,541.7,108.3,598.1,119.6,-56.5,-11.3,0.689,2.07,20.4,0.269,0.786,0.5,13.889,13.9,0.526,0.561,1.0,0.983,21.5,107.5,89.58,108.0,0.459
0022201143,1610612762,Utah,Jazz,UTA,jazz,240:00,598.1,119.6,541.7,108.3,56.5,11.3,0.571,1.75,19.4,0.214,0.731,0.5,14.953,15.0,0.611,0.648,1.0,0.991,21.5,107.5,89.58,107.0,0.541
0022201136,1610612754,Indiana,Pacers,IND,pacers,240:00,623.9,124.8,689.8,138.0,-66.0,-13.2,0.679,4.5,23.2,0.196,0.579,0.36,7.339,7.3,0.594,0.614,1.0,0.966,21.7,108.5,90.42,109.0,0.444
0022201136,1610612749,Milwaukee,Bucks,MIL,bucks,240:00,689.8,138.0,623.9,124.8,66.0,13.2,0.483,1.47,18.4,0.421,0.804,0.64,17.593,17.6,0.677,0.702,1.0,0.968,21.7,108.5,90.42,108.0,0.556
0022201139,1610612755,Philadelphia,76ers,PHI,sixers,240:00,623.7,124.7,580.6,116.1,43.0,8.6,0.703,2.36,19.5,0.304,0.739,0.522,11.828,11.8,0.569,0.622,1.0,0.963,18.6,93.0,77.5,93.0,0.563
0022201139,1610612742,Dallas,Mavericks,DAL,mavericks,240:00,580.6,116.1,623.7,124.7,-43.0,-8.6,0.632,1.71,18.6,0.261,0.696,0.478,15.054,15.1,0.566,0.594,1.0,0.981,18.6,93.0,77.5,93.0,0.438
0022201137,1610612751,Brooklyn,Nets,BKN,nets,240:00,634.0,126.8,581.6,116.3,52.4,10.5,0.75,2.75,23.7,0.209,0.607,0.434,12.371,12.4,0.64,0.655,1.0,0.991,19.5,97.5,81.25,97.0,0.557
0022201137,1610612745,Houston,Rockets,HOU,rockets,240:00,581.6,116.3,634.0,126.8,-52.4,-10.5,0.457,2.1,15.0,0.393,0.791,0.566,10.204,10.2,0.515,0.532,1.0,0.983,19.5,97.5,81.25,98.0,0.443
0022201142,1610612760,Oklahoma City,Thunder,OKC,thunder,240:00,569.1,113.8,563.8,112.8,5.3,1.1,0.487,1.9,15.0,0.286,0.714,0.484,10.638,10.6,0.506,0.546,1.0,0.972,18.8,94.0,78.33,94.0,0.491
0022201142,1610612765,Detroit,Pistons,DET,pistons,240:00,563.8,112.8,569.1,113.8,-5.3,-1.1,0.675,1.5,20.3,0.286,0.714,0.516,19.149,19.1,0.6,0.615,1.0,0.972,18.8,94.0,78.33,94.0,0.509
0022201141,1610612763,Memphis,Grizzlies,MEM,grizzlies,240:00,616.8,123.4,665.1,133.0,-48.3,-9.7,0.531,2.0,17.7,0.347,0.917,0.588,12.15,12.1,0.574,0.615,1.0,1.0,21.3,106.5,88.75,107.0,0.476
0022201141,1610612746,LA,Clippers,LAC,clippers,240:00,665.1,133.0,616.8,123.4,48.3,9.7,0.583,1.75,20.4,0.083,0.653,0.412,15.094,15.1,0.756,0.769,1.0,0.982,21.3,106.5,88.75,106.0,0.524
0022201135,1610612744,Golden State,Warriors,GSW,warriors,240:00,594.1,118.8,545.0,109.0,49.1,9.8,0.744,1.68,22.1,0.279,0.688,0.495,18.812,18.8,0.634,0.654,1.0,0.956,20.1,100.5,83.75,101.0,0.551
0022201135,1610612740,New Orleans,Pelicans,NOP,pelicans,240:00,545.0,109.0,594.1,118.8,-49.1,-9.8,0.714,1.58,20.7,0.313,0.721,0.505,19.0,19.0,0.533,0.567,1.0,0.965,20.1,100.5,83.75,100.0,0.449
0022201131,1610612737,Atlanta,Hawks,ATL,hawks,240:00,600.0,120.0,590.0,118.0,10.0,2.0,0.61,1.67,17.4,0.373,0.74,0.554,15.0,15.0,0.528,0.58,1.0,0.958,20.0,100.0,83.33,100.0,0.533
0022201131,1610612739,Cleveland,Cavaliers,CLE,cavaliers,240:00,590.0,118.0,600.0,120.0,-10.0,-2.0,0.426,2.5,15.0,0.26,0.627,0.446,8.0,8.0,0.554,0.575,1.0,0.982,20.0,100.0,83.33,100.0,0.467
0022201133,1610612763,Memphis,Grizzlies,MEM,grizzlies,240:00,528.0,105.6,509.4,101.9,18.6,3.7,0.619,1.53,18.1,0.235,0.733,0.505,15.888,15.9,0.545,0.576,1.0,0.975,21.3,106.5,88.75,107.0,0.542
0022201133,1610612753,Orlando,Magic,ORL,magic,240:00,509.4,101.9,528.0,105.6,-18.6,-3.7,0.585,1.5,16.6,0.267,0.765,0.495,15.094,15.1,0.48,0.507,1.0,1.008,21.3,106.5,88.75,106.0,0.458
0022201134,1610612760,Oklahoma City,Thunder,OKC,thunder,240:00,603.6,120.7,622.7,124.5,-19.1,-3.8,0.5,2.27,17.1,0.224,0.688,0.454,9.91,9.9,0.578,0.616,1.0,0.983,22.1,110.5,92.08,111.0,0.486
0022201134,1610612766,Charlotte,Hornets,CHA,hornets,240:00,622.7,124.5,603.6,120.7,19.1,3.8,0.654,1.89,21.4,0.313,0.776,0.546,16.364,16.4,0.628,0.639,1.0,0.992,22.1,110.5,92.08,110.0,0.514
0022201130,1610612764,Washington,Wizards,WAS,wizards,240:00,643.6,128.7,544.1,108.8,99.4,19.9,0.611,3.0,22.1,0.319,0.771,0.547,10.891,10.9,0.611,0.621,1.0,0.974,20.3,101.5,84.58,101.0,0.561
0022201130,1610612738,Boston,Celtics,BOS,celtics,240:00,544.1,108.8,643.6,128.7,-99.4,-19.9,0.644,2.42,20.4,0.229,0.681,0.453,11.765,11.8,0.543,0.567,1.0,0.973,20.3,101.5,84.58,102.0,0.439
0022201132,1610612761,Toronto,Raptors,TOR,raptors,240:00,582.4,116.5,500.0,100.0,82.4,16.5,0.711,3.56,23.0,0.327,0.688,0.505,9.89,9.9,0.527,0.547,1.0,0.991,18.3,91.5,76.25,91.0,0.597
0022201132,1610612748,Miami,Heat,MIA,heat,240:00,500.0,100.0,582.4,116.5,-82.4,-16.5,0.563,1.13,14.4,0.313,0.673,0.495,17.391,17.4,0.463,0.521,1.0,0.963,18.3,91.5,76.25,92.0,0.403
0022201128,1610612758,Sacramento,Kings,SAC,kings,240:00,599.0,119.8,619.8,124.0,-20.8,-4.2,0.41,1.6,12.4,0.354,0.667,0.505,10.417,10.4,0.494,0.566,1.0,0.991,19.2,96.0,80.0,96.0,0.448
0022201128,1610612750,Minnesota,Timberwolves,MIN,timberwolves,240:00,619.8,124.0,599.0,119.8,20.8,4.2,0.75,5.5,22.9,0.333,0.646,0.495,6.25,6.3,0.564,0.589,1.0,0.982,19.2,96.0,80.0,96.0,0.552
0022201129,1610612746,LA,Clippers,LAC,clippers,240:00,632.7,126.5,577.3,115.5,55.3,11.1,0.854,2.28,27.5,0.263,0.756,0.519,18.367,18.4,0.716,0.704,1.0,0.944,19.5,97.5,81.25,98.0,0.554
0022201129,1610612741,Chicago,Bulls,CHI,bulls,240:00,577.3,115.5,632.7,126.5,-55.3,-11.1,0.591,1.73,19.5,0.244,0.737,0.481,15.464,15.5,0.591,0.614,1.0,0.981,19.5,97.5,81.25,97.0,0.446
0022201123,1610612754,Indiana,Pacers,IND,pacers,240:00,530.6,106.1,648.0,129.6,-117.3,-23.5,0.513,1.43,14.3,0.393,0.811,0.559,14.286,14.3,0.462,0.504,1.0,0.967,19.6,98.0,81.67,98.0,0.378
0022201123,1610612742,Dallas,Mavericks,DAL,mavericks,240:00,648.0,129.6,530.6,106.1,117.3,23.5,0.617,2.23,21.6,0.189,0.607,0.441,13.265,13.3,0.675,0.702,1.0,0.971,19.6,98.0,81.67,98.0,0.622
0022201127,1610612757,Portland,Trail Blazers,POR,blazers,240:00,454.5,90.9,620.0,124.0,-165.5,-33.1,0.429,1.25,12.1,0.196,0.676,0.387,12.121,12.1,0.428,0.466,1.0,0.991,19.9,99.5,82.92,99.0,0.276
0022201127,1610612740,New Orleans,Pelicans,NOP,pelicans,240:00,620.0,124.0,454.5,90.9,165.5,33.1,0.633,1.82,21.8,0.324,0.804,0.613,17.0,17.0,0.64,0.663,1.0,0.973,19.9,99.5,82.92,100.0,0.724
0022201126,1610612743,Denver,Nuggets,DEN,nuggets,240:00,591.8,118.4,572.2,114.4,19.7,3.9,0.791,2.83,23.8,0.286,0.729,0.522,12.245,12.2,0.571,0.613,1.0,0.982,19.5,97.5,81.25,98.0,0.571
0022201126,1610612755,Philadelphia,76ers,PHI,sixers,240:00,572.2,114.4,591.8,118.4,-19.7,-3.9,0.419,1.64,14.1,0.271,0.714,0.478,11.34,11.3,0.528,0.562,1.0,0.991,19.5,97.5,81.25,97.0,0.429
0022201125,1610612762,Utah,Jazz,UTA,jazz,240:00,525.5,105.1,603.1,120.6,-77.6,-15.5,0.658,1.92,18.0,0.333,0.644,0.5,13.265,13.3,0.494,0.526,1.0,0.982,19.5,97.5,81.25,98.0,0.437
0022201125,1610612756,Phoenix,Suns,PHX,suns,240:00,603.1,120.6,525.5,105.1,77.6,15.5,0.721,4.43,20.8,0.356,0.667,0.5,7.216,7.2,0.48,0.529,1.0,0.983,19.5,97.5,81.25,97.0,0.563
0022201122,1610612765,Detroit,Pistons,DET,pistons,240:00,590.9,118.2,623.8,124.8,-32.9,-6.6,0.537,2.2,15.7,0.352,0.66,0.505,10.101,10.1,0.484,0.542,1.0,1.0,20.0,100.0,83.33,99.0,0.447
0022201122,1610612749,Milwaukee,Bucks,MIL,bucks,240:00,623.8,124.8,590.9,118.2,32.9,6.6,0.622,3.11,19.2,0.34,0.648,0.495,8.911,8.9,0.547,0.592,1.0,0.966,20.0,100.0,83.33,101.0,0.553
0022201124,1610612752,New York,Knicks,NYK,knicks,240:00,671.6,134.3,575.0,115.0,96.6,19.3,0.7,3.18,24.1,0.2,0.714,0.483,10.784,10.8,0.68,0.697,1.0,0.964,20.2,101.0,84.17,102.0,0.6
0022201124,1610612745,Houston,Rockets,HOU,rockets,240:00,575.0,115.0,671.6,134.3,-96.6,-19.3,0.571,1.71,17.4,0.286,0.8,0.517,14.0,14.0,0.523,0.576,1.0,1.0,20.2,101.0,84.17,100.0,0.4
0022201117,1610612739,Cleveland,Cavaliers,CLE,cavaliers,240:00,587.0,117.4,500.0,100.0,87.0,17.4,0.513,1.82,15.7,0.356,0.652,0.505,11.957,12.0,0.524,0.577,1.0,0.972,18.3,91.5,76.25,92.0,0.624
0022201117,1610612745,Houston,Rockets,HOU,rockets,240:00,500.0,100.0,587.0,117.4,-87.0,-17.4,0.571,1.05,15.7,0.348,0.644,0.495,20.879,20.9,0.475,0.518,1.0,0.963,18.3,91.5,76.25,91.0,0.376
0022201119,1610612761,Toronto,Raptors,TOR,raptors,240:00,575.8,115.2,520.0,104.0,55.8,11.2,0.489,1.69,15.6,0.37,0.712,0.538,13.131,13.1,0.515,0.543,1.0,0.975,19.9,99.5,82.92,99.0,0.548
0022201119,1610612764,Washington,Wizards,WAS,wizards,240:00,520.0,104.0,575.8,115.2,-55.8,-11.2,0.658,1.39,18.0,0.288,0.63,0.462,18.0,18.0,0.535,0.549,1.0,0.965,19.9,99.5,82.92,100.0,0.452
0022201121,1610612744,Golden State,Warriors,GSW,warriors,240:00,480.0,96.0,495.0,99.0,-15.0,-3.0,0.735,1.56,18.8,0.163,0.74,0.455,16.0,16.0,0.506,0.536,1.0,0.963,20.0,100.0,83.33,100.0,0.477
0022201121,1610612750,Minnesota,Timberwolves,MIN,timberwolves,240:00,495.0,99.0,480.0,96.0,15.0,3.0,0.735,1.47,18.1,0.26,0.837,0.545,17.0,17.0,0.531,0.544,1.0,0.965,20.0,100.0,83.33,100.0,0.523
0022201115,1610612737,Atlanta,Hawks,ATL,hawks,240:00,583.3,116.7,608.9,121.8,-25.6,-5.1,0.6,2.7,18.2,0.352,0.818,0.561,9.804,9.8,0.495,0.544,1.0,0.975,20.3,101.5,84.58,102.0,0.483
0022201115,1610612763,Memphis,Grizzlies,MEM,grizzlies,240:00,608.9,121.8,583.3,116.7,25.6,5.1,0.583,2.55,20.4,0.182,0.648,0.439,10.891,10.9,0.612,0.632,1.0,0.991,20.3,101.5,84.58,101.0,0.517
0022201120,1610612757,Portland,Trail Blazers,POR,blazers,240:00,549.0,109.8,584.2,116.8,-35.1,-7.0,0.462,1.0,13.7,0.273,0.685,0.5,17.647,17.6,0.561,0.597,1.0,0.991,20.3,101.5,84.58,102.0,0.441
0022201120,1610612760,Oklahoma City,Thunder,OKC,thunder,240:00,584.2,116.8,549.0,109.8,35.1,7.0,0.561,2.09,16.3,0.315,0.727,0.5,10.891,10.9,0.5,0.555,1.0,0.992,20.3,101.5,84.58,101.0,0.559
0022201116,1610612738,Boston,Celtics,BOS,celtics,240:00,640.2,128.0,426.6,85.3,213.6,42.7,0.558,1.93,20.0,0.2,0.892,0.609,14.019,14.0,0.67,0.683,1.0,0.983,21.6,108.0,90.0,107.0,0.698
0022201116,1610612759,San Antonio,Spurs,SAS,spurs,240:00,426.6,85.3,640.2,128.0,-213.6,-42.7,0.611,2.2,16.1,0.108,0.8,0.391,9.174,9.2,0.412,0.443,1.0,0.974,21.6,108.0,90.0,109.0,0.302
0022201118,1610612753,Orlando,Magic,ORL,magic,240:00,595.0,119.0,530.0,106.0,65.0,13.0,0.667,2.73,21.3,0.262,0.667,0.495,11.0,11.0,0.571,0.611,1.0,0.982,20.0,100.0,83.33,100.0,0.612
0022201118,1610612751,Brooklyn,Nets,BKN,nets,240:00,530.0,106.0,595.0,119.0,-65.0,-13.0,0.459,1.13,12.5,0.333,0.738,0.505,15.0,15.0,0.451,0.513,1.0,0.975,20.0,100.0,83.33,100.0,0.388
0022201113,1610612766,Charlotte,Hornets,CHA,hornets,240:00,561.2,112.2,525.3,105.1,36.0,7.2,0.692,1.93,19.3,0.3,0.865,0.588,14.286,14.3,0.511,0.558,1.0,0.991,19.7,98.5,82.08,98.0,0.567
0022201113,1610612742,Dallas,Mavericks,DAL,mavericks,240:00,525.3,105.1,561.2,112.2,-36.0,-7.2,0.563,2.25,14.8,0.135,0.7,0.412,8.081,8.1,0.494,0.555,1.0,0.99,19.7,98.5,82.08,99.0,0.433
0022201114,1610612747,Los Angeles,Lakers,LAL,lakers,240:00,574.5,114.9,614.6,122.9,-40.1,-8.0,0.632,1.33,18.9,0.209,0.738,0.471,19.149,19.1,0.593,0.618,1.0,0.99,19.0,95.0,79.17,94.0,0.427
0022201114,1610612741,Chicago,Bulls,CHI,bulls,240:00,614.6,122.9,574.5,114.9,40.1,8.0,0.681,3.56,23.0,0.262,0.791,0.529,9.375,9.4,0.621,0.636,1.0,0.953,19.0,95.0,79.17,96.0,0.573
0022201111,1610612758,Sacramento,Kings,SAC,kings,240:00,605.0,121.0,565.0,113.0,40.0,8.0,0.682,3.33,20.7,0.308,0.681,0.485,9.0,9.0,0.547,0.58,1.0,0.983,20.0,100.0,83.33,100.0,0.527
0022201111,1610612762,Utah,Jazz,UTA,jazz,240:00,565.0,113.0,605.0,121.0,-40.0,-8.0,0.638,1.76,20.8,0.319,0.692,0.515,17.0,17.0,0.566,0.576,1.0,0.982,20.0,100.0,83.33,100.0,0.473
0022201108,1610612748,Miami,Heat,MIA,heat,240:00,568.2,113.6,733.0,146.6,-164.8,-33.0,0.579,1.57,17.9,0.326,0.565,0.449,15.909,15.9,0.55,0.58,1.0,0.97,17.6,88.0,73.33,88.0,0.378
0022201108,1610612751,Brooklyn,Nets,BKN,nets,240:00,733.0,146.6,568.2,113.6,164.8,33.0,0.682,3.75,21.7,0.435,0.674,0.551,9.091,9.1,0.596,0.645,1.0,0.972,17.6,88.0,73.33,88.0,0.622
0022201109,1610612743,Denver,Nuggets,DEN,nuggets,240:00,626.2,125.2,509.6,101.9,116.6,23.3,0.596,2.33,20.0,0.196,0.88,0.552,11.65,11.7,0.612,0.637,1.0,0.973,20.7,103.5,86.25,103.0,0.564
0022201109,1610612749,Milwaukee,Bucks,MIL,bucks,240:00,509.6,101.9,626.2,125.2,-116.6,-23.3,0.667,2.6,19.1,0.12,0.804,0.448,9.615,9.6,0.494,0.545,1.0,0.973,20.7,103.5,86.25,104.0,0.436
0022201110,1610612756,Phoenix,Suns,PHX,suns,240:00,679.3,135.9,558.5,111.7,120.8,24.2,0.745,4.38,24.3,0.362,0.739,0.548,8.696,8.7,0.586,0.617,1.0,0.991,18.6,93.0,77.5,92.0,0.591
0022201110,1610612755,Philadelphia,76ers,PHI,sixers,240:00,558.5,111.7,679.3,135.9,-120.8,-24.2,0.618,1.62,16.9,0.261,0.638,0.452,13.83,13.8,0.519,0.584,1.0,0.981,18.6,93.0,77.5,94.0,0.409
0022201107,1610612737,Atlanta,Hawks,ATL,hawks,240:00,701.0,140.2,637.3,127.5,63.7,12.7,0.623,2.54,21.2,0.488,0.636,0.563,12.745,12.7,0.63,0.668,1.0,0.967,20.4,102.0,85.0,102.0,0.555
0022201107,1610612754,Indiana,Pacers,IND,pacers,240:00,637.3,127.5,701.0,140.2,-63.7,-12.7,0.635,1.94,22.0,0.364,0.512,0.437,16.667,16.7,0.615,0.642,1.0,0.991,20.4,102.0,85.0,102.0,0.445
0022201112,1610612746,LA,Clippers,LAC,clippers,240:00,539.2,107.8,648.5,129.7,-109.3,-21.9,0.744,1.45,21.5,0.103,0.644,0.393,19.608,19.6,0.62,0.653,1.0,0.962,20.3,101.5,84.58,102.0,0.441
0022201112,1610612740,New Orleans,Pelicans,NOP,pelicans,240:00,648.5,129.7,539.2,107.8,109.3,21.9,0.706,2.25,23.5,0.356,0.897,0.607,15.842,15.8,0.641,0.655,1.0,0.983,20.3,101.5,84.58,101.0,0.559
0022201098,1610612764,Washington,Wizards,WAS,wizards,240:00,693.9,138.8,620.0,124.0,73.9,14.8,0.569,2.9,21.6,0.179,0.717,0.489,10.204,10.2,0.688,0.705,1.0,0.971,19.8,99.0,82.5,98.0,0.55
0022201098,1610612759,San Antonio,Spurs,SAS,spurs,240:00,620.0,124.0,693.9,138.8,-73.9,-14.8,0.686,7.0,23.3,0.283,0.821,0.511,5.0,5.0,0.569,0.576,1.0,0.965,19.8,99.0,82.5,100.0,0.45
0022201101,1610612742,Dallas,Mavericks,DAL,mavericks,240:00,550.5,110.1,579.2,115.8,-28.7,-5.7,0.61,2.27,19.1,0.156,0.8,0.495,11.111,11.1,0.542,0.576,1.0,0.991,20.0,100.0,83.33,99.0,0.458
0022201101,1610612766,Charlotte,Hornets,CHA,hornets,240:00,579.2,115.8,550.5,110.1,28.7,5.7,0.744,4.0,22.4,0.2,0.844,0.505,7.921,7.9,0.545,0.58,1.0,0.964,20.0,100.0,83.33,101.0,0.542
0022201102,1610612762,Utah,Jazz,UTA,jazz,240:00,537.0,107.4,660.6,132.1,-123.5,-24.7,0.7,2.55,17.6,0.333,0.723,0.491,10.185,10.2,0.438,0.488,1.0,0.992,21.7,108.5,90.42,108.0,0.368
0022201102,1610612749,Milwaukee,Bucks,MIL,bucks,240:00,660.6,132.1,537.0,107.4,123.5,24.7,0.764,3.23,25.6,0.277,0.667,0.509,11.927,11.9,0.667,0.679,1.0,0.967,21.7,108.5,90.42,109.0,0.632
0022201106,1610612747,Los Angeles,Lakers,LAL,lakers,240:00,597.9,119.6,566.3,113.3,31.6,6.3,0.476,1.82,14.8,0.346,0.731,0.538,11.34,11.3,0.527,0.561,1.0,0.991,19.5,97.5,81.25,97.0,0.533
0022201106,1610612760,Oklahoma City,Thunder,OKC,thunder,240:00,566.3,113.3,597.9,119.6,-31.6,-6.3,0.525,2.1,15.9,0.269,0.654,0.462,10.204,10.2,0.511,0.553,1.0,0.991,19.5,97.5,81.25,98.0,0.467
0022201097,1610612738,Boston,Celtics,BOS,celtics,240:00,576.9,115.4,456.7,91.3,120.2,24.0,0.636,1.87,19.6,0.231,0.837,0.525,14.423,14.4,0.57,0.592,1.0,0.991,20.8,104.0,86.67,104.0,0.593
0022201097,1610612754,Indiana,Pacers,IND,pacers,240:00,456.7,91.3,576.9,115.4,-120.2,-24.0,0.615,1.41,17.6,0.163,0.769,0.475,16.346,16.3,0.488,0.507,1.0,0.982,20.8,104.0,86.67,104.0,0.407
0022201105,1610612758,Sacramento,Kings,SAC,kings,240:00,695.9,139.2,641.4,128.3,54.5,10.9,0.617,7.25,21.3,0.233,0.63,0.438,4.124,4.1,0.601,0.655,1.0,1.0,19.6,98.0,81.67,97.0,0.523
0022201105,1610612756,Phoenix,Suns,PHX,suns,240:00,641.4,128.3,695.9,139.2,-54.5,-10.9,0.688,2.75,22.1,0.37,0.767,0.562,12.121,12.1,0.59,0.624,1.0,0.966,19.6,98.0,81.67,99.0,0.477
0022201099,1610612761,Toronto,Raptors,TOR,raptors,240:00,608.2,121.6,510.5,102.1,97.7,19.5,0.61,2.27,17.4,0.415,0.738,0.558,11.34,11.3,0.516,0.563,1.0,0.966,19.2,96.0,80.0,97.0,0.573
0022201099,1610612765,Detroit,Pistons,DET,pistons,240:00,510.5,102.1,608.2,121.6,-97.7,-19.5,0.676,1.05,17.8,0.262,0.585,0.442,23.158,23.2,0.507,0.563,1.0,1.009,19.2,96.0,80.0,95.0,0.427
0022201103,1610612744,Golden State,Warriors,GSW,warriors,240:00,600.0,120.0,554.5,110.9,45.5,9.1,0.643,2.45,19.6,0.224,0.907,0.543,11.0,11.0,0.58,0.609,1.0,0.991,20.1,100.5,83.75,100.0,0.515
0022201103,1610612755,Philadelphia,76ers,PHI,sixers,240:00,554.5,110.9,600.0,120.0,-45.5,-9.1,0.605,2.3,18.0,0.093,0.776,0.457,9.901,9.9,0.538,0.602,1.0,0.971,20.1,100.5,83.75,101.0,0.485
0022201100,1610612763,Memphis,Grizzlies,MEM,grizzlies,240:00,740.2,148.0,553.4,110.7,186.8,37.4,0.632,3.27,24.5,0.237,0.75,0.512,10.784,10.8,0.747,0.761,1.0,0.982,20.5,102.5,85.42,102.0,0.62
0022201100,1610612745,Houston,Rockets,HOU,rockets,240:00,553.4,110.7,740.2,148.0,-186.8,-37.4,0.532,1.56,18.0,0.25,0.763,0.488,15.534,15.5,0.58,0.592,1.0,0.974,20.5,102.5,85.42,103.0,0.38
0022201104,1610612757,Portland,Trail Blazers,POR,blazers,240:00,500.0,100.0,632.7,126.5,-132.7,-26.5,0.622,1.64,17.6,0.24,0.676,0.425,14.583,14.6,0.465,0.511,1.0,0.981,19.4,97.0,80.83,96.0,0.373
0022201104,1610612741,Chicago,Bulls,CHI,bulls,240:00,632.7,126.5,500.0,100.0,132.7,26.5,0.688,1.94,23.1,0.324,0.76,0.575,17.347,17.3,0.673,0.688,1.0,0.964,19.4,97.0,80.83,98.0,0.627
0022201094,1610612751,Brooklyn,Nets,BKN,nets,240:00,587.6,117.5,597.9,119.6,-10.3,-2.1,0.615,1.5,17.6,0.341,0.68,0.521,16.495,16.5,0.556,0.614,1.0,0.973,19.4,97.0,80.83,97.0,0.51
0022201094,1610612739,Cleveland,Cavaliers,CLE,cavaliers,240:00,597.9,119.6,587.6,117.5,10.3,2.1,0.571,2.4,17.6,0.32,0.659,0.479,10.309,10.3,0.539,0.577,1.0,0.982,19.4,97.0,80.83,97.0,0.49
0022201093,1610612753,Orlando,Magic,ORL,magic,240:00,555.0,111.0,540.8,108.2,14.2,2.8,0.625,1.56,18.1,0.26,0.712,0.49,16.0,16.0,0.534,0.577,1.0,0.965,19.8,99.0,82.5,100.0,0.513
0022201093,1610612752,New York,Knicks,NYK,knicks,240:00,540.8,108.2,555.0,111.0,-14.2,-2.8,0.703,2.0,18.7,0.288,0.74,0.51,13.265,13.3,0.489,0.533,1.0,1.0,19.8,99.0,82.5,98.0,0.487
0022201095,1610612740,New Orleans,Pelicans,NOP,pelicans,240:00,558.3,111.7,475.2,95.0,83.0,16.6,0.578,2.36,18.2,0.283,0.894,0.57,10.68,10.7,0.515,0.55,1.0,0.974,20.4,102.0,85.0,103.0,0.593
0022201095,1610612766,Charlotte,Hornets,CHA,hornets,240:00,475.2,95.0,558.3,111.7,-83.0,-16.6,0.632,1.41,18.5,0.106,0.717,0.43,16.832,16.8,0.512,0.533,1.0,1.0,20.4,102.0,85.0,101.0,0.407
0022201096,1610612746,LA,Clippers,LAC,clippers,240:00,661.5,132.3,541.2,108.2,120.2,24.0,0.723,2.27,23.9,0.308,0.66,0.511,15.625,15.6,0.667,0.684,1.0,0.972,19.3,96.5,80.42,96.0,0.635
0022201096,1610612760,Oklahoma City,Thunder,OKC,thunder,240:00,541.2,108.2,661.5,132.3,-120.2,-24.0,0.585,1.71,17.3,0.34,0.692,0.489,14.433,14.4,0.511,0.537,1.0,0.974,19.3,96.5,80.42,97.0,0.365
0022201090,1610612750,Minnesota,Timberwolves,MIN,timberwolves,240:00,606.8,121.4,607.8,121.6,-1.0,-0.2,0.6,2.45,18.6,0.306,0.738,0.505,10.68,10.7,0.549,0.597,1.0,0.975,20.5,102.5,85.42,103.0,0.503
0022201090,1610612737,Atlanta,Hawks,ATL,hawks,240:00,607.8,121.6,606.8,121.4,1.0,0.2,0.622,1.65,19.9,0.262,0.694,0.495,16.667,16.7,0.6,0.646,1.0,0.982,20.5,102.5,85.42,102.0,0.497
0022201084,1610612748,Miami,Heat,MIA,heat,240:00,641.4,128.3,600.0,120.0,41.4,8.3,0.622,2.8,21.5,0.083,0.69,0.41,10.101,10.1,0.671,0.702,1.0,0.99,19.9,99.5,82.92,99.0,0.535
0022201084,1610612752,New York,Knicks,NYK,knicks,240:00,600.0,120.0,641.4,128.3,-41.4,-8.3,0.69,1.71,20.4,0.31,0.917,0.59,17.0,17.0,0.61,0.645,1.0,0.965,19.9,99.5,82.92,100.0,0.465
0022201092,1610612747,Los Angeles,Lakers,LAL,lakers,240:00,592.2,118.4,549.5,109.9,42.7,8.5,0.692,1.8,19.7,0.2,0.7,0.494,14.563,14.6,0.614,0.676,1.0,0.945,20.4,102.0,85.0,103.0,0.601
0022201092,1610612756,Phoenix,Suns,PHX,suns,240:00,549.5,109.9,592.2,118.4,-42.7,-8.5,0.548,1.35,16.5,0.3,0.8,0.506,16.832,16.8,0.533,0.562,1.0,1.0,20.4,102.0,85.0,101.0,0.399
0022201085,1610612761,Toronto,Raptors,TOR,raptors,240:00,581.6,116.3,596.0,119.2,-14.3,-2.9,0.538,2.1,15.3,0.333,0.73,0.495,10.204,10.2,0.478,0.537,1.0,1.009,19.7,98.5,82.08,98.0,0.473
0022201085,1610612754,Indiana,Pacers,IND,pacers,240:00,596.0,119.2,581.6,116.3,14.3,2.9,0.628,1.5,19.9,0.27,0.667,0.505,18.182,18.2,0.63,0.67,1.0,0.972,19.7,98.5,82.08,99.0,0.527
0022201091,1610612762,Utah,Jazz,UTA,jazz,240:00,542.5,108.5,599.1,119.8,-56.6,-11.3,0.615,1.41,17.5,0.167,0.82,0.5,16.038,16.0,0.543,0.588,1.0,0.991,21.2,106.0,88.33,106.0,0.452
0022201091,1610612757,Portland,Trail Blazers,POR,blazers,240:00,599.1,119.8,542.5,108.5,56.6,11.3,0.622,3.11,19.9,0.18,0.833,0.5,8.491,8.5,0.554,0.598,1.0,0.991,21.2,106.0,88.33,106.0,0.548
0022201083,1610612764,Washington,Wizards,WAS,wizards,240:00,571.4,114.3,641.3,128.3,-69.9,-14.0,0.455,2.86,16.1,0.295,0.707,0.494,7.692,7.7,0.529,0.553,1.0,0.981,18.3,91.5,76.25,91.0,0.44
0022201083,1610612743,Denver,Nuggets,DEN,nuggets,240:00,641.3,128.3,571.4,114.3,69.9,14.0,0.667,2.8,21.2,0.293,0.705,0.506,10.87,10.9,0.596,0.64,1.0,0.971,18.3,91.5,76.25,92.0,0.56
0022201088,1610612763,Memphis,Grizzlies,MEM,grizzlies,240:00,663.3,132.7,644.3,128.9,18.9,3.8,0.6,2.45,19.3,0.341,0.542,0.446,11.224,11.2,0.586,0.64,1.0,0.982,19.5,97.5,81.25,98.0,0.528
0022201088,1610612745,Houston,Rockets,HOU,rockets,240:00,644.3,128.9,663.3,132.7,-18.9,-3.8,0.563,1.69,18.6,0.458,0.659,0.554,16.495,16.5,0.581,0.606,1.0,1.0,19.5,97.5,81.25,97.0,0.472
0022201086,1610612742,Dallas,Mavericks,DAL,mavericks,240:00,625.0,125.0,641.4,128.3,-16.4,-3.3,0.614,2.7,19.1,0.275,0.707,0.467,10.0,10.0,0.59,0.617,1.0,0.974,19.9,99.5,82.92,100.0,0.448
0022201086,1610612744,Golden State,Warriors,GSW,warriors,240:00,641.4,128.3,625.0,125.0,16.4,3.3,0.66,2.54,22.9,0.293,0.725,0.533,13.131,13.1,0.622,0.648,1.0,0.991,19.9,99.5,82.92,99.0,0.552
0022201089,1610612749,Milwaukee,Bucks,MIL,bucks,240:00,590.9,118.2,423.4,84.7,167.5,33.5,0.471,1.6,16.2,0.259,0.823,0.56,13.636,13.6,0.597,0.599,1.0,0.992,22.1,110.5,92.08,110.0,0.653
0022201089,1610612759,San Antonio,Spurs,SAS,spurs,240:00,423.4,84.7,590.9,118.2,-167.5,-33.5,0.722,1.37,17.6,0.177,0.741,0.44,17.117,17.1,0.435,0.462,1.0,0.975,22.1,110.5,92.08,111.0,0.347
0022201087,1610612741,Chicago,Bulls,CHI,bulls,240:00,478.9,95.8,610.5,122.1,-131.6,-26.3,0.529,0.95,13.7,0.353,0.636,0.484,20.0,20.0,0.446,0.491,1.0,0.982,19.0,95.0,79.17,95.0,0.369
0022201087,1610612755,Philadelphia,76ers,PHI,sixers,240:00,610.5,122.1,478.9,95.8,131.6,26.3,0.769,1.67,21.3,0.364,0.647,0.516,18.947,18.9,0.573,0.621,1.0,0.955,19.0,95.0,79.17,95.0,0.631
0022201081,1610612758,Sacramento,Kings,SAC,kings,240:00,573.7,114.7,702.1,140.4,-128.4,-25.7,0.641,1.79,19.1,0.267,0.702,0.489,14.737,14.7,0.586,0.604,1.0,0.981,18.9,94.5,78.75,95.0,0.398
0022201081,1610612738,Boston,Celtics,BOS,celtics,240:00,702.1,140.4,573.7,114.7,128.4,25.7,0.673,5.5,23.4,0.298,0.733,0.511,6.383,6.4,0.63,0.646,1.0,0.981,18.9,94.5,78.75,94.0,0.602
0022201077,1610612753,Orlando,Magic,ORL,magic,240:00,604.0,120.8,549.0,109.8,54.9,11.0,0.628,1.69,20.0,0.216,0.822,0.549,15.842,15.8,0.613,0.67,1.0,0.991,20.3,101.5,84.58,101.0,0.552
0022201077,1610612764,Washington,Wizards,WAS,wizards,240:00,549.0,109.8,604.0,120.8,-54.9,-11.0,0.714,2.14,21.7,0.178,0.784,0.451,13.725,13.7,0.566,0.601,1.0,0.991,20.3,101.5,84.58,102.0,0.448
0022201078,1610612737,Atlanta,Hawks,ATL,hawks,240:00,638.6,127.7,540.4,108.1,98.2,19.6,0.591,2.36,17.0,0.464,0.786,0.625,10.891,10.9,0.537,0.582,1.0,0.953,20.0,100.0,83.33,101.0,0.628
0022201078,1610612765,Detroit,Pistons,DET,pistons,240:00,540.4,108.1,638.6,127.7,-98.2,-19.6,0.541,2.0,15.3,0.214,0.536,0.375,10.101,10.1,0.478,0.527,1.0,0.991,20.0,100.0,83.33,99.0,0.372
0022201079,1610612751,Brooklyn,Nets,BKN,nets,240:00,573.7,114.7,605.3,121.1,-31.6,-6.3,0.61,1.47,17.1,0.491,0.732,0.596,17.895,17.9,0.495,0.534,1.0,0.975,19.0,95.0,79.17,95.0,0.483
0022201079,1610612739,Cleveland,Cavaliers,CLE,cavaliers,240:00,605.3,121.1,573.7,114.7,31.6,6.3,0.548,1.64,17.8,0.268,0.509,0.404,14.737,14.7,0.59,0.623,1.0,0.991,19.0,95.0,79.17,95.0,0.517
0022201082,1610612746,LA,Clippers,LAC,clippers,240:00,526.3,105.3,537.2,107.4,-10.9,-2.2,0.512,1.5,16.0,0.308,0.685,0.5,14.737,14.7,0.512,0.525,1.0,0.973,18.9,94.5,78.75,95.0,0.516
0022201082,1610612760,Oklahoma City,Thunder,OKC,thunder,240:00,537.2,107.4,526.3,105.3,10.9,2.2,0.487,1.58,14.6,0.315,0.692,0.5,12.766,12.8,0.473,0.509,1.0,0.982,18.9,94.5,78.75,94.0,0.484
0022201080,1610612740,New Orleans,Pelicans,NOP,pelicans,240:00,595.0,119.0,420.0,84.0,175.0,35.0,0.689,1.94,22.1,0.237,0.787,0.576,16.0,16.0,0.617,0.653,1.0,0.982,20.0,100.0,83.33,100.0,0.733
0022201080,1610612759,San Antonio,Spurs,SAS,spurs,240:00,420.0,84.0,595.0,119.0,-175.0,-35.0,0.733,1.38,16.3,0.213,0.763,0.424,16.0,16.0,0.42,0.44,1.0,0.965,20.0,100.0,83.33,100.0,0.267
0022201076,1610612762,Utah,Jazz,UTA,jazz,240:00,621.4,124.3,571.4,114.3,49.9,10.0,0.717,2.75,23.1,0.159,0.77,0.514,11.65,11.7,0.614,0.652,1.0,1.0,20.8,104.0,86.67,103.0,0.558
0022201076,1610612758,Sacramento,Kings,SAC,kings,240:00,571.4,114.3,621.4,124.3,-49.9,-10.0,0.683,4.67,19.3,0.23,0.841,0.486,5.714,5.7,0.521,0.556,1.0,0.974,20.8,104.0,86.67,105.0,0.442
0022201074,1610612745,Houston,Rockets,HOU,rockets,240:00,529.4,105.9,599.0,119.8,-69.6,-13.9,0.359,0.78,10.3,0.4,0.638,0.51,17.647,17.6,0.473,0.521,1.0,0.984,20.3,101.5,84.58,102.0,0.393
0022201074,1610612744,Golden State,Warriors,GSW,warriors,240:00,599.0,119.8,529.4,105.9,69.6,13.9,0.705,1.55,20.8,0.362,0.6,0.49,19.802,19.8,0.597,0.628,1.0,0.975,20.3,101.5,84.58,101.0,0.607
0022201075,1610612763,Memphis,Grizzlies,MEM,grizzlies,240:00,602.2,120.4,574.5,114.9,27.7,5.5,0.512,1.91,15.8,0.358,0.733,0.531,11.828,11.8,0.517,0.558,1.0,0.991,18.7,93.5,77.92,93.0,0.513
0022201075,1610612742,Dallas,Mavericks,DAL,mavericks,240:00,574.5,114.9,602.2,120.4,-27.7,-5.5,0.564,1.83,17.2,0.267,0.642,0.469,12.766,12.8,0.53,0.582,1.0,0.972,18.7,93.5,77.92,94.0,0.487
0022201072,1610612755,Philadelphia,76ers,PHI,sixers,290:00,481.7,96.3,495.5,99.1,-13.8,-2.8,0.737,1.33,18.7,0.245,0.81,0.541,19.266,19.3,0.478,0.527,1.0,0.975,18.12,90.62,75.52,109.0,0.495
0022201072,1610612741,Chicago,Bulls,CHI,bulls,290:00,495.5,99.1,481.7,96.3,13.8,2.8,0.513,1.82,14.2,0.19,0.755,0.459,10.0,10.0,0.452,0.51,1.0,0.95,18.12,90.62,75.52,110.0,0.505
0022201073,1610612752,New York,Knicks,NYK,knicks,240:00,644.2,128.8,673.1,134.6,-28.8,-5.8,0.542,1.53,18.6,0.282,0.75,0.507,16.346,16.3,0.647,0.688,1.0,0.982,20.8,104.0,86.67,104.0,0.466
0022201073,1610612750,Minnesota,Timberwolves,MIN,timberwolves,240:00,673.1,134.6,644.2,128.8,28.8,5.8,0.667,2.27,23.1,0.25,0.718,0.493,14.423,14.4,0.699,0.721,1.0,0.973,20.8,104.0,86.67,104.0,0.534
0022201071,1610612766,Charlotte,Hornets,CHA,hornets,240:00,558.3,111.7,534.3,106.9,23.9,4.8,0.634,2.36,18.2,0.283,0.604,0.436,10.68,10.7,0.511,0.552,1.0,0.983,20.5,102.5,85.42,103.0,0.534
0022201071,1610612754,Indiana,Pacers,IND,pacers,240:00,534.3,106.9,558.3,111.7,-23.9,-4.8,0.73,1.23,18.2,0.396,0.717,0.564,21.569,21.6,0.506,0.562,1.0,0.983,20.5,102.5,85.42,102.0,0.466
0022201064,1610612760,Oklahoma City,Thunder,OKC,thunder,240:00,584.9,117.0,566.0,113.2,18.9,3.8,0.476,1.25,14.5,0.261,0.8,0.542,15.094,15.1,0.565,0.621,1.0,0.975,21.2,106.0,88.33,106.0,0.528
0022201064,1610612756,Phoenix,Suns,PHX,suns,240:00,566.0,113.2,584.9,117.0,-18.9,-3.8,0.705,2.21,21.1,0.2,0.739,0.458,13.208,13.2,0.56,0.585,1.0,0.983,21.2,106.0,88.33,106.0,0.472
0022201068,1610612749,Milwaukee,Bucks,MIL,bucks,240:00,602.0,120.4,572.2,114.4,29.9,6.0,0.814,2.92,24.8,0.2,0.714,0.5,12.245,12.2,0.622,0.647,1.0,0.972,19.5,97.5,81.25,98.0,0.569
0022201068,1610612761,Toronto,Raptors,TOR,raptors,240:00,572.2,114.4,602.0,120.4,-29.9,-6.0,0.568,3.57,18.2,0.286,0.8,0.5,7.216,7.2,0.515,0.532,1.0,0.991,19.5,97.5,81.25,97.0,0.431
0022201063,1610612751,Brooklyn,Nets,BKN,nets,240:00,560.4,112.1,587.0,117.4,-26.5,-5.3,0.684,2.17,20.5,0.222,0.667,0.429,13.187,13.2,0.537,0.573,1.0,0.98,18.3,91.5,76.25,91.0,0.462
0022201063,1610612743,Denver,Nuggets,DEN,nuggets,240:00,587.0,117.4,560.4,112.1,26.5,5.3,0.738,1.82,22.8,0.333,0.778,0.571,18.478,18.5,0.6,0.63,1.0,0.962,18.3,91.5,76.25,92.0,0.538
0022201066,1610612765,Detroit,Pistons,DET,pistons,240:00,549.5,109.9,602.2,120.4,-52.7,-10.5,0.684,2.0,20.3,0.234,0.744,0.478,14.286,14.3,0.524,0.559,1.0,0.98,18.4,92.0,76.67,91.0,0.418
0022201066,1610612748,Miami,Heat,MIA,heat,240:00,602.2,120.4,549.5,109.9,52.7,10.5,0.868,3.3,24.1,0.256,0.766,0.522,10.753,10.8,0.563,0.622,1.0,0.962,18.4,92.0,76.67,93.0,0.582
0022201065,1610612759,San Antonio,Spurs,SAS,spurs,240:00,623.8,124.8,590.0,118.0,33.8,6.8,0.51,2.17,18.4,0.326,0.611,0.48,11.881,11.9,0.617,0.624,1.0,0.983,20.1,100.5,83.75,101.0,0.534
0022201065,1610612737,Atlanta,Hawks,ATL,hawks,240:00,590.0,118.0,623.8,124.8,-33.8,-6.8,0.438,1.75,14.8,0.389,0.674,0.52,12.0,12.0,0.5,0.537,1.0,1.0,20.1,100.5,83.75,100.0,0.466
0022201067,1610612745,Houston,Rockets,HOU,rockets,240:00,581.5,116.3,635.9,127.2,-54.3,-10.9,0.484,1.15,12.4,0.348,0.674,0.506,14.13,14.1,0.467,0.577,1.0,0.991,18.4,92.0,76.67,92.0,0.416
0022201067,1610612740,New Orleans,Pelicans,NOP,pelicans,240:00,635.9,127.2,581.5,116.3,54.3,10.9,0.667,2.8,20.9,0.326,0.652,0.494,10.87,10.9,0.571,0.612,1.0,0.991,18.4,92.0,76.67,92.0,0.584
0022201069,1610612757,Portland,Trail Blazers,POR,blazers,240:00,531.3,106.3,603.1,120.6,-71.8,-14.4,0.649,1.6,18.2,0.283,0.604,0.455,15.625,15.6,0.488,0.551,1.0,0.981,19.3,96.5,80.42,96.0,0.46
0022201069,1610612746,LA,Clippers,LAC,clippers,240:00,603.1,120.6,531.3,106.3,71.8,14.4,0.605,2.6,18.2,0.396,0.717,0.545,10.309,10.3,0.521,0.562,1.0,0.974,19.3,96.5,80.42,97.0,0.54
0022201070,1610612747,Los Angeles,Lakers,LAL,lakers,240:00,566.3,113.3,535.7,107.1,30.6,6.1,0.694,1.67,18.8,0.222,0.714,0.509,15.306,15.3,0.545,0.603,1.0,0.981,19.6,98.0,81.67,98.0,0.59
0022201070,1610612753,Orlando,Magic,ORL,magic,240:00,535.7,107.1,566.3,113.3,-30.6,-6.1,0.585,3.0,17.1,0.286,0.778,0.491,8.163,8.2,0.451,0.48,1.0,0.991,19.6,98.0,81.67,98.0,0.41
0022201056,1610612746,LA,Clippers,LAC,clippers,240:00,540.0,108.0,553.9,110.8,-13.9,-2.8,0.548,1.53,16.7,0.294,0.689,0.479,15.0,15.0,0.5,0.537,1.0,1.0,20.2,101.0,84.17,100.0,0.447
0022201056,1610612753,Orlando,Magic,ORL,magic,240:00,553.9,110.8,540.0,108.0,13.9,2.8,0.548,1.28,16.5,0.311,0.706,0.521,17.647,17.6,0.56,0.595,1.0,0.957,20.2,101.0,84.17,102.0,0.553
0022201060,1610612741,Chicago,Bulls,CHI,bulls,240:00,634.8,127.0,550.0,110.0,84.8,17.0,0.756,2.43,26.0,0.229,0.612,0.452,15.73,15.7,0.669,0.684,1.0,0.948,17.9,89.5,74.58,89.0,0.591
0022201060,1610612748,Miami,Heat,MIA,heat,240:00,550.0,110.0,634.8,127.0,-84.8,-17.0,0.657,1.64,17.4,0.388,0.771,0.548,15.556,15.6,0.488,0.535,1.0,0.963,17.9,89.5,74.58,90.0,0.409
0022201062,1610612762,Utah,Jazz,UTA,jazz,240:00,621.1,124.2,615.8,123.2,5.3,1.1,0.69,4.14,20.3,0.333,0.851,0.567,7.368,7.4,0.521,0.553,1.0,0.982,19.0,95.0,79.17,95.0,0.516
0022201062,1610612738,Boston,Celtics,BOS,celtics,240:00,615.8,123.2,621.1,124.2,-5.3,-1.1,0.714,3.75,22.9,0.149,0.667,0.433,8.421,8.4,0.602,0.616,1.0,0.98,19.0,95.0,79.17,95.0,0.484
0022201055,1610612752,New York,Knicks,NYK,knicks,240:00,617.0,123.4,585.1,117.0,31.9,6.4,0.561,1.92,17.4,0.341,0.738,0.535,12.766,12.8,0.548,0.608,1.0,0.982,18.8,94.0,78.33,94.0,0.54
0022201055,1610612743,Denver,Nuggets,DEN,nuggets,240:00,585.1,117.0,617.0,123.4,-31.9,-6.4,0.698,2.31,22.4,0.262,0.659,0.465,13.83,13.8,0.583,0.607,1.0,0.99,18.8,94.0,78.33,94.0,0.46
0022201059,1610612764,Washington,Wizards,WAS,wizards,240:00,596.0,119.2,653.5,130.7,-57.5,-11.5,0.659,2.7,19.3,0.264,0.833,0.516,10.101,10.1,0.522,0.573,1.0,0.991,20.0,100.0,83.33,99.0,0.443
0022201059,1610612758,Sacramento,Kings,SAC,kings,240:00,653.5,130.7,596.0,119.2,57.5,11.5,0.708,4.25,23.9,0.167,0.736,0.484,7.921,7.9,0.686,0.687,1.0,0.963,20.0,100.0,83.33,101.0,0.557
0022201057,1610612754,Indiana,Pacers,IND,pacers,240:00,617.3,123.5,719.4,143.9,-102.0,-20.4,0.622,1.65,19.7,0.372,0.811,0.575,17.347,17.3,0.586,0.632,1.0,0.956,19.6,98.0,81.67,98.0,0.433
0022201057,1610612755,Philadelphia,76ers,PHI,sixers,240:00,719.4,143.9,617.3,123.5,102.0,20.4,0.574,3.88,22.8,0.189,0.628,0.425,8.163,8.2,0.699,0.722,1.0,0.981,19.6,98.0,81.67,98.0,0.567
0022201061,1610612763,Memphis,Grizzlies,MEM,grizzlies,240:00,678.6,135.7,613.4,122.7,65.2,13.0,0.673,5.0,23.8,0.341,0.556,0.459,7.143,7.1,0.642,0.649,1.0,0.973,19.5,97.5,81.25,98.0,0.575
0022201061,1610612744,Golden State,Warriors,GSW,warriors,240:00,613.4,122.7,678.6,135.7,-65.2,-13.0,0.692,2.08,18.4,0.444,0.659,0.541,13.402,13.4,0.5,0.562,1.0,1.0,19.5,97.5,81.25,97.0,0.425
0022201058,1610612761,Toronto,Raptors,TOR,raptors,240:00,592.2,118.4,519.4,103.9,72.8,14.6,0.479,1.53,16.9,0.222,0.771,0.505,14.563,14.6,0.583,0.615,1.0,0.991,20.6,103.0,85.83,103.0,0.556
0022201058,1610612750,Minnesota,Timberwolves,MIN,timberwolves,240:00,519.4,103.9,592.2,118.4,-72.8,-14.6,0.692,1.8,19.1,0.229,0.778,0.495,14.563,14.6,0.488,0.55,1.0,0.974,20.6,103.0,85.83,103.0,0.444
0022201054,1610612747,Los Angeles,Lakers,LAL,lakers,240:00,597.8,119.6,603.3,120.7,-5.4,-1.1,0.535,1.92,17.2,0.396,0.756,0.562,13.043,13.0,0.542,0.563,1.0,0.973,18.4,92.0,76.67,92.0,0.499
0022201054,1610612742,Dallas,Mavericks,DAL,mavericks,240:00,603.3,120.7,597.8,119.6,5.4,1.1,0.675,1.8,20.9,0.244,0.604,0.438,16.304,16.3,0.608,0.635,1.0,0.971,18.4,92.0,76.67,92.0,0.501
0022201053,1610612757,Portland,Trail Blazers,POR,blazers,240:00,554.5,110.9,617.6,123.5,-63.2,-12.6,0.526,1.05,15.3,0.222,0.592,0.415,18.812,18.8,0.57,0.604,1.0,0.982,20.3,101.5,84.58,101.0,0.408
0022201053,1610612738,Boston,Celtics,BOS,celtics,240:00,617.6,123.5,554.5,110.9,63.2,12.6,0.707,1.61,19.5,0.408,0.778,0.585,17.647,17.6,0.557,0.615,1.0,0.983,20.3,101.5,84.58,102.0,0.592
0022201050,1610612741,Chicago,Bulls,CHI,bulls,290:00,599.1,119.8,574.6,114.9,24.6,4.9,0.451,1.92,15.8,0.178,0.721,0.491,10.345,10.3,0.601,0.648,1.0,0.959,19.03,95.17,79.31,116.0,0.55
0022201050,1610612750,Minnesota,Timberwolves,MIN,timberwolves,290:00,574.6,114.9,599.1,119.8,-24.6,-4.9,0.717,2.06,20.1,0.279,0.822,0.509,14.035,14.0,0.55,0.576,1.0,0.985,19.03,95.17,79.31,114.0,0.45
0022201049,1610612739,Cleveland,Cavaliers,CLE,cavaliers,240:00,609.4,121.9,489.6,97.9,119.8,24.0,0.646,2.82,22.6,0.233,0.791,0.512,11.458,11.5,0.575,0.605,1.0,0.972,19.2,96.0,80.0,96.0,0.612
0022201049,1610612764,Washington,Wizards,WAS,wizards,240:00,489.6,97.9,609.4,121.9,-119.8,-24.0,0.629,1.29,17.5,0.209,0.767,0.488,17.708,17.7,0.513,0.554,1.0,0.971,19.2,96.0,80.0,96.0,0.388
0022201052,1610612759,San Antonio,Spurs,SAS,spurs,265:00,535.7,107.1,562.5,112.5,-26.8,-5.4,0.795,1.55,19.0,0.361,0.702,0.525,17.857,17.9,0.5,0.542,1.0,0.985,20.29,101.43,84.53,112.0,0.477
0022201052,1610612763,Memphis,Grizzlies,MEM,grizzlies,265:00,562.5,112.5,535.7,107.1,26.8,5.4,0.551,1.59,17.3,0.298,0.639,0.475,15.179,15.2,0.554,0.571,1.0,0.992,20.29,101.43,84.53,112.0,0.523
0022201048,1610612737,Atlanta,Hawks,ATL,hawks,240:00,593.5,118.7,556.1,111.2,37.4,7.5,0.574,2.45,17.9,0.298,0.648,0.468,10.28,10.3,0.55,0.572,1.0,0.976,21.4,107.0,89.17,107.0,0.515
0022201048,1610612744,Golden State,Warriors,GSW,warriors,240:00,556.1,111.2,593.5,118.7,-37.4,-7.5,0.596,1.65,18.2,0.352,0.702,0.532,15.888,15.9,0.536,0.557,1.0,0.984,21.4,107.0,89.17,107.0,0.485
0022201047,1610612766,Charlotte,Hornets,CHA,hornets,240:00,410.0,82.0,605.0,121.0,-195.0,-39.0,0.69,1.43,15.2,0.21,0.646,0.4,14.0,14.0,0.366,0.421,1.0,0.982,20.0,100.0,83.33,100.0,0.292
0022201047,1610612755,Philadelphia,76ers,PHI,sixers,240:00,605.0,121.0,410.0,82.0,195.0,39.0,0.522,1.6,17.1,0.354,0.79,0.6,15.0,15.0,0.554,0.587,1.0,0.983,20.0,100.0,83.33,100.0,0.708
0022201051,1610612745,Houston,Rockets,HOU,rockets,240:00,600.0,120.0,589.5,117.9,10.5,2.1,0.465,1.54,15.2,0.375,0.804,0.585,13.684,13.7,0.551,0.578,1.0,0.982,19.0,95.0,79.17,95.0,0.504
0022201051,1610612740,New Orleans,Pelicans,NOP,pelicans,240:00,589.5,117.9,600.0,120.0,-10.5,-2.1,0.564,2.44,17.5,0.196,0.625,0.415,9.474,9.5,0.549,0.602,1.0,0.981,19.0,95.0,79.17,95.0,0.496
0022201044,1610612761,Toronto,Raptors,TOR,raptors,240:00,640.0,128.0,555.0,111.0,85.0,17.0,0.617,2.9,19.1,0.426,0.714,0.573,10.0,10.0,0.557,0.585,1.0,0.984,20.0,100.0,83.33,100.0,0.612
0022201044,1610612760,Oklahoma City,Thunder,OKC,thunder,240:00,555.0,111.0,640.0,128.0,-85.0,-17.0,0.45,1.38,13.4,0.286,0.574,0.427,13.0,13.0,0.495,0.54,1.0,0.991,20.0,100.0,83.33,100.0,0.388
0022201043,1610612751,Brooklyn,Nets,BKN,nets,240:00,521.7,104.3,537.2,107.4,-15.5,-3.1,0.606,2.86,17.2,0.077,0.696,0.398,7.609,7.6,0.5,0.533,1.0,0.99,18.6,93.0,77.5,92.0,0.476
0022201043,1610612758,Sacramento,Kings,SAC,kings,240:00,537.2,107.4,521.7,104.3,15.5,3.1,0.688,1.83,16.5,0.304,0.923,0.602,12.766,12.8,0.47,0.526,1.0,0.964,18.6,93.0,77.5,94.0,0.524
0022201042,1610612765,Detroit,Pistons,DET,pistons,240:00,531.9,106.4,626.3,125.3,-94.4,-18.9,0.615,1.41,17.9,0.32,0.622,0.463,18.085,18.1,0.529,0.538,1.0,1.0,18.9,94.5,78.75,94.0,0.367
0022201042,1610612743,Denver,Nuggets,DEN,nuggets,240:00,626.3,125.3,531.9,106.4,94.4,18.9,0.617,2.9,20.7,0.378,0.68,0.537,10.526,10.5,0.573,0.595,1.0,0.973,18.9,94.5,78.75,95.0,0.633
0022201045,1610612749,Milwaukee,Bucks,MIL,bucks,240:00,580.2,116.0,655.7,131.1,-75.5,-15.1,0.553,2.17,18.2,0.239,0.783,0.511,11.321,11.3,0.59,0.612,1.0,0.974,21.2,106.0,88.33,106.0,0.455
0022201045,1610612754,Indiana,Pacers,IND,pacers,240:00,655.7,131.1,580.2,116.0,75.5,15.1,0.667,3.6,23.7,0.217,0.761,0.489,9.434,9.4,0.67,0.671,1.0,0.957,21.2,106.0,88.33,106.0,0.545
0022201046,1610612756,Phoenix,Suns,PHX,suns,240:00,557.7,111.5,543.3,108.7,14.4,2.9,0.605,1.86,18.8,0.191,0.705,0.44,13.462,13.5,0.55,0.595,1.0,0.991,20.8,104.0,86.67,104.0,0.495
0022201046,1610612753,Orlando,Magic,ORL,magic,240:00,543.3,108.7,557.7,111.5,-14.4,-2.9,0.581,1.32,17.6,0.295,0.809,0.56,18.269,18.3,0.547,0.588,1.0,0.966,20.8,104.0,86.67,104.0,0.505
0022201039,1610612750,Minnesota,Timberwolves,MIN,timberwolves,240:00,536.8,107.4,553.2,110.6,-16.3,-3.3,0.73,2.08,20.0,0.255,0.769,0.515,13.684,13.7,0.512,0.544,1.0,0.972,18.9,94.5,78.75,95.0,0.504
0022201039,1610612738,Boston,Celtics,BOS,celtics,240:00,553.2,110.6,536.8,107.4,16.3,3.3,0.588,1.82,15.9,0.231,0.745,0.485,11.702,11.7,0.476,0.535,1.0,0.981,18.9,94.5,78.75,94.0,0.496
0022201038,1610612745,Houston,Rockets,HOU,rockets,240:00,564.4,112.9,544.6,108.9,19.8,4.0,0.468,1.22,15.8,0.378,0.714,0.564,17.822,17.8,0.573,0.585,1.0,0.983,20.2,101.0,84.17,101.0,0.525
0022201038,1610612747,Los Angeles,Lakers,LAL,lakers,240:00,544.6,108.9,564.4,112.9,-19.8,-4.0,0.618,2.1,15.3,0.286,0.622,0.436,9.901,9.9,0.439,0.518,1.0,0.974,20.2,101.0,84.17,101.0,0.475
0022201035,1610612739,Cleveland,Cavaliers,CLE,cavaliers,240:00,592.4,118.5,634.4,126.9,-42.0,-8.4,0.5,1.67,15.7,0.306,0.568,0.419,13.043,13.0,0.553,0.576,1.0,0.963,18.5,92.5,77.08,92.0,0.421
0022201035,1610612755,Philadelphia,76ers,PHI,sixers,240:00,634.4,126.9,592.4,118.5,42.0,8.4,0.615,1.2,18.0,0.432,0.694,0.581,21.505,21.5,0.633,0.679,1.0,0.954,18.5,92.5,77.08,93.0,0.579
0022201041,1610612746,LA,Clippers,LAC,clippers,240:00,656.9,131.4,611.7,122.3,45.2,9.0,0.652,3.75,19.9,0.38,0.762,0.554,7.843,7.8,0.563,0.609,1.0,0.967,20.5,102.5,85.42,102.0,0.545
0022201041,1610612744,Golden State,Warriors,GSW,warriors,240:00,611.7,122.3,656.9,131.4,-45.2,-9.0,0.571,1.75,19.9,0.238,0.62,0.446,15.534,15.5,0.653,0.666,1.0,0.973,20.5,102.5,85.42,103.0,0.455
0022201040,1610612759,San Antonio,Spurs,SAS,spurs,265:00,581.8,116.4,622.7,124.5,-40.9,-8.2,0.531,2.6,16.7,0.317,0.711,0.481,9.091,9.1,0.528,0.54,1.0,0.992,19.92,99.62,83.02,110.0,0.433
0022201040,1610612742,Dallas,Mavericks,DAL,mavericks,265:00,622.7,124.5,581.8,116.4,40.9,8.2,0.523,1.21,15.8,0.289,0.683,0.519,17.273,17.3,0.61,0.67,1.0,0.976,19.92,99.62,83.02,110.0,0.567
0022201036,1610612748,Miami,Heat,MIA,heat,240:00,676.5,135.3,589.1,117.8,87.4,17.5,0.673,2.54,23.1,0.229,0.735,0.524,12.745,12.7,0.677,0.715,1.0,0.973,20.3,101.5,84.58,102.0,0.597
0022201036,1610612763,Memphis,Grizzlies,MEM,grizzlies,240:00,589.1,117.8,676.5,135.3,-87.4,-17.5,0.63,1.81,20.4,0.265,0.771,0.476,15.842,15.8,0.604,0.612,1.0,0.991,20.3,101.5,84.58,101.0,0.403
0022201037,1610612741,Chicago,Bulls,CHI,bulls,240:00,548.1,109.6,568.0,113.6,-19.9,-4.0,0.737,1.87,18.4,0.323,0.804,0.528,14.423,14.4,0.474,0.528,1.0,0.976,20.7,103.5,86.25,104.0,0.474
0022201037,1610612758,Sacramento,Kings,SAC,kings,240:00,568.0,113.6,548.1,109.6,19.9,4.0,0.684,1.3,19.0,0.196,0.677,0.472,19.417,19.4,0.603,0.645,1.0,0.991,20.7,103.5,86.25,103.0,0.526
0022201031,1610612760,Oklahoma City,Thunder,OKC,thunder,240:00,587.4,117.5,514.4,102.9,73.0,14.6,0.489,2.0,15.5,0.321,0.74,0.519,10.68,10.7,0.51,0.554,1.0,0.983,20.7,103.5,86.25,103.0,0.548
0022201031,1610612751,Brooklyn,Nets,BKN,nets,240:00,514.4,102.9,587.4,117.5,-73.0,-14.6,0.714,1.47,17.6,0.26,0.679,0.481,16.346,16.3,0.5,0.552,1.0,0.983,20.7,103.5,86.25,104.0,0.452
0022201034,1610612757,Portland,Trail Blazers,POR,blazers,240:00,535.0,107.0,602.9,120.6,-67.9,-13.6,0.579,1.83,15.6,0.297,0.738,0.472,12.0,12.0,0.47,0.5,1.0,0.983,20.2,101.0,84.17,100.0,0.365
0022201034,1610612752,New York,Knicks,NYK,knicks,240:00,602.9,120.6,535.0,107.0,67.9,13.6,0.548,1.77,17.2,0.262,0.703,0.528,12.745,12.7,0.611,0.641,1.0,0.973,20.2,101.0,84.17,102.0,0.635
0022201028,1610612764,Washington,Wizards,WAS,wizards,240:00,609.4,121.9,505.2,101.0,104.2,20.8,0.545,1.6,17.8,0.366,0.645,0.534,15.625,15.6,0.559,0.618,1.0,0.964,19.2,96.0,80.0,96.0,0.659
0022201028,1610612765,Detroit,Pistons,DET,pistons,240:00,505.2,101.0,609.4,121.9,-104.2,-20.8,0.474,1.64,13.2,0.355,0.634,0.466,11.458,11.5,0.434,0.465,1.0,0.975,19.2,96.0,80.0,96.0,0.341
0022201030,1610612740,New Orleans,Pelicans,NOP,pelicans,240:00,551.0,110.2,621.2,124.2,-70.2,-14.0,0.548,1.92,16.2,0.35,0.628,0.466,12.245,12.2,0.485,0.506,1.0,0.983,19.7,98.5,82.08,98.0,0.385
0022201030,1610612747,Los Angeles,Lakers,LAL,lakers,240:00,621.2,124.2,551.0,110.2,70.2,14.0,0.6,1.33,17.3,0.372,0.65,0.534,18.182,18.2,0.598,0.652,1.0,0.965,19.7,98.5,82.08,99.0,0.615
0022201027,1610612766,Charlotte,Hornets,CHA,hornets,240:00,536.1,107.2,625.0,125.0,-88.9,-17.8,0.651,1.27,20.7,0.303,0.8,0.59,22.68,22.7,0.605,0.63,1.0,0.944,19.3,96.5,80.42,97.0,0.472
0022201027,1610612739,Cleveland,Cavaliers,CLE,cavaliers,240:00,625.0,125.0,536.1,107.2,88.9,17.8,0.644,3.22,21.6,0.2,0.697,0.41,9.375,9.4,0.591,0.623,1.0,0.99,19.3,96.5,80.42,96.0,0.528
0022201033,1610612756,Phoenix,Suns,PHX,suns,240:00,514.9,103.0,580.0,116.0,-65.1,-13.0,0.561,2.09,16.8,0.255,0.72,0.476,10.891,10.9,0.474,0.51,1.0,0.991,20.1,100.5,83.75,101.0,0.432
0022201033,1610612749,Milwaukee,Bucks,MIL,bucks,240:00,580.0,116.0,514.9,103.0,65.1,13.0,0.6,1.85,17.4,0.28,0.745,0.524,13.0,13.0,0.541,0.573,1.0,0.991,20.1,100.5,83.75,100.0,0.568
0022201029,1610612761,Toronto,Raptors,TOR,raptors,240:00,651.0,130.2,578.9,115.8,72.1,14.4,0.51,2.27,18.1,0.37,0.811,0.566,11.458,11.5,0.591,0.622,1.0,0.973,19.1,95.5,79.58,96.0,0.528
0022201029,1610612743,Denver,Nuggets,DEN,nuggets,240:00,578.9,115.8,651.0,130.2,-72.1,-14.4,0.69,2.07,22.1,0.189,0.63,0.434,14.737,14.7,0.592,0.632,1.0,0.99,19.1,95.5,79.58,95.0,0.472
0022201032,1610612759,San Antonio,Spurs,SAS,spurs,240:00,653.5,130.7,564.4,112.9,89.1,17.8,0.813,2.6,26.2,0.231,0.719,0.521,14.851,14.9,0.694,0.71,1.0,0.973,20.2,101.0,84.17,101.0,0.605
0022201032,1610612753,Orlando,Magic,ORL,magic,240:00,564.4,112.9,653.5,130.7,-89.1,-17.8,0.545,2.67,17.0,0.281,0.769,0.479,8.911,8.9,0.505,0.537,1.0,0.983,20.2,101.0,84.17,101.0,0.395
0022201024,1610612745,Houston,Rockets,HOU,rockets,240:00,572.2,114.4,561.9,112.4,10.3,2.1,0.675,2.45,19.0,0.34,0.714,0.52,11.34,11.3,0.506,0.545,1.0,0.957,19.4,97.0,80.83,97.0,0.541
0022201024,1610612738,Boston,Celtics,BOS,celtics,240:00,561.9,112.4,572.2,114.4,-10.3,-2.1,0.487,1.36,14.6,0.286,0.66,0.48,14.433,14.4,0.517,0.566,1.0,0.973,19.4,97.0,80.83,97.0,0.459
0022201023,1610612742,Dallas,Mavericks,DAL,mavericks,240:00,449.0,89.8,530.6,106.1,-81.6,-16.3,0.657,1.77,17.4,0.196,0.761,0.451,13.265,13.3,0.456,0.47,1.0,0.982,19.6,98.0,81.67,98.0,0.399
0022201023,1610612763,Memphis,Grizzlies,MEM,grizzlies,240:00,530.6,106.1,449.0,89.8,81.6,16.3,0.605,1.44,17.4,0.239,0.804,0.549,16.327,16.3,0.53,0.569,1.0,0.963,19.6,98.0,81.67,98.0,0.601
0022201026,1610612758,Sacramento,Kings,SAC,kings,240:00,607.8,121.6,652.0,130.4,-44.1,-8.8,0.674,3.44,20.4,0.322,0.821,0.52,8.824,8.8,0.543,0.561,1.0,0.983,20.4,102.0,85.0,102.0,0.438
0022201026,1610612749,Milwaukee,Bucks,MIL,bucks,240:00,652.0,130.4,607.8,121.6,44.1,8.8,0.58,2.23,21.0,0.179,0.678,0.48,12.745,12.7,0.669,0.695,1.0,0.972,20.4,102.0,85.0,102.0,0.562
0022201020,1610612765,Detroit,Pistons,DET,pistons,240:00,596.9,119.4,494.9,99.0,102.0,20.4,0.583,1.87,18.8,0.434,0.698,0.566,15.306,15.3,0.55,0.56,1.0,0.975,19.6,98.0,81.67,98.0,0.592
0022201020,1610612754,Indiana,Pacers,IND,pacers,240:00,494.9,99.0,596.9,119.4,-102.0,-20.4,0.639,1.44,16.8,0.302,0.566,0.434,16.327,16.3,0.477,0.502,1.0,0.956,19.6,98.0,81.67,98.0,0.408
0022201025,1610612744,Golden State,Warriors,GSW,warriors,240:00,615.0,123.0,565.7,113.1,49.3,9.9,0.622,1.75,20.1,0.25,0.615,0.448,16.0,16.0,0.657,0.657,1.0,0.955,19.9,99.5,82.92,100.0,0.548
0022201025,1610612756,Phoenix,Suns,PHX,suns,240:00,565.7,113.1,615.0,123.0,-49.3,-9.9,0.543,1.79,17.4,0.385,0.75,0.552,14.141,14.1,0.505,0.535,1.0,0.992,19.9,99.5,82.92,99.0,0.452
0022201022,1610612748,Miami,Heat,MIA,heat,240:00,595.0,119.0,569.3,113.9,25.7,5.1,0.541,1.54,15.4,0.227,0.633,0.441,13.0,13.0,0.557,0.627,1.0,0.982,20.1,100.5,83.75,100.0,0.529
0022201022,1610612762,Utah,Jazz,UTA,jazz,240:00,569.3,113.9,595.0,119.0,-25.7,-5.1,0.721,1.72,20.7,0.367,0.773,0.559,17.822,17.8,0.567,0.587,1.0,0.975,20.1,100.5,83.75,101.0,0.471
0022201021,1610612737,Atlanta,Hawks,ATL,hawks,240:00,527.5,105.5,629.6,125.9,-102.1,-20.4,0.386,1.06,11.6,0.37,0.829,0.568,14.679,14.7,0.474,0.526,1.0,0.969,21.7,108.5,90.42,109.0,0.378
0022201021,1610612750,Minnesota,Timberwolves,MIN,timberwolves,240:00,629.6,125.9,527.5,105.5,102.1,20.4,0.722,3.0,25.3,0.171,0.63,0.432,12.037,12.0,0.652,0.666,1.0,0.965,21.7,108.5,90.42,108.0,0.622
0022201014,1610612743,Denver,Nuggets,DEN,nuggets,240:00,631.6,126.3,648.9,129.8,-17.4,-3.5,0.6,1.8,18.6,0.479,0.814,0.637,15.789,15.8,0.567,0.597,1.0,0.975,18.9,94.5,78.75,95.0,0.49
0022201014,1610612751,Brooklyn,Nets,BKN,nets,240:00,648.9,129.8,631.6,126.3,17.4,3.5,0.762,3.2,23.9,0.186,0.521,0.363,10.638,10.6,0.601,0.645,1.0,0.98,18.9,94.5,78.75,94.0,0.51
0022201015,1610612766,Charlotte,Hornets,CHA,hornets,240:00,534.7,106.9,575.8,115.2,-41.1,-8.2,0.61,1.32,18.7,0.262,0.735,0.516,18.812,18.8,0.575,0.602,1.0,0.991,20.0,100.0,83.33,101.0,0.511
0022201015,1610612739,Cleveland,Cavaliers,CLE,cavaliers,240:00,575.8,115.2,534.7,106.9,41.1,8.2,0.439,1.8,13.8,0.265,0.738,0.484,10.101,10.1,0.511,0.559,1.0,1.0,20.0,100.0,83.33,99.0,0.489
0022201018,1610612759,San Antonio,Spurs,SAS,spurs,240:00,445.5,89.1,500.0,100.0,-54.5,-10.9,0.727,1.26,17.4,0.241,0.75,0.5,18.812,18.8,0.432,0.467,1.0,0.991,20.3,101.5,84.58,101.0,0.415
0022201018,1610612760,Oklahoma City,Thunder,OKC,thunder,240:00,500.0,100.0,445.5,89.1,54.5,10.9,0.722,2.89,18.3,0.25,0.759,0.5,8.824,8.8,0.432,0.485,1.0,0.983,20.3,101.5,84.58,102.0,0.585
0022201017,1610612740,New Orleans,Pelicans,NOP,pelicans,240:00,604.8,121.0,518.9,103.8,85.9,17.2,0.814,2.33,23.3,0.213,0.755,0.49,14.286,14.3,0.61,0.643,1.0,0.991,21.1,105.5,87.92,105.0,0.575
0022201017,1610612757,Portland,Trail Blazers,POR,blazers,240:00,518.9,103.8,604.8,121.0,-85.9,-17.2,0.605,1.37,18.1,0.245,0.787,0.51,17.925,17.9,0.545,0.568,1.0,0.958,21.1,105.5,87.92,106.0,0.425
0022201016,1610612755,Philadelphia,76ers,PHI,sixers,240:00,608.7,121.7,511.0,102.2,97.7,19.5,0.707,3.22,22.0,0.275,0.75,0.543,9.783,9.8,0.581,0.621,1.0,0.961,18.3,91.5,76.25,92.0,0.641
0022201016,1610612764,Washington,Wizards,WAS,wizards,240:00,511.0,102.2,608.7,121.7,-97.7,-19.5,0.559,1.9,15.4,0.25,0.725,0.457,10.989,11.0,0.44,0.494,1.0,0.981,18.3,91.5,76.25,91.0,0.359
0022201019,1610612747,Los Angeles,Lakers,LAL,lakers,240:00,574.5,114.9,589.5,117.9,-15.0,-3.0,0.558,2.18,18.2,0.286,0.681,0.479,11.702,11.7,0.551,0.56,1.0,0.991,18.9,94.5,78.75,94.0,0.472
0022201019,1610612752,New York,Knicks,NYK,knicks,240:00,589.5,117.9,574.5,114.9,15.0,3.0,0.429,1.64,14.1,0.319,0.714,0.521,11.579,11.6,0.54,0.576,1.0,0.973,18.9,94.5,78.75,95.0,0.528
0022201006,1610612765,Detroit,Pistons,DET,pistons,240:00,547.6,109.5,565.4,113.1,-17.8,-3.6,0.581,2.08,17.2,0.268,0.648,0.455,11.429,11.4,0.516,0.543,1.0,0.992,21.2,106.0,88.33,105.0,0.447
0022201006,1610612754,Indiana,Pacers,IND,pacers,240:00,565.4,113.1,547.6,109.5,17.8,3.6,0.558,1.71,16.0,0.352,0.732,0.545,13.084,13.1,0.511,0.56,1.0,0.968,21.2,106.0,88.33,107.0,0.553
0022201011,1610612740,New Orleans,Pelicans,NOP,pelicans,240:00,480.0,96.0,555.6,111.1,-75.6,-15.1,0.676,1.05,17.0,0.245,0.795,0.505,22.0,22.0,0.494,0.537,1.0,0.982,19.9,99.5,82.92,100.0,0.402
0022201011,1610612760,Oklahoma City,Thunder,OKC,thunder,240:00,555.6,111.1,480.0,96.0,75.6,15.1,0.459,1.42,13.6,0.205,0.755,0.495,12.121,12.1,0.519,0.585,1.0,0.972,19.9,99.5,82.92,99.0,0.598
0022201005,1610612766,Charlotte,Hornets,CHA,hornets,240:00,566.3,113.3,601.0,120.2,-34.7,-6.9,0.6,3.43,17.6,0.254,0.559,0.407,7.143,7.1,0.495,0.531,1.0,1.0,19.7,98.5,82.08,98.0,0.485
0022201005,1610612762,Utah,Jazz,UTA,jazz,240:00,601.0,120.2,566.3,113.3,34.7,6.9,0.478,2.0,15.1,0.441,0.746,0.593,11.111,11.1,0.49,0.532,1.0,0.992,19.7,98.5,82.08,99.0,0.515
0022201009,1610612745,Houston,Rockets,HOU,rockets,240:00,572.2,114.4,613.4,122.7,-41.2,-8.2,0.683,1.75,20.4,0.255,0.674,0.456,16.495,16.5,0.576,0.6,1.0,0.982,19.4,97.0,80.83,97.0,0.461
0022201009,1610612741,Chicago,Bulls,CHI,bulls,240:00,613.4,122.7,572.2,114.4,41.2,8.2,0.568,1.79,18.4,0.326,0.745,0.544,14.433,14.4,0.599,0.622,1.0,0.982,19.4,97.0,80.83,97.0,0.539
0022201010,1610612763,Memphis,Grizzlies,MEM,grizzlies,240:00,583.3,116.7,556.7,111.3,26.6,5.3,0.61,2.27,18.8,0.255,0.735,0.5,11.458,11.5,0.535,0.58,1.0,0.991,19.3,96.5,80.42,96.0,0.538
0022201010,1610612742,Dallas,Mavericks,DAL,mavericks,240:00,556.7,111.3,583.3,116.7,-26.6,-5.3,0.641,2.27,18.7,0.265,0.745,0.5,11.34,11.3,0.547,0.568,1.0,0.982,19.3,96.5,80.42,97.0,0.462
0022201004,1610612746,LA,Clippers,LAC,clippers,240:00,576.1,115.2,516.3,103.3,59.8,12.0,0.524,2.2,17.5,0.25,0.633,0.463,10.87,10.9,0.54,0.564,1.0,0.952,18.4,92.0,76.67,92.0,0.533
0022201004,1610612752,New York,Knicks,NYK,knicks,240:00,516.3,103.3,576.1,115.2,-59.8,-12.0,0.656,2.1,15.6,0.367,0.75,0.537,10.87,10.9,0.394,0.466,1.0,0.974,18.4,92.0,76.67,92.0,0.467
0022201013,1610612756,Phoenix,Suns,PHX,suns,240:00,556.1,111.2,603.8,120.8,-47.7,-9.5,0.682,2.14,20.7,0.196,0.717,0.457,13.084,13.1,0.567,0.603,1.0,0.974,21.3,106.5,88.75,107.0,0.5
0022201013,1610612758,Sacramento,Kings,SAC,kings,240:00,603.8,120.8,556.1,111.2,47.7,9.5,0.463,1.27,13.9,0.283,0.804,0.543,14.151,14.2,0.571,0.632,1.0,0.992,21.3,106.5,88.75,106.0,0.5
0022201012,1610612744,Golden State,Warriors,GSW,warriors,265:00,543.5,108.7,508.8,101.8,34.7,6.9,0.717,2.2,19.5,0.313,0.845,0.56,13.043,13.0,0.513,0.535,1.0,0.971,20.74,103.7,86.42,115.0,0.541
0022201012,1610612749,Milwaukee,Bucks,MIL,bucks,265:00,508.8,101.8,543.5,108.7,-34.7,-6.9,0.651,1.65,18.5,0.155,0.687,0.44,14.912,14.9,0.535,0.553,1.0,0.992,20.74,103.7,86.42,114.0,0.459
0022201008,1610612737,Atlanta,Hawks,ATL,hawks,240:00,606.8,121.4,644.2,128.8,-37.4,-7.5,0.48,2.4,17.0,0.275,0.795,0.516,9.709,9.7,0.55,0.584,1.0,0.991,20.7,103.5,86.25,103.0,0.458
0022201008,1610612738,Boston,Celtics,BOS,celtics,240:00,644.2,128.8,606.8,121.4,37.4,7.5,0.673,3.89,23.6,0.205,0.725,0.484,8.654,8.7,0.653,0.668,1.0,0.965,20.7,103.5,86.25,104.0,0.542
0022201007,1610612753,Orlando,Magic,ORL,magic,265:00,578.0,115.6,518.2,103.6,59.8,12.0,0.708,1.79,21.3,0.34,0.755,0.547,17.431,17.4,0.551,0.584,1.0,0.984,19.83,99.17,82.64,109.0,0.595
0022201007,1610612748,Miami,Heat,MIA,heat,265:00,518.2,103.6,578.0,115.6,-59.8,-12.0,0.452,1.12,13.6,0.245,0.66,0.453,15.455,15.5,0.505,0.554,1.0,0.983,19.83,99.17,82.64,110.0,0.405
0022200999,1610612764,Washington,Wizards,WAS,wizards,240:00,519.4,103.9,558.8,111.8,-39.4,-7.9,0.628,1.8,19.1,0.239,0.704,0.49,14.563,14.6,0.528,0.558,1.0,0.965,20.5,102.5,85.42,103.0,0.505
0022200999,1610612737,Atlanta,Hawks,ATL,hawks,240:00,558.8,111.8,519.4,103.9,39.4,7.9,0.595,1.79,17.5,0.296,0.761,0.51,13.725,13.7,0.521,0.551,1.0,0.992,20.5,102.5,85.42,102.0,0.495
0022201000,1610612748,Miami,Heat,MIA,heat,240:00,607.1,121.4,592.8,118.6,14.4,2.9,0.524,1.38,16.4,0.341,0.776,0.578,16.327,16.3,0.598,0.646,1.0,0.973,19.5,97.5,81.25,98.0,0.537
0022201000,1610612739,Cleveland,Cavaliers,CLE,cavaliers,240:00,592.8,118.6,607.1,121.4,-14.4,-2.9,0.625,2.27,18.8,0.224,0.659,0.422,11.34,11.3,0.57,0.604,1.0,0.991,19.5,97.5,81.25,97.0,0.463
0022201002,1610612759,San Antonio,Spurs,SAS,spurs,240:00,598.1,119.6,566.0,113.2,32.1,6.4,0.608,1.63,20.3,0.333,0.826,0.582,17.757,17.8,0.612,0.631,1.0,0.967,21.3,106.5,88.75,107.0,0.509
0022201002,1610612743,Denver,Nuggets,DEN,nuggets,240:00,566.0,113.2,598.1,119.6,-32.1,-6.4,0.727,2.29,21.9,0.174,0.667,0.418,13.208,13.2,0.561,0.607,1.0,0.991,21.3,106.5,88.75,106.0,0.491
0022201001,1610612750,Minnesota,Timberwolves,MIN,timberwolves,265:00,559.1,111.8,568.8,113.8,-9.7,-1.9,0.604,2.07,18.6,0.298,0.725,0.5,12.727,12.7,0.536,0.555,1.0,0.976,19.83,99.17,82.64,110.0,0.533
0022201001,1610612751,Brooklyn,Nets,BKN,nets,265:00,568.8,113.8,559.1,111.8,9.7,1.9,0.476,1.33,14.0,0.275,0.702,0.5,13.761,13.8,0.549,0.588,1.0,0.976,19.83,99.17,82.64,109.0,0.467
0022201003,1610612747,Los Angeles,Lakers,LAL,lakers,240:00,604.0,120.8,554.5,110.9,49.5,9.9,0.622,1.33,20.4,0.229,0.739,0.519,20.792,20.8,0.644,0.69,1.0,0.972,20.2,101.0,84.17,101.0,0.538
0022201003,1610612761,Toronto,Raptors,TOR,raptors,240:00,554.5,110.9,604.0,120.8,-49.5,-9.9,0.63,2.23,20.4,0.261,0.771,0.481,12.871,12.9,0.554,0.573,1.0,0.982,20.2,101.0,84.17,101.0,0.462
0022200998,1610612755,Philadelphia,76ers,PHI,sixers,240:00,631.6,126.3,619.8,124.0,11.8,2.4,0.581,2.5,18.9,0.279,0.78,0.524,10.526,10.5,0.584,0.627,1.0,0.981,19.1,95.5,79.58,95.0,0.5
0022200998,1610612757,Portland,Trail Blazers,POR,blazers,240:00,619.8,124.0,631.6,126.3,-11.8,-2.4,0.571,2.67,18.6,0.22,0.721,0.476,9.375,9.4,0.619,0.638,1.0,0.971,19.1,95.5,79.58,96.0,0.5
0022200994,1610612753,Orlando,Magic,ORL,magic,240:00,613.9,122.8,648.5,129.7,-34.7,-6.9,0.477,2.1,14.9,0.358,0.65,0.484,9.901,9.9,0.553,0.576,1.0,0.983,20.2,101.0,84.17,101.0,0.449
0022200994,1610612762,Utah,Jazz,UTA,jazz,240:00,648.5,129.7,613.9,122.8,34.7,6.9,0.551,1.5,19.0,0.35,0.642,0.516,17.822,17.8,0.631,0.674,1.0,0.974,20.2,101.0,84.17,101.0,0.551
0022200992,1610612765,Detroit,Pistons,DET,pistons,240:00,515.0,103.0,559.4,111.9,-44.4,-8.9,0.5,1.05,14.5,0.353,0.694,0.52,19.0,19.0,0.489,0.527,1.0,0.992,20.1,100.5,83.75,100.0,0.423
0022200992,1610612766,Charlotte,Hornets,CHA,hornets,240:00,559.4,111.9,515.0,103.0,44.4,8.9,0.558,1.85,17.1,0.306,0.647,0.48,12.871,12.9,0.547,0.565,1.0,0.966,20.1,100.5,83.75,101.0,0.577
0022200997,1610612758,Sacramento,Kings,SAC,kings,240:00,586.5,117.3,557.1,111.4,29.4,5.9,0.636,2.33,20.3,0.156,0.606,0.423,11.538,11.5,0.583,0.622,1.0,1.0,20.9,104.5,87.08,104.0,0.57
0022200997,1610612752,New York,Knicks,NYK,knicks,240:00,557.1,111.4,586.5,117.3,-29.4,-5.9,0.643,1.93,17.2,0.394,0.844,0.577,13.333,13.3,0.48,0.51,1.0,0.977,20.9,104.5,87.08,105.0,0.43
0022200993,1610612754,Indiana,Pacers,IND,pacers,265:00,603.6,120.7,558.0,111.6,45.6,9.1,0.708,2.83,21.8,0.208,0.563,0.402,10.811,10.8,0.57,0.613,1.0,0.975,20.2,100.98,84.15,111.0,0.595
0022200993,1610612745,Houston,Rockets,HOU,rockets,265:00,558.0,111.6,603.6,120.7,-45.6,-9.1,0.367,1.06,11.5,0.438,0.792,0.598,15.179,15.2,0.486,0.522,1.0,0.986,20.2,100.98,84.15,112.0,0.405
0022200996,1610612763,Memphis,Grizzlies,MEM,grizzlies,240:00,648.5,129.7,534.0,106.8,114.5,22.9,0.72,2.57,24.0,0.295,0.766,0.538,13.861,13.9,0.634,0.649,1.0,0.982,20.4,102.0,85.0,101.0,0.588
0022200996,1610612744,Golden State,Warriors,GSW,warriors,240:00,534.0,106.8,648.5,129.7,-114.5,-22.9,0.694,1.47,18.1,0.234,0.705,0.462,16.505,16.5,0.53,0.594,1.0,0.973,20.4,102.0,85.0,103.0,0.412
0022200995,1610612749,Milwaukee,Bucks,MIL,bucks,240:00,556.6,111.3,533.0,106.6,23.6,4.7,0.75,2.06,20.5,0.383,0.667,0.528,15.094,15.1,0.514,0.536,1.0,0.992,21.2,106.0,88.33,106.0,0.563
0022200995,1610612751,Brooklyn,Nets,BKN,nets,240:00,533.0,106.6,556.6,111.3,-23.6,-4.7,0.488,1.43,13.6,0.333,0.617,0.472,13.208,13.2,0.462,0.507,1.0,0.976,21.2,106.0,88.33,106.0,0.437
0022200988,1610612740,New Orleans,Pelicans,NOP,pelicans,240:00,582.5,116.5,535.4,107.1,47.1,9.4,0.762,2.13,23.0,0.238,0.83,0.568,15.464,15.5,0.584,0.621,1.0,0.991,19.6,98.0,81.67,97.0,0.58
0022200988,1610612742,Dallas,Mavericks,DAL,mavericks,240:00,535.4,107.1,582.5,116.5,-47.1,-9.4,0.632,2.67,18.2,0.17,0.762,0.432,9.091,9.1,0.523,0.55,1.0,0.963,19.6,98.0,81.67,99.0,0.42
0022200990,1610612756,Phoenix,Suns,PHX,suns,240:00,660.0,132.0,500.0,100.0,160.0,32.0,0.633,2.07,21.1,0.34,0.75,0.563,15.0,15.0,0.628,0.653,1.0,0.974,20.1,100.5,83.75,100.0,0.637
0022200990,1610612760,Oklahoma City,Thunder,OKC,thunder,240:00,500.0,100.0,660.0,132.0,-160.0,-32.0,0.697,1.44,16.9,0.25,0.66,0.437,15.842,15.8,0.46,0.519,1.0,0.991,20.1,100.5,83.75,101.0,0.363
0022200989,1610612743,Denver,Nuggets,DEN,nuggets,240:00,489.8,98.0,609.4,121.9,-119.6,-23.9,0.703,2.36,19.1,0.222,0.767,0.464,11.224,11.2,0.506,0.507,1.0,0.964,19.4,97.0,80.83,98.0,0.383
0022200989,1610612741,Chicago,Bulls,CHI,bulls,240:00,609.4,121.9,489.8,98.0,119.6,23.9,0.565,2.89,19.7,0.233,0.778,0.536,9.375,9.4,0.562,0.604,1.0,0.991,19.4,97.0,80.83,96.0,0.617
0022200986,1610612738,Boston,Celtics,BOS,celtics,240:00,558.3,111.7,451.5,90.3,106.8,21.4,0.619,2.36,19.4,0.122,0.833,0.495,10.68,10.7,0.58,0.594,1.0,0.981,20.6,103.0,85.83,103.0,0.613
0022200986,1610612757,Portland,Trail Blazers,POR,blazers,240:00,451.5,90.3,558.3,111.7,-106.8,-21.4,0.6,1.13,14.0,0.167,0.878,0.505,15.534,15.5,0.433,0.495,1.0,0.982,20.6,103.0,85.83,103.0,0.387
0022200987,1610612748,Miami,Heat,MIA,heat,240:00,526.3,105.3,553.2,110.6,-26.9,-5.4,0.629,0.92,16.9,0.342,0.738,0.55,25.263,25.3,0.557,0.604,1.0,0.954,18.9,94.5,78.75,95.0,0.464
0022200987,1610612739,Cleveland,Cavaliers,CLE,cavaliers,240:00,553.2,110.6,526.3,105.3,26.9,5.4,0.667,1.53,19.8,0.262,0.658,0.45,18.085,18.1,0.544,0.589,1.0,0.962,18.9,94.5,78.75,94.0,0.536
0022200991,1610612746,LA,Clippers,LAC,clippers,240:00,562.5,112.5,526.3,105.3,36.2,7.2,0.59,1.35,18.0,0.25,0.667,0.51,17.708,17.7,0.592,0.638,1.0,0.971,19.1,95.5,79.58,96.0,0.597
0022200991,1610612761,Toronto,Raptors,TOR,raptors,240:00,526.3,105.3,562.5,112.5,-36.2,-7.2,0.568,1.75,15.4,0.333,0.75,0.49,12.632,12.6,0.453,0.489,1.0,0.991,19.1,95.5,79.58,95.0,0.403
0022200985,1610612764,Washington,Wizards,WAS,wizards,240:00,594.1,118.8,604.0,120.8,-9.9,-2.0,0.723,1.79,23.6,0.243,0.791,0.538,18.812,18.8,0.639,0.663,1.0,0.964,20.2,101.0,84.17,101.0,0.512
0022200985,1610612737,Atlanta,Hawks,ATL,hawks,240:00,604.0,120.8,594.1,118.8,9.9,2.0,0.578,2.36,19.1,0.209,0.757,0.463,10.891,10.9,0.6,0.633,1.0,0.982,20.2,101.0,84.17,101.0,0.488
0022200769,1610612765,Detroit,Pistons,DET,pistons,240:00,635.9,127.2,639.8,128.0,-3.9,-0.8,0.674,2.42,21.3,0.341,0.629,0.468,13.043,13.0,0.589,0.624,1.0,0.981,18.5,92.5,77.08,92.0,0.474
0022200769,1610612764,Washington,Wizards,WAS,wizards,240:00,639.8,128.0,635.9,127.2,3.9,0.8,0.574,1.8,20.3,0.371,0.659,0.532,16.129,16.1,0.654,0.672,1.0,0.962,18.5,92.5,77.08,93.0,0.526
0022200981,1610612745,Houston,Rockets,HOU,rockets,240:00,489.8,98.0,596.0,119.2,-106.2,-21.2,0.389,0.74,10.9,0.327,0.837,0.565,19.388,19.4,0.476,0.513,1.0,0.991,19.7,98.5,82.08,98.0,0.36
0022200981,1610612751,Brooklyn,Nets,BKN,nets,240:00,596.0,119.2,489.8,98.0,106.2,21.2,0.575,1.92,18.0,0.163,0.673,0.435,12.121,12.1,0.586,0.629,1.0,0.99,19.7,98.5,82.08,99.0,0.64
0022200979,1610612752,New York,Knicks,NYK,knicks,240:00,564.5,112.9,589.5,117.9,-25.0,-5.0,0.474,2.25,14.5,0.236,0.696,0.446,8.602,8.6,0.489,0.527,1.0,1.0,18.8,94.0,78.33,93.0,0.44
0022200979,1610612766,Charlotte,Hornets,CHA,hornets,240:00,589.5,117.9,564.5,112.9,25.0,5.0,0.643,2.25,19.9,0.304,0.764,0.554,12.632,12.6,0.565,0.594,1.0,0.945,18.8,94.0,78.33,95.0,0.56
0022200978,1610612753,Orlando,Magic,ORL,magic,240:00,574.8,115.0,626.2,125.2,-51.4,-10.3,0.48,1.85,16.3,0.308,0.909,0.541,12.15,12.1,0.545,0.568,1.0,0.984,21.4,107.0,89.17,107.0,0.415
0022200978,1610612749,Milwaukee,Bucks,MIL,bucks,240:00,626.2,125.2,574.8,115.0,51.4,10.3,0.609,1.65,20.3,0.091,0.692,0.459,15.888,15.9,0.654,0.721,1.0,0.982,21.4,107.0,89.17,107.0,0.585
0022200984,1610612747,Los Angeles,Lakers,LAL,lakers,240:00,523.4,104.7,481.3,96.3,42.1,8.4,0.659,1.8,18.4,0.245,0.883,0.584,14.019,14.0,0.494,0.545,1.0,0.967,21.4,107.0,89.17,107.0,0.59
0022200984,1610612763,Memphis,Grizzlies,MEM,grizzlies,240:00,481.3,96.3,523.4,104.7,-42.1,-8.4,0.5,2.57,13.6,0.117,0.755,0.416,6.542,6.5,0.435,0.487,1.0,0.982,21.4,107.0,89.17,107.0,0.41
0022200983,1610612742,Dallas,Mavericks,DAL,mavericks,240:00,545.5,109.1,527.3,105.5,18.2,3.6,0.571,1.41,17.0,0.137,0.8,0.481,15.455,15.5,0.579,0.608,1.0,0.974,22.0,110.0,91.67,110.0,0.525
0022200983,1610612762,Utah,Jazz,UTA,jazz,240:00,527.3,105.5,545.5,109.1,-18.2,-3.6,0.561,1.44,16.0,0.2,0.863,0.519,14.545,14.5,0.527,0.563,1.0,0.983,22.0,110.0,91.67,110.0,0.475
0022200980,1610612750,Minnesota,Timberwolves,MIN,timberwolves,240:00,489.6,97.9,603.1,120.6,-113.5,-22.7,0.559,1.73,15.3,0.161,0.707,0.392,11.458,11.5,0.459,0.493,1.0,1.0,19.3,96.5,80.42,96.0,0.366
0022200980,1610612755,Philadelphia,76ers,PHI,sixers,240:00,603.1,120.6,489.6,97.9,113.5,22.7,0.525,1.31,16.2,0.293,0.839,0.608,16.495,16.5,0.586,0.642,1.0,0.963,19.3,96.5,80.42,97.0,0.634
0022200982,1610612760,Oklahoma City,Thunder,OKC,thunder,240:00,634.3,126.9,592.6,118.5,41.7,8.3,0.56,1.56,18.3,0.386,0.75,0.568,16.667,16.7,0.622,0.655,1.0,0.96,21.6,108.0,90.0,108.0,0.528
0022200982,1610612744,Golden State,Warriors,GSW,warriors,240:00,592.6,118.5,634.3,126.9,-41.7,-8.3,0.766,1.71,23.2,0.25,0.614,0.432,19.444,19.4,0.64,0.666,1.0,0.983,21.6,108.0,90.0,108.0,0.472
0022200971,1610612739,Cleveland,Cavaliers,CLE,cavaliers,265:00,546.3,109.3,532.7,106.5,13.6,2.7,0.628,1.8,17.9,0.291,0.721,0.517,13.889,13.9,0.51,0.551,1.0,0.976,19.47,97.36,81.13,108.0,0.549
0022200971,1610612738,Boston,Celtics,BOS,celtics,265:00,532.7,106.5,546.3,109.3,-13.6,-2.7,0.595,1.79,16.8,0.279,0.709,0.483,13.084,13.1,0.495,0.517,1.0,0.976,19.47,97.36,81.13,107.0,0.451
0022200976,1610612758,Sacramento,Kings,SAC,kings,240:00,634.0,126.8,556.7,111.3,77.3,15.5,0.83,3.55,27.5,0.154,0.816,0.481,11.34,11.3,0.663,0.67,1.0,0.971,19.4,97.0,80.83,97.0,0.558
0022200976,1610612740,New Orleans,Pelicans,NOP,pelicans,240:00,556.7,111.3,634.0,126.8,-77.3,-15.5,0.674,1.81,21.8,0.184,0.846,0.519,16.495,16.5,0.606,0.627,1.0,0.971,19.4,97.0,80.83,97.0,0.442
0022200972,1610612754,Indiana,Pacers,IND,pacers,240:00,681.0,136.2,700.0,140.0,-19.0,-3.8,0.528,3.11,19.7,0.214,0.771,0.468,8.571,8.6,0.672,0.69,1.0,0.974,21.0,105.0,87.5,105.0,0.462
0022200972,1610612755,Philadelphia,76ers,PHI,sixers,240:00,700.0,140.0,681.0,136.2,19.0,3.8,0.771,3.08,24.7,0.229,0.786,0.532,11.429,11.4,0.683,0.745,1.0,0.965,21.0,105.0,87.5,105.0,0.538
0022200975,1610612743,Denver,Nuggets,DEN,nuggets,240:00,596.0,119.2,576.5,115.3,19.4,3.9,0.698,2.14,21.0,0.318,0.689,0.506,14.141,14.1,0.576,0.614,1.0,0.965,19.7,98.5,82.08,99.0,0.535
0022200975,1610612761,Toronto,Raptors,TOR,raptors,240:00,576.5,115.3,596.0,119.2,-19.4,-3.9,0.674,1.93,20.6,0.311,0.682,0.494,15.306,15.3,0.558,0.596,1.0,0.991,19.7,98.5,82.08,98.0,0.465
0022200977,1610612765,Detroit,Pistons,DET,pistons,240:00,536.1,107.2,572.9,114.6,-36.8,-7.4,0.75,1.88,21.1,0.327,0.864,0.581,16.495,16.5,0.523,0.549,1.0,0.991,19.3,96.5,80.42,97.0,0.48
0022200977,1610612757,Portland,Trail Blazers,POR,blazers,240:00,572.9,114.6,536.1,107.2,36.8,7.4,0.737,2.55,21.5,0.136,0.673,0.419,11.458,11.5,0.583,0.618,1.0,0.99,19.3,96.5,80.42,96.0,0.52
0022200974,1610612748,Miami,Heat,MIA,heat,240:00,663.3,132.7,653.1,130.6,10.2,2.0,0.659,2.45,20.0,0.27,0.622,0.463,11.224,11.2,0.636,0.697,1.0,0.981,19.6,98.0,81.67,98.0,0.532
0022200974,1610612737,Atlanta,Hawks,ATL,hawks,240:00,653.1,130.6,663.3,132.7,-10.2,-2.0,0.549,2.55,19.7,0.378,0.73,0.537,11.224,11.2,0.603,0.627,1.0,0.982,19.6,98.0,81.67,98.0,0.468
0022200968,1610612760,Oklahoma City,Thunder,OKC,thunder,240:00,626.2,125.2,577.7,115.5,48.5,9.7,0.545,2.0,17.0,0.326,0.674,0.506,11.65,11.7,0.586,0.635,1.0,0.983,20.6,103.0,85.83,103.0,0.544
0022200968,1610612762,Utah,Jazz,UTA,jazz,240:00,577.7,115.5,626.2,125.2,-48.5,-9.7,0.698,1.88,20.4,0.326,0.674,0.494,15.534,15.5,0.551,0.596,1.0,0.991,20.6,103.0,85.83,103.0,0.456
0022200973,1610612764,Washington,Wizards,WAS,wizards,240:00,555.0,111.0,573.5,114.7,-18.5,-3.7,0.457,2.33,14.8,0.339,0.848,0.556,9.0,9.0,0.463,0.49,1.0,1.0,20.2,101.0,84.17,100.0,0.443
0022200973,1610612749,Milwaukee,Bucks,MIL,bucks,240:00,573.5,114.7,555.0,111.0,18.5,3.7,0.769,2.5,21.6,0.152,0.661,0.444,11.765,11.8,0.602,0.631,1.0,0.963,20.2,101.0,84.17,102.0,0.557
0022200963,1610612741,Chicago,Bulls,CHI,bulls,240:00,655.9,131.2,664.9,133.0,-9.0,-1.8,0.4,1.2,15.1,0.258,0.681,0.513,16.129,16.1,0.676,0.718,1.0,0.98,18.7,93.5,77.92,93.0,0.498
0022200963,1610612754,Indiana,Pacers,IND,pacers,240:00,664.9,133.0,655.9,131.2,9.0,1.8,0.563,3.0,19.9,0.319,0.742,0.487,9.574,9.6,0.596,0.619,1.0,0.991,18.7,93.5,77.92,94.0,0.502
0022200962,1610612742,Dallas,Mavericks,DAL,mavericks,240:00,642.9,128.6,670.1,134.0,-27.2,-5.4,0.395,1.5,12.5,0.171,0.683,0.427,10.204,10.2,0.591,0.672,1.0,0.971,19.5,97.5,81.25,98.0,0.461
0022200962,1610612756,Phoenix,Suns,PHX,suns,240:00,670.1,134.0,642.9,128.6,27.2,5.4,0.551,3.0,19.7,0.317,0.829,0.573,9.278,9.3,0.618,0.65,1.0,0.991,19.5,97.5,81.25,97.0,0.539
0022200969,1610612738,Boston,Celtics,BOS,celtics,290:00,560.9,112.2,569.6,113.9,-8.7,-1.7,0.628,1.69,16.5,0.338,0.722,0.508,13.913,13.9,0.491,0.538,1.0,0.978,19.03,95.17,79.31,115.0,0.494
0022200969,1610612752,New York,Knicks,NYK,knicks,290:00,569.6,113.9,560.9,112.2,8.7,1.7,0.383,0.9,12.2,0.278,0.662,0.492,17.391,17.4,0.574,0.6,1.0,0.992,19.03,95.17,79.31,115.0,0.506
0022200964,1610612747,Los Angeles,Lakers,LAL,lakers,240:00,570.7,114.1,530.3,106.1,40.4,8.1,0.69,3.22,20.0,0.309,0.754,0.536,9.091,9.1,0.5,0.54,1.0,0.966,19.8,99.0,82.5,99.0,0.556
0022200964,1610612744,Golden State,Warriors,GSW,warriors,240:00,530.3,106.1,570.7,114.1,-40.4,-8.1,0.75,2.08,19.3,0.246,0.691,0.464,13.131,13.1,0.495,0.531,1.0,0.973,19.8,99.0,82.5,99.0,0.444
0022200966,1610612753,Orlando,Magic,ORL,magic,240:00,583.3,116.7,598.0,119.6,-14.7,-2.9,0.69,2.64,21.2,0.167,0.696,0.426,10.784,10.8,0.565,0.609,1.0,1.0,20.4,102.0,85.0,102.0,0.489
0022200966,1610612757,Portland,Trail Blazers,POR,blazers,240:00,598.0,119.6,583.3,116.7,14.7,2.9,0.692,1.59,19.0,0.304,0.833,0.574,16.667,16.7,0.566,0.628,1.0,0.991,20.4,102.0,85.0,102.0,0.511
0022200970,1610612746,LA,Clippers,LAC,clippers,240:00,655.3,131.1,638.6,127.7,16.7,3.3,0.556,1.47,17.1,0.429,0.933,0.69,16.505,16.5,0.6,0.672,1.0,0.967,20.4,102.0,85.0,103.0,0.527
0022200970,1610612763,Memphis,Grizzlies,MEM,grizzlies,240:00,638.6,127.7,655.3,131.1,-16.7,-3.3,0.64,4.0,23.5,0.067,0.571,0.31,7.921,7.9,0.641,0.654,1.0,1.0,20.4,102.0,85.0,101.0,0.473
0022200965,1610612751,Brooklyn,Nets,BKN,nets,240:00,505.0,101.0,425.7,85.1,79.2,15.8,0.583,2.63,15.9,0.175,0.893,0.531,7.921,7.9,0.457,0.502,1.0,0.955,20.2,101.0,84.17,101.0,0.604
0022200965,1610612766,Charlotte,Hornets,CHA,hornets,240:00,425.7,85.1,505.0,101.0,-79.2,-15.8,0.515,1.7,13.8,0.107,0.825,0.469,9.901,9.9,0.42,0.455,1.0,0.981,20.2,101.0,84.17,101.0,0.396
0022200967,1610612745,Houston,Rockets,HOU,rockets,240:00,682.7,136.5,534.0,106.8,148.7,29.7,0.558,2.42,20.4,0.294,0.755,0.575,11.538,11.5,0.688,0.726,1.0,0.982,20.7,103.5,86.25,104.0,0.672
0022200967,1610612759,San Antonio,Spurs,SAS,spurs,240:00,534.0,106.8,682.7,136.5,-148.7,-29.7,0.535,1.53,16.5,0.245,0.706,0.425,14.563,14.6,0.522,0.538,1.0,0.991,20.7,103.5,86.25,103.0,0.328
0022200961,1610612758,Sacramento,Kings,SAC,kings,240:00,690.7,138.1,697.0,139.4,-6.2,-1.2,0.51,4.17,18.8,0.244,0.737,0.47,6.186,6.2,0.629,0.656,1.0,1.0,19.6,98.0,81.67,97.0,0.469
0022200961,1610612750,Minnesota,Timberwolves,MIN,timberwolves,240:00,697.0,139.4,690.7,138.1,6.2,1.2,0.646,2.58,22.6,0.263,0.756,0.53,12.121,12.1,0.725,0.737,1.0,0.981,19.6,98.0,81.67,99.0,0.531
0022200957,1610612739,Cleveland,Cavaliers,CLE,cavaliers,240:00,558.8,111.8,441.2,88.2,117.6,23.5,0.644,2.42,20.6,0.224,0.686,0.46,11.765,11.8,0.571,0.576,1.0,0.982,20.4,102.0,85.0,102.0,0.627
0022200957,1610612765,Detroit,Pistons,DET,pistons,240:00,441.2,88.2,558.8,111.8,-117.6,-23.5,0.576,0.79,13.9,0.314,0.776,0.54,23.529,23.5,0.444,0.489,1.0,0.983,20.4,102.0,85.0,102.0,0.373
0022200956,1610612764,Washington,Wizards,WAS,wizards,265:00,550.5,110.1,585.9,117.2,-35.4,-7.1,0.684,1.08,18.8,0.333,0.761,0.565,24.242,24.2,0.6,0.644,1.0,0.973,17.93,89.66,74.72,99.0,0.491
0022200956,1610612761,Toronto,Raptors,TOR,raptors,265:00,585.9,117.2,550.5,110.1,35.4,7.1,0.638,2.14,21.4,0.239,0.667,0.435,14.141,14.1,0.589,0.603,1.0,0.982,17.93,89.66,74.72,99.0,0.509
0022200958,1610612748,Miami,Heat,MIA,heat,240:00,585.0,117.0,550.5,110.1,34.5,6.9,0.738,1.55,21.4,0.326,0.75,0.54,20.0,20.0,0.584,0.628,1.0,0.974,19.9,99.5,82.92,100.0,0.545
0022200958,1610612737,Atlanta,Hawks,ATL,hawks,240:00,550.5,110.1,585.0,117.0,-34.5,-6.9,0.595,1.38,16.7,0.25,0.674,0.46,16.162,16.2,0.525,0.591,1.0,0.991,19.9,99.5,82.92,99.0,0.455
0022200960,1610612749,Milwaukee,Bucks,MIL,bucks,240:00,677.1,135.4,692.7,138.5,-15.6,-3.1,0.682,2.31,21.7,0.317,0.727,0.529,13.542,13.5,0.633,0.682,1.0,0.991,19.2,96.0,80.0,96.0,0.519
0022200960,1610612755,Philadelphia,76ers,PHI,sixers,240:00,692.7,138.5,677.1,135.4,15.6,3.1,0.571,4.0,18.2,0.273,0.683,0.471,6.25,6.3,0.607,0.663,1.0,0.963,19.2,96.0,80.0,96.0,0.481
0022200959,1610612759,San Antonio,Spurs,SAS,spurs,240:00,561.2,112.2,628.9,125.8,-67.6,-13.5,0.632,1.6,17.5,0.306,0.659,0.473,15.306,15.3,0.529,0.58,1.0,0.965,19.5,97.5,81.25,98.0,0.458
0022200959,1610612745,Houston,Rockets,HOU,rockets,240:00,628.9,125.8,561.2,112.2,67.6,13.5,0.531,1.63,18.8,0.341,0.694,0.527,16.495,16.5,0.609,0.631,1.0,0.982,19.5,97.5,81.25,97.0,0.542
0022200951,1610612760,Oklahoma City,Thunder,OKC,thunder,240:00,631.1,126.2,495.2,99.0,135.9,27.2,0.596,4.43,20.8,0.278,0.698,0.464,6.796,6.8,0.582,0.59,1.0,0.992,20.7,103.5,86.25,103.0,0.571
0022200951,1610612762,Utah,Jazz,UTA,jazz,240:00,495.2,99.0,631.1,126.2,-135.9,-27.2,0.632,0.92,17.1,0.302,0.722,0.536,25.0,25.0,0.545,0.584,1.0,0.974,20.7,103.5,86.25,104.0,0.429
0022200949,1610612748,Miami,Heat,MIA,heat,240:00,631.6,126.3,642.1,128.4,-10.5,-2.1,0.59,1.92,17.3,0.349,0.811,0.563,12.632,12.6,0.556,0.631,1.0,0.973,19.0,95.0,79.17,95.0,0.501
0022200949,1610612752,New York,Knicks,NYK,knicks,240:00,642.1,128.4,631.6,126.3,10.5,2.1,0.489,1.92,18.4,0.189,0.651,0.438,12.632,12.6,0.685,0.689,1.0,0.961,19.0,95.0,79.17,95.0,0.499
0022200954,1610612758,Sacramento,Kings,SAC,kings,240:00,653.1,130.6,635.0,127.0,18.1,3.6,0.565,2.36,19.3,0.268,0.8,0.547,11.224,11.2,0.586,0.65,1.0,1.0,19.8,99.0,82.5,98.0,0.517
0022200954,1610612746,LA,Clippers,LAC,clippers,240:00,635.0,127.0,653.1,130.6,-18.1,-3.6,0.66,4.43,22.1,0.2,0.732,0.453,7.0,7.0,0.621,0.642,1.0,0.963,19.8,99.0,82.5,100.0,0.483
0022200955,1610612747,Los Angeles,Lakers,LAL,lakers,240:00,510.0,102.0,550.0,110.0,-40.0,-8.0,0.639,1.53,16.8,0.264,0.714,0.48,15.0,15.0,0.471,0.523,1.0,0.974,20.0,100.0,83.33,100.0,0.429
0022200955,1610612750,Minnesota,Timberwolves,MIN,timberwolves,240:00,550.0,110.0,510.0,102.0,40.0,8.0,0.69,2.07,20.3,0.286,0.736,0.52,14.0,14.0,0.551,0.573,1.0,0.965,20.0,100.0,83.33,100.0,0.571
0022200946,1610612766,Charlotte,Hornets,CHA,hornets,240:00,530.0,106.0,590.9,118.2,-60.9,-12.2,0.658,1.19,18.2,0.286,0.643,0.464,21.0,21.0,0.545,0.596,1.0,0.973,19.9,99.5,82.92,100.0,0.48
0022200946,1610612753,Orlando,Magic,ORL,magic,240:00,590.9,118.2,530.0,106.0,60.9,12.2,0.457,1.05,15.7,0.357,0.714,0.536,20.202,20.2,0.593,0.62,1.0,0.982,19.9,99.5,82.92,99.0,0.52
0022200952,1610612743,Denver,Nuggets,DEN,nuggets,240:00,582.5,116.5,505.2,101.0,77.3,15.5,0.7,2.8,19.9,0.32,0.772,0.561,10.309,10.3,0.506,0.561,1.0,0.965,19.3,96.5,80.42,97.0,0.615
0022200952,1610612763,Memphis,Grizzlies,MEM,grizzlies,240:00,505.2,101.0,582.5,116.5,-77.3,-15.5,0.774,2.18,18.0,0.228,0.68,0.439,11.458,11.5,0.435,0.497,1.0,0.982,19.3,96.5,80.42,96.0,0.385
0022200953,1610612744,Golden State,Warriors,GSW,warriors,240:00,562.5,112.5,515.6,103.1,46.9,9.4,0.7,1.56,20.6,0.316,0.8,0.578,18.75,18.8,0.577,0.622,1.0,0.981,19.2,96.0,80.0,96.0,0.591
0022200953,1610612740,New Orleans,Pelicans,NOP,pelicans,240:00,515.6,103.1,562.5,112.5,-46.9,-9.4,0.588,1.54,16.0,0.2,0.684,0.422,13.542,13.5,0.506,0.557,1.0,0.981,19.2,96.0,80.0,96.0,0.409
0022200950,1610612741,Chicago,Bulls,CHI,bulls,240:00,577.8,115.6,686.8,137.4,-109.0,-21.8,0.615,2.67,18.9,0.289,0.614,0.449,10.0,10.0,0.512,0.553,1.0,0.981,18.1,90.5,75.42,90.0,0.429
0022200950,1610612756,Phoenix,Suns,PHX,suns,240:00,686.8,137.4,577.8,115.6,109.0,21.8,0.69,2.64,21.3,0.386,0.711,0.551,12.088,12.1,0.619,0.658,1.0,0.972,18.1,90.5,75.42,91.0,0.571
0022200948,1610612738,Boston,Celtics,BOS,celtics,240:00,509.7,101.9,552.9,110.6,-43.2,-8.6,0.634,1.37,18.7,0.213,0.707,0.486,18.447,18.4,0.542,0.566,1.0,0.991,20.7,103.5,86.25,103.0,0.5
0022200948,1610612751,Brooklyn,Nets,BKN,nets,240:00,552.9,110.6,509.7,101.9,43.2,8.6,0.625,1.92,17.2,0.293,0.787,0.514,12.5,12.5,0.495,0.54,1.0,0.983,20.7,103.5,86.25,104.0,0.5
0022200947,1610612737,Atlanta,Hawks,ATL,hawks,240:00,626.2,125.2,538.8,107.8,87.4,17.5,0.577,1.76,20.3,0.366,0.723,0.557,16.505,16.5,0.637,0.658,1.0,0.983,20.6,103.0,85.83,103.0,0.583
0022200947,1610612757,Portland,Trail Blazers,POR,blazers,240:00,538.8,107.8,626.2,125.2,-87.4,-17.5,0.537,1.22,16.1,0.277,0.634,0.443,17.476,17.5,0.546,0.579,1.0,0.983,20.6,103.0,85.83,103.0,0.417
0022200944,1610612759,San Antonio,Spurs,SAS,spurs,240:00,544.6,108.9,480.6,96.1,64.0,12.8,0.689,1.82,20.5,0.352,0.82,0.577,16.832,16.8,0.51,0.53,1.0,0.983,20.4,102.0,85.0,101.0,0.537
0022200944,1610612754,Indiana,Pacers,IND,pacers,240:00,480.6,96.1,544.6,108.9,-64.0,-12.8,0.561,1.64,17.3,0.18,0.648,0.423,13.592,13.6,0.5,0.522,1.0,0.982,20.4,102.0,85.0,103.0,0.463
0022200945,1610612744,Golden State,Warriors,GSW,warriors,240:00,558.3,111.7,441.7,88.3,116.5,23.3,0.641,2.08,17.4,0.286,0.793,0.544,11.65,11.7,0.495,0.548,1.0,0.975,20.6,103.0,85.83,103.0,0.656
0022200945,1610612746,LA,Clippers,LAC,clippers,240:00,441.7,88.3,558.3,111.7,-116.5,-23.3,0.594,1.19,14.2,0.207,0.714,0.456,15.534,15.5,0.41,0.463,1.0,0.983,20.6,103.0,85.83,103.0,0.344
0022200942,1610612764,Washington,Wizards,WAS,wizards,240:00,589.1,117.8,534.7,106.9,54.5,10.9,0.698,2.0,21.3,0.222,0.706,0.479,14.851,14.9,0.595,0.629,1.0,0.973,20.2,101.0,84.17,101.0,0.554
0022200942,1610612761,Toronto,Raptors,TOR,raptors,240:00,534.7,106.9,589.1,117.8,-54.5,-10.9,0.683,2.0,19.4,0.294,0.778,0.521,13.861,13.9,0.495,0.543,1.0,0.983,20.2,101.0,84.17,101.0,0.446
0022200943,1610612742,Dallas,Mavericks,DAL,mavericks,240:00,665.0,133.0,630.0,126.0,35.0,7.0,0.578,2.0,19.3,0.205,0.829,0.481,13.0,13.0,0.701,0.708,1.0,0.963,20.0,100.0,83.33,100.0,0.485
0022200943,1610612755,Philadelphia,76ers,PHI,sixers,240:00,630.0,126.0,665.0,133.0,-35.0,-7.0,0.622,2.0,20.9,0.171,0.795,0.519,14.0,14.0,0.654,0.694,1.0,0.972,20.0,100.0,83.33,100.0,0.515
0022200941,1610612757,Portland,Trail Blazers,POR,blazers,240:00,591.4,118.3,636.8,127.4,-45.4,-9.1,0.5,1.29,14.4,0.304,0.659,0.478,15.054,15.1,0.512,0.587,1.0,1.0,18.8,94.0,78.33,93.0,0.44
0022200941,1610612740,New Orleans,Pelicans,NOP,pelicans,240:00,636.8,127.4,591.4,118.3,45.4,9.1,0.5,3.83,17.6,0.341,0.696,0.522,6.316,6.3,0.567,0.61,1.0,0.981,18.8,94.0,78.33,95.0,0.56
0022200935,1610612738,Boston,Celtics,BOS,celtics,240:00,629.0,125.8,607.5,121.5,21.5,4.3,0.692,2.08,20.6,0.275,0.692,0.511,13.978,14.0,0.603,0.648,1.0,0.971,18.6,93.0,77.5,93.0,0.545
0022200935,1610612739,Cleveland,Cavaliers,CLE,cavaliers,240:00,607.5,121.5,629.0,125.8,-21.5,-4.3,0.467,3.0,16.2,0.308,0.725,0.489,7.527,7.5,0.543,0.558,1.0,0.972,18.6,93.0,77.5,93.0,0.455
0022200937,1610612752,New York,Knicks,NYK,knicks,240:00,676.2,135.2,561.9,112.4,114.3,22.9,0.519,1.75,19.4,0.289,0.833,0.593,15.238,15.2,0.719,0.723,1.0,0.974,21.0,105.0,87.5,105.0,0.591
0022200937,1610612751,Brooklyn,Nets,BKN,nets,240:00,561.9,112.4,676.2,135.2,-114.3,-22.9,0.619,1.86,18.7,0.167,0.711,0.407,13.333,13.3,0.55,0.597,1.0,0.965,21.0,105.0,87.5,105.0,0.409
0022200939,1610612749,Milwaukee,Bucks,MIL,bucks,240:00,661.9,132.4,557.1,111.4,104.8,21.0,0.592,3.63,20.4,0.17,0.722,0.465,7.619,7.6,0.66,0.679,1.0,0.982,21.0,105.0,87.5,105.0,0.575
0022200939,1610612753,Orlando,Magic,ORL,magic,240:00,557.1,111.4,661.9,132.4,-104.8,-21.0,0.512,1.69,15.5,0.278,0.83,0.535,12.381,12.4,0.505,0.548,1.0,0.983,21.0,105.0,87.5,105.0,0.425
0022200934,1610612765,Detroit,Pistons,DET,pistons,240:00,575.0,115.0,573.5,114.7,1.5,0.3,0.59,1.35,17.4,0.225,0.708,0.489,17.0,17.0,0.59,0.637,1.0,0.982,20.2,101.0,84.17,100.0,0.496
0022200934,1610612741,Chicago,Bulls,CHI,bulls,240:00,573.5,114.7,575.0,115.0,-1.5,-0.3,0.659,1.8,18.9,0.292,0.775,0.511,14.706,14.7,0.553,0.593,1.0,0.966,20.2,101.0,84.17,102.0,0.504
0022200936,1610612748,Miami,Heat,MIA,heat,240:00,516.1,103.2,639.8,128.0,-123.7,-24.7,0.529,1.38,14.9,0.222,0.738,0.471,13.978,14.0,0.481,0.545,1.0,0.971,18.6,93.0,77.5,93.0,0.381
0022200936,1610612755,Philadelphia,76ers,PHI,sixers,240:00,639.8,128.0,516.1,103.2,123.7,24.7,0.61,2.78,19.4,0.262,0.778,0.529,9.677,9.7,0.584,0.642,1.0,0.971,18.6,93.0,77.5,93.0,0.619
0022200933,1610612766,Charlotte,Hornets,CHA,hornets,240:00,450.5,90.1,519.8,104.0,-69.3,-13.9,0.625,1.43,14.6,0.262,0.833,0.514,13.861,13.9,0.415,0.454,1.0,0.974,20.2,101.0,84.17,101.0,0.367
0022200933,1610612756,Phoenix,Suns,PHX,suns,240:00,519.8,104.0,450.5,90.1,69.3,13.9,0.714,2.31,21.9,0.167,0.738,0.486,12.871,12.9,0.522,0.549,1.0,0.991,20.2,101.0,84.17,101.0,0.633
0022200940,1610612760,Oklahoma City,Thunder,OKC,thunder,240:00,590.9,118.2,621.2,124.2,-30.3,-6.1,0.659,2.23,20.1,0.333,0.702,0.51,13.131,13.1,0.544,0.576,1.0,0.974,19.8,99.0,82.5,99.0,0.471
0022200940,1610612747,Los Angeles,Lakers,LAL,lakers,240:00,621.2,124.2,590.9,118.2,30.3,6.1,0.579,1.69,16.3,0.298,0.667,0.49,13.131,13.1,0.575,0.633,1.0,0.982,19.8,99.0,82.5,99.0,0.529
0022200938,1610612745,Houston,Rockets,HOU,rockets,240:00,526.6,105.3,607.5,121.5,-80.9,-16.2,0.472,1.31,12.7,0.39,0.814,0.569,13.83,13.8,0.461,0.49,1.0,0.966,18.7,93.5,77.92,94.0,0.374
0022200938,1610612763,Memphis,Grizzlies,MEM,grizzlies,240:00,607.5,121.5,526.6,105.3,80.9,16.2,0.675,3.38,21.1,0.186,0.61,0.431,8.602,8.6,0.584,0.618,1.0,0.98,18.7,93.5,77.92,93.0,0.626
0022200931,1610612744,Golden State,Warriors,GSW,warriors,240:00,627.6,125.5,530.3,106.1,97.2,19.4,0.694,1.89,22.7,0.409,0.745,0.589,18.367,18.4,0.604,0.627,1.0,0.991,19.7,98.5,82.08,98.0,0.58
0022200931,1610612757,Portland,Trail Blazers,POR,blazers,240:00,530.3,106.1,627.6,125.5,-97.2,-19.4,0.703,2.0,18.8,0.255,0.591,0.411,13.131,13.1,0.5,0.549,1.0,0.973,19.7,98.5,82.08,99.0,0.42
0022200928,1610612760,Oklahoma City,Thunder,OKC,thunder,240:00,557.1,111.4,585.7,117.1,-28.6,-5.7,0.651,2.8,19.0,0.241,0.705,0.441,9.524,9.5,0.495,0.539,1.0,0.983,21.0,105.0,87.5,105.0,0.449
0022200928,1610612758,Sacramento,Kings,SAC,kings,240:00,585.7,117.1,557.1,111.4,28.6,5.7,0.791,1.7,22.5,0.295,0.759,0.559,19.048,19.0,0.616,0.646,1.0,0.974,21.0,105.0,87.5,105.0,0.551
0022200932,1610612746,LA,Clippers,LAC,clippers,240:00,481.0,96.2,509.4,101.9,-28.5,-5.7,0.686,0.96,16.8,0.28,0.712,0.5,23.81,23.8,0.488,0.542,1.0,0.992,21.1,105.5,87.92,105.0,0.472
0022200932,1610612750,Minnesota,Timberwolves,MIN,timberwolves,240:00,509.4,101.9,481.0,96.2,28.5,5.7,0.512,1.16,15.4,0.288,0.72,0.5,17.925,17.9,0.528,0.542,1.0,0.95,21.1,105.5,87.92,106.0,0.528
0022200929,1610612742,Dallas,Mavericks,DAL,mavericks,240:00,610.0,122.0,632.7,126.5,-22.7,-4.5,0.609,4.0,19.7,0.275,0.85,0.527,7.0,7.0,0.571,0.59,1.0,0.965,19.8,99.0,82.5,100.0,0.451
0022200929,1610612754,Indiana,Pacers,IND,pacers,240:00,632.7,126.5,610.0,122.0,22.7,4.5,0.61,2.78,19.4,0.15,0.725,0.473,9.184,9.2,0.596,0.649,1.0,1.0,19.8,99.0,82.5,98.0,0.549
0022200923,1610612737,Atlanta,Hawks,ATL,hawks,240:00,597.9,119.6,626.3,125.3,-28.4,-5.7,0.488,2.33,15.9,0.333,0.6,0.465,9.278,9.3,0.532,0.572,1.0,0.991,19.2,96.0,80.0,97.0,0.48
0022200923,1610612764,Washington,Wizards,WAS,wizards,240:00,626.3,125.3,597.9,119.6,28.4,5.7,0.396,2.11,14.2,0.4,0.667,0.535,9.474,9.5,0.526,0.562,1.0,0.991,19.2,96.0,80.0,95.0,0.52
0022200926,1610612745,Houston,Rockets,HOU,rockets,240:00,560.0,112.0,665.0,133.0,-105.0,-21.0,0.688,2.54,22.3,0.294,0.738,0.495,13.0,13.0,0.541,0.552,1.0,0.983,20.0,100.0,83.33,100.0,0.407
0022200926,1610612743,Denver,Nuggets,DEN,nuggets,240:00,665.0,133.0,560.0,112.0,105.0,21.0,0.755,3.64,26.5,0.262,0.706,0.505,11.0,11.0,0.663,0.671,1.0,0.982,20.0,100.0,83.33,100.0,0.593
0022200927,1610612763,Memphis,Grizzlies,MEM,grizzlies,240:00,560.2,112.0,500.0,100.0,60.2,12.0,0.49,3.57,16.6,0.306,0.686,0.478,6.481,6.5,0.482,0.506,1.0,0.992,21.7,108.5,90.42,108.0,0.546
0022200927,1610612747,Los Angeles,Lakers,LAL,lakers,240:00,500.0,100.0,560.2,112.0,-60.2,-12.0,0.579,0.85,15.0,0.314,0.694,0.522,23.853,23.9,0.517,0.567,1.0,0.976,21.7,108.5,90.42,109.0,0.454
0022200930,1610612762,Utah,Jazz,UTA,jazz,240:00,460.8,92.2,500.0,100.0,-39.2,-7.8,0.5,0.75,10.9,0.35,0.714,0.526,19.608,19.6,0.412,0.466,1.0,0.984,20.4,102.0,85.0,102.0,0.446
0022200930,1610612759,San Antonio,Spurs,SAS,spurs,240:00,500.0,100.0,460.8,92.2,39.2,7.8,0.59,1.64,16.3,0.286,0.65,0.474,13.725,13.7,0.473,0.5,1.0,0.966,20.4,102.0,85.0,102.0,0.554
0022200924,1610612751,Brooklyn,Nets,BKN,nets,240:00,486.0,97.2,546.3,109.3,-60.3,-12.1,0.694,1.39,18.2,0.1,0.69,0.417,16.822,16.8,0.506,0.553,1.0,0.973,21.5,107.5,89.58,107.0,0.447
0022200924,1610612749,Milwaukee,Bucks,MIL,bucks,240:00,546.3,109.3,486.0,97.2,60.3,12.1,0.64,1.88,20.3,0.31,0.9,0.583,15.741,15.7,0.559,0.55,1.0,0.96,21.5,107.5,89.58,108.0,0.553
0022200925,1610612761,Toronto,Raptors,TOR,raptors,240:00,553.2,110.6,526.9,105.4,26.3,5.3,0.684,2.17,18.2,0.39,0.806,0.547,12.766,12.8,0.484,0.508,1.0,0.966,18.7,93.5,77.92,94.0,0.495
0022200925,1610612741,Chicago,Bulls,CHI,bulls,240:00,526.9,105.4,553.2,110.6,-26.3,-5.3,0.757,1.4,21.9,0.194,0.61,0.453,21.505,21.5,0.592,0.624,1.0,0.97,18.7,93.5,77.92,93.0,0.505
0022200920,1610612755,Philadelphia,76ers,PHI,sixers,240:00,538.0,107.6,561.1,112.2,-23.1,-4.6,0.625,1.0,15.4,0.409,0.688,0.554,21.739,21.7,0.507,0.58,1.0,0.945,18.2,91.0,75.83,92.0,0.482
0022200920,1610612748,Miami,Heat,MIA,heat,240:00,561.1,112.2,538.0,107.6,23.1,4.6,0.6,1.62,16.7,0.313,0.591,0.446,14.444,14.4,0.525,0.557,1.0,0.99,18.2,91.0,75.83,90.0,0.518
0022200919,1610612766,Charlotte,Hornets,CHA,hornets,240:00,585.0,117.0,530.0,106.0,55.0,11.0,0.558,1.41,17.8,0.279,0.722,0.526,17.0,17.0,0.596,0.631,1.0,0.973,20.0,100.0,83.33,100.0,0.56
0022200919,1610612765,Detroit,Pistons,DET,pistons,240:00,530.0,106.0,585.0,117.0,-55.0,-11.0,0.429,2.0,13.6,0.278,0.721,0.474,9.0,9.0,0.473,0.51,1.0,0.991,20.0,100.0,83.33,100.0,0.44
0022200922,1610612740,New Orleans,Pelicans,NOP,pelicans,240:00,489.5,97.9,531.6,106.3,-42.1,-8.4,0.676,1.35,17.8,0.25,0.681,0.473,17.895,17.9,0.487,0.54,1.0,0.981,19.0,95.0,79.17,95.0,0.459
0022200922,1610612753,Orlando,Magic,ORL,magic,240:00,531.6,106.3,489.5,97.9,42.1,8.4,0.583,1.24,16.0,0.319,0.75,0.527,17.895,17.9,0.513,0.558,1.0,0.964,19.0,95.0,79.17,95.0,0.541
0022200921,1610612752,New York,Knicks,NYK,knicks,240:00,579.8,116.0,494.7,98.9,85.1,17.0,0.541,1.33,15.6,0.318,0.813,0.576,15.957,16.0,0.551,0.586,1.0,0.954,18.9,94.5,78.75,94.0,0.581
0022200921,1610612738,Boston,Celtics,BOS,celtics,240:00,494.7,98.9,579.8,116.0,-85.1,-17.0,0.568,1.75,16.8,0.188,0.682,0.424,12.632,12.6,0.494,0.521,1.0,0.971,18.9,94.5,78.75,95.0,0.419
0022200913,1610612742,Dallas,Mavericks,DAL,mavericks,240:00,534.7,106.9,549.5,109.9,-14.9,-3.0,0.538,1.24,15.2,0.281,0.655,0.47,16.832,16.8,0.527,0.545,1.0,0.974,20.2,101.0,84.17,101.0,0.434
0022200913,1610612747,Los Angeles,Lakers,LAL,lakers,240:00,549.5,109.9,534.7,106.9,14.9,3.0,0.595,2.27,17.1,0.345,0.719,0.53,10.891,10.9,0.464,0.508,1.0,0.975,20.2,101.0,84.17,101.0,0.566
0022200914,1610612739,Cleveland,Cavaliers,CLE,cavaliers,240:00,608.2,121.6,479.4,95.9,128.9,25.8,0.705,2.21,22.8,0.195,0.729,0.51,14.433,14.4,0.631,0.654,1.0,0.971,19.4,97.0,80.83,97.0,0.662
0022200914,1610612761,Toronto,Raptors,TOR,raptors,240:00,479.4,95.9,608.2,121.6,-128.9,-25.8,0.528,1.36,14.4,0.271,0.805,0.49,14.433,14.4,0.435,0.467,1.0,0.991,19.4,97.0,80.83,97.0,0.338
0022200918,1610612743,Denver,Nuggets,DEN,nuggets,265:00,609.1,121.8,568.8,113.8,40.3,8.1,0.714,2.19,21.6,0.333,0.863,0.598,14.545,14.5,0.578,0.611,1.0,0.969,19.83,99.17,82.64,110.0,0.549
0022200918,1610612746,LA,Clippers,LAC,clippers,265:00,568.8,113.8,609.1,121.8,-40.3,-8.1,0.545,1.85,17.3,0.137,0.667,0.402,11.927,11.9,0.55,0.601,1.0,0.983,19.83,99.17,82.64,109.0,0.451
0022200910,1610612749,Milwaukee,Bucks,MIL,bucks,240:00,547.4,109.5,537.2,107.4,10.1,2.0,0.395,1.25,11.9,0.296,0.617,0.465,12.632,12.6,0.511,0.54,1.0,0.964,18.9,94.5,78.75,95.0,0.51
0022200910,1610612756,Phoenix,Suns,PHX,suns,240:00,537.2,107.4,547.4,109.5,-10.1,-2.0,0.525,1.75,15.2,0.383,0.704,0.535,12.766,12.8,0.463,0.482,1.0,0.991,18.9,94.5,78.75,94.0,0.49
0022200915,1610612760,Oklahoma City,Thunder,OKC,thunder,240:00,563.7,112.7,620.0,124.0,-56.3,-11.3,0.585,1.71,17.4,0.25,0.659,0.446,13.725,13.7,0.57,0.598,1.0,0.965,20.2,101.0,84.17,102.0,0.457
0022200915,1610612758,Sacramento,Kings,SAC,kings,240:00,620.0,124.0,563.7,112.7,56.3,11.3,0.711,1.6,21.8,0.341,0.75,0.554,20.0,20.0,0.635,0.649,1.0,0.983,20.2,101.0,84.17,100.0,0.543
0022200916,1610612744,Golden State,Warriors,GSW,warriors,240:00,534.3,106.9,509.8,102.0,24.5,4.9,0.59,1.28,16.0,0.345,0.737,0.545,17.647,17.6,0.511,0.541,1.0,0.967,20.4,102.0,85.0,102.0,0.531
0022200916,1610612750,Minnesota,Timberwolves,MIN,timberwolves,240:00,509.8,102.0,534.3,106.9,-24.5,-4.9,0.684,1.63,18.2,0.263,0.655,0.455,15.686,15.7,0.517,0.524,1.0,0.974,20.4,102.0,85.0,102.0,0.469
0022200912,1610612741,Chicago,Bulls,CHI,bulls,240:00,586.2,117.2,460.7,92.1,125.5,25.1,0.525,1.91,17.8,0.244,0.667,0.478,12.644,12.6,0.557,0.59,1.0,0.959,17.6,88.0,73.33,87.0,0.626
0022200912,1610612764,Washington,Wizards,WAS,wizards,240:00,460.7,92.1,586.2,117.2,-125.5,-25.1,0.688,1.38,17.2,0.333,0.756,0.522,17.978,18.0,0.461,0.476,1.0,0.962,17.6,88.0,73.33,89.0,0.374
0022200917,1610612757,Portland,Trail Blazers,POR,blazers,240:00,661.6,132.3,564.4,112.9,97.3,19.5,0.476,1.43,15.9,0.184,0.567,0.418,14.141,14.1,0.675,0.709,1.0,0.991,20.0,100.0,83.33,99.0,0.589
0022200917,1610612745,Houston,Rockets,HOU,rockets,240:00,564.4,112.9,661.6,132.3,-97.3,-19.5,0.533,1.71,16.1,0.433,0.816,0.582,13.861,13.9,0.485,0.514,1.0,0.984,20.0,100.0,83.33,101.0,0.411
0022200911,1610612737,Atlanta,Hawks,ATL,hawks,240:00,626.2,125.2,604.8,121.0,21.5,4.3,0.444,1.25,14.4,0.333,0.795,0.554,15.534,15.5,0.589,0.63,1.0,0.992,20.8,104.0,86.67,103.0,0.486
0022200911,1610612751,Brooklyn,Nets,BKN,nets,240:00,604.8,121.0,626.2,125.2,-21.5,-4.3,0.465,2.0,15.0,0.205,0.667,0.446,9.524,9.5,0.575,0.637,1.0,0.965,20.8,104.0,86.67,105.0,0.514
0022200908,1610612755,Philadelphia,76ers,PHI,sixers,240:00,551.5,110.3,572.9,114.6,-21.4,-4.3,0.543,1.9,15.0,0.234,0.778,0.5,10.309,10.3,0.506,0.573,1.0,0.963,19.3,96.5,80.42,97.0,0.513
0022200908,1610612738,Boston,Celtics,BOS,celtics,240:00,572.9,114.6,551.5,110.3,21.4,4.3,0.465,1.54,15.9,0.222,0.766,0.5,13.542,13.5,0.593,0.603,1.0,0.972,19.3,96.5,80.42,96.0,0.487
0022200907,1610612763,Memphis,Grizzlies,MEM,grizzlies,240:00,560.0,112.0,479.6,95.9,80.4,16.1,0.556,2.08,18.1,0.275,0.782,0.538,12.0,12.0,0.553,0.568,1.0,0.973,19.8,99.0,82.5,100.0,0.592
0022200907,1610612743,Denver,Nuggets,DEN,nuggets,240:00,479.6,95.9,560.0,112.0,-80.4,-16.1,0.611,1.47,16.7,0.218,0.725,0.462,15.306,15.3,0.466,0.494,1.0,1.0,19.8,99.0,82.5,98.0,0.408
0022200906,1610612752,New York,Knicks,NYK,knicks,240:00,615.4,123.1,509.6,101.9,105.8,21.2,0.533,1.26,16.9,0.318,0.754,0.578,18.269,18.3,0.619,0.652,1.0,0.983,20.8,104.0,86.67,104.0,0.572
0022200906,1610612740,New Orleans,Pelicans,NOP,pelicans,240:00,509.6,101.9,615.4,123.1,-105.8,-21.2,0.625,3.57,17.2,0.246,0.682,0.422,6.731,6.7,0.431,0.476,1.0,0.983,20.8,104.0,86.67,104.0,0.428
0022200905,1610612753,Orlando,Magic,ORL,magic,240:00,540.0,108.0,593.1,118.6,-53.1,-10.6,0.457,1.14,11.7,0.368,0.745,0.554,14.0,14.0,0.422,0.506,1.0,0.992,20.2,101.0,84.17,100.0,0.416
0022200905,1610612754,Indiana,Pacers,IND,pacers,240:00,593.1,118.6,540.0,108.0,53.1,10.6,0.729,3.5,23.2,0.255,0.632,0.446,9.804,9.8,0.561,0.575,1.0,0.948,20.2,101.0,84.17,102.0,0.584
0022200909,1610612762,Utah,Jazz,UTA,jazz,240:00,578.4,115.7,495.1,99.0,83.3,16.7,0.674,1.81,19.6,0.327,0.733,0.545,15.686,15.7,0.522,0.566,1.0,0.983,20.5,102.5,85.42,102.0,0.618
0022200909,1610612759,San Antonio,Spurs,SAS,spurs,240:00,495.1,99.0,578.4,115.7,-83.3,-16.7,0.553,2.1,15.1,0.267,0.673,0.455,9.709,9.7,0.438,0.48,1.0,0.975,20.5,102.5,85.42,103.0,0.382
0022200904,1610612766,Charlotte,Hornets,CHA,hornets,240:00,519.2,103.8,495.2,99.0,24.0,4.8,0.526,1.33,14.7,0.235,0.78,0.505,14.423,14.4,0.489,0.541,1.0,0.983,20.8,104.0,86.67,104.0,0.538
0022200904,1610612748,Miami,Heat,MIA,heat,240:00,495.2,99.0,519.2,103.8,-24.0,-4.8,0.75,1.33,17.4,0.22,0.765,0.495,17.308,17.3,0.469,0.542,1.0,0.974,20.8,104.0,86.67,104.0,0.462
0022200903,1610612765,Detroit,Pistons,DET,pistons,240:00,469.1,93.8,484.7,96.9,-15.6,-3.1,0.684,1.63,18.2,0.339,0.762,0.557,16.495,16.5,0.436,0.454,1.0,0.966,19.5,97.5,81.25,97.0,0.488
0022200903,1610612761,Toronto,Raptors,TOR,raptors,240:00,484.7,96.9,469.1,93.8,15.6,3.1,0.667,2.75,16.3,0.238,0.661,0.443,8.163,8.2,0.415,0.461,1.0,0.973,19.5,97.5,81.25,98.0,0.512
0022200900,1610612741,Chicago,Bulls,CHI,bulls,240:00,668.4,133.7,435.0,87.0,233.4,46.7,0.5,2.27,18.4,0.295,0.865,0.604,11.224,11.2,0.636,0.653,1.0,0.982,19.8,99.0,82.5,98.0,0.74
0022200900,1610612751,Brooklyn,Nets,BKN,nets,240:00,435.0,87.0,668.4,133.7,-233.4,-46.7,0.7,1.5,16.4,0.135,0.705,0.396,14.0,14.0,0.444,0.487,1.0,0.953,19.8,99.0,82.5,100.0,0.26
0022200899,1610612756,Phoenix,Suns,PHX,suns,240:00,620.0,124.0,575.0,115.0,45.0,9.0,0.548,2.09,16.7,0.294,0.702,0.509,11.0,11.0,0.544,0.596,1.0,0.991,20.0,100.0,83.33,100.0,0.538
0022200899,1610612760,Oklahoma City,Thunder,OKC,thunder,240:00,575.0,115.0,620.0,124.0,-45.0,-9.0,0.659,3.0,18.8,0.298,0.706,0.491,9.0,9.0,0.511,0.545,1.0,0.983,20.0,100.0,83.33,100.0,0.462
0022200895,1610612764,Washington,Wizards,WAS,wizards,240:00,561.9,112.4,599.0,119.8,-37.1,-7.4,0.641,1.32,19.1,0.225,0.673,0.472,19.588,19.6,0.614,0.647,1.0,0.953,19.3,96.5,80.42,97.0,0.481
0022200895,1610612752,New York,Knicks,NYK,knicks,240:00,599.0,119.8,561.9,112.4,37.1,7.4,0.467,1.75,15.8,0.327,0.775,0.528,12.5,12.5,0.554,0.581,1.0,0.991,19.3,96.5,80.42,96.0,0.519
0022200902,1610612746,LA,Clippers,LAC,clippers,290:00,667.9,133.6,676.9,135.4,-9.0,-1.8,0.661,1.56,21.7,0.238,0.72,0.5,19.084,19.1,0.735,0.769,1.0,0.972,21.6,108.0,90.0,131.0,0.495
0022200902,1610612758,Sacramento,Kings,SAC,kings,290:00,676.9,135.4,667.9,133.6,9.0,1.8,0.508,2.2,18.6,0.28,0.762,0.5,11.538,11.5,0.667,0.696,1.0,0.986,21.6,108.0,90.0,130.0,0.505
0022200897,1610612749,Milwaukee,Bucks,MIL,bucks,240:00,603.8,120.8,467.0,93.4,136.8,27.4,0.574,2.25,18.4,0.269,0.828,0.564,11.321,11.3,0.577,0.602,1.0,0.967,21.2,106.0,88.33,106.0,0.622
0022200897,1610612748,Miami,Heat,MIA,heat,240:00,467.0,93.4,603.8,120.8,-136.8,-27.4,0.583,2.1,15.3,0.172,0.731,0.436,9.434,9.4,0.44,0.481,1.0,0.983,21.2,106.0,88.33,106.0,0.378
0022200898,1610612750,Minnesota,Timberwolves,MIN,timberwolves,240:00,538.1,107.6,570.8,114.2,-32.7,-6.5,0.543,1.56,17.9,0.192,0.765,0.476,15.238,15.2,0.554,0.565,1.0,0.983,21.1,105.5,87.92,105.0,0.45
0022200898,1610612766,Charlotte,Hornets,CHA,hornets,240:00,570.8,114.2,538.1,107.6,32.7,6.5,0.581,2.27,17.5,0.235,0.808,0.524,10.377,10.4,0.522,0.58,1.0,0.975,21.1,105.5,87.92,106.0,0.55
0022200901,1610612744,Golden State,Warriors,GSW,warriors,240:00,610.5,122.1,520.6,104.1,89.9,18.0,0.73,1.42,20.6,0.214,0.746,0.525,20.0,20.0,0.641,0.675,1.0,0.99,19.2,96.0,80.0,95.0,0.548
0022200901,1610612745,Houston,Rockets,HOU,rockets,240:00,520.6,104.1,610.5,122.1,-89.9,-18.0,0.639,3.29,17.0,0.254,0.786,0.475,7.216,7.2,0.451,0.497,1.0,0.964,19.2,96.0,80.0,97.0,0.452
0022200896,1610612737,Atlanta,Hawks,ATL,hawks,240:00,660.2,132.0,577.7,115.5,82.5,16.5,0.56,2.0,20.1,0.222,0.792,0.548,13.592,13.6,0.676,0.715,1.0,0.982,20.6,103.0,85.83,103.0,0.597
0022200896,1610612739,Cleveland,Cavaliers,CLE,cavaliers,240:00,577.7,115.5,660.2,132.0,-82.5,-16.5,0.5,1.82,15.0,0.208,0.778,0.452,10.68,10.7,0.528,0.591,1.0,0.991,20.6,103.0,85.83,103.0,0.403
0022200888,1610612753,Orlando,Magic,ORL,magic,240:00,534.7,106.9,514.6,102.9,20.1,4.0,0.692,1.93,18.5,0.305,0.766,0.509,13.861,13.9,0.474,0.514,1.0,0.983,20.4,102.0,85.0,101.0,0.519
0022200888,1610612765,Detroit,Pistons,DET,pistons,240:00,514.6,102.9,534.7,106.9,-20.1,-4.0,0.595,1.05,16.3,0.234,0.695,0.491,20.388,20.4,0.562,0.593,1.0,0.956,20.4,102.0,85.0,103.0,0.481
0022200894,1610612758,Sacramento,Kings,SAC,kings,240:00,652.0,130.4,568.6,113.7,83.3,16.7,0.574,1.5,18.9,0.341,0.745,0.565,17.647,17.6,0.635,0.674,1.0,1.0,20.4,102.0,85.0,102.0,0.589
0022200894,1610612757,Portland,Trail Blazers,POR,blazers,240:00,568.6,113.7,652.0,130.4,-83.3,-16.7,0.605,2.0,18.6,0.255,0.659,0.435,12.745,12.7,0.548,0.577,1.0,0.982,20.4,102.0,85.0,102.0,0.411
0022200886,1610612739,Cleveland,Cavaliers,CLE,cavaliers,240:00,592.4,118.5,611.7,122.3,-19.3,-3.9,0.558,2.18,18.0,0.347,0.604,0.474,11.957,12.0,0.511,0.552,1.0,0.982,18.6,93.0,77.5,92.0,0.472
0022200886,1610612743,Denver,Nuggets,DEN,nuggets,240:00,611.7,122.3,592.4,118.5,19.3,3.9,0.769,1.88,21.1,0.396,0.653,0.526,17.021,17.0,0.565,0.611,1.0,0.982,18.6,93.0,77.5,94.0,0.528
0022200887,1610612754,Indiana,Pacers,IND,pacers,265:00,657.1,131.4,682.7,136.5,-25.5,-5.1,0.673,2.2,21.7,0.304,0.569,0.443,14.286,14.3,0.638,0.666,1.0,0.975,18.93,94.64,78.87,105.0,0.48
0022200887,1610612738,Boston,Celtics,BOS,celtics,265:00,682.7,136.5,657.1,131.4,25.5,5.1,0.608,2.07,19.7,0.431,0.696,0.557,14.423,14.4,0.606,0.643,1.0,0.984,18.93,94.64,78.87,104.0,0.52
0022200893,1610612747,Los Angeles,Lakers,LAL,lakers,240:00,590.5,118.1,528.6,105.7,61.9,12.4,0.714,1.88,19.9,0.327,0.706,0.547,15.238,15.2,0.581,0.614,1.0,0.967,21.0,105.0,87.5,105.0,0.601
0022200893,1610612744,Golden State,Warriors,GSW,warriors,240:00,528.6,105.7,590.5,118.1,-61.9,-12.4,0.6,2.4,16.1,0.294,0.673,0.453,9.524,9.5,0.448,0.486,1.0,0.984,21.0,105.0,87.5,105.0,0.399
0022200891,1610612742,Dallas,Mavericks,DAL,mavericks,240:00,703.0,140.6,568.6,113.7,134.3,26.9,0.587,3.86,20.3,0.122,0.745,0.455,6.931,6.9,0.695,0.726,1.0,0.981,20.3,101.5,84.58,101.0,0.594
0022200891,1610612759,San Antonio,Spurs,SAS,spurs,240:00,568.6,113.7,703.0,140.6,-134.3,-26.9,0.667,1.76,20.8,0.255,0.878,0.545,16.667,16.7,0.581,0.603,1.0,0.965,20.3,101.5,84.58,102.0,0.406
0022200890,1610612761,Toronto,Raptors,TOR,raptors,240:00,563.7,112.7,534.0,106.8,29.7,5.9,0.395,1.42,12.9,0.255,0.813,0.525,11.765,11.8,0.516,0.558,1.0,0.983,20.5,102.5,85.42,102.0,0.51
0022200890,1610612740,New Orleans,Pelicans,NOP,pelicans,240:00,534.0,106.8,563.7,112.7,-29.7,-5.9,0.59,1.77,17.0,0.188,0.745,0.475,12.621,12.6,0.542,0.579,1.0,0.973,20.5,102.5,85.42,103.0,0.49
0022200889,1610612755,Philadelphia,76ers,PHI,sixers,240:00,550.0,110.0,525.0,105.0,25.0,5.0,0.735,2.08,18.0,0.269,0.696,0.491,12.0,12.0,0.482,0.551,1.0,0.965,20.0,100.0,83.33,100.0,0.519
0022200889,1610612763,Memphis,Grizzlies,MEM,grizzlies,240:00,525.0,105.0,550.0,110.0,-25.0,-5.0,0.647,2.0,15.8,0.304,0.731,0.509,11.0,11.0,0.431,0.511,1.0,0.983,20.0,100.0,83.33,100.0,0.481
0022200892,1610612762,Utah,Jazz,UTA,jazz,265:00,535.7,107.1,536.0,107.2,-0.3,-0.1,0.619,1.18,16.1,0.417,0.643,0.538,19.643,19.6,0.485,0.536,1.0,0.978,20.2,100.98,84.15,112.0,0.519
0022200892,1610612760,Oklahoma City,Thunder,OKC,thunder,265:00,536.0,107.2,535.7,107.1,0.3,0.1,0.511,2.09,14.6,0.357,0.583,0.462,9.91,9.9,0.438,0.48,1.0,0.993,20.2,100.98,84.15,111.0,0.481
0022200885,1610612756,Phoenix,Suns,PHX,suns,240:00,540.4,108.1,585.9,117.2,-45.5,-9.1,0.714,2.14,21.4,0.245,0.744,0.478,14.141,14.1,0.534,0.557,1.0,0.973,19.8,99.0,82.5,99.0,0.446
0022200885,1610612746,LA,Clippers,LAC,clippers,240:00,585.9,117.2,540.4,108.1,45.5,9.1,0.725,2.07,21.0,0.256,0.755,0.522,14.141,14.1,0.555,0.618,1.0,0.991,19.8,99.0,82.5,99.0,0.554
0022200884,1610612750,Minnesota,Timberwolves,MIN,timberwolves,240:00,514.6,102.9,553.4,110.7,-38.8,-7.8,0.538,1.17,14.6,0.351,0.704,0.523,17.476,17.5,0.453,0.506,1.0,0.984,20.6,103.0,85.83,103.0,0.446
0022200884,1610612764,Washington,Wizards,WAS,wizards,240:00,553.4,110.7,514.6,102.9,38.8,7.8,0.581,1.56,17.4,0.296,0.649,0.477,15.534,15.5,0.526,0.556,1.0,0.975,20.6,103.0,85.83,103.0,0.554
0022200883,1610612741,Chicago,Bulls,CHI,bulls,240:00,526.3,105.3,589.5,117.9,-63.2,-12.6,0.514,3.17,14.3,0.306,0.776,0.514,6.316,6.3,0.433,0.471,1.0,0.974,19.0,95.0,79.17,95.0,0.411
0022200883,1610612749,Milwaukee,Bucks,MIL,bucks,240:00,589.5,117.9,526.3,105.3,63.2,12.6,0.6,2.67,18.5,0.224,0.694,0.486,9.474,9.5,0.557,0.584,1.0,0.972,19.0,95.0,79.17,95.0,0.589
0022200875,1610612755,Philadelphia,76ers,PHI,sixers,240:00,641.3,128.3,608.7,121.7,32.6,6.5,0.615,2.0,18.9,0.282,0.767,0.537,13.043,13.0,0.583,0.65,1.0,0.971,18.4,92.0,76.67,92.0,0.515
0022200875,1610612739,Cleveland,Cavaliers,CLE,cavaliers,240:00,608.7,121.7,641.3,128.3,-32.6,-6.5,0.561,2.88,18.4,0.233,0.718,0.463,8.696,8.7,0.561,0.602,1.0,0.98,18.4,92.0,76.67,92.0,0.485
0022200876,1610612737,Atlanta,Hawks,ATL,hawks,240:00,500.0,100.0,598.0,119.6,-98.0,-19.6,0.625,5.0,18.4,0.169,0.712,0.423,4.95,5.0,0.438,0.475,1.0,0.991,20.3,101.5,84.58,101.0,0.449
0022200876,1610612752,New York,Knicks,NYK,knicks,240:00,598.0,119.6,500.0,100.0,98.0,19.6,0.356,1.6,12.0,0.288,0.831,0.577,9.804,9.8,0.542,0.577,1.0,0.966,20.3,101.5,84.58,102.0,0.551
0022200882,1610612747,Los Angeles,Lakers,LAL,lakers,240:00,594.1,118.8,500.0,100.0,94.1,18.8,0.727,2.91,22.7,0.17,0.709,0.461,10.891,10.9,0.59,0.607,1.0,0.982,20.3,101.5,84.58,101.0,0.6
0022200882,1610612740,New Orleans,Pelicans,NOP,pelicans,240:00,500.0,100.0,594.1,118.8,-94.1,-18.8,0.615,1.6,16.9,0.291,0.83,0.539,14.706,14.7,0.478,0.512,1.0,0.975,20.3,101.5,84.58,102.0,0.4
0022200879,1610612763,Memphis,Grizzlies,MEM,grizzlies,240:00,573.5,114.7,538.8,107.8,34.7,6.9,0.558,6.0,16.3,0.309,0.588,0.429,3.922,3.9,0.467,0.496,1.0,0.992,20.5,102.5,85.42,102.0,0.504
0022200879,1610612762,Utah,Jazz,UTA,jazz,240:00,538.8,107.8,573.5,114.7,-34.7,-6.9,0.571,1.0,16.3,0.412,0.691,0.571,23.301,23.3,0.527,0.559,1.0,0.984,20.5,102.5,85.42,103.0,0.496
0022200873,1610612766,Charlotte,Hornets,CHA,hornets,240:00,560.7,112.1,504.6,100.9,56.2,11.2,0.605,1.63,17.2,0.31,0.623,0.48,14.953,15.0,0.521,0.552,1.0,0.992,21.6,108.0,90.0,107.0,0.585
0022200873,1610612759,San Antonio,Spurs,SAS,spurs,240:00,504.6,100.9,560.7,112.1,-56.2,-11.2,0.585,1.6,15.4,0.377,0.69,0.52,13.761,13.8,0.444,0.475,1.0,0.992,21.6,108.0,90.0,109.0,0.415
0022200877,1610612738,Boston,Celtics,BOS,celtics,240:00,641.4,128.3,561.9,112.4,79.6,15.9,0.612,2.73,21.4,0.273,0.818,0.545,11.111,11.1,0.647,0.659,1.0,0.973,19.6,98.0,81.67,99.0,0.578
0022200877,1610612765,Detroit,Pistons,DET,pistons,240:00,561.9,112.4,641.4,128.3,-79.6,-15.9,0.558,1.71,18.6,0.182,0.727,0.455,14.433,14.4,0.577,0.599,1.0,1.0,19.6,98.0,81.67,97.0,0.422
0022200880,1610612760,Oklahoma City,Thunder,OKC,thunder,240:00,633.3,126.7,452.8,90.6,180.5,36.1,0.5,1.91,15.1,0.265,0.683,0.495,10.476,10.5,0.534,0.618,1.0,0.983,21.1,105.5,87.92,105.0,0.745
0022200880,1610612745,Houston,Rockets,HOU,rockets,240:00,452.8,90.6,633.3,126.7,-180.5,-36.1,0.667,1.11,13.9,0.317,0.735,0.505,16.981,17.0,0.393,0.454,1.0,0.976,21.1,105.5,87.92,106.0,0.255
0022200881,1610612743,Denver,Nuggets,DEN,nuggets,240:00,602.0,120.4,556.1,111.2,45.9,9.2,0.708,2.62,24.5,0.189,0.848,0.554,13.265,13.3,0.637,0.651,1.0,0.981,19.6,98.0,81.67,98.0,0.577
0022200881,1610612742,Dallas,Mavericks,DAL,mavericks,240:00,556.1,111.2,602.0,120.4,-45.9,-9.2,0.641,2.08,19.2,0.152,0.811,0.446,12.245,12.2,0.548,0.587,1.0,0.981,19.6,98.0,81.67,98.0,0.423
0022200878,1610612751,Brooklyn,Nets,BKN,nets,240:00,644.4,128.9,576.9,115.4,67.5,13.5,0.634,2.36,21.1,0.189,0.673,0.465,12.222,12.2,0.643,0.676,1.0,0.99,18.1,90.5,75.42,90.0,0.549
0022200878,1610612748,Miami,Heat,MIA,heat,240:00,576.9,115.4,644.4,128.9,-67.5,-13.5,0.5,2.38,15.2,0.327,0.811,0.535,8.791,8.8,0.506,0.548,1.0,0.981,18.1,90.5,75.42,91.0,0.451
0022200874,1610612754,Indiana,Pacers,IND,pacers,240:00,579.2,115.8,570.7,114.1,8.5,1.7,0.692,1.42,19.6,0.233,0.822,0.534,18.812,18.8,0.585,0.638,1.0,0.955,20.0,100.0,83.33,101.0,0.518
0022200874,1610612741,Chicago,Bulls,CHI,bulls,240:00,570.7,114.1,579.2,115.8,-8.5,-1.7,0.561,1.64,17.7,0.178,0.767,0.466,14.141,14.1,0.577,0.606,1.0,0.991,20.0,100.0,83.33,99.0,0.482
0022200870,1610612756,Phoenix,Suns,PHX,suns,240:00,612.2,122.4,545.0,109.0,67.2,13.4,0.66,2.2,23.2,0.275,0.688,0.5,15.306,15.3,0.608,0.631,1.0,0.982,19.8,99.0,82.5,98.0,0.589
0022200870,1610612758,Sacramento,Kings,SAC,kings,240:00,545.0,109.0,612.2,122.4,-67.2,-13.4,0.622,1.35,16.7,0.313,0.725,0.5,17.0,17.0,0.53,0.583,1.0,0.974,19.8,99.0,82.5,100.0,0.411
0022200868,1610612761,Toronto,Raptors,TOR,raptors,240:00,621.2,124.2,570.7,114.1,50.5,10.1,0.62,1.55,21.5,0.389,0.674,0.544,20.202,20.2,0.651,0.67,1.0,0.965,19.8,99.0,82.5,99.0,0.589
0022200868,1610612753,Orlando,Magic,ORL,magic,240:00,570.7,114.1,621.2,124.2,-50.5,-10.1,0.605,1.37,18.7,0.326,0.611,0.456,19.192,19.2,0.589,0.615,1.0,0.973,19.8,99.0,82.5,99.0,0.411
0022200869,1610612749,Milwaukee,Bucks,MIL,bucks,265:00,574.6,114.9,548.2,109.6,26.3,5.3,0.674,1.53,18.6,0.26,0.836,0.562,16.667,16.7,0.578,0.621,1.0,0.969,20.65,103.25,86.04,114.0,0.527
0022200869,1610612738,Boston,Celtics,BOS,celtics,265:00,548.2,109.6,574.6,114.9,-26.3,-5.3,0.609,2.15,18.5,0.164,0.74,0.438,11.404,11.4,0.551,0.58,1.0,0.976,20.65,103.25,86.04,114.0,0.473
0022200872,1610612757,Portland,Trail Blazers,POR,blazers,240:00,520.6,104.1,649.5,129.9,-128.9,-25.8,0.556,1.67,15.4,0.236,0.765,0.438,12.371,12.4,0.488,0.523,1.0,0.982,19.4,97.0,80.83,97.0,0.365
0022200872,1610612764,Washington,Wizards,WAS,wizards,240:00,649.5,129.9,520.6,104.1,128.9,25.8,0.622,1.75,21.2,0.235,0.764,0.562,16.495,16.5,0.677,0.71,1.0,0.971,19.4,97.0,80.83,97.0,0.635
0022200871,1610612746,LA,Clippers,LAC,clippers,240:00,697.9,139.6,645.8,129.2,52.1,10.4,0.673,4.13,22.8,0.364,0.721,0.54,8.333,8.3,0.625,0.659,1.0,0.973,19.2,96.0,80.0,96.0,0.544
0022200871,1610612744,Golden State,Warriors,GSW,warriors,240:00,645.8,129.2,697.9,139.6,-52.1,-10.4,0.622,2.55,20.6,0.279,0.636,0.46,11.458,11.5,0.633,0.653,1.0,0.972,19.2,96.0,80.0,96.0,0.456
0022200863,1610612741,Chicago,Bulls,CHI,bulls,240:00,464.3,92.9,510.2,102.0,-45.9,-9.2,0.486,1.06,13.3,0.255,0.8,0.51,16.327,16.3,0.424,0.482,1.0,0.982,19.6,98.0,81.67,98.0,0.427
0022200863,1610612753,Orlando,Magic,ORL,magic,240:00,510.2,102.0,464.3,92.9,45.9,9.2,0.632,1.33,18.3,0.2,0.745,0.49,18.367,18.4,0.519,0.56,1.0,0.972,19.6,98.0,81.67,98.0,0.573
0022200859,1610612754,Indiana,Pacers,IND,pacers,240:00,579.2,115.8,602.9,120.6,-23.7,-4.7,0.652,2.73,21.4,0.184,0.636,0.398,10.891,10.9,0.566,0.586,1.0,0.991,20.3,101.5,84.58,101.0,0.485
0022200859,1610612762,Utah,Jazz,UTA,jazz,240:00,602.9,120.6,579.2,115.8,23.7,4.7,0.558,1.26,17.1,0.364,0.816,0.602,18.627,18.6,0.594,0.641,1.0,0.983,20.3,101.5,84.58,102.0,0.515
0022200864,1610612760,Oklahoma City,Thunder,OKC,thunder,240:00,520.8,104.2,542.1,108.4,-21.3,-4.3,0.526,1.18,14.5,0.423,0.806,0.58,17.708,17.7,0.472,0.511,1.0,0.966,19.1,95.5,79.58,96.0,0.451
0022200864,1610612740,New Orleans,Pelicans,NOP,pelicans,240:00,542.1,108.4,520.8,104.2,21.3,4.3,0.487,1.0,15.7,0.194,0.577,0.42,20.0,20.0,0.588,0.629,1.0,0.98,19.1,95.5,79.58,95.0,0.549
0022200858,1610612739,Cleveland,Cavaliers,CLE,cavaliers,240:00,615.8,123.2,573.7,114.7,42.1,8.4,0.477,1.5,16.5,0.306,0.581,0.456,14.737,14.7,0.622,0.657,1.0,0.981,19.0,95.0,79.17,95.0,0.551
0022200858,1610612759,San Antonio,Spurs,SAS,spurs,240:00,573.7,114.7,615.8,123.2,-42.1,-8.4,0.628,1.5,19.4,0.419,0.694,0.544,18.947,18.9,0.553,0.581,1.0,0.973,19.0,95.0,79.17,95.0,0.449
0022200867,1610612757,Portland,Trail Blazers,POR,blazers,240:00,622.5,124.5,563.7,112.7,58.8,11.8,0.587,3.86,19.6,0.173,0.673,0.43,6.863,6.9,0.593,0.618,1.0,0.991,20.4,102.0,85.0,102.0,0.535
0022200867,1610612747,Los Angeles,Lakers,LAL,lakers,240:00,563.7,112.7,622.5,124.5,-58.8,-11.8,0.571,1.85,16.7,0.327,0.827,0.57,12.745,12.7,0.505,0.552,1.0,0.983,20.4,102.0,85.0,102.0,0.465
0022200866,1610612744,Golden State,Warriors,GSW,warriors,240:00,695.9,139.2,642.9,128.6,53.0,10.6,0.769,2.5,26.5,0.359,0.706,0.521,16.495,16.5,0.697,0.706,1.0,0.982,19.5,97.5,81.25,97.0,0.524
0022200866,1610612764,Washington,Wizards,WAS,wizards,240:00,642.9,128.6,695.9,139.2,-53.0,-10.6,0.542,1.53,19.4,0.294,0.641,0.479,17.347,17.3,0.675,0.706,1.0,0.972,19.5,97.5,81.25,98.0,0.476
0022200865,1610612742,Dallas,Mavericks,DAL,mavericks,240:00,636.8,127.4,652.6,130.5,-15.8,-3.2,0.488,1.91,16.2,0.304,0.692,0.482,11.579,11.6,0.589,0.625,1.0,0.963,19.0,95.0,79.17,95.0,0.455
0022200865,1610612750,Minnesota,Timberwolves,MIN,timberwolves,240:00,652.6,130.5,636.8,127.4,15.8,3.2,0.583,2.33,20.7,0.308,0.696,0.518,12.632,12.6,0.633,0.657,1.0,0.981,19.0,95.0,79.17,95.0,0.545
0022200860,1610612755,Philadelphia,76ers,PHI,sixers,240:00,615.0,123.0,525.3,105.1,89.7,17.9,0.565,1.63,19.4,0.216,0.642,0.467,16.0,16.0,0.652,0.687,1.0,0.972,19.9,99.5,82.92,100.0,0.6
0022200860,1610612745,Houston,Rockets,HOU,rockets,240:00,525.3,105.1,615.0,123.0,-89.7,-17.9,0.486,1.0,12.6,0.358,0.784,0.533,17.172,17.2,0.442,0.522,1.0,0.992,19.9,99.5,82.92,99.0,0.4
0022200862,1610612752,New York,Knicks,NYK,knicks,240:00,696.6,139.3,582.4,116.5,114.2,22.8,0.4,2.25,15.4,0.25,0.708,0.5,8.989,9.0,0.64,0.664,1.0,1.0,18.0,90.0,75.0,89.0,0.566
0022200862,1610612751,Brooklyn,Nets,BKN,nets,240:00,582.4,116.5,696.6,139.3,-114.2,-22.8,0.514,1.8,14.6,0.292,0.75,0.5,10.989,11.0,0.526,0.573,1.0,0.962,18.0,90.0,75.0,91.0,0.434
0022200861,1610612748,Miami,Heat,MIA,heat,240:00,600.0,120.0,622.2,124.4,-22.2,-4.4,0.641,2.78,18.8,0.353,0.765,0.518,10.0,10.0,0.506,0.552,1.0,0.972,18.0,90.0,75.0,90.0,0.447
0022200861,1610612743,Denver,Nuggets,DEN,nuggets,240:00,622.2,124.4,600.0,120.0,22.2,4.4,0.773,2.62,25.8,0.235,0.647,0.482,14.444,14.4,0.651,0.678,1.0,0.98,18.0,90.0,75.0,90.0,0.553
0022200857,1610612766,Charlotte,Hornets,CHA,hornets,240:00,660.6,132.1,638.9,127.8,21.7,4.3,0.679,2.12,24.0,0.182,0.636,0.466,15.596,15.6,0.75,0.765,1.0,0.982,21.7,108.5,90.42,109.0,0.54
0022200857,1610612737,Atlanta,Hawks,ATL,hawks,240:00,638.9,127.8,660.6,132.1,-21.7,-4.3,0.491,2.17,17.0,0.364,0.818,0.534,11.111,11.1,0.542,0.589,1.0,1.008,21.7,108.5,90.42,108.0,0.46
0022200855,1610612738,Boston,Celtics,BOS,celtics,240:00,619.8,124.0,567.7,113.5,52.1,10.4,0.718,2.55,20.0,0.327,0.87,0.582,11.458,11.5,0.563,0.598,1.0,0.982,19.2,96.0,80.0,96.0,0.568
0022200855,1610612763,Memphis,Grizzlies,MEM,grizzlies,240:00,567.7,113.5,619.8,124.0,-52.1,-10.4,0.571,3.0,19.2,0.13,0.673,0.418,8.333,8.3,0.571,0.585,1.0,0.99,19.2,96.0,80.0,96.0,0.432
0022200856,1610612761,Toronto,Raptors,TOR,raptors,240:00,607.1,121.4,608.2,121.6,-1.1,-0.2,0.5,2.63,15.4,0.37,0.667,0.511,8.163,8.2,0.546,0.579,1.0,0.974,19.5,97.5,81.25,98.0,0.513
0022200856,1610612765,Detroit,Pistons,DET,pistons,240:00,608.2,121.6,607.1,121.4,1.1,0.2,0.625,1.39,18.4,0.333,0.63,0.489,18.557,18.6,0.589,0.634,1.0,0.973,19.5,97.5,81.25,97.0,0.487
0022200848,1610612753,Orlando,Magic,ORL,magic,265:00,495.2,99.0,519.4,103.9,-24.2,-4.8,0.595,1.22,15.7,0.288,0.66,0.471,17.308,17.3,0.489,0.53,1.0,0.975,18.75,93.74,78.11,104.0,0.474
0022200848,1610612748,Miami,Heat,MIA,heat,265:00,519.4,103.9,495.2,99.0,24.2,4.8,0.649,1.2,16.7,0.34,0.712,0.529,19.417,19.4,0.506,0.562,1.0,0.958,18.75,93.74,78.11,103.0,0.526
0022200851,1610612752,New York,Knicks,NYK,knicks,240:00,642.9,128.6,618.6,123.7,24.3,4.9,0.419,3.0,12.9,0.411,0.723,0.553,6.122,6.1,0.516,0.564,1.0,0.975,19.5,97.5,81.25,98.0,0.515
0022200851,1610612762,Utah,Jazz,UTA,jazz,240:00,618.6,123.7,642.9,128.6,-24.3,-4.9,0.511,1.92,17.3,0.277,0.589,0.447,12.371,12.4,0.563,0.598,1.0,0.982,19.5,97.5,81.25,97.0,0.485
0022200854,1610612758,Sacramento,Kings,SAC,kings,265:00,604.5,120.9,587.2,117.4,17.4,3.5,0.431,3.14,15.3,0.24,0.833,0.531,6.364,6.4,0.55,0.599,1.0,0.975,19.83,99.17,82.64,110.0,0.534
0022200854,1610612742,Dallas,Mavericks,DAL,mavericks,265:00,587.2,117.4,604.5,120.9,-17.4,-3.5,0.574,1.69,18.9,0.167,0.76,0.469,14.679,14.7,0.626,0.644,1.0,0.983,19.83,99.17,82.64,109.0,0.466
0022200847,1610612766,Charlotte,Hornets,CHA,hornets,240:00,500.0,100.0,566.7,113.3,-66.7,-13.3,0.625,1.79,18.0,0.18,0.667,0.426,13.333,13.3,0.518,0.537,1.0,0.982,21.0,105.0,87.5,105.0,0.427
0022200847,1610612743,Denver,Nuggets,DEN,nuggets,240:00,566.7,113.3,500.0,100.0,66.7,13.3,0.7,2.5,22.3,0.333,0.82,0.574,13.333,13.3,0.53,0.559,1.0,0.984,21.0,105.0,87.5,105.0,0.573
0022200850,1610612737,Atlanta,Hawks,ATL,hawks,240:00,589.6,117.9,500.0,100.0,89.6,17.9,0.58,2.9,19.0,0.321,0.673,0.495,9.434,9.4,0.534,0.561,1.0,0.984,21.2,106.0,88.33,106.0,0.587
0022200850,1610612759,San Antonio,Spurs,SAS,spurs,240:00,500.0,100.0,589.6,117.9,-89.6,-17.9,0.625,1.25,16.8,0.327,0.679,0.505,18.868,18.9,0.484,0.522,1.0,0.976,21.2,106.0,88.33,106.0,0.413
0022200846,1610612751,Brooklyn,Nets,BKN,nets,240:00,538.5,107.7,561.1,112.2,-22.6,-4.5,0.622,2.56,17.4,0.333,0.744,0.51,9.89,9.9,0.473,0.501,1.0,0.972,18.1,90.5,75.42,91.0,0.464
0022200846,1610612755,Philadelphia,76ers,PHI,sixers,240:00,561.1,112.2,538.5,107.7,22.6,4.5,0.515,1.42,14.4,0.256,0.667,0.49,13.333,13.3,0.48,0.573,1.0,0.97,18.1,90.5,75.42,90.0,0.536
0022200852,1610612739,Cleveland,Cavaliers,CLE,cavaliers,240:00,510.5,102.1,468.4,93.7,42.1,8.4,0.722,2.0,19.4,0.25,0.75,0.467,13.684,13.7,0.471,0.514,1.0,0.981,19.0,95.0,79.17,95.0,0.523
0022200852,1610612741,Chicago,Bulls,CHI,bulls,240:00,468.4,93.7,510.5,102.1,-42.1,-8.4,0.75,1.17,20.5,0.25,0.75,0.533,24.211,24.2,0.52,0.552,1.0,0.971,19.0,95.0,79.17,95.0,0.477
0022200853,1610612744,Golden State,Warriors,GSW,warriors,240:00,485.8,97.2,514.2,102.8,-28.3,-5.7,0.775,1.94,20.7,0.228,0.76,0.477,15.094,15.1,0.479,0.508,1.0,0.966,21.2,106.0,88.33,106.0,0.486
0022200853,1610612747,Los Angeles,Lakers,LAL,lakers,240:00,514.2,102.8,485.8,97.2,28.3,5.7,0.475,1.19,13.9,0.24,0.772,0.523,15.094,15.1,0.494,0.543,1.0,0.966,21.2,106.0,88.33,106.0,0.514
0022200849,1610612764,Washington,Wizards,WAS,wizards,240:00,697.8,139.6,614.1,122.8,83.7,16.7,0.667,1.78,23.9,0.393,0.6,0.53,19.78,19.8,0.72,0.75,1.0,0.971,18.3,91.5,76.25,91.0,0.603
0022200849,1610612754,Indiana,Pacers,IND,pacers,240:00,614.1,122.8,697.8,139.6,-83.7,-16.7,0.628,3.38,19.1,0.4,0.607,0.47,8.696,8.7,0.526,0.551,1.0,0.965,18.3,91.5,76.25,92.0,0.397
0022200845,1610612746,LA,Clippers,LAC,clippers,240:00,540.8,108.2,601.0,120.2,-60.2,-12.0,0.405,1.7,14.4,0.07,0.739,0.416,10.204,10.2,0.559,0.581,1.0,0.98,19.7,98.5,82.08,98.0,0.43
0022200845,1610612749,Milwaukee,Bucks,MIL,bucks,240:00,601.0,120.2,540.8,108.2,60.2,12.0,0.622,2.55,20.1,0.261,0.93,0.584,11.111,11.1,0.594,0.613,1.0,0.973,19.7,98.5,82.08,99.0,0.57
0022200839,1610612761,Toronto,Raptors,TOR,raptors,240:00,563.1,112.6,586.5,117.3,-23.4,-4.7,0.683,2.15,19.2,0.283,0.696,0.475,12.621,12.6,0.516,0.557,1.0,0.992,20.7,103.5,86.25,103.0,0.432
0022200839,1610612762,Utah,Jazz,UTA,jazz,240:00,586.5,117.3,563.1,112.6,23.4,4.7,0.66,1.82,20.8,0.304,0.717,0.525,16.346,16.3,0.575,0.611,1.0,0.983,20.7,103.5,86.25,104.0,0.568
0022200841,1610612763,Memphis,Grizzlies,MEM,grizzlies,240:00,621.4,124.3,509.5,101.9,111.8,22.4,0.551,1.42,19.4,0.256,0.792,0.552,18.447,18.4,0.643,0.668,1.0,1.0,20.8,104.0,86.67,103.0,0.602
0022200841,1610612750,Minnesota,Timberwolves,MIN,timberwolves,240:00,509.5,101.9,621.4,124.3,-111.8,-22.4,0.61,1.39,18.0,0.208,0.744,0.448,17.143,17.1,0.551,0.574,1.0,0.974,20.8,104.0,86.67,105.0,0.398
0022200837,1610612755,Philadelphia,76ers,PHI,sixers,240:00,633.0,126.6,580.6,116.1,52.3,10.5,0.614,3.38,20.6,0.238,0.854,0.542,8.511,8.5,0.607,0.635,1.0,0.952,18.7,93.5,77.92,94.0,0.565
0022200837,1610612752,New York,Knicks,NYK,knicks,240:00,580.6,116.1,633.0,126.6,-52.3,-10.5,0.535,1.92,18.9,0.146,0.762,0.458,12.903,12.9,0.599,0.613,1.0,0.99,18.7,93.5,77.92,93.0,0.435
0022200843,1610612757,Portland,Trail Blazers,POR,blazers,240:00,664.9,133.0,711.3,142.3,-46.4,-9.3,0.69,1.45,20.9,0.371,0.649,0.514,20.619,20.6,0.658,0.72,1.0,0.964,19.4,97.0,80.83,97.0,0.463
0022200843,1610612760,Oklahoma City,Thunder,OKC,thunder,240:00,711.3,142.3,664.9,133.0,46.4,9.3,0.617,2.64,21.0,0.351,0.629,0.486,11.34,11.3,0.639,0.701,1.0,0.991,19.4,97.0,80.83,97.0,0.537
0022200844,1610612758,Sacramento,Kings,SAC,kings,240:00,587.6,117.5,622.4,124.5,-34.8,-7.0,0.538,1.5,17.1,0.167,0.733,0.481,14.433,14.4,0.604,0.662,1.0,0.99,19.5,97.5,81.25,97.0,0.47
0022200844,1610612742,Dallas,Mavericks,DAL,mavericks,240:00,622.4,124.5,587.6,117.5,34.8,7.0,0.791,2.83,23.8,0.267,0.833,0.519,12.245,12.2,0.591,0.633,1.0,0.954,19.5,97.5,81.25,98.0,0.53
0022200838,1610612738,Boston,Celtics,BOS,celtics,240:00,599.1,119.8,552.4,110.5,46.7,9.3,0.773,2.27,23.1,0.149,0.75,0.465,14.151,14.2,0.635,0.658,1.0,0.973,21.1,105.5,87.92,106.0,0.539
0022200838,1610612766,Charlotte,Hornets,CHA,hornets,240:00,552.4,110.5,599.1,119.8,-46.7,-9.3,0.578,2.0,18.1,0.25,0.851,0.535,12.381,12.4,0.527,0.555,1.0,0.992,21.1,105.5,87.92,105.0,0.461
0022200842,1610612740,New Orleans,Pelicans,NOP,pelicans,240:00,581.5,116.3,634.4,126.9,-52.9,-10.6,0.641,1.79,18.7,0.362,0.641,0.488,15.217,15.2,0.53,0.575,1.0,0.982,18.5,92.5,77.08,92.0,0.436
0022200842,1610612739,Cleveland,Cavaliers,CLE,cavaliers,240:00,634.4,126.9,581.5,116.3,52.9,10.6,0.583,2.0,20.7,0.359,0.638,0.512,15.054,15.1,0.624,0.644,1.0,0.944,18.5,92.5,77.08,93.0,0.564
0022200840,1610612748,Miami,Heat,MIA,heat,240:00,510.5,102.1,494.8,99.0,15.7,3.1,0.656,1.24,16.9,0.178,0.679,0.449,17.895,17.9,0.494,0.56,1.0,0.99,19.1,95.5,79.58,95.0,0.512
0022200840,1610612745,Houston,Rockets,HOU,rockets,240:00,494.8,99.0,510.5,102.1,-15.7,-3.1,0.657,1.28,16.9,0.321,0.822,0.551,18.75,18.8,0.458,0.502,1.0,0.965,19.1,95.5,79.58,96.0,0.488
0022200836,1610612754,Indiana,Pacers,IND,pacers,240:00,520.0,104.0,573.5,114.7,-53.5,-10.7,0.639,1.53,16.8,0.264,0.549,0.404,15.0,15.0,0.488,0.534,1.0,0.991,20.2,101.0,84.17,100.0,0.44
0022200836,1610612756,Phoenix,Suns,PHX,suns,240:00,573.5,114.7,520.0,104.0,53.5,10.7,0.581,1.47,16.9,0.451,0.736,0.596,16.667,16.7,0.516,0.565,1.0,0.967,20.2,101.0,84.17,102.0,0.56
0022200835,1610612765,Detroit,Pistons,DET,pistons,290:00,565.6,113.1,532.5,106.5,33.1,6.6,0.63,1.81,16.4,0.403,0.677,0.538,13.115,13.1,0.463,0.537,1.0,0.98,20.28,101.38,84.48,122.0,0.566
0022200835,1610612759,San Antonio,Spurs,SAS,spurs,290:00,532.5,106.5,565.6,113.1,-33.1,-6.6,0.467,1.11,12.9,0.323,0.597,0.462,15.447,15.4,0.486,0.537,1.0,0.979,20.28,101.38,84.48,123.0,0.434
0022200831,1610612753,Orlando,Magic,ORL,magic,240:00,580.8,116.2,520.0,104.0,60.8,12.2,0.511,2.4,17.0,0.34,0.729,0.525,10.101,10.1,0.531,0.546,1.0,0.983,19.9,99.5,82.92,99.0,0.557
0022200831,1610612743,Denver,Nuggets,DEN,nuggets,240:00,520.0,104.0,580.8,116.2,-60.8,-12.2,0.615,1.5,17.6,0.271,0.66,0.475,16.0,16.0,0.524,0.55,1.0,0.982,19.9,99.5,82.92,100.0,0.443
0022200834,1610612747,Los Angeles,Lakers,LAL,lakers,240:00,535.4,107.1,575.0,115.0,-39.6,-7.9,0.548,1.92,17.2,0.24,0.625,0.443,12.121,12.1,0.511,0.539,1.0,0.991,19.9,99.5,82.92,99.0,0.46
0022200834,1610612749,Milwaukee,Bucks,MIL,bucks,240:00,575.0,115.0,535.4,107.1,39.6,7.9,0.533,2.18,16.7,0.375,0.76,0.557,11.0,11.0,0.515,0.538,1.0,0.975,19.9,99.5,82.92,100.0,0.54
0022200833,1610612751,Brooklyn,Nets,BKN,nets,240:00,563.1,112.6,514.7,102.9,48.4,9.7,0.667,2.36,18.4,0.241,0.769,0.5,10.68,10.7,0.522,0.569,1.0,0.983,20.5,102.5,85.42,103.0,0.557
0022200833,1610612741,Chicago,Bulls,CHI,bulls,240:00,514.7,102.9,563.1,112.6,-48.4,-9.7,0.357,1.25,11.6,0.231,0.759,0.5,11.765,11.8,0.489,0.524,1.0,0.982,20.5,102.5,85.42,102.0,0.443
0022200832,1610612737,Atlanta,Hawks,ATL,hawks,240:00,574.3,114.9,524.5,104.9,49.7,9.9,0.535,1.21,15.3,0.473,0.8,0.629,18.812,18.8,0.505,0.543,1.0,0.984,20.3,101.5,84.58,101.0,0.499
0022200832,1610612756,Phoenix,Suns,PHX,suns,240:00,524.5,104.9,574.3,114.9,-49.7,-9.9,0.615,2.18,17.8,0.2,0.527,0.371,10.784,10.8,0.494,0.542,1.0,0.973,20.3,101.5,84.58,102.0,0.501
0022200828,1610612762,Utah,Jazz,UTA,jazz,240:00,578.4,115.7,701.0,140.2,-122.5,-24.5,0.614,3.38,17.9,0.355,0.714,0.5,7.843,7.8,0.476,0.516,1.0,0.984,20.4,102.0,85.0,102.0,0.399
0022200828,1610612750,Minnesota,Timberwolves,MIN,timberwolves,240:00,701.0,140.2,578.4,115.7,122.5,24.5,0.625,3.18,23.5,0.286,0.645,0.5,10.784,10.8,0.689,0.704,1.0,0.974,20.4,102.0,85.0,102.0,0.601
0022200824,1610612738,Boston,Celtics,BOS,celtics,240:00,588.9,117.8,556.2,111.2,32.7,6.5,0.625,1.67,20.5,0.211,0.804,0.551,16.667,16.7,0.651,0.659,1.0,0.959,17.9,89.5,74.58,90.0,0.54
0022200824,1610612755,Philadelphia,76ers,PHI,sixers,240:00,556.2,111.2,588.9,117.8,-32.7,-6.5,0.541,2.86,16.8,0.196,0.789,0.449,7.865,7.9,0.506,0.539,1.0,0.98,17.9,89.5,74.58,89.0,0.46
0022200826,1610612761,Toronto,Raptors,TOR,raptors,240:00,533.3,106.7,471.2,94.2,62.2,12.4,0.488,1.24,15.2,0.255,0.782,0.539,16.19,16.2,0.545,0.576,1.0,0.966,20.9,104.5,87.08,105.0,0.585
0022200826,1610612759,San Antonio,Spurs,SAS,spurs,240:00,471.2,94.2,533.3,106.7,-62.2,-12.4,0.686,1.5,17.1,0.218,0.745,0.461,15.385,15.4,0.454,0.496,1.0,0.957,20.9,104.5,87.08,104.0,0.415
0022200825,1610612748,Miami,Heat,MIA,heat,240:00,610.5,122.1,584.2,116.8,26.3,5.3,0.568,1.62,16.0,0.349,0.826,0.596,13.684,13.7,0.506,0.603,1.0,0.973,19.0,95.0,79.17,95.0,0.555
0022200825,1610612754,Indiana,Pacers,IND,pacers,240:00,584.2,116.8,610.5,122.1,-26.3,-5.3,0.632,2.18,19.0,0.174,0.651,0.404,11.579,11.6,0.583,0.614,1.0,0.99,19.0,95.0,79.17,95.0,0.445
0022200822,1610612739,Cleveland,Cavaliers,CLE,cavaliers,240:00,614.1,122.8,462.0,92.4,152.2,30.4,0.698,2.31,21.0,0.447,0.75,0.606,14.13,14.1,0.529,0.577,1.0,0.956,18.4,92.0,76.67,92.0,0.683
0022200822,1610612765,Detroit,Pistons,DET,pistons,240:00,462.0,92.4,614.1,122.8,-152.2,-30.4,0.633,1.36,15.4,0.25,0.553,0.394,15.217,15.2,0.42,0.478,1.0,0.981,18.4,92.0,76.67,92.0,0.317
0022200823,1610612764,Washington,Wizards,WAS,wizards,240:00,602.0,120.4,536.1,107.2,66.0,13.2,0.659,1.71,20.4,0.341,0.75,0.57,17.347,17.3,0.592,0.624,1.0,0.965,19.5,97.5,81.25,98.0,0.574
0022200823,1610612766,Charlotte,Hornets,CHA,hornets,240:00,536.1,107.2,602.0,120.4,-66.0,-13.2,0.59,3.29,17.2,0.25,0.659,0.43,7.216,7.2,0.468,0.509,1.0,0.982,19.5,97.5,81.25,97.0,0.426
0022200827,1610612745,Houston,Rockets,HOU,rockets,240:00,627.5,125.5,643.6,128.7,-16.1,-3.2,0.532,1.32,17.5,0.436,0.729,0.598,18.627,18.6,0.605,0.651,1.0,0.983,20.3,101.5,84.58,102.0,0.477
0022200827,1610612758,Sacramento,Kings,SAC,kings,240:00,643.6,128.7,627.5,125.5,16.1,3.2,0.63,3.22,20.3,0.271,0.564,0.402,8.911,8.9,0.554,0.618,1.0,0.991,20.3,101.5,84.58,101.0,0.523
0022200829,1610612746,LA,Clippers,LAC,clippers,240:00,530.6,106.1,567.0,113.4,-36.4,-7.3,0.553,1.91,16.2,0.229,0.805,0.494,11.224,11.2,0.512,0.546,1.0,0.982,19.5,97.5,81.25,98.0,0.463
0022200829,1610612742,Dallas,Mavericks,DAL,mavericks,240:00,567.0,113.4,530.6,106.1,36.4,7.3,0.634,1.44,19.8,0.195,0.771,0.506,18.557,18.6,0.635,0.643,1.0,0.99,19.5,97.5,81.25,97.0,0.537
0022200830,1610612757,Portland,Trail Blazers,POR,blazers,240:00,631.3,126.3,610.0,122.0,21.3,4.3,0.581,1.19,18.2,0.371,0.731,0.586,21.212,21.2,0.603,0.679,1.0,0.991,19.9,99.5,82.92,99.0,0.544
0022200830,1610612744,Golden State,Warriors,GSW,warriors,240:00,610.0,122.0,631.3,126.3,-21.3,-4.3,0.674,2.82,21.5,0.269,0.629,0.414,11.0,11.0,0.582,0.602,1.0,0.991,19.9,99.5,82.92,100.0,0.456
0022200818,1610612740,New Orleans,Pelicans,NOP,pelicans,240:00,610.5,122.1,557.3,111.5,53.2,10.6,0.622,2.8,20.1,0.333,0.7,0.52,10.526,10.5,0.56,0.579,1.0,0.982,19.1,95.5,79.58,95.0,0.543
0022200818,1610612737,Atlanta,Hawks,ATL,hawks,240:00,557.3,111.5,610.5,122.1,-53.2,-10.6,0.789,2.5,21.4,0.3,0.667,0.48,12.5,12.5,0.518,0.557,1.0,0.973,19.1,95.5,79.58,96.0,0.457
0022200817,1610612751,Brooklyn,Nets,BKN,nets,240:00,543.7,108.7,563.1,112.6,-19.4,-3.9,0.658,1.47,18.2,0.209,0.647,0.447,16.505,16.5,0.538,0.604,1.0,0.973,20.6,103.0,85.83,103.0,0.489
0022200817,1610612756,Phoenix,Suns,PHX,suns,240:00,563.1,112.6,543.7,108.7,19.4,3.9,0.721,2.07,20.4,0.353,0.791,0.553,14.563,14.6,0.516,0.556,1.0,0.983,20.6,103.0,85.83,103.0,0.511
0022200820,1610612743,Denver,Nuggets,DEN,nuggets,240:00,682.2,136.4,528.3,105.7,153.9,30.8,0.759,4.0,27.5,0.237,0.809,0.553,10.28,10.3,0.694,0.711,1.0,0.966,21.3,106.5,88.75,107.0,0.645
0022200820,1610612750,Minnesota,Timberwolves,MIN,timberwolves,240:00,528.3,105.7,682.2,136.4,-153.9,-30.8,0.6,1.41,17.3,0.191,0.763,0.447,16.038,16.0,0.529,0.581,1.0,0.991,21.3,106.5,88.75,106.0,0.355
0022200821,1610612747,Los Angeles,Lakers,LAL,lakers,240:00,585.6,117.1,593.8,118.8,-8.2,-1.6,0.551,1.29,18.5,0.22,0.804,0.529,18.919,18.9,0.659,0.674,1.0,0.983,22.3,111.5,92.92,111.0,0.474
0022200821,1610612760,Oklahoma City,Thunder,OKC,thunder,240:00,593.8,118.8,585.6,117.1,8.2,1.6,0.653,2.46,21.1,0.196,0.78,0.471,11.607,11.6,0.612,0.647,1.0,0.967,22.3,111.5,92.92,112.0,0.526
0022200819,1610612763,Memphis,Grizzlies,MEM,grizzlies,240:00,520.0,104.0,440.6,88.1,79.4,15.9,0.564,1.57,17.3,0.111,0.656,0.425,14.0,14.0,0.549,0.576,1.0,0.981,20.1,100.5,83.75,100.0,0.581
0022200819,1610612741,Chicago,Bulls,CHI,bulls,240:00,440.6,88.1,520.0,104.0,-79.4,-15.9,0.75,1.2,16.6,0.344,0.889,0.575,19.802,19.8,0.408,0.45,1.0,0.967,20.1,100.5,83.75,101.0,0.419
0022200816,1610612753,Orlando,Magic,ORL,magic,240:00,550.6,110.1,560.4,112.1,-9.9,-2.0,0.622,2.09,18.7,0.244,0.702,0.478,12.36,12.4,0.506,0.547,1.0,1.0,18.0,90.0,75.0,89.0,0.503
0022200816,1610612752,New York,Knicks,NYK,knicks,240:00,560.4,112.1,550.6,110.1,9.9,2.0,0.568,1.91,16.8,0.298,0.756,0.522,12.088,12.1,0.549,0.571,1.0,0.962,18.0,90.0,75.0,91.0,0.497
0022200812,1610612745,Houston,Rockets,HOU,rockets,240:00,600.0,120.0,714.3,142.9,-114.3,-22.9,0.614,1.93,19.0,0.362,0.769,0.547,14.0,14.0,0.574,0.609,1.0,0.974,19.8,99.0,82.5,100.0,0.424
0022200812,1610612758,Sacramento,Kings,SAC,kings,240:00,714.3,142.9,600.0,120.0,114.3,22.9,0.731,3.8,26.2,0.231,0.638,0.453,10.204,10.2,0.702,0.722,1.0,1.0,19.8,99.0,82.5,98.0,0.576
0022200808,1610612765,Detroit,Pistons,DET,pistons,240:00,521.1,104.2,578.1,115.6,-57.1,-11.4,0.595,2.44,17.3,0.189,0.766,0.46,9.474,9.5,0.477,0.514,1.0,0.99,19.1,95.5,79.58,95.0,0.453
0022200808,1610612738,Boston,Celtics,BOS,celtics,240:00,578.1,115.6,521.1,104.2,57.1,11.4,0.641,2.08,18.9,0.234,0.811,0.54,12.5,12.5,0.566,0.602,1.0,0.963,19.1,95.5,79.58,96.0,0.547
0022200815,1610612757,Portland,Trail Blazers,POR,blazers,240:00,514.3,102.9,604.8,121.0,-90.5,-18.1,0.622,2.56,17.0,0.14,0.767,0.41,8.571,8.6,0.456,0.52,1.0,0.982,21.0,105.0,87.5,105.0,0.386
0022200815,1610612749,Milwaukee,Bucks,MIL,bucks,240:00,604.8,121.0,514.3,102.9,90.5,18.1,0.574,1.69,19.1,0.233,0.86,0.59,15.238,15.2,0.632,0.66,1.0,0.974,21.0,105.0,87.5,105.0,0.614
0022200813,1610612762,Utah,Jazz,UTA,jazz,240:00,572.2,114.4,639.2,127.8,-67.0,-13.4,0.512,1.62,16.2,0.298,0.592,0.448,13.402,13.4,0.506,0.564,1.0,1.0,19.4,97.0,80.83,97.0,0.439
0022200813,1610612742,Dallas,Mavericks,DAL,mavericks,240:00,639.2,127.8,572.2,114.4,67.0,13.4,0.634,1.86,18.2,0.408,0.702,0.552,14.433,14.4,0.551,0.61,1.0,0.983,19.4,97.0,80.83,97.0,0.561
0022200809,1610612764,Washington,Wizards,WAS,wizards,240:00,469.1,93.8,587.6,117.5,-118.6,-23.7,0.571,1.43,15.9,0.184,0.789,0.448,14.433,14.4,0.463,0.504,1.0,0.981,19.4,97.0,80.83,97.0,0.376
0022200809,1610612739,Cleveland,Cavaliers,CLE,cavaliers,240:00,587.6,117.5,469.1,93.8,118.6,23.7,0.591,1.53,19.8,0.211,0.816,0.552,17.526,17.5,0.641,0.657,1.0,0.962,19.4,97.0,80.83,97.0,0.624
0022200810,1610612751,Brooklyn,Nets,BKN,nets,240:00,574.3,114.9,607.8,121.6,-33.6,-6.7,0.512,1.31,16.2,0.174,0.725,0.464,15.842,15.8,0.583,0.619,1.0,0.991,20.3,101.5,84.58,101.0,0.444
0022200810,1610612746,LA,Clippers,LAC,clippers,240:00,607.8,121.6,574.3,114.9,33.6,6.7,0.455,2.22,14.7,0.275,0.826,0.536,8.824,8.8,0.543,0.589,1.0,0.957,20.3,101.5,84.58,102.0,0.556
0022200811,1610612741,Chicago,Bulls,CHI,bulls,240:00,592.6,118.5,477.1,95.4,115.5,23.1,0.54,1.93,19.0,0.175,0.824,0.538,12.963,13.0,0.596,0.64,1.0,0.983,21.7,108.5,90.42,108.0,0.644
0022200811,1610612759,San Antonio,Spurs,SAS,spurs,240:00,477.1,95.4,592.6,118.5,-115.5,-23.1,0.625,1.39,17.6,0.176,0.825,0.462,16.514,16.5,0.489,0.533,1.0,0.983,21.7,108.5,90.42,109.0,0.356
0022200814,1610612744,Golden State,Warriors,GSW,warriors,240:00,677.9,135.6,548.1,109.6,129.8,26.0,0.768,2.69,26.9,0.295,0.792,0.554,15.385,15.4,0.711,0.704,1.0,0.983,20.8,104.0,86.67,104.0,0.598
0022200814,1610612760,Oklahoma City,Thunder,OKC,thunder,240:00,548.1,109.6,677.9,135.6,-129.8,-26.0,0.477,1.91,15.6,0.208,0.705,0.446,10.577,10.6,0.544,0.569,1.0,0.982,20.8,104.0,86.67,104.0,0.402
0022200802,1610612766,Charlotte,Hornets,CHA,hornets,240:00,576.5,115.3,601.0,120.2,-24.5,-4.9,0.622,1.87,20.7,0.209,0.608,0.426,15.306,15.3,0.614,0.607,1.0,0.991,19.7,98.5,82.08,98.0,0.469
0022200802,1610612753,Orlando,Magic,ORL,magic,240:00,601.0,120.2,576.5,115.3,24.5,4.9,0.595,2.08,17.4,0.392,0.791,0.574,12.121,12.1,0.505,0.571,1.0,0.975,19.7,98.5,82.08,99.0,0.531
0022200805,1610612763,Memphis,Grizzlies,MEM,grizzlies,240:00,525.5,105.1,535.4,107.1,-9.8,-2.0,0.658,1.25,18.9,0.214,0.644,0.465,20.408,20.4,0.551,0.584,1.0,0.991,19.7,98.5,82.08,98.0,0.528
0022200805,1610612761,Toronto,Raptors,TOR,raptors,240:00,535.4,107.1,525.5,105.1,9.8,2.0,0.545,2.18,16.9,0.356,0.786,0.535,11.111,11.1,0.49,0.499,1.0,0.992,19.7,98.5,82.08,99.0,0.472
0022200803,1610612754,Indiana,Pacers,IND,pacers,240:00,525.5,105.1,622.4,124.5,-96.9,-19.4,0.7,2.15,19.7,0.286,0.721,0.475,13.265,13.3,0.478,0.506,1.0,0.982,19.6,98.0,81.67,98.0,0.383
0022200803,1610612739,Cleveland,Cavaliers,CLE,cavaliers,240:00,622.4,124.5,525.5,105.1,96.9,19.4,0.717,2.54,23.4,0.279,0.714,0.525,13.265,13.3,0.608,0.642,1.0,0.981,19.6,98.0,81.67,98.0,0.617
0022200806,1610612750,Minnesota,Timberwolves,MIN,timberwolves,240:00,621.4,124.3,471.2,94.2,150.2,30.0,0.688,3.0,22.9,0.186,0.825,0.494,10.68,10.7,0.609,0.639,1.0,0.991,20.7,103.5,86.25,103.0,0.625
0022200806,1610612743,Denver,Nuggets,DEN,nuggets,240:00,471.2,94.2,621.4,124.3,-150.2,-30.0,0.559,0.86,14.6,0.175,0.814,0.506,21.154,21.2,0.521,0.579,1.0,0.964,20.7,103.5,86.25,104.0,0.375
0022200804,1610612752,New York,Knicks,NYK,knicks,240:00,568.4,113.7,500.0,100.0,68.4,13.7,0.618,1.75,16.0,0.288,0.792,0.53,12.632,12.6,0.506,0.562,1.0,0.964,19.2,96.0,80.0,95.0,0.498
0022200804,1610612755,Philadelphia,76ers,PHI,sixers,240:00,500.0,100.0,568.4,113.7,-68.4,-13.7,0.767,1.92,17.8,0.208,0.712,0.47,12.371,12.4,0.453,0.54,1.0,0.953,19.2,96.0,80.0,97.0,0.502
0022200807,1610612740,New Orleans,Pelicans,NOP,pelicans,240:00,701.0,140.2,541.7,108.3,159.4,31.9,0.542,2.36,19.0,0.357,0.74,0.565,11.34,11.3,0.647,0.68,1.0,0.973,19.3,96.5,80.42,97.0,0.635
0022200807,1610612758,Sacramento,Kings,SAC,kings,240:00,541.7,108.3,701.0,140.2,-159.4,-31.9,0.657,1.53,17.4,0.26,0.643,0.435,15.625,15.6,0.494,0.554,1.0,0.991,19.3,96.5,80.42,96.0,0.365
0022200794,1610612765,Detroit,Pistons,DET,pistons,240:00,526.3,105.3,604.2,120.8,-77.9,-15.6,0.657,1.44,17.7,0.231,0.649,0.404,16.842,16.8,0.531,0.551,1.0,0.991,19.1,95.5,79.58,95.0,0.337
0022200794,1610612756,Phoenix,Suns,PHX,suns,240:00,604.2,120.8,526.3,105.3,77.9,15.6,0.81,2.0,23.8,0.351,0.769,0.596,17.708,17.7,0.633,0.654,1.0,0.963,19.1,95.5,79.58,96.0,0.663
0022200799,1610612760,Oklahoma City,Thunder,OKC,thunder,240:00,742.7,148.5,587.4,117.5,155.3,31.1,0.696,4.33,24.8,0.366,0.688,0.539,8.738,8.7,0.686,0.714,1.0,0.975,20.6,103.0,85.83,103.0,0.624
0022200799,1610612745,Houston,Rockets,HOU,rockets,240:00,587.4,117.5,742.7,148.5,-155.3,-31.1,0.644,1.81,19.9,0.313,0.634,0.461,15.534,15.5,0.562,0.6,1.0,0.983,20.6,103.0,85.83,103.0,0.376
0022200795,1610612752,New York,Knicks,NYK,knicks,265:00,592.6,118.5,626.2,125.2,-33.6,-6.7,0.667,3.0,20.0,0.24,0.731,0.49,9.259,9.3,0.574,0.607,1.0,0.967,19.47,97.36,81.13,108.0,0.474
0022200795,1610612746,LA,Clippers,LAC,clippers,265:00,626.2,125.2,592.6,118.5,33.6,6.7,0.545,1.85,16.6,0.269,0.76,0.51,12.15,12.1,0.565,0.624,1.0,0.992,19.47,97.36,81.13,107.0,0.526
0022200798,1610612740,New Orleans,Pelicans,NOP,pelicans,240:00,629.8,126.0,605.8,121.2,24.0,4.8,0.538,2.55,18.8,0.354,0.686,0.525,10.577,10.6,0.565,0.602,1.0,0.975,20.8,104.0,86.67,104.0,0.521
0022200798,1610612747,Los Angeles,Lakers,LAL,lakers,240:00,605.8,121.2,629.8,126.0,-24.0,-4.8,0.667,3.33,20.0,0.314,0.646,0.475,8.654,8.7,0.537,0.581,1.0,0.983,20.8,104.0,86.67,104.0,0.479
0022200801,1610612743,Denver,Nuggets,DEN,nuggets,240:00,621.4,124.3,519.2,103.8,102.1,20.4,0.667,2.46,21.5,0.306,0.755,0.531,12.621,12.6,0.584,0.617,1.0,0.991,20.7,103.5,86.25,103.0,0.589
0022200801,1610612737,Atlanta,Hawks,ATL,hawks,240:00,519.2,103.8,621.4,124.3,-102.1,-20.4,0.591,1.63,18.3,0.245,0.694,0.469,15.385,15.4,0.516,0.548,1.0,0.974,20.7,103.5,86.25,104.0,0.411
0022200800,1610612744,Golden State,Warriors,GSW,warriors,240:00,601.0,120.2,559.4,111.9,41.6,8.3,0.733,2.36,23.9,0.15,0.735,0.472,14.141,14.1,0.634,0.658,1.0,1.0,20.0,100.0,83.33,99.0,0.553
0022200800,1610612742,Dallas,Mavericks,DAL,mavericks,240:00,559.4,111.9,601.0,120.2,-41.6,-8.3,0.564,1.57,16.2,0.265,0.85,0.528,13.861,13.9,0.541,0.583,1.0,0.965,20.0,100.0,83.33,101.0,0.447
0022200797,1610612749,Milwaukee,Bucks,MIL,bucks,240:00,597.1,119.4,563.7,112.7,33.4,6.7,0.5,1.92,16.8,0.261,0.719,0.515,11.65,11.7,0.602,0.613,1.0,0.982,20.5,102.5,85.42,103.0,0.559
0022200797,1610612748,Miami,Heat,MIA,heat,240:00,563.7,112.7,597.1,119.4,-33.4,-6.7,0.511,3.29,16.3,0.281,0.739,0.485,6.863,6.9,0.485,0.522,1.0,0.992,20.5,102.5,85.42,102.0,0.441
0022200796,1610612741,Chicago,Bulls,CHI,bulls,240:00,651.5,130.3,617.3,123.5,34.2,6.8,0.667,2.67,23.2,0.206,0.841,0.564,12.121,12.1,0.675,0.709,1.0,0.981,19.7,98.5,82.08,99.0,0.573
0022200796,1610612757,Portland,Trail Blazers,POR,blazers,240:00,617.3,123.5,651.5,130.3,-34.2,-6.8,0.5,2.44,17.3,0.159,0.794,0.436,9.184,9.2,0.586,0.629,1.0,0.99,19.7,98.5,82.08,98.0,0.427
0022200793,1610612751,Brooklyn,Nets,BKN,nets,240:00,606.8,121.4,585.7,117.1,21.1,4.2,0.488,1.4,15.6,0.244,0.689,0.467,14.563,14.6,0.581,0.636,1.0,0.982,20.8,104.0,86.67,103.0,0.489
0022200793,1610612764,Washington,Wizards,WAS,wizards,240:00,585.7,117.1,606.8,121.4,-21.1,-4.2,0.564,1.38,15.9,0.311,0.756,0.533,15.238,15.2,0.562,0.621,1.0,0.983,20.8,104.0,86.67,105.0,0.511
0022200788,1610612738,Boston,Celtics,BOS,celtics,240:00,479.6,95.9,535.4,107.1,-55.8,-11.2,0.621,1.2,14.9,0.12,0.764,0.457,15.306,15.3,0.453,0.53,1.0,0.99,19.7,98.5,82.08,98.0,0.412
0022200788,1610612756,Phoenix,Suns,PHX,suns,240:00,535.4,107.1,479.6,95.9,55.8,11.2,0.683,3.11,20.0,0.236,0.88,0.543,9.091,9.1,0.495,0.524,1.0,0.964,19.7,98.5,82.08,99.0,0.588
0022200790,1610612750,Minnesota,Timberwolves,MIN,timberwolves,240:00,571.4,114.3,604.8,121.0,-33.3,-6.7,0.525,1.05,14.9,0.327,0.681,0.5,19.048,19.0,0.552,0.604,1.0,0.992,21.0,105.0,87.5,105.0,0.46
0022200790,1610612753,Orlando,Magic,ORL,magic,240:00,604.8,121.0,571.4,114.3,33.3,6.7,0.511,1.35,16.1,0.319,0.673,0.5,16.19,16.2,0.6,0.624,1.0,0.967,21.0,105.0,87.5,105.0,0.54
0022200791,1610612759,San Antonio,Spurs,SAS,spurs,240:00,618.8,123.8,665.0,133.0,-46.2,-9.2,0.615,1.78,22.2,0.289,0.622,0.47,17.822,17.8,0.624,0.654,1.0,1.0,20.4,102.0,85.0,101.0,0.458
0022200791,1610612755,Philadelphia,76ers,PHI,sixers,240:00,665.0,133.0,618.8,123.8,46.2,9.2,0.609,2.55,19.2,0.378,0.711,0.53,10.68,10.7,0.603,0.652,1.0,0.975,20.4,102.0,85.0,103.0,0.542
0022200787,1610612764,Washington,Wizards,WAS,wizards,240:00,623.7,124.7,652.6,130.5,-29.0,-5.8,0.643,2.45,20.5,0.279,0.717,0.506,11.828,11.8,0.571,0.619,1.0,0.99,18.8,94.0,78.33,93.0,0.488
0022200787,1610612757,Portland,Trail Blazers,POR,blazers,240:00,652.6,130.5,623.7,124.7,29.0,5.8,0.581,3.57,18.8,0.283,0.721,0.494,7.368,7.4,0.585,0.632,1.0,0.963,18.8,94.0,78.33,95.0,0.512
0022200792,1610612762,Utah,Jazz,UTA,jazz,240:00,545.5,109.1,575.0,115.0,-29.5,-5.9,0.488,1.33,14.9,0.278,0.727,0.505,15.152,15.2,0.522,0.546,1.0,0.991,19.9,99.5,82.92,99.0,0.425
0022200792,1610612737,Atlanta,Hawks,ATL,hawks,240:00,575.0,115.0,545.5,109.1,29.5,5.9,0.636,3.11,19.7,0.273,0.722,0.495,9.0,9.0,0.516,0.547,1.0,0.991,19.9,99.5,82.92,100.0,0.575
0022200789,1610612745,Houston,Rockets,HOU,rockets,240:00,566.3,113.3,596.9,119.4,-30.6,-6.1,0.55,1.69,16.7,0.267,0.722,0.515,13.265,13.3,0.544,0.587,1.0,0.973,19.6,98.0,81.67,98.0,0.478
0022200789,1610612761,Toronto,Raptors,TOR,raptors,240:00,596.9,119.4,566.3,113.3,30.6,6.1,0.512,2.33,15.8,0.278,0.733,0.485,9.184,9.2,0.539,0.574,1.0,0.991,19.6,98.0,81.67,98.0,0.522
0022200785,1610612765,Detroit,Pistons,DET,pistons,240:00,551.4,110.3,533.3,106.7,18.1,3.6,0.614,1.17,18.4,0.326,0.778,0.57,21.495,21.5,0.593,0.614,1.0,0.983,21.2,106.0,88.33,107.0,0.529
0022200785,1610612766,Charlotte,Hornets,CHA,hornets,240:00,533.3,106.7,551.4,110.3,-18.1,-3.6,0.55,1.57,15.8,0.222,0.674,0.43,13.333,13.3,0.494,0.543,1.0,0.991,21.2,106.0,88.33,105.0,0.471
0022200786,1610612754,Indiana,Pacers,IND,pacers,240:00,509.5,101.9,500.0,100.0,9.5,1.9,0.7,1.56,19.3,0.24,0.769,0.51,17.143,17.1,0.545,0.562,1.0,0.957,20.9,104.5,87.08,105.0,0.528
0022200786,1610612758,Sacramento,Kings,SAC,kings,240:00,500.0,100.0,509.5,101.9,-9.5,-1.9,0.649,1.2,17.1,0.231,0.76,0.49,19.231,19.2,0.506,0.549,1.0,0.983,20.9,104.5,87.08,104.0,0.472
0022200779,1610612739,Cleveland,Cavaliers,CLE,cavaliers,240:00,621.4,124.3,548.5,109.7,72.8,14.6,0.673,2.06,22.3,0.283,0.702,0.495,15.534,15.5,0.615,0.636,1.0,0.983,20.6,103.0,85.83,103.0,0.579
0022200779,1610612763,Memphis,Grizzlies,MEM,grizzlies,240:00,548.5,109.7,621.4,124.3,-72.8,-14.6,0.537,1.22,15.9,0.298,0.717,0.505,17.476,17.5,0.529,0.584,1.0,0.991,20.6,103.0,85.83,103.0,0.421
0022200780,1610612752,New York,Knicks,NYK,knicks,240:00,557.9,111.6,553.2,110.6,4.7,0.9,0.625,1.39,18.4,0.364,0.745,0.568,18.947,18.9,0.554,0.583,1.0,0.964,18.9,94.5,78.75,95.0,0.518
0022200780,1610612748,Miami,Heat,MIA,heat,240:00,553.2,110.6,557.9,111.6,-4.7,-0.9,0.615,2.18,18.3,0.255,0.636,0.432,11.702,11.7,0.523,0.553,1.0,0.972,18.9,94.5,78.75,94.0,0.482
0022200784,1610612749,Milwaukee,Bucks,MIL,bucks,240:00,519.6,103.9,514.7,102.9,4.9,1.0,0.41,1.6,12.3,0.222,0.81,0.527,9.804,9.8,0.483,0.52,1.0,0.982,20.4,102.0,85.0,102.0,0.51
0022200784,1610612746,LA,Clippers,LAC,clippers,240:00,514.7,102.9,519.6,103.9,-4.9,-1.0,0.385,2.14,11.8,0.19,0.778,0.473,6.863,6.9,0.479,0.506,1.0,0.991,20.4,102.0,85.0,102.0,0.49
0022200782,1610612742,Dallas,Mavericks,DAL,mavericks,240:00,572.2,114.4,546.4,109.3,25.8,5.2,0.432,2.0,13.0,0.196,0.711,0.438,8.247,8.2,0.518,0.568,1.0,0.981,19.4,97.0,80.83,97.0,0.47
0022200782,1610612740,New Orleans,Pelicans,NOP,pelicans,240:00,546.4,109.3,572.2,114.4,-25.8,-5.2,0.643,1.59,19.7,0.289,0.804,0.563,17.526,17.5,0.53,0.568,1.0,0.982,19.4,97.0,80.83,97.0,0.53
0022200778,1610612754,Indiana,Pacers,IND,pacers,240:00,528.6,105.7,533.3,106.7,-4.8,-1.0,0.667,1.88,21.0,0.167,0.714,0.462,15.238,15.2,0.57,0.58,1.0,0.982,21.0,105.0,87.5,105.0,0.489
0022200778,1610612747,Los Angeles,Lakers,LAL,lakers,240:00,533.3,106.7,528.6,105.7,4.8,1.0,0.69,2.23,19.3,0.286,0.833,0.538,12.381,12.4,0.489,0.53,1.0,0.983,21.0,105.0,87.5,105.0,0.511
0022200783,1610612743,Denver,Nuggets,DEN,nuggets,240:00,663.4,132.7,579.2,115.8,84.2,16.8,0.686,2.69,23.8,0.256,0.761,0.517,12.871,12.9,0.656,0.675,1.0,0.955,20.2,101.0,84.17,101.0,0.591
0022200783,1610612744,Golden State,Warriors,GSW,warriors,240:00,579.2,115.8,663.4,132.7,-84.2,-16.8,0.581,1.47,18.2,0.239,0.744,0.483,16.832,16.8,0.618,0.627,1.0,0.973,20.2,101.0,84.17,101.0,0.409
0022200781,1610612741,Chicago,Bulls,CHI,bulls,240:00,587.6,117.5,510.4,102.1,77.2,15.4,0.585,1.71,18.3,0.238,0.636,0.464,14.433,14.4,0.589,0.63,1.0,0.963,19.3,96.5,80.42,97.0,0.59
0022200781,1610612766,Charlotte,Hornets,CHA,hornets,240:00,510.4,102.1,587.6,117.5,-77.2,-15.4,0.487,1.27,14.1,0.364,0.762,0.536,15.625,15.6,0.457,0.494,1.0,0.974,19.3,96.5,80.42,96.0,0.41
0022200771,1610612763,Memphis,Grizzlies,MEM,grizzlies,240:00,554.5,110.9,598.0,119.6,-43.6,-8.7,0.683,2.15,19.6,0.28,0.739,0.5,12.871,12.9,0.523,0.564,1.0,0.974,20.3,101.5,84.58,101.0,0.489
0022200771,1610612757,Portland,Trail Blazers,POR,blazers,240:00,598.0,119.6,554.5,110.9,43.6,8.7,0.585,1.85,17.5,0.261,0.72,0.5,12.745,12.7,0.552,0.617,1.0,0.982,20.3,101.5,84.58,102.0,0.511
0022200770,1610612755,Philadelphia,76ers,PHI,sixers,240:00,519.8,104.0,465.3,93.1,54.5,10.9,0.794,1.42,19.7,0.2,0.719,0.49,18.812,18.8,0.526,0.587,1.0,0.982,20.2,101.0,84.17,101.0,0.597
0022200770,1610612753,Orlando,Magic,ORL,magic,240:00,465.3,93.1,519.8,104.0,-54.5,-10.9,0.364,0.8,9.3,0.281,0.8,0.51,14.851,14.9,0.414,0.471,1.0,0.966,20.2,101.0,84.17,101.0,0.403
0022200777,1610612756,Phoenix,Suns,PHX,suns,240:00,490.2,98.0,647.1,129.4,-156.9,-31.4,0.629,1.38,16.1,0.259,0.85,0.511,15.686,15.7,0.43,0.502,1.0,0.991,20.4,102.0,85.0,102.0,0.382
0022200777,1610612737,Atlanta,Hawks,ATL,hawks,240:00,647.1,129.4,490.2,98.0,156.9,31.4,0.615,2.67,22.9,0.15,0.741,0.489,11.765,11.8,0.676,0.689,1.0,0.981,20.4,102.0,85.0,102.0,0.618
0022200774,1610612750,Minnesota,Timberwolves,MIN,timberwolves,265:00,517.4,103.5,500.0,100.0,17.4,3.5,0.565,2.36,16.7,0.231,0.804,0.496,9.565,9.6,0.5,0.51,1.0,0.977,20.74,103.7,86.42,115.0,0.5
0022200774,1610612744,Golden State,Warriors,GSW,warriors,265:00,500.0,100.0,517.4,103.5,-17.4,-3.5,0.553,1.24,14.4,0.196,0.769,0.504,14.912,14.9,0.478,0.538,1.0,0.984,20.74,103.7,86.42,114.0,0.5
0022200773,1610612745,Houston,Rockets,HOU,rockets,240:00,560.0,112.0,524.8,105.0,35.2,7.0,0.488,1.11,13.7,0.458,0.621,0.544,18.0,18.0,0.473,0.52,1.0,0.984,20.1,100.5,83.75,100.0,0.551
0022200773,1610612760,Oklahoma City,Thunder,OKC,thunder,240:00,524.8,105.0,560.0,112.0,-35.2,-7.0,0.579,2.2,14.9,0.379,0.542,0.456,9.901,9.9,0.427,0.47,1.0,0.976,20.1,100.5,83.75,101.0,0.449
0022200776,1610612762,Utah,Jazz,UTA,jazz,240:00,655.0,131.0,633.7,126.7,21.3,4.3,0.659,1.81,20.3,0.333,0.569,0.477,16.0,16.0,0.633,0.681,1.0,0.991,20.1,100.5,83.75,100.0,0.554
0022200776,1610612761,Toronto,Raptors,TOR,raptors,240:00,633.7,126.7,655.0,131.0,-21.3,-4.3,0.54,3.38,17.4,0.431,0.667,0.523,7.921,7.9,0.5,0.527,1.0,0.992,20.1,100.5,83.75,101.0,0.446
0022200772,1610612738,Boston,Celtics,BOS,celtics,240:00,709.2,141.8,489.8,98.0,219.4,43.9,0.528,2.33,20.3,0.3,0.889,0.638,12.245,12.2,0.717,0.721,1.0,0.964,19.6,98.0,81.67,98.0,0.666
0022200772,1610612751,Brooklyn,Nets,BKN,nets,240:00,489.8,98.0,709.2,141.8,-219.4,-43.9,0.528,2.71,15.4,0.111,0.7,0.362,7.143,7.1,0.46,0.5,1.0,0.962,19.6,98.0,81.67,98.0,0.334
0022200775,1610612759,San Antonio,Spurs,SAS,spurs,240:00,539.6,107.9,583.3,116.7,-43.7,-8.7,0.625,1.67,21.4,0.22,0.818,0.529,17.822,17.8,0.591,0.598,1.0,0.991,20.3,101.5,84.58,101.0,0.468
0022200775,1610612758,Sacramento,Kings,SAC,kings,240:00,583.3,116.7,539.6,107.9,43.7,8.7,0.521,2.5,18.8,0.182,0.78,0.471,9.804,9.8,0.578,0.605,1.0,0.991,20.3,101.5,84.58,102.0,0.532
0022200768,1610612743,Denver,Nuggets,DEN,nuggets,240:00,598.0,119.6,559.4,111.9,38.6,7.7,0.767,1.83,21.9,0.333,0.778,0.548,17.647,17.6,0.586,0.625,1.0,0.975,20.3,101.5,84.58,102.0,0.533
0022200768,1610612740,New Orleans,Pelicans,NOP,pelicans,240:00,559.4,111.9,598.0,119.6,-38.6,-7.7,0.667,1.87,20.1,0.222,0.667,0.452,14.851,14.9,0.541,0.589,1.0,1.0,20.3,101.5,84.58,101.0,0.467
0022200765,1610612752,New York,Knicks,NYK,knicks,265:00,574.8,115.0,597.2,119.4,-22.5,-4.5,0.614,3.0,18.1,0.273,0.729,0.485,8.411,8.4,0.485,0.549,1.0,0.992,19.47,97.36,81.13,107.0,0.484
0022200765,1610612747,Los Angeles,Lakers,LAL,lakers,265:00,597.2,119.4,574.8,115.0,22.5,4.5,0.604,2.07,19.5,0.271,0.727,0.515,12.963,13.0,0.575,0.605,1.0,0.992,19.47,97.36,81.13,108.0,0.516
0022200767,1610612749,Milwaukee,Bucks,MIL,bucks,240:00,543.9,108.8,504.4,100.9,39.5,7.9,0.419,1.5,12.1,0.27,0.722,0.511,10.526,10.5,0.481,0.53,1.0,0.985,22.8,114.0,95.0,114.0,0.544
0022200767,1610612766,Charlotte,Hornets,CHA,hornets,240:00,504.4,100.9,543.9,108.8,-39.5,-7.9,0.643,2.45,16.8,0.278,0.73,0.489,9.649,9.6,0.428,0.47,1.0,0.985,22.8,114.0,95.0,114.0,0.456
0022200766,1610612741,Chicago,Bulls,CHI,bulls,240:00,509.9,102.0,534.7,106.9,-24.8,-5.0,0.684,1.3,19.5,0.171,0.8,0.545,19.802,19.8,0.571,0.597,1.0,0.991,20.2,101.0,84.17,101.0,0.494
0022200766,1610612746,LA,Clippers,LAC,clippers,240:00,534.7,106.9,509.9,102.0,24.8,5.0,0.649,3.0,17.6,0.2,0.829,0.455,7.921,7.9,0.462,0.517,1.0,0.991,20.2,101.0,84.17,101.0,0.506
0022200764,1610612739,Cleveland,Cavaliers,CLE,cavaliers,240:00,521.5,104.3,543.5,108.7,-22.0,-4.4,0.8,2.46,24.1,0.196,0.739,0.467,13.978,14.0,0.548,0.549,1.0,1.0,18.5,92.5,77.08,93.0,0.523
0022200764,1610612748,Miami,Heat,MIA,heat,240:00,543.5,108.7,521.5,104.3,22.0,4.4,0.618,1.4,16.9,0.261,0.804,0.533,16.304,16.3,0.526,0.562,1.0,0.981,18.5,92.5,77.08,92.0,0.477
0022200758,1610612750,Minnesota,Timberwolves,MIN,timberwolves,265:00,509.2,101.8,536.4,107.3,-27.2,-5.4,0.605,1.44,17.8,0.204,0.768,0.491,16.514,16.5,0.533,0.539,1.0,0.992,19.83,99.17,82.64,109.0,0.47
0022200758,1610612758,Sacramento,Kings,SAC,kings,265:00,536.4,107.3,509.2,101.8,27.2,5.4,0.426,1.67,14.0,0.232,0.796,0.509,10.909,10.9,0.52,0.543,1.0,0.967,19.83,99.17,82.64,110.0,0.53
0022200762,1610612756,Phoenix,Suns,PHX,suns,240:00,606.4,121.3,563.8,112.8,42.6,8.5,0.651,2.33,20.3,0.356,0.627,0.5,12.766,12.8,0.557,0.592,1.0,0.982,18.8,94.0,78.33,94.0,0.563
0022200762,1610612761,Toronto,Raptors,TOR,raptors,240:00,563.8,112.8,606.4,121.3,-42.6,-8.5,0.475,1.36,14.4,0.373,0.644,0.5,14.894,14.9,0.5,0.544,1.0,0.973,18.8,94.0,78.33,94.0,0.437
0022200761,1610612742,Dallas,Mavericks,DAL,mavericks,240:00,590.4,118.1,558.5,111.7,31.9,6.4,0.436,1.55,13.8,0.273,0.717,0.5,11.702,11.7,0.557,0.593,1.0,0.972,18.8,94.0,78.33,94.0,0.55
0022200761,1610612765,Detroit,Pistons,DET,pistons,240:00,558.5,111.7,590.4,118.1,-31.9,-6.4,0.5,1.29,14.4,0.283,0.727,0.5,14.894,14.9,0.544,0.578,1.0,0.981,18.8,94.0,78.33,94.0,0.45
0022200756,1610612755,Philadelphia,76ers,PHI,sixers,240:00,519.0,103.8,561.3,112.3,-42.3,-8.5,0.7,1.47,19.6,0.217,0.695,0.486,18.095,18.1,0.535,0.573,1.0,0.991,21.1,105.5,87.92,105.0,0.461
0022200756,1610612753,Orlando,Magic,ORL,magic,240:00,561.3,112.3,519.0,103.8,42.3,8.5,0.548,2.3,15.6,0.305,0.783,0.514,9.434,9.4,0.48,0.53,1.0,0.976,21.1,105.5,87.92,106.0,0.539
0022200760,1610612759,San Antonio,Spurs,SAS,spurs,240:00,535.4,107.1,641.4,128.3,-106.1,-21.2,0.619,2.6,18.2,0.3,0.8,0.5,10.101,10.1,0.469,0.495,1.0,0.991,19.8,99.0,82.5,99.0,0.376
0022200760,1610612764,Washington,Wizards,WAS,wizards,240:00,641.4,128.3,535.4,107.1,106.1,21.2,0.667,2.29,23.0,0.2,0.7,0.5,14.141,14.1,0.651,0.679,1.0,0.972,19.8,99.0,82.5,99.0,0.624
0022200763,1610612757,Portland,Trail Blazers,POR,blazers,240:00,693.5,138.7,672.0,134.4,21.5,4.3,0.558,3.0,19.7,0.184,0.566,0.407,8.602,8.6,0.665,0.71,1.0,1.01,18.6,93.0,77.5,93.0,0.527
0022200763,1610612737,Atlanta,Hawks,ATL,hawks,240:00,672.0,134.4,693.5,138.7,-21.5,-4.3,0.591,3.71,18.3,0.434,0.816,0.593,7.527,7.5,0.537,0.583,1.0,0.974,18.6,93.0,77.5,93.0,0.473
0022200757,1610612751,Brooklyn,Nets,BKN,nets,240:00,611.1,122.2,520.0,104.0,91.1,18.2,0.533,2.18,17.6,0.275,0.65,0.477,11.111,11.1,0.558,0.585,1.0,0.982,19.9,99.5,82.92,99.0,0.59
0022200757,1610612747,Los Angeles,Lakers,LAL,lakers,240:00,520.0,104.0,611.1,122.2,-91.1,-18.2,0.686,1.71,16.7,0.35,0.725,0.523,14.0,14.0,0.455,0.494,1.0,0.983,19.9,99.5,82.92,100.0,0.41
0022200759,1610612760,Oklahoma City,Thunder,OKC,thunder,240:00,550.5,110.1,576.6,115.3,-26.1,-5.2,0.5,1.35,16.2,0.204,0.822,0.5,15.596,15.6,0.554,0.589,1.0,0.992,22.0,110.0,91.67,109.0,0.445
0022200759,1610612744,Golden State,Warriors,GSW,warriors,240:00,576.6,115.3,550.5,110.1,26.1,5.2,0.804,2.47,23.9,0.178,0.796,0.5,13.514,13.5,0.622,0.648,1.0,0.975,22.0,110.0,91.67,111.0,0.555
0022200754,1610612739,Cleveland,Cavaliers,CLE,cavaliers,240:00,635.4,127.1,521.1,104.2,114.4,22.9,0.795,2.69,25.5,0.167,0.593,0.422,13.542,13.5,0.692,0.706,1.0,0.941,19.1,95.5,79.58,96.0,0.647
0022200754,1610612746,LA,Clippers,LAC,clippers,240:00,521.1,104.2,635.4,127.1,-114.4,-22.9,0.459,1.13,12.7,0.407,0.833,0.578,15.789,15.8,0.427,0.491,1.0,0.974,19.1,95.5,79.58,95.0,0.353
0022200755,1610612749,Milwaukee,Bucks,MIL,bucks,240:00,649.0,129.8,528.8,105.8,120.2,24.0,0.509,2.25,18.8,0.298,0.804,0.573,11.538,11.5,0.641,0.644,1.0,0.983,20.8,104.0,86.67,104.0,0.617
0022200755,1610612740,New Orleans,Pelicans,NOP,pelicans,240:00,528.8,105.8,649.0,129.8,-120.2,-24.0,0.61,2.08,18.1,0.196,0.702,0.427,11.538,11.5,0.511,0.538,1.0,1.0,20.8,104.0,86.67,104.0,0.383
0022200753,1610612763,Memphis,Grizzlies,MEM,grizzlies,240:00,615.4,123.1,549.5,109.9,65.9,13.2,0.674,3.22,21.0,0.404,0.636,0.516,9.89,9.9,0.534,0.567,1.0,0.972,18.2,91.0,75.83,91.0,0.587
0022200753,1610612754,Indiana,Pacers,IND,pacers,240:00,549.5,109.9,615.4,123.1,-65.9,-13.2,0.583,1.17,16.4,0.364,0.596,0.484,19.78,19.8,0.513,0.567,1.0,0.972,18.2,91.0,75.83,91.0,0.413
0022200752,1610612766,Charlotte,Hornets,CHA,hornets,240:00,610.0,122.0,590.9,118.2,19.1,3.8,0.556,1.32,18.2,0.317,0.706,0.533,19.0,19.0,0.633,0.658,1.0,0.991,19.9,99.5,82.92,100.0,0.53
0022200752,1610612748,Miami,Heat,MIA,heat,240:00,590.9,118.2,610.0,122.0,-19.1,-3.8,0.578,2.36,18.6,0.294,0.683,0.467,11.111,11.1,0.538,0.567,1.0,0.982,19.9,99.5,82.92,99.0,0.47
0022200748,1610612759,San Antonio,Spurs,SAS,spurs,265:00,556.6,111.3,603.8,120.8,-47.2,-9.4,0.667,2.46,19.9,0.391,0.643,0.508,12.264,12.3,0.486,0.507,1.0,0.992,19.2,96.0,80.0,106.0,0.452
0022200748,1610612756,Phoenix,Suns,PHX,suns,265:00,603.8,120.8,556.6,111.3,47.2,9.4,0.62,3.44,19.9,0.357,0.609,0.492,8.491,8.5,0.524,0.559,1.0,0.992,19.2,96.0,80.0,106.0,0.548
0022200743,1610612765,Detroit,Pistons,DET,pistons,240:00,553.4,110.7,562.5,112.5,-9.1,-1.8,0.605,1.44,16.9,0.229,0.627,0.434,15.534,15.5,0.542,0.59,1.0,0.991,20.7,103.5,86.25,103.0,0.477
0022200743,1610612745,Houston,Rockets,HOU,rockets,240:00,562.5,112.5,553.4,110.7,9.1,1.8,0.455,1.18,14.1,0.373,0.771,0.566,16.346,16.3,0.522,0.563,1.0,0.975,20.7,103.5,86.25,104.0,0.523
0022200744,1610612753,Orlando,Magic,ORL,magic,240:00,561.9,112.4,659.8,132.0,-97.9,-19.6,0.707,2.23,21.3,0.217,0.861,0.5,13.402,13.4,0.554,0.583,1.0,0.981,19.4,97.0,80.83,97.0,0.421
0022200744,1610612741,Chicago,Bulls,CHI,bulls,240:00,659.8,132.0,561.9,112.4,97.9,19.6,0.625,2.5,22.7,0.139,0.783,0.5,12.371,12.4,0.691,0.716,1.0,0.98,19.4,97.0,80.83,97.0,0.579
0022200742,1610612751,Brooklyn,Nets,BKN,nets,240:00,655.9,131.2,618.3,123.7,37.6,7.5,0.674,3.44,23.1,0.256,0.644,0.455,9.677,9.7,0.655,0.655,1.0,0.981,18.6,93.0,77.5,93.0,0.525
0022200742,1610612752,New York,Knicks,NYK,knicks,240:00,618.3,123.7,655.9,131.2,-37.6,-7.5,0.422,1.73,14.8,0.356,0.744,0.545,11.828,11.8,0.568,0.597,1.0,0.972,18.6,93.0,77.5,93.0,0.475
0022200747,1610612740,New Orleans,Pelicans,NOP,pelicans,240:00,509.9,102.0,565.0,113.0,-55.1,-11.0,0.538,2.1,15.6,0.236,0.642,0.435,9.901,9.9,0.467,0.513,1.0,0.965,20.1,100.5,83.75,101.0,0.465
0022200747,1610612764,Washington,Wizards,WAS,wizards,240:00,565.0,113.0,509.9,102.0,55.1,11.0,0.45,1.0,13.1,0.358,0.764,0.565,18.0,18.0,0.517,0.561,1.0,0.975,20.1,100.5,83.75,100.0,0.535
0022200751,1610612757,Portland,Trail Blazers,POR,blazers,240:00,570.7,114.1,668.5,133.7,-97.8,-19.6,0.45,1.5,15.5,0.184,0.636,0.427,13.043,13.0,0.572,0.61,1.0,0.98,18.4,92.0,76.67,92.0,0.414
0022200751,1610612761,Toronto,Raptors,TOR,raptors,240:00,668.5,133.7,570.7,114.1,97.8,19.6,0.5,3.0,18.2,0.364,0.816,0.573,8.696,8.7,0.576,0.615,1.0,0.963,18.4,92.0,76.67,92.0,0.586
0022200746,1610612750,Minnesota,Timberwolves,MIN,timberwolves,240:00,603.1,120.6,561.2,112.2,41.9,8.4,0.595,1.25,18.5,0.333,0.755,0.568,20.619,20.6,0.631,0.656,1.0,0.991,19.5,97.5,81.25,97.0,0.537
0022200746,1610612758,Sacramento,Kings,SAC,kings,240:00,561.2,112.2,603.1,120.6,-41.9,-8.4,0.622,2.56,17.3,0.245,0.667,0.432,9.184,9.2,0.506,0.562,1.0,0.982,19.5,97.5,81.25,98.0,0.463
0022200741,1610612755,Philadelphia,76ers,PHI,sixers,240:00,656.3,131.3,626.3,125.3,29.9,6.0,0.674,2.82,21.8,0.326,0.757,0.518,11.458,11.5,0.618,0.633,1.0,0.973,19.1,95.5,79.58,96.0,0.506
0022200741,1610612743,Denver,Nuggets,DEN,nuggets,240:00,626.3,125.3,656.3,131.3,-29.9,-6.0,0.636,2.0,21.2,0.243,0.674,0.482,14.737,14.7,0.63,0.663,1.0,0.99,19.1,95.5,79.58,95.0,0.494
0022200750,1610612762,Utah,Jazz,UTA,jazz,240:00,580.6,116.1,531.9,106.4,48.7,9.7,0.667,1.53,19.1,0.409,0.771,0.598,18.28,18.3,0.555,0.583,1.0,0.991,18.7,93.5,77.92,93.0,0.552
0022200750,1610612742,Dallas,Mavericks,DAL,mavericks,240:00,531.9,106.4,580.6,116.1,-48.7,-9.7,0.743,1.86,19.8,0.229,0.591,0.402,14.894,14.9,0.55,0.572,1.0,0.971,18.7,93.5,77.92,94.0,0.448
0022200749,1610612738,Boston,Celtics,BOS,celtics,265:00,573.4,114.7,560.2,112.0,13.2,2.6,0.462,1.5,13.4,0.156,0.695,0.462,11.009,11.0,0.542,0.618,1.0,0.974,19.65,98.26,81.89,109.0,0.536
0022200749,1610612747,Los Angeles,Lakers,LAL,lakers,265:00,560.2,112.0,573.4,114.7,-13.2,-2.6,0.638,2.5,19.4,0.305,0.844,0.538,11.111,11.1,0.505,0.532,1.0,0.992,19.65,98.26,81.89,108.0,0.464
0022200745,1610612737,Atlanta,Hawks,ATL,hawks,240:00,582.5,116.5,618.6,123.7,-36.1,-7.2,0.533,2.67,17.3,0.36,0.8,0.556,9.278,9.3,0.511,0.544,1.0,0.974,19.4,97.0,80.83,97.0,0.48
0022200745,1610612746,LA,Clippers,LAC,clippers,240:00,618.6,123.7,582.5,116.5,36.1,7.2,0.595,1.79,19.2,0.2,0.64,0.444,14.433,14.4,0.644,0.679,1.0,0.971,19.4,97.0,80.83,97.0,0.52
0022200736,1610612754,Indiana,Pacers,IND,pacers,240:00,595.5,119.1,635.1,127.0,-39.7,-7.9,0.449,1.69,16.1,0.116,0.642,0.406,11.818,11.8,0.624,0.646,1.0,0.991,22.1,110.5,92.08,110.0,0.462
0022200736,1610612749,Milwaukee,Bucks,MIL,bucks,240:00,635.1,127.0,595.5,119.1,39.7,7.9,0.615,2.0,19.8,0.358,0.884,0.594,14.414,14.4,0.622,0.631,1.0,0.977,22.1,110.5,92.08,111.0,0.538
0022200740,1610612744,Golden State,Warriors,GSW,warriors,240:00,638.6,127.7,568.0,113.6,70.7,14.1,0.8,2.86,26.7,0.22,0.7,0.505,13.861,13.9,0.656,0.668,1.0,0.982,20.4,102.0,85.0,101.0,0.589
0022200740,1610612761,Toronto,Raptors,TOR,raptors,240:00,568.0,113.6,638.6,127.7,-70.7,-14.1,0.522,2.4,16.6,0.3,0.78,0.495,9.709,9.7,0.515,0.531,1.0,0.967,20.4,102.0,85.0,103.0,0.411
0022200739,1610612760,Oklahoma City,Thunder,OKC,thunder,240:00,595.7,119.1,537.6,107.5,58.1,11.6,0.475,1.27,15.3,0.289,0.75,0.556,15.957,16.0,0.592,0.644,1.0,0.962,18.7,93.5,77.92,94.0,0.554
0022200739,1610612739,Cleveland,Cavaliers,CLE,cavaliers,240:00,537.6,107.5,595.7,119.1,-58.1,-11.6,0.692,2.7,20.3,0.25,0.711,0.444,10.753,10.8,0.489,0.521,1.0,0.991,18.7,93.5,77.92,93.0,0.446
0022200738,1610612748,Miami,Heat,MIA,heat,240:00,550.0,110.0,530.3,106.1,19.7,3.9,0.718,2.55,20.4,0.184,0.872,0.489,11.0,11.0,0.518,0.57,1.0,0.972,19.9,99.5,82.92,100.0,0.541
0022200738,1610612753,Orlando,Magic,ORL,magic,240:00,530.3,106.1,550.0,110.0,-19.7,-3.9,0.636,1.05,16.8,0.128,0.816,0.511,20.202,20.2,0.565,0.632,1.0,0.99,19.9,99.5,82.92,99.0,0.459
0022200737,1610612750,Minnesota,Timberwolves,MIN,timberwolves,240:00,533.7,106.7,480.8,96.2,52.9,10.6,0.705,1.55,21.2,0.244,0.649,0.471,19.231,19.2,0.587,0.599,1.0,0.974,20.8,104.0,86.67,104.0,0.566
0022200737,1610612763,Memphis,Grizzlies,MEM,grizzlies,240:00,480.8,96.2,533.7,106.7,-52.9,-10.6,0.579,1.05,15.2,0.351,0.756,0.529,20.192,20.2,0.452,0.493,1.0,0.984,20.8,104.0,86.67,104.0,0.434
0022200734,1610612756,Phoenix,Suns,PHX,suns,240:00,533.7,106.7,556.2,111.2,-22.5,-4.5,0.686,2.67,18.8,0.308,0.776,0.535,10.112,10.1,0.483,0.511,1.0,0.971,17.8,89.0,74.17,89.0,0.479
0022200734,1610612742,Dallas,Mavericks,DAL,mavericks,240:00,556.2,111.2,533.7,106.7,22.5,4.5,0.606,2.22,16.8,0.224,0.692,0.465,10.112,10.1,0.513,0.554,1.0,0.97,17.8,89.0,74.17,89.0,0.521
0022200735,1610612746,LA,Clippers,LAC,clippers,240:00,726.3,145.3,520.8,104.2,205.5,41.1,0.5,5.2,20.2,0.2,0.68,0.467,5.263,5.3,0.685,0.702,1.0,0.99,19.1,95.5,79.58,95.0,0.654
0022200735,1610612759,San Antonio,Spurs,SAS,spurs,240:00,520.8,104.2,726.3,145.3,-205.5,-41.1,0.649,1.71,17.6,0.32,0.8,0.533,14.583,14.6,0.5,0.53,1.0,0.955,19.1,95.5,79.58,96.0,0.346
0022200733,1610612745,Houston,Rockets,HOU,rockets,240:00,505.3,101.1,601.1,120.2,-95.7,-19.1,0.615,1.09,18.5,0.325,0.72,0.544,23.404,23.4,0.546,0.56,1.0,0.991,18.8,94.0,78.33,94.0,0.425
0022200733,1610612739,Cleveland,Cavaliers,CLE,cavaliers,240:00,601.1,120.2,505.3,101.1,95.7,19.1,0.725,2.9,21.2,0.28,0.675,0.456,10.638,10.6,0.546,0.584,1.0,0.972,18.8,94.0,78.33,94.0,0.575
0022200731,1610612751,Brooklyn,Nets,BKN,nets,240:00,604.0,120.8,631.1,126.2,-27.1,-5.4,0.558,1.5,16.8,0.346,0.646,0.49,15.842,15.8,0.527,0.576,1.0,1.0,20.4,102.0,85.0,101.0,0.418
0022200731,1610612765,Detroit,Pistons,DET,pistons,240:00,631.1,126.2,604.0,120.8,27.1,5.4,0.563,2.45,18.4,0.354,0.654,0.51,10.68,10.7,0.563,0.611,1.0,0.967,20.4,102.0,85.0,103.0,0.582
0022200730,1610612738,Boston,Celtics,BOS,celtics,265:00,551.9,110.4,571.4,114.3,-19.5,-3.9,0.537,1.69,15.0,0.328,0.778,0.539,12.264,12.3,0.49,0.531,1.0,0.984,19.11,95.55,79.62,106.0,0.483
0022200730,1610612752,New York,Knicks,NYK,knicks,265:00,571.4,114.3,551.9,110.4,19.5,3.9,0.386,1.7,12.7,0.222,0.672,0.461,9.524,9.5,0.526,0.565,1.0,0.974,19.11,95.55,79.62,105.0,0.518
0022200732,1610612766,Charlotte,Hornets,CHA,hornets,240:00,518.7,103.7,444.4,88.9,74.2,14.8,0.615,1.5,17.3,0.191,0.836,0.539,14.953,15.0,0.506,0.568,1.0,0.983,21.5,107.5,89.58,107.0,0.612
0022200732,1610612741,Chicago,Bulls,CHI,bulls,240:00,444.4,88.9,518.7,103.7,-74.2,-14.8,0.432,1.23,12.1,0.164,0.809,0.461,12.037,12.0,0.429,0.477,1.0,0.983,21.5,107.5,89.58,108.0,0.388
0022200720,1610612753,Orlando,Magic,ORL,magic,240:00,656.3,131.3,618.6,123.7,37.7,7.5,0.739,1.89,23.3,0.41,0.583,0.506,18.75,18.8,0.652,0.677,1.0,0.991,19.3,96.5,80.42,96.0,0.54
0022200720,1610612754,Indiana,Pacers,IND,pacers,240:00,618.6,123.7,656.3,131.3,-37.7,-7.5,0.61,1.47,17.7,0.417,0.59,0.494,17.526,17.5,0.571,0.614,1.0,0.957,19.3,96.5,80.42,97.0,0.46
0022200721,1610612755,Philadelphia,76ers,PHI,sixers,240:00,699.0,139.8,692.7,138.5,6.3,1.3,0.619,2.36,18.7,0.375,0.781,0.556,11.224,11.2,0.622,0.7,1.0,0.947,19.4,97.0,80.83,98.0,0.528
0022200721,1610612751,Brooklyn,Nets,BKN,nets,240:00,692.7,138.5,699.0,139.8,-6.3,-1.3,0.592,1.81,22.0,0.219,0.625,0.444,16.667,16.7,0.737,0.757,1.0,1.0,19.4,97.0,80.83,96.0,0.472
0022200725,1610612760,Oklahoma City,Thunder,OKC,thunder,240:00,622.6,124.5,646.2,129.2,-23.6,-4.7,0.585,2.58,20.5,0.269,0.684,0.444,11.321,11.3,0.593,0.605,1.0,0.975,21.2,106.0,88.33,106.0,0.462
0022200725,1610612737,Atlanta,Hawks,ATL,hawks,240:00,646.2,129.2,622.6,124.5,23.6,4.7,0.52,1.53,18.1,0.316,0.731,0.556,16.038,16.0,0.661,0.695,1.0,0.975,21.2,106.0,88.33,106.0,0.538
0022200728,1610612758,Sacramento,Kings,SAC,kings,240:00,505.3,101.1,601.1,120.2,-95.7,-19.1,0.829,1.53,22.7,0.154,0.64,0.427,20.213,20.2,0.568,0.603,1.0,0.99,18.8,94.0,78.33,94.0,0.448
0022200728,1610612761,Toronto,Raptors,TOR,raptors,240:00,601.1,120.2,505.3,101.1,95.7,19.1,0.583,2.8,20.1,0.36,0.846,0.573,10.638,10.6,0.557,0.565,1.0,0.982,18.8,94.0,78.33,94.0,0.552
0022200722,1610612745,Houston,Rockets,HOU,rockets,240:00,525.5,105.1,545.5,109.1,-19.9,-4.0,0.69,2.07,19.3,0.397,0.689,0.546,14.286,14.3,0.459,0.487,1.0,0.992,19.7,98.5,82.08,98.0,0.491
0022200722,1610612764,Washington,Wizards,WAS,wizards,240:00,545.5,109.1,525.5,105.1,19.9,4.0,0.692,3.38,18.9,0.311,0.603,0.454,8.081,8.1,0.459,0.499,1.0,0.983,19.7,98.5,82.08,99.0,0.509
0022200724,1610612740,New Orleans,Pelicans,NOP,pelicans,240:00,525.8,105.2,572.2,114.4,-46.4,-9.3,0.676,1.67,18.2,0.306,0.844,0.564,15.464,15.5,0.506,0.541,1.0,0.973,19.4,97.0,80.83,97.0,0.451
0022200724,1610612750,Minnesota,Timberwolves,MIN,timberwolves,240:00,572.2,114.4,525.8,105.2,46.4,9.3,0.575,2.56,18.1,0.156,0.694,0.436,9.278,9.3,0.555,0.588,1.0,0.981,19.4,97.0,80.83,97.0,0.549
0022200726,1610612744,Golden State,Warriors,GSW,warriors,240:00,586.5,117.3,576.9,115.4,9.6,1.9,0.767,1.5,21.3,0.4,0.706,0.563,21.154,21.2,0.588,0.627,1.0,0.967,20.8,104.0,86.67,104.0,0.535
0022200726,1610612763,Memphis,Grizzlies,MEM,grizzlies,240:00,576.9,115.4,586.5,117.3,-9.6,-1.9,0.619,1.86,17.9,0.294,0.6,0.438,13.462,13.5,0.534,0.575,1.0,0.975,20.8,104.0,86.67,104.0,0.465
0022200727,1610612757,Portland,Trail Blazers,POR,blazers,240:00,670.0,134.0,626.3,125.3,43.7,8.7,0.51,2.6,19.4,0.237,0.778,0.53,10.0,10.0,0.669,0.691,1.0,0.991,19.9,99.5,82.92,100.0,0.553
0022200727,1610612762,Utah,Jazz,UTA,jazz,240:00,626.3,125.3,670.0,134.0,-43.7,-8.7,0.681,2.46,22.7,0.222,0.763,0.47,13.131,13.1,0.633,0.642,1.0,0.991,19.9,99.5,82.92,99.0,0.447
0022200729,1610612747,Los Angeles,Lakers,LAL,lakers,240:00,523.1,104.6,481.5,96.3,41.7,8.3,0.625,1.25,16.6,0.346,0.676,0.533,18.519,18.5,0.5,0.547,1.0,0.968,21.6,108.0,90.0,108.0,0.601
0022200729,1610612759,San Antonio,Spurs,SAS,spurs,240:00,481.5,96.3,523.1,104.6,-41.7,-8.3,0.55,1.57,14.5,0.324,0.654,0.467,12.963,13.0,0.415,0.456,1.0,0.977,21.6,108.0,90.0,108.0,0.399
0022200723,1610612749,Milwaukee,Bucks,MIL,bucks,240:00,509.5,101.9,467.0,93.4,42.5,8.5,0.432,0.7,12.3,0.217,0.689,0.486,21.905,21.9,0.558,0.592,1.0,0.982,21.1,105.5,87.92,105.0,0.571
0022200723,1610612743,Denver,Nuggets,DEN,nuggets,240:00,467.0,93.4,509.5,101.9,-42.5,-8.5,0.553,1.11,14.4,0.311,0.783,0.514,17.925,17.9,0.448,0.476,1.0,0.976,21.1,105.5,87.92,106.0,0.429
0022200713,1610612754,Indiana,Pacers,IND,pacers,240:00,580.0,116.0,550.0,110.0,30.0,6.0,0.571,3.0,16.6,0.356,0.673,0.5,8.0,8.0,0.475,0.521,1.0,0.967,20.0,100.0,83.33,100.0,0.538
0022200713,1610612741,Chicago,Bulls,CHI,bulls,240:00,550.0,110.0,580.0,116.0,-30.0,-6.0,0.442,1.19,14.1,0.327,0.644,0.5,16.0,16.0,0.517,0.556,1.0,0.983,20.0,100.0,83.33,100.0,0.462
0022200717,1610612742,Dallas,Mavericks,DAL,mavericks,240:00,617.6,123.5,622.5,124.5,-4.9,-1.0,0.511,2.67,17.9,0.2,0.727,0.461,8.824,8.8,0.584,0.627,1.0,0.982,20.4,102.0,85.0,102.0,0.484
0022200717,1610612764,Washington,Wizards,WAS,wizards,240:00,622.5,124.5,617.6,123.5,4.9,1.0,0.667,2.55,19.9,0.273,0.8,0.539,10.784,10.8,0.572,0.628,1.0,0.973,20.4,102.0,85.0,102.0,0.516
0022200714,1610612748,Miami,Heat,MIA,heat,240:00,515.8,103.2,505.3,101.1,10.5,2.1,0.618,2.63,15.3,0.339,0.822,0.542,8.421,8.4,0.426,0.471,1.0,0.966,18.9,94.5,78.75,95.0,0.505
0022200714,1610612738,Boston,Celtics,BOS,celtics,240:00,505.3,101.1,515.8,103.2,-10.5,-2.1,0.656,1.24,17.1,0.178,0.661,0.458,18.085,18.1,0.5,0.553,1.0,0.99,18.9,94.5,78.75,94.0,0.495
0022200715,1610612752,New York,Knicks,NYK,knicks,240:00,558.5,111.7,553.8,110.8,4.7,0.9,0.676,1.47,19.2,0.25,0.74,0.511,18.085,18.1,0.607,0.623,1.0,0.943,18.7,93.5,77.92,94.0,0.495
0022200715,1610612739,Cleveland,Cavaliers,CLE,cavaliers,240:00,553.8,110.8,558.5,111.7,-4.7,-0.9,0.725,2.42,21.5,0.26,0.75,0.489,12.903,12.9,0.529,0.548,1.0,0.962,18.7,93.5,77.92,93.0,0.505
0022200716,1610612740,New Orleans,Pelicans,NOP,pelicans,240:00,538.5,107.7,532.3,106.5,6.2,1.2,0.474,1.13,14.1,0.396,0.81,0.589,17.582,17.6,0.476,0.522,1.0,0.982,18.4,92.0,76.67,91.0,0.463
0022200716,1610612743,Denver,Nuggets,DEN,nuggets,240:00,532.3,106.5,538.5,107.7,-6.2,-1.2,0.692,2.25,21.1,0.19,0.604,0.411,12.903,12.9,0.556,0.577,1.0,0.97,18.4,92.0,76.67,93.0,0.537
0022200719,1610612747,Los Angeles,Lakers,LAL,lakers,240:00,599.0,119.8,692.7,138.5,-93.8,-18.8,0.5,3.0,15.8,0.293,0.714,0.452,7.292,7.3,0.526,0.545,1.0,0.982,19.2,96.0,80.0,96.0,0.397
0022200719,1610612746,LA,Clippers,LAC,clippers,240:00,692.7,138.5,599.0,119.8,93.8,18.8,0.49,1.67,19.1,0.286,0.707,0.548,15.625,15.6,0.72,0.734,1.0,0.962,19.2,96.0,80.0,96.0,0.603
0022200718,1610612756,Phoenix,Suns,PHX,suns,240:00,621.4,124.3,475.5,95.1,145.9,29.2,0.809,2.11,24.2,0.362,0.75,0.579,17.476,17.5,0.617,0.642,1.0,0.975,20.5,102.5,85.42,103.0,0.669
0022200718,1610612766,Charlotte,Hornets,CHA,hornets,240:00,475.5,95.1,621.4,124.3,-145.9,-29.2,0.487,1.36,14.0,0.25,0.638,0.421,13.725,13.7,0.438,0.467,1.0,0.983,20.5,102.5,85.42,102.0,0.331
0022200706,1610612765,Detroit,Pistons,DET,pistons,240:00,575.2,115.0,657.9,131.6,-82.7,-16.5,0.605,1.3,17.2,0.24,0.674,0.448,17.699,17.7,0.569,0.621,1.0,0.992,22.7,113.5,94.58,113.0,0.422
0022200706,1610612749,Milwaukee,Bucks,MIL,bucks,240:00,657.9,131.6,575.2,115.0,82.7,16.5,0.691,2.0,22.8,0.326,0.76,0.552,16.667,16.7,0.679,0.691,1.0,0.969,22.7,113.5,94.58,114.0,0.578
0022200710,1610612762,Utah,Jazz,UTA,jazz,240:00,588.2,117.6,495.1,99.0,93.1,18.6,0.61,1.56,17.9,0.271,0.717,0.505,15.686,15.7,0.57,0.616,1.0,0.991,20.5,102.5,85.42,102.0,0.578
0022200710,1610612766,Charlotte,Hornets,CHA,hornets,240:00,495.1,99.0,588.2,117.6,-93.1,-18.6,0.579,1.47,15.7,0.283,0.729,0.495,14.563,14.6,0.459,0.51,1.0,0.966,20.5,102.5,85.42,103.0,0.422
0022200707,1610612753,Orlando,Magic,ORL,magic,240:00,594.7,118.9,510.4,102.1,84.3,16.9,0.512,2.0,17.1,0.273,0.755,0.527,11.579,11.6,0.577,0.598,1.0,0.981,19.1,95.5,79.58,95.0,0.609
0022200707,1610612738,Boston,Celtics,BOS,celtics,240:00,510.4,102.1,594.7,118.9,-84.3,-16.9,0.667,1.33,18.3,0.245,0.727,0.473,18.75,18.8,0.542,0.558,1.0,0.981,19.1,95.5,79.58,96.0,0.391
0022200712,1610612758,Sacramento,Kings,SAC,kings,240:00,639.4,127.9,476.2,95.2,163.2,32.6,0.755,1.48,23.7,0.375,0.763,0.606,24.038,24.0,0.682,0.706,1.0,0.983,20.9,104.5,87.08,104.0,0.678
0022200712,1610612763,Memphis,Grizzlies,MEM,grizzlies,240:00,476.2,95.2,639.4,127.9,-163.2,-32.6,0.7,1.87,19.0,0.237,0.625,0.394,14.286,14.3,0.469,0.488,1.0,0.983,20.9,104.5,87.08,105.0,0.322
0022200711,1610612757,Portland,Trail Blazers,POR,blazers,240:00,713.6,142.7,622.5,124.5,91.0,18.2,0.618,3.4,23.3,0.25,0.66,0.471,9.709,9.7,0.707,0.723,1.0,0.982,20.5,102.5,85.42,103.0,0.575
0022200711,1610612759,San Antonio,Spurs,SAS,spurs,240:00,622.5,124.5,713.6,142.7,-91.0,-18.2,0.638,2.0,20.3,0.34,0.75,0.529,14.706,14.7,0.594,0.626,1.0,0.992,20.5,102.5,85.42,102.0,0.425
0022200709,1610612745,Houston,Rockets,HOU,rockets,240:00,550.9,110.2,532.7,106.5,18.2,3.6,0.545,1.04,16.0,0.388,0.741,0.573,21.296,21.3,0.563,0.588,1.0,0.968,21.5,107.5,89.58,108.0,0.561
0022200709,1610612750,Minnesota,Timberwolves,MIN,timberwolves,240:00,532.7,106.5,550.9,110.2,-18.2,-3.6,0.463,1.0,13.6,0.259,0.612,0.427,17.757,17.8,0.538,0.566,1.0,0.992,21.5,107.5,89.58,107.0,0.439
0022200708,1610612741,Chicago,Bulls,CHI,bulls,240:00,560.6,112.1,510.2,102.0,50.4,10.1,0.636,2.55,19.6,0.34,0.694,0.51,11.111,11.1,0.521,0.539,1.0,0.974,19.7,98.5,82.08,99.0,0.554
0022200708,1610612737,Atlanta,Hawks,ATL,hawks,240:00,510.2,102.0,560.6,112.1,-50.4,-10.1,0.615,1.26,17.5,0.306,0.66,0.49,19.388,19.4,0.518,0.536,1.0,0.982,19.7,98.5,82.08,98.0,0.446
0022200702,1610612743,Denver,Nuggets,DEN,nuggets,240:00,550.0,110.0,561.1,112.2,-11.1,-2.2,0.611,2.44,17.1,0.309,0.68,0.486,10.0,10.0,0.5,0.513,1.0,0.981,18.0,90.0,75.0,90.0,0.476
0022200702,1610612760,Oklahoma City,Thunder,OKC,thunder,240:00,561.1,112.2,550.0,110.0,11.1,2.2,0.525,2.63,16.5,0.32,0.691,0.514,8.889,8.9,0.489,0.526,1.0,0.981,18.0,90.0,75.0,90.0,0.524
0022200699,1610612748,Miami,Heat,MIA,heat,240:00,505.1,101.0,480.0,96.0,25.1,5.0,0.486,0.77,13.0,0.306,0.738,0.505,22.222,22.2,0.488,0.544,1.0,0.991,19.9,99.5,82.92,99.0,0.499
0022200699,1610612740,New Orleans,Pelicans,NOP,pelicans,240:00,480.0,96.0,505.1,101.0,-25.1,-5.0,0.649,0.96,17.8,0.262,0.694,0.495,25.0,25.0,0.526,0.559,1.0,0.991,19.9,99.5,82.92,100.0,0.501
0022200700,1610612761,Toronto,Raptors,TOR,raptors,240:00,644.3,128.9,604.2,120.8,40.2,8.0,0.512,2.63,15.2,0.377,0.636,0.495,8.247,8.2,0.539,0.593,1.0,0.966,19.3,96.5,80.42,97.0,0.527
0022200700,1610612752,New York,Knicks,NYK,knicks,240:00,604.2,120.8,644.3,128.9,-40.2,-8.0,0.75,1.76,21.1,0.364,0.623,0.505,17.708,17.7,0.598,0.621,1.0,0.973,19.3,96.5,80.42,96.0,0.473
0022200703,1610612756,Phoenix,Suns,PHX,suns,240:00,533.3,106.7,528.8,105.8,4.5,0.9,0.641,1.47,17.7,0.216,0.625,0.43,16.19,16.2,0.517,0.566,1.0,0.966,20.9,104.5,87.08,105.0,0.5
0022200703,1610612763,Memphis,Grizzlies,MEM,grizzlies,240:00,528.8,105.8,533.3,106.7,-4.5,-0.9,0.7,1.4,18.3,0.375,0.784,0.57,19.231,19.2,0.495,0.529,1.0,0.984,20.9,104.5,87.08,104.0,0.5
0022200705,1610612757,Portland,Trail Blazers,POR,blazers,240:00,565.7,113.1,611.1,122.2,-45.5,-9.1,0.649,2.0,17.8,0.226,0.667,0.429,12.121,12.1,0.529,0.577,1.0,0.973,19.8,99.0,82.5,99.0,0.426
0022200705,1610612747,Los Angeles,Lakers,LAL,lakers,240:00,611.1,122.2,565.7,113.1,45.5,9.1,0.511,1.77,16.8,0.333,0.774,0.571,13.131,13.1,0.581,0.618,1.0,0.974,19.8,99.0,82.5,99.0,0.574
0022200701,1610612742,Dallas,Mavericks,DAL,mavericks,240:00,544.4,108.9,615.4,123.1,-70.9,-14.2,0.429,1.5,12.7,0.26,0.69,0.457,11.111,11.1,0.519,0.536,1.0,0.99,18.1,90.5,75.42,90.0,0.375
0022200701,1610612746,LA,Clippers,LAC,clippers,240:00,615.4,123.1,544.4,108.9,70.9,14.2,0.571,1.82,16.3,0.31,0.74,0.543,12.088,12.1,0.532,0.618,1.0,0.971,18.1,90.5,75.42,91.0,0.625
0022200704,1610612744,Golden State,Warriors,GSW,warriors,240:00,574.3,114.9,588.2,117.6,-14.0,-2.8,0.683,2.33,19.6,0.275,0.767,0.5,11.881,11.9,0.528,0.569,1.0,0.965,20.3,101.5,84.58,101.0,0.479
0022200704,1610612751,Brooklyn,Nets,BKN,nets,240:00,588.2,117.6,574.3,114.9,14.0,2.8,0.698,1.88,21.1,0.233,0.725,0.5,15.686,15.7,0.633,0.648,1.0,0.964,20.3,101.5,84.58,102.0,0.521
0022200697,1610612756,Phoenix,Suns,PHX,suns,240:00,533.3,106.7,504.7,100.9,28.6,5.7,0.711,1.8,17.9,0.322,0.694,0.512,14.286,14.3,0.484,0.526,1.0,0.984,21.1,105.5,87.92,105.0,0.572
0022200697,1610612754,Indiana,Pacers,IND,pacers,240:00,504.7,100.9,533.3,106.7,-28.6,-5.7,0.611,1.47,15.1,0.306,0.678,0.488,14.151,14.2,0.443,0.498,1.0,0.976,21.1,105.5,87.92,106.0,0.428
0022200694,1610612737,Atlanta,Hawks,ATL,hawks,240:00,572.8,114.6,586.5,117.3,-13.7,-2.7,0.533,1.33,17.9,0.171,0.795,0.494,17.476,17.5,0.608,0.643,1.0,0.973,20.7,103.5,86.25,103.0,0.476
0022200694,1610612766,Charlotte,Hornets,CHA,hornets,240:00,586.5,117.3,572.8,114.6,13.7,2.7,0.622,2.33,20.0,0.205,0.829,0.506,11.538,11.5,0.579,0.618,1.0,0.982,20.7,103.5,86.25,104.0,0.524
0022200695,1610612739,Cleveland,Cavaliers,CLE,cavaliers,240:00,606.4,121.3,542.6,108.5,63.8,12.8,0.688,3.67,24.1,0.268,0.702,0.5,9.574,9.6,0.599,0.61,1.0,0.99,18.8,94.0,78.33,94.0,0.605
0022200695,1610612749,Milwaukee,Bucks,MIL,bucks,240:00,542.6,108.5,606.4,121.3,-63.8,-12.8,0.615,1.5,18.2,0.298,0.732,0.5,17.021,17.0,0.535,0.561,1.0,0.963,18.8,94.0,78.33,94.0,0.395
0022200693,1610612764,Washington,Wizards,WAS,wizards,240:00,676.5,135.3,578.4,115.7,98.0,19.6,0.667,4.25,22.8,0.292,0.76,0.531,7.843,7.8,0.632,0.651,1.0,0.991,20.4,102.0,85.0,102.0,0.581
0022200693,1610612753,Orlando,Magic,ORL,magic,240:00,578.4,115.7,676.5,135.3,-98.0,-19.6,0.571,2.18,17.5,0.24,0.708,0.469,10.784,10.8,0.544,0.587,1.0,0.982,20.4,102.0,85.0,102.0,0.419
0022200698,1610612758,Sacramento,Kings,SAC,kings,240:00,648.0,129.6,651.5,130.3,-3.6,-0.7,0.609,3.11,21.1,0.195,0.578,0.395,9.184,9.2,0.625,0.656,1.0,0.99,19.7,98.5,82.08,98.0,0.513
0022200698,1610612755,Philadelphia,76ers,PHI,sixers,240:00,651.5,130.3,648.0,129.6,3.6,0.7,0.551,1.8,18.8,0.422,0.805,0.605,15.152,15.2,0.591,0.625,1.0,0.991,19.7,98.5,82.08,99.0,0.487
0022200692,1610612761,Toronto,Raptors,TOR,raptors,240:00,525.3,105.1,552.1,110.4,-26.8,-5.4,0.522,1.71,18.3,0.195,0.75,0.494,14.141,14.1,0.576,0.584,1.0,0.953,19.5,97.5,81.25,99.0,0.522
0022200692,1610612738,Boston,Celtics,BOS,celtics,240:00,552.1,110.4,525.3,105.1,26.8,5.4,0.658,1.67,18.8,0.25,0.805,0.506,15.625,15.6,0.541,0.579,1.0,0.991,19.5,97.5,81.25,96.0,0.478
0022200696,1610612750,Minnesota,Timberwolves,MIN,timberwolves,240:00,559.4,111.9,509.8,102.0,49.6,9.9,0.526,1.67,15.9,0.106,0.64,0.381,11.881,11.9,0.56,0.604,1.0,0.981,20.3,101.5,84.58,101.0,0.513
0022200696,1610612745,Houston,Rockets,HOU,rockets,240:00,509.8,102.0,559.4,111.9,-49.6,-9.9,0.632,1.04,16.7,0.36,0.894,0.619,22.549,22.5,0.538,0.556,1.0,0.958,20.3,101.5,84.58,102.0,0.487
0022200688,1610612743,Denver,Nuggets,DEN,nuggets,240:00,670.0,134.0,544.1,108.8,125.9,25.2,0.745,2.11,25.3,0.324,0.569,0.466,18.0,18.0,0.699,0.709,1.0,0.982,20.2,101.0,84.17,100.0,0.633
0022200688,1610612754,Indiana,Pacers,IND,pacers,240:00,544.1,108.8,670.0,134.0,-125.9,-25.2,0.622,1.1,15.6,0.431,0.676,0.534,20.588,20.6,0.488,0.553,1.0,0.968,20.2,101.0,84.17,102.0,0.367
0022200683,1610612753,Orlando,Magic,ORL,magic,240:00,621.2,124.2,550.0,110.0,71.2,14.2,0.718,1.87,21.1,0.179,0.722,0.495,15.152,15.2,0.62,0.684,1.0,0.99,19.9,99.5,82.92,99.0,0.56
0022200683,1610612740,New Orleans,Pelicans,NOP,pelicans,240:00,550.0,110.0,621.2,124.2,-71.2,-14.2,0.707,2.64,20.3,0.278,0.821,0.505,11.0,11.0,0.505,0.542,1.0,0.974,19.9,99.5,82.92,100.0,0.44
0022200689,1610612762,Utah,Jazz,UTA,jazz,240:00,557.9,111.6,615.8,123.2,-57.9,-11.6,0.649,2.18,17.6,0.309,0.814,0.531,11.579,11.6,0.511,0.54,1.0,0.973,19.0,95.0,79.17,95.0,0.428
0022200689,1610612751,Brooklyn,Nets,BKN,nets,240:00,615.8,123.2,557.9,111.6,57.9,11.6,0.605,2.36,20.3,0.186,0.691,0.469,11.579,11.6,0.65,0.659,1.0,0.971,19.0,95.0,79.17,95.0,0.572
0022200691,1610612758,Sacramento,Kings,SAC,kings,240:00,596.0,119.2,576.5,115.3,19.4,3.9,0.61,1.67,17.6,0.375,0.824,0.606,15.152,15.2,0.54,0.594,1.0,0.983,19.7,98.5,82.08,99.0,0.55
0022200691,1610612760,Oklahoma City,Thunder,OKC,thunder,240:00,576.5,115.3,596.0,119.2,-19.4,-3.9,0.467,2.33,16.4,0.176,0.625,0.394,9.184,9.2,0.57,0.577,1.0,0.991,19.7,98.5,82.08,98.0,0.45
0022200685,1610612739,Cleveland,Cavaliers,CLE,cavaliers,240:00,587.6,117.5,618.6,123.7,-30.9,-6.2,0.571,1.6,18.3,0.256,0.622,0.443,15.464,15.5,0.583,0.617,1.0,1.0,19.4,97.0,80.83,97.0,0.493
0022200685,1610612744,Golden State,Warriors,GSW,warriors,240:00,618.6,123.7,587.6,117.5,30.9,6.2,0.595,1.39,18.0,0.378,0.744,0.557,18.557,18.6,0.622,0.636,1.0,0.974,19.4,97.0,80.83,97.0,0.507
0022200687,1610612759,San Antonio,Spurs,SAS,spurs,240:00,700.0,140.0,736.0,147.2,-36.0,-7.2,0.667,4.86,25.0,0.385,0.667,0.514,7.778,7.8,0.652,0.662,1.0,0.99,17.9,89.5,74.58,90.0,0.485
0022200687,1610612746,LA,Clippers,LAC,clippers,240:00,736.0,147.2,700.0,140.0,36.0,7.2,0.608,3.44,23.7,0.333,0.615,0.486,10.112,10.1,0.722,0.729,1.0,1.0,17.9,89.5,74.58,89.0,0.515
0022200686,1610612742,Dallas,Mavericks,DAL,mavericks,240:00,631.9,126.4,489.1,97.8,142.7,28.5,0.568,2.1,17.1,0.244,0.769,0.488,10.989,11.0,0.575,0.623,1.0,0.99,18.3,91.5,76.25,91.0,0.599
0022200686,1610612748,Miami,Heat,MIA,heat,240:00,489.1,97.8,631.9,126.4,-142.7,-28.5,0.455,0.94,12.9,0.231,0.756,0.512,17.391,17.4,0.507,0.556,1.0,0.96,18.3,91.5,76.25,92.0,0.401
0022200684,1610612737,Atlanta,Hawks,ATL,hawks,240:00,739.4,147.9,652.6,130.5,86.7,17.3,0.482,3.86,19.3,0.422,0.73,0.561,7.447,7.4,0.625,0.649,1.0,0.982,18.9,94.5,78.75,94.0,0.529
0022200684,1610612752,New York,Knicks,NYK,knicks,240:00,652.6,130.5,739.4,147.9,-86.7,-17.3,0.551,2.25,20.5,0.27,0.578,0.439,12.632,12.6,0.669,0.685,1.0,0.962,18.9,94.5,78.75,95.0,0.471
0022200690,1610612747,Los Angeles,Lakers,LAL,lakers,240:00,575.5,115.1,570.8,114.2,4.7,0.9,0.632,2.4,16.2,0.3,0.559,0.438,9.434,9.4,0.478,0.549,1.0,0.976,21.2,106.0,88.33,106.0,0.532
0022200690,1610612763,Memphis,Grizzlies,MEM,grizzlies,240:00,570.8,114.2,575.5,115.1,-4.7,-0.9,0.558,1.71,15.0,0.441,0.7,0.563,13.208,13.2,0.466,0.506,1.0,0.985,21.2,106.0,88.33,106.0,0.468
0022200679,1610612738,Boston,Celtics,BOS,celtics,265:00,521.6,104.3,504.3,100.9,17.3,3.5,0.488,1.24,13.0,0.358,0.803,0.57,14.655,14.7,0.458,0.499,1.0,0.993,21.1,105.51,87.92,116.0,0.505
0022200679,1610612744,Golden State,Warriors,GSW,warriors,265:00,504.3,100.9,521.6,104.3,-17.3,-3.5,0.7,1.75,17.9,0.197,0.642,0.43,13.675,13.7,0.49,0.536,1.0,0.984,21.1,105.51,87.92,117.0,0.495
0022200682,1610612757,Portland,Trail Blazers,POR,blazers,240:00,489.7,97.9,541.2,108.2,-51.5,-10.3,0.594,1.19,14.1,0.333,0.762,0.515,16.495,16.5,0.429,0.486,1.0,0.974,19.4,97.0,80.83,97.0,0.399
0022200682,1610612755,Philadelphia,76ers,PHI,sixers,240:00,541.2,108.2,489.7,97.9,51.5,10.3,0.585,1.6,18.5,0.238,0.667,0.485,15.464,15.5,0.556,0.588,1.0,0.962,19.4,97.0,80.83,97.0,0.601
0022200678,1610612765,Detroit,Pistons,DET,pistons,240:00,509.4,101.9,594.3,118.9,-84.9,-17.0,0.641,1.47,16.4,0.383,0.75,0.538,16.038,16.0,0.443,0.496,1.0,0.984,21.2,106.0,88.33,106.0,0.398
0022200678,1610612741,Chicago,Bulls,CHI,bulls,240:00,594.3,118.9,509.4,101.9,84.9,17.0,0.46,1.64,16.4,0.25,0.617,0.462,13.208,13.2,0.582,0.622,1.0,0.983,21.2,106.0,88.33,106.0,0.602
0022200681,1610612756,Phoenix,Suns,PHX,suns,240:00,568.0,113.6,549.0,109.8,18.9,3.8,0.769,1.88,20.0,0.333,0.886,0.589,15.534,15.5,0.524,0.568,1.0,0.975,20.5,102.5,85.42,103.0,0.523
0022200681,1610612751,Brooklyn,Nets,BKN,nets,240:00,549.0,109.8,568.0,113.6,-18.9,-3.8,0.628,2.08,20.1,0.114,0.667,0.411,12.745,12.7,0.591,0.602,1.0,0.981,20.5,102.5,85.42,102.0,0.477
0022200680,1610612750,Minnesota,Timberwolves,MIN,timberwolves,240:00,615.4,123.1,617.6,123.5,-2.3,-0.5,0.689,2.07,20.9,0.311,0.705,0.506,14.423,14.4,0.601,0.646,1.0,0.974,20.6,103.0,85.83,104.0,0.524
0022200680,1610612761,Toronto,Raptors,TOR,raptors,240:00,617.6,123.5,615.4,123.1,2.3,0.5,0.565,1.63,18.4,0.295,0.689,0.494,15.686,15.7,0.609,0.637,1.0,1.0,20.6,103.0,85.83,102.0,0.476
0022200670,1610612742,Dallas,Mavericks,DAL,mavericks,240:00,622.4,124.5,663.3,132.7,-40.8,-8.2,0.591,1.63,18.8,0.326,0.676,0.488,16.327,16.3,0.619,0.645,1.0,0.982,19.6,98.0,81.67,98.0,0.442
0022200670,1610612737,Atlanta,Hawks,ATL,hawks,240:00,663.3,132.7,622.4,124.5,40.8,8.2,0.571,2.33,20.3,0.324,0.674,0.513,12.245,12.2,0.645,0.686,1.0,0.982,19.6,98.0,81.67,98.0,0.558
0022200673,1610612740,New Orleans,Pelicans,NOP,pelicans,240:00,521.3,104.3,645.8,129.2,-124.6,-24.9,0.73,1.5,20.3,0.25,0.652,0.447,19.149,19.1,0.544,0.557,1.0,0.991,19.0,95.0,79.17,94.0,0.372
0022200673,1610612748,Miami,Heat,MIA,heat,240:00,645.8,129.2,521.3,104.3,124.6,24.9,0.74,3.36,25.0,0.348,0.75,0.553,11.458,11.5,0.596,0.614,1.0,0.973,19.0,95.0,79.17,96.0,0.628
0022200671,1610612745,Houston,Rockets,HOU,rockets,240:00,557.1,111.4,581.0,116.2,-23.8,-4.8,0.457,1.05,14.8,0.348,0.75,0.561,19.048,19.0,0.56,0.586,1.0,0.983,21.0,105.0,87.5,105.0,0.452
0022200671,1610612766,Charlotte,Hornets,CHA,hornets,240:00,581.0,116.2,557.1,111.4,23.8,4.8,0.563,2.7,18.8,0.25,0.652,0.439,9.524,9.5,0.547,0.57,1.0,0.983,21.0,105.0,87.5,105.0,0.548
0022200672,1610612763,Memphis,Grizzlies,MEM,grizzlies,240:00,592.8,118.6,593.8,118.8,-1.0,-0.2,0.5,2.75,15.9,0.368,0.667,0.5,8.247,8.2,0.51,0.539,1.0,0.991,19.3,96.5,80.42,97.0,0.476
0022200672,1610612739,Cleveland,Cavaliers,CLE,cavaliers,240:00,593.8,118.8,592.8,118.6,1.0,0.2,0.69,1.53,20.7,0.333,0.632,0.5,19.792,19.8,0.61,0.625,1.0,0.964,19.3,96.5,80.42,96.0,0.524
0022200669,1610612752,New York,Knicks,NYK,knicks,240:00,558.5,111.7,617.0,123.4,-58.5,-11.7,0.35,1.56,10.8,0.349,0.545,0.441,9.574,9.6,0.453,0.487,1.0,0.983,18.8,94.0,78.33,94.0,0.42
0022200669,1610612764,Washington,Wizards,WAS,wizards,240:00,617.0,123.4,558.5,111.7,58.5,11.7,0.667,2.0,19.2,0.455,0.651,0.559,14.894,14.9,0.526,0.561,1.0,0.983,18.8,94.0,78.33,94.0,0.58
0022200677,1610612747,Los Angeles,Lakers,LAL,lakers,240:00,578.1,115.6,610.5,122.1,-32.4,-6.5,0.605,3.71,19.4,0.245,0.681,0.458,7.292,7.3,0.545,0.573,1.0,0.954,19.1,95.5,79.58,96.0,0.486
0022200677,1610612758,Sacramento,Kings,SAC,kings,240:00,610.5,122.1,578.1,115.6,32.4,6.5,0.535,2.09,17.3,0.319,0.755,0.542,11.579,11.6,0.546,0.587,1.0,0.982,19.1,95.5,79.58,95.0,0.514
0022200676,1610612743,Denver,Nuggets,DEN,nuggets,240:00,604.0,120.8,590.0,118.0,14.0,2.8,0.6,1.69,18.6,0.386,0.674,0.529,15.842,15.8,0.576,0.616,1.0,0.958,20.1,100.5,83.75,101.0,0.532
0022200676,1610612750,Minnesota,Timberwolves,MIN,timberwolves,240:00,590.0,118.0,604.0,120.8,-14.0,-2.8,0.619,1.37,18.6,0.326,0.614,0.471,19.0,19.0,0.593,0.632,1.0,0.974,20.1,100.5,83.75,100.0,0.468
0022200674,1610612760,Oklahoma City,Thunder,OKC,thunder,240:00,600.0,120.0,495.3,99.1,104.7,20.9,0.872,2.16,25.3,0.327,0.534,0.439,18.095,18.1,0.591,0.616,1.0,0.983,21.2,106.0,88.33,105.0,0.621
0022200674,1610612754,Indiana,Pacers,IND,pacers,240:00,495.3,99.1,600.0,120.0,-104.7,-20.9,0.59,0.96,14.7,0.466,0.673,0.561,22.43,22.4,0.479,0.507,1.0,0.97,21.2,106.0,88.33,107.0,0.379
0022200675,1610612762,Utah,Jazz,UTA,jazz,240:00,663.2,132.6,547.9,109.6,115.3,23.1,0.578,3.25,19.8,0.239,0.632,0.456,8.421,8.4,0.626,0.652,1.0,0.981,18.9,94.5,78.75,95.0,0.619
0022200675,1610612746,LA,Clippers,LAC,clippers,240:00,547.9,109.6,663.2,132.6,-115.3,-23.1,0.622,1.77,16.7,0.368,0.761,0.544,13.83,13.8,0.484,0.509,1.0,0.991,18.9,94.5,78.75,94.0,0.381
0022200667,1610612743,Denver,Nuggets,DEN,nuggets,240:00,628.9,125.8,576.5,115.3,52.3,10.5,0.727,2.67,22.2,0.34,0.778,0.554,12.371,12.4,0.563,0.608,1.0,0.982,19.5,97.5,81.25,97.0,0.586
0022200667,1610612757,Portland,Trail Blazers,POR,blazers,240:00,576.5,115.3,628.9,125.8,-52.3,-10.5,0.553,1.62,16.3,0.222,0.66,0.446,13.265,13.3,0.536,0.601,1.0,0.972,19.5,97.5,81.25,98.0,0.414
0022200666,1610612759,San Antonio,Spurs,SAS,spurs,240:00,486.2,97.2,453.7,90.7,32.5,6.5,0.622,1.44,15.3,0.344,0.788,0.549,14.679,14.7,0.418,0.485,1.0,0.976,21.7,108.5,90.42,109.0,0.538
0022200666,1610612751,Brooklyn,Nets,BKN,nets,240:00,453.7,90.7,486.2,97.2,-32.5,-6.5,0.595,1.05,15.6,0.212,0.656,0.451,19.444,19.4,0.438,0.497,1.0,0.992,21.7,108.5,90.42,108.0,0.462
0022200665,1610612749,Milwaukee,Bucks,MIL,bucks,240:00,650.0,130.0,616.2,123.2,33.8,6.8,0.522,2.0,18.0,0.244,0.617,0.465,12.0,12.0,0.645,0.682,1.0,0.972,19.9,99.5,82.92,100.0,0.552
0022200665,1610612761,Toronto,Raptors,TOR,raptors,240:00,616.2,123.2,650.0,130.0,-33.8,-6.8,0.435,2.22,14.1,0.383,0.756,0.535,9.091,9.1,0.52,0.54,1.0,0.992,19.9,99.5,82.92,99.0,0.448
0022200668,1610612746,LA,Clippers,LAC,clippers,240:00,578.9,115.8,631.6,126.3,-52.6,-10.5,0.488,1.05,15.3,0.372,0.722,0.532,20.0,20.0,0.573,0.606,1.0,0.982,19.0,95.0,79.17,95.0,0.402
0022200668,1610612755,Philadelphia,76ers,PHI,sixers,240:00,631.6,126.3,578.9,115.8,52.6,10.5,0.641,1.67,19.2,0.278,0.628,0.468,15.789,15.8,0.623,0.682,1.0,0.971,19.0,95.0,79.17,95.0,0.598
0022200664,1610612747,Los Angeles,Lakers,LAL,lakers,240:00,707.1,141.4,666.7,133.3,40.4,8.1,0.469,11.5,17.3,0.25,0.582,0.434,2.02,2.0,0.604,0.658,1.0,0.982,19.8,99.0,82.5,99.0,0.551
0022200664,1610612745,Houston,Rockets,HOU,rockets,240:00,666.7,133.3,707.1,141.4,-40.4,-8.1,0.571,3.5,18.7,0.418,0.75,0.566,8.081,8.1,0.545,0.581,1.0,0.984,19.8,99.0,82.5,99.0,0.449
0022200657,1610612749,Milwaukee,Bucks,MIL,bucks,240:00,653.5,130.7,583.3,116.7,70.1,14.0,0.667,2.29,22.1,0.267,0.881,0.563,13.861,13.9,0.654,0.676,1.0,0.982,20.3,101.5,84.58,101.0,0.54
0022200657,1610612754,Indiana,Pacers,IND,pacers,240:00,583.3,116.7,653.5,130.7,-70.1,-14.0,0.674,1.81,21.3,0.119,0.733,0.437,15.686,15.7,0.625,0.657,1.0,0.981,20.3,101.5,84.58,102.0,0.46
0022200663,1610612763,Memphis,Grizzlies,MEM,grizzlies,240:00,673.3,134.7,519.6,103.9,153.7,30.7,0.558,2.64,19.9,0.327,0.765,0.55,10.891,10.9,0.612,0.637,1.0,0.983,20.3,101.5,84.58,101.0,0.611
0022200663,1610612756,Phoenix,Suns,PHX,suns,240:00,519.6,103.9,673.3,134.7,-153.7,-30.7,0.846,2.2,22.4,0.235,0.673,0.45,14.706,14.7,0.494,0.544,1.0,0.974,20.3,101.5,84.58,102.0,0.389
0022200656,1610612766,Charlotte,Hornets,CHA,hornets,240:00,627.7,125.5,684.2,136.8,-56.6,-11.3,0.634,5.2,19.3,0.294,0.614,0.442,5.319,5.3,0.528,0.572,1.0,0.991,18.9,94.5,78.75,94.0,0.448
0022200656,1610612738,Boston,Celtics,BOS,celtics,240:00,684.2,136.8,627.7,125.5,56.6,11.3,0.791,2.83,23.6,0.386,0.706,0.558,12.632,12.6,0.609,0.663,1.0,0.982,18.9,94.5,78.75,95.0,0.552
0022200661,1610612737,Atlanta,Hawks,ATL,hawks,240:00,611.1,122.2,570.7,114.1,40.4,8.1,0.6,1.69,20.9,0.114,0.652,0.42,16.162,16.2,0.678,0.706,1.0,0.99,19.8,99.0,82.5,99.0,0.53
0022200661,1610612748,Miami,Heat,MIA,heat,240:00,570.7,114.1,611.1,122.2,-40.4,-8.1,0.698,1.88,20.8,0.348,0.886,0.58,16.162,16.2,0.528,0.578,1.0,0.974,19.8,99.0,82.5,99.0,0.47
0022200658,1610612739,Cleveland,Cavaliers,CLE,cavaliers,240:00,588.5,117.7,530.9,106.2,57.6,11.5,0.564,1.47,16.5,0.341,0.825,0.571,15.625,15.6,0.544,0.598,1.0,0.991,19.3,96.5,80.42,96.0,0.538
0022200658,1610612740,New Orleans,Pelicans,NOP,pelicans,240:00,530.9,106.2,588.5,117.7,-57.6,-11.5,0.684,1.53,20.2,0.175,0.659,0.429,17.526,17.5,0.573,0.608,1.0,0.981,19.3,96.5,80.42,97.0,0.462
0022200660,1610612764,Washington,Wizards,WAS,wizards,240:00,572.8,114.6,616.5,123.3,-43.7,-8.7,0.738,2.21,21.7,0.205,0.783,0.5,13.592,13.6,0.57,0.614,1.0,0.982,20.6,103.0,85.83,103.0,0.476
0022200660,1610612744,Golden State,Warriors,GSW,warriors,240:00,616.5,123.3,572.8,114.6,43.7,8.7,0.622,2.33,19.9,0.217,0.795,0.5,11.65,11.7,0.593,0.633,1.0,0.982,20.6,103.0,85.83,103.0,0.524
0022200659,1610612752,New York,Knicks,NYK,knicks,265:00,599.0,119.8,608.9,121.8,-9.9,-2.0,0.405,1.42,11.7,0.443,0.629,0.537,11.881,11.9,0.47,0.529,1.0,0.977,18.29,91.47,76.23,101.0,0.448
0022200659,1610612761,Toronto,Raptors,TOR,raptors,265:00,608.9,121.8,599.0,119.8,9.9,2.0,0.711,4.5,17.9,0.371,0.557,0.463,5.941,5.9,0.464,0.539,1.0,0.976,18.29,91.47,76.23,101.0,0.552
0022200662,1610612750,Minnesota,Timberwolves,MIN,timberwolves,240:00,637.8,127.6,649.5,129.9,-11.7,-2.3,0.609,4.67,19.2,0.351,0.595,0.455,6.122,6.1,0.545,0.574,1.0,0.966,19.5,97.5,81.25,98.0,0.482
0022200662,1610612762,Utah,Jazz,UTA,jazz,240:00,649.5,129.9,637.8,127.6,11.7,2.3,0.556,1.39,18.0,0.405,0.649,0.545,18.557,18.6,0.613,0.654,1.0,0.991,19.5,97.5,81.25,97.0,0.518
0022200654,1610612757,Portland,Trail Blazers,POR,blazers,240:00,714.3,142.9,627.6,125.5,86.7,17.3,0.651,3.5,20.3,0.302,0.7,0.516,8.163,8.2,0.606,0.676,1.0,0.991,19.6,98.0,81.67,98.0,0.563
0022200654,1610612742,Dallas,Mavericks,DAL,mavericks,240:00,627.6,125.5,714.3,142.9,-86.7,-17.3,0.756,3.44,21.5,0.3,0.698,0.484,9.184,9.2,0.539,0.594,1.0,0.982,19.6,98.0,81.67,98.0,0.437
0022200649,1610612746,LA,Clippers,LAC,clippers,240:00,593.1,118.6,490.2,98.0,102.9,20.6,0.457,1.24,15.4,0.289,0.74,0.526,16.667,16.7,0.602,0.622,1.0,0.974,20.4,102.0,85.0,102.0,0.597
0022200649,1610612745,Houston,Rockets,HOU,rockets,240:00,490.2,98.0,593.1,118.6,-102.9,-20.6,0.579,1.1,16.1,0.26,0.711,0.474,19.608,19.6,0.494,0.531,1.0,0.983,20.4,102.0,85.0,102.0,0.403
0022200653,1610612743,Denver,Nuggets,DEN,nuggets,240:00,595.0,119.0,580.0,116.0,15.0,3.0,0.667,2.0,21.8,0.333,0.689,0.511,16.0,16.0,0.612,0.611,1.0,0.974,20.0,100.0,83.33,100.0,0.52
0022200653,1610612753,Orlando,Magic,ORL,magic,240:00,580.0,116.0,595.0,119.0,-15.0,-3.0,0.585,1.85,17.4,0.311,0.667,0.489,13.0,13.0,0.53,0.586,1.0,0.982,20.0,100.0,83.33,100.0,0.48
0022200650,1610612741,Chicago,Bulls,CHI,bulls,240:00,616.8,123.4,551.4,110.3,65.4,13.1,0.604,2.9,19.9,0.213,0.783,0.495,9.346,9.3,0.584,0.625,1.0,0.983,21.4,107.0,89.17,107.0,0.557
0022200650,1610612744,Golden State,Warriors,GSW,warriors,240:00,551.4,110.3,616.8,123.4,-65.4,-13.1,0.854,1.52,23.2,0.217,0.787,0.505,21.495,21.5,0.62,0.637,1.0,1.0,21.4,107.0,89.17,107.0,0.443
0022200655,1610612747,Los Angeles,Lakers,LAL,lakers,240:00,583.3,116.7,582.5,116.5,0.9,0.2,0.583,2.55,21.5,0.146,0.795,0.482,11.458,11.5,0.586,0.604,1.0,0.98,19.3,96.5,80.42,96.0,0.498
0022200655,1610612755,Philadelphia,76ers,PHI,sixers,240:00,582.5,116.5,583.3,116.7,-0.9,-0.2,0.674,2.9,21.5,0.205,0.854,0.518,10.309,10.3,0.576,0.605,1.0,0.962,19.3,96.5,80.42,97.0,0.502
0022200652,1610612759,San Antonio,Spurs,SAS,spurs,240:00,619.8,124.0,680.4,136.1,-60.6,-12.1,0.563,2.7,19.4,0.32,0.767,0.527,10.417,10.4,0.57,0.584,1.0,0.991,19.3,96.5,80.42,96.0,0.442
0022200652,1610612758,Sacramento,Kings,SAC,kings,240:00,680.4,136.1,619.8,124.0,60.6,12.1,0.49,4.0,18.3,0.233,0.68,0.473,6.186,6.2,0.629,0.66,1.0,0.963,19.3,96.5,80.42,97.0,0.558
0022200648,1610612765,Detroit,Pistons,DET,pistons,240:00,559.1,111.8,635.9,127.2,-76.7,-15.3,0.622,1.92,18.1,0.229,0.627,0.434,12.903,12.9,0.554,0.58,1.0,0.962,18.5,92.5,77.08,93.0,0.434
0022200648,1610612752,New York,Knicks,NYK,knicks,240:00,635.9,127.2,559.1,111.8,76.7,15.3,0.425,2.13,13.3,0.373,0.771,0.566,8.696,8.7,0.523,0.576,1.0,0.973,18.5,92.5,77.08,92.0,0.566
0022200651,1610612751,Brooklyn,Nets,BKN,nets,240:00,515.2,103.0,560.0,112.0,-44.8,-9.0,0.615,1.5,17.1,0.298,0.731,0.505,16.162,16.2,0.495,0.513,1.0,0.991,19.9,99.5,82.92,99.0,0.432
0022200651,1610612760,Oklahoma City,Thunder,OKC,thunder,240:00,560.0,112.0,515.2,103.0,44.8,9.0,0.525,2.33,15.6,0.269,0.702,0.495,9.0,9.0,0.511,0.552,1.0,0.965,19.9,99.5,82.92,100.0,0.568
0022200643,1610612754,Indiana,Pacers,IND,pacers,240:00,500.0,100.0,580.4,116.1,-80.4,-16.1,0.684,1.3,16.0,0.369,0.81,0.542,17.857,17.9,0.422,0.486,1.0,0.971,22.4,112.0,93.33,112.0,0.37
0022200643,1610612763,Memphis,Grizzlies,MEM,grizzlies,240:00,580.4,116.1,500.0,100.0,80.4,16.1,0.667,2.0,21.2,0.19,0.631,0.458,14.286,14.3,0.621,0.654,1.0,0.975,22.4,112.0,93.33,112.0,0.63
0022200642,1610612766,Charlotte,Hornets,CHA,hornets,240:00,552.1,110.4,635.4,127.1,-83.3,-16.7,0.512,1.91,16.4,0.234,0.717,0.49,11.458,11.5,0.511,0.55,1.0,0.981,19.2,96.0,80.0,96.0,0.433
0022200642,1610612738,Boston,Celtics,BOS,celtics,240:00,635.4,127.1,552.1,110.4,83.3,16.7,0.745,5.0,24.0,0.283,0.766,0.51,7.292,7.3,0.571,0.59,1.0,0.982,19.2,96.0,80.0,96.0,0.567
0022200647,1610612757,Portland,Trail Blazers,POR,blazers,240:00,693.9,138.8,607.1,121.4,86.7,17.3,0.694,2.83,23.6,0.325,0.909,0.631,12.245,12.2,0.653,0.696,1.0,0.964,19.6,98.0,81.67,98.0,0.597
0022200647,1610612742,Dallas,Mavericks,DAL,mavericks,240:00,607.1,121.4,693.9,138.8,-86.7,-17.3,0.651,2.55,21.5,0.091,0.675,0.369,11.224,11.2,0.659,0.658,1.0,0.98,19.6,98.0,81.67,98.0,0.403
0022200645,1610612750,Minnesota,Timberwolves,MIN,timberwolves,240:00,567.0,113.4,531.3,106.3,35.8,7.2,0.489,1.47,17.6,0.158,0.775,0.474,15.464,15.5,0.619,0.635,1.0,0.951,19.3,96.5,80.42,97.0,0.52
0022200645,1610612739,Cleveland,Cavaliers,CLE,cavaliers,240:00,531.3,106.3,567.0,113.4,-35.8,-7.2,0.649,1.33,18.6,0.225,0.842,0.526,18.75,18.8,0.539,0.592,1.0,0.99,19.3,96.5,80.42,96.0,0.48
0022200641,1610612748,Miami,Heat,MIA,heat,240:00,609.9,122.0,522.0,104.4,87.9,17.6,0.378,1.55,13.9,0.326,0.784,0.574,12.088,12.1,0.58,0.601,1.0,0.981,18.2,91.0,75.83,91.0,0.586
0022200641,1610612749,Milwaukee,Bucks,MIL,bucks,240:00,522.0,104.4,609.9,122.0,-87.9,-17.6,0.765,2.6,20.3,0.216,0.674,0.426,10.989,11.0,0.518,0.532,1.0,0.98,18.2,91.0,75.83,91.0,0.414
0022200646,1610612762,Utah,Jazz,UTA,jazz,240:00,585.0,117.0,596.0,119.2,-11.0,-2.2,0.465,1.67,14.8,0.333,0.784,0.566,12.0,12.0,0.544,0.584,1.0,0.957,19.9,99.5,82.92,100.0,0.498
0022200646,1610612755,Philadelphia,76ers,PHI,sixers,240:00,596.0,119.2,585.0,117.0,11.0,2.2,0.575,2.88,17.3,0.216,0.667,0.434,8.081,8.1,0.545,0.587,1.0,0.982,19.9,99.5,82.92,99.0,0.502
0022200644,1610612761,Toronto,Raptors,TOR,raptors,240:00,520.2,104.0,581.6,116.3,-61.4,-12.3,0.528,1.36,14.0,0.34,0.833,0.558,14.141,14.1,0.454,0.514,1.0,0.957,19.7,98.5,82.08,99.0,0.438
0022200644,1610612737,Atlanta,Hawks,ATL,hawks,240:00,581.6,116.3,520.2,104.0,61.4,12.3,0.442,1.58,15.3,0.167,0.66,0.442,12.245,12.2,0.577,0.62,1.0,0.971,19.7,98.5,82.08,98.0,0.562
0022200640,1610612758,Sacramento,Kings,SAC,kings,240:00,702.0,140.4,575.8,115.2,126.3,25.3,0.723,2.43,22.8,0.4,0.655,0.547,14.141,14.1,0.663,0.704,1.0,0.983,19.8,99.0,82.5,99.0,0.649
0022200640,1610612745,Houston,Rockets,HOU,rockets,240:00,575.8,115.2,702.0,140.4,-126.3,-25.3,0.535,1.53,16.3,0.345,0.6,0.453,15.152,15.2,0.538,0.559,1.0,0.983,19.8,99.0,82.5,99.0,0.351
0022200639,1610612746,LA,Clippers,LAC,clippers,240:00,542.1,108.4,618.3,123.7,-76.2,-15.2,0.488,1.67,15.5,0.298,0.756,0.522,12.632,12.6,0.529,0.553,1.0,0.963,18.8,94.0,78.33,95.0,0.432
0022200639,1610612743,Denver,Nuggets,DEN,nuggets,240:00,618.3,123.7,542.1,108.4,76.2,15.2,0.585,2.18,18.8,0.244,0.702,0.478,11.828,11.8,0.585,0.618,1.0,0.99,18.8,94.0,78.33,93.0,0.568
0022200638,1610612762,Utah,Jazz,UTA,jazz,240:00,533.3,106.7,509.4,101.9,23.9,4.8,0.417,0.63,10.8,0.38,0.763,0.587,22.857,22.9,0.5,0.557,1.0,0.992,21.1,105.5,87.92,105.0,0.535
0022200638,1610612753,Orlando,Magic,ORL,magic,240:00,509.4,101.9,533.3,106.7,-23.9,-4.8,0.548,1.53,16.1,0.237,0.62,0.413,14.151,14.2,0.51,0.524,1.0,0.983,21.1,105.5,87.92,106.0,0.465
0022200636,1610612741,Chicago,Bulls,CHI,bulls,240:00,555.6,111.1,613.9,122.8,-58.3,-11.7,0.789,1.88,21.1,0.271,0.681,0.474,16.162,16.2,0.518,0.576,1.0,1.0,20.0,100.0,83.33,99.0,0.459
0022200636,1610612760,Oklahoma City,Thunder,OKC,thunder,240:00,613.9,122.8,555.6,111.1,58.3,11.7,0.468,2.0,16.1,0.319,0.729,0.526,10.891,10.9,0.571,0.61,1.0,0.965,20.0,100.0,83.33,101.0,0.541
0022200632,1610612765,Detroit,Pistons,DET,pistons,240:00,514.0,102.8,542.1,108.4,-28.0,-5.6,0.465,1.54,14.8,0.157,0.75,0.444,12.15,12.1,0.517,0.547,1.0,0.983,21.4,107.0,89.17,107.0,0.45
0022200632,1610612740,New Orleans,Pelicans,NOP,pelicans,240:00,542.1,108.4,514.0,102.8,28.0,5.6,0.69,1.71,19.6,0.25,0.843,0.556,15.888,15.9,0.552,0.585,1.0,0.975,21.4,107.0,89.17,107.0,0.55
0022200634,1610612764,Washington,Wizards,WAS,wizards,240:00,568.4,113.7,583.3,116.7,-14.9,-3.0,0.5,2.25,13.8,0.288,0.691,0.482,8.421,8.4,0.457,0.517,1.0,0.982,19.1,95.5,79.58,95.0,0.483
0022200634,1610612752,New York,Knicks,NYK,knicks,240:00,583.3,116.7,568.4,113.7,14.9,3.0,0.366,2.14,11.7,0.309,0.712,0.518,7.292,7.3,0.489,0.53,1.0,0.973,19.1,95.5,79.58,96.0,0.517
0022200633,1610612754,Indiana,Pacers,IND,pacers,240:00,560.6,112.1,565.0,113.0,-4.4,-0.9,0.6,2.0,16.1,0.406,0.636,0.513,12.121,12.1,0.431,0.488,1.0,0.992,19.9,99.5,82.92,99.0,0.477
0022200633,1610612737,Atlanta,Hawks,ATL,hawks,240:00,565.0,113.0,560.6,112.1,4.4,0.9,0.634,1.86,17.8,0.364,0.594,0.487,14.0,14.0,0.521,0.547,1.0,0.967,19.9,99.5,82.92,100.0,0.523
0022200635,1610612759,San Antonio,Spurs,SAS,spurs,240:00,509.0,101.8,654.5,130.9,-145.5,-29.1,0.65,1.73,17.8,0.189,0.723,0.44,13.514,13.5,0.5,0.549,1.0,0.983,22.1,110.5,92.08,111.0,0.377
0022200635,1610612744,Golden State,Warriors,GSW,warriors,240:00,654.5,130.9,509.0,101.8,145.5,29.1,0.6,2.54,21.2,0.277,0.811,0.56,11.818,11.8,0.634,0.656,1.0,0.984,22.1,110.5,92.08,110.0,0.623
0022200637,1610612750,Minnesota,Timberwolves,MIN,timberwolves,240:00,570.8,114.2,547.2,109.4,23.6,4.7,0.511,1.6,17.0,0.244,0.756,0.5,14.151,14.2,0.578,0.612,1.0,0.966,21.2,106.0,88.33,106.0,0.513
0022200637,1610612756,Phoenix,Suns,PHX,suns,240:00,547.2,109.4,570.8,114.2,-23.6,-4.7,0.683,1.47,19.3,0.244,0.756,0.5,17.925,17.9,0.558,0.601,1.0,0.983,21.2,106.0,88.33,106.0,0.487
0022200628,1610612748,Miami,Heat,MIA,heat,240:00,562.5,112.5,525.8,105.2,36.7,7.3,0.524,1.69,15.9,0.377,0.8,0.593,13.542,13.5,0.489,0.529,1.0,0.991,19.3,96.5,80.42,96.0,0.568
0022200628,1610612749,Milwaukee,Bucks,MIL,bucks,240:00,525.8,105.2,562.5,112.5,-36.7,-7.3,0.571,1.82,15.6,0.2,0.623,0.407,11.34,11.3,0.529,0.545,1.0,0.963,19.3,96.5,80.42,97.0,0.432
0022200630,1610612747,Los Angeles,Lakers,LAL,lakers,290:00,487.3,97.5,495.8,99.2,-8.5,-1.7,0.545,2.4,15.2,0.233,0.9,0.504,8.475,8.5,0.438,0.464,1.0,0.985,19.7,98.48,82.07,118.0,0.467
0022200630,1610612742,Dallas,Mavericks,DAL,mavericks,290:00,495.8,99.2,487.3,97.5,8.5,1.7,0.521,1.32,16.7,0.1,0.767,0.496,15.833,15.8,0.573,0.575,1.0,0.944,19.7,98.48,82.07,120.0,0.533
0022200631,1610612757,Portland,Trail Blazers,POR,blazers,240:00,553.9,110.8,583.3,116.7,-29.4,-5.9,0.425,1.0,13.5,0.171,0.714,0.467,16.667,16.7,0.583,0.623,1.0,0.972,20.4,102.0,85.0,102.0,0.43
0022200631,1610612739,Cleveland,Cavaliers,CLE,cavaliers,240:00,583.3,116.7,553.9,110.8,29.4,5.9,0.636,2.55,19.6,0.286,0.829,0.533,10.784,10.8,0.534,0.58,1.0,0.991,20.4,102.0,85.0,102.0,0.57
0022200629,1610612761,Toronto,Raptors,TOR,raptors,240:00,632.7,126.5,575.8,115.2,56.9,11.4,0.698,3.33,21.7,0.233,0.659,0.44,9.184,9.2,0.578,0.627,1.0,0.991,19.7,98.5,82.08,98.0,0.567
0022200629,1610612766,Charlotte,Hornets,CHA,hornets,240:00,575.8,115.2,632.7,126.5,-56.9,-11.4,0.659,1.23,19.3,0.341,0.767,0.56,22.222,22.2,0.617,0.641,1.0,0.973,19.7,98.5,82.08,99.0,0.433
0022200626,1610612755,Philadelphia,76ers,PHI,sixers,240:00,542.9,108.6,627.4,125.5,-84.5,-16.9,0.769,1.76,20.3,0.26,0.767,0.495,16.19,16.2,0.506,0.571,1.0,0.992,21.1,105.5,87.92,105.0,0.4
0022200626,1610612760,Oklahoma City,Thunder,OKC,thunder,240:00,627.4,125.5,542.9,108.6,84.5,16.9,0.636,2.55,19.4,0.233,0.74,0.505,10.377,10.4,0.593,0.662,1.0,0.966,21.1,105.5,87.92,106.0,0.6
0022200627,1610612751,Brooklyn,Nets,BKN,nets,240:00,521.3,104.3,573.7,114.7,-52.4,-10.5,0.684,2.17,20.5,0.17,0.674,0.419,12.766,12.8,0.53,0.552,1.0,1.0,18.9,94.5,78.75,94.0,0.452
0022200627,1610612738,Boston,Celtics,BOS,celtics,240:00,573.7,114.7,521.3,104.3,52.4,10.5,0.561,1.64,17.3,0.326,0.83,0.581,14.737,14.7,0.547,0.583,1.0,0.964,18.9,94.5,78.75,95.0,0.548
0022200623,1610612763,Memphis,Grizzlies,MEM,grizzlies,240:00,630.8,126.2,591.7,118.3,39.1,7.8,0.365,1.36,13.0,0.377,0.678,0.536,13.084,13.1,0.584,0.603,1.0,0.984,21.6,108.0,90.0,107.0,0.505
0022200623,1610612759,San Antonio,Spurs,SAS,spurs,240:00,591.7,118.3,630.8,126.2,-39.1,-7.8,0.66,2.75,20.6,0.322,0.623,0.464,11.009,11.0,0.519,0.551,1.0,0.992,21.6,108.0,90.0,109.0,0.495
0022200619,1610612764,Washington,Wizards,WAS,wizards,240:00,520.8,104.2,505.2,101.0,15.6,3.1,0.553,1.17,16.2,0.277,0.82,0.557,18.75,18.8,0.506,0.548,1.0,0.972,19.2,96.0,80.0,96.0,0.538
0022200619,1610612741,Chicago,Bulls,CHI,bulls,240:00,505.2,101.0,520.8,104.2,-15.6,-3.1,0.39,1.33,13.2,0.18,0.723,0.443,12.5,12.5,0.517,0.527,1.0,0.981,19.2,96.0,80.0,96.0,0.462
0022200618,1610612765,Detroit,Pistons,DET,pistons,240:00,668.3,133.7,578.4,115.7,89.9,18.0,0.625,1.76,21.4,0.265,0.653,0.494,16.832,16.8,0.706,0.731,1.0,0.982,20.3,101.5,84.58,101.0,0.615
0022200618,1610612750,Minnesota,Timberwolves,MIN,timberwolves,240:00,578.4,115.7,668.3,133.7,-89.9,-18.0,0.512,1.16,15.6,0.347,0.735,0.506,18.627,18.6,0.58,0.607,1.0,0.966,20.3,101.5,84.58,102.0,0.385
0022200620,1610612737,Atlanta,Hawks,ATL,hawks,240:00,519.8,104.0,570.0,114.0,-50.2,-10.0,0.641,2.27,18.9,0.12,0.714,0.434,10.891,10.9,0.511,0.553,1.0,0.981,20.1,100.5,83.75,101.0,0.467
0022200620,1610612749,Milwaukee,Bucks,MIL,bucks,240:00,570.0,114.0,519.8,104.0,50.2,10.0,0.622,2.55,19.4,0.286,0.88,0.566,11.0,11.0,0.551,0.554,1.0,0.974,20.1,100.5,83.75,100.0,0.533
0022200624,1610612743,Denver,Nuggets,DEN,nuggets,240:00,649.5,129.9,505.2,101.0,144.3,28.9,0.625,2.73,21.6,0.286,0.615,0.468,11.34,11.3,0.653,0.669,1.0,0.954,19.3,96.5,80.42,97.0,0.631
0022200624,1610612756,Phoenix,Suns,PHX,suns,240:00,505.2,101.0,649.5,129.9,-144.3,-28.9,0.718,1.4,19.4,0.385,0.714,0.532,20.833,20.8,0.483,0.504,1.0,0.966,19.3,96.5,80.42,96.0,0.369
0022200621,1610612738,Boston,Celtics,BOS,celtics,240:00,618.8,123.8,570.0,114.0,48.8,9.8,0.545,2.67,17.5,0.271,0.911,0.581,8.911,8.9,0.566,0.613,1.0,0.982,20.1,100.5,83.75,101.0,0.557
0022200621,1610612740,New Orleans,Pelicans,NOP,pelicans,240:00,570.0,114.0,618.8,123.8,-48.8,-9.8,0.489,2.44,17.5,0.089,0.729,0.419,9.0,9.0,0.58,0.603,1.0,0.99,20.1,100.5,83.75,100.0,0.443
0022200625,1610612758,Sacramento,Kings,SAC,kings,240:00,642.9,128.6,547.6,109.5,95.2,19.0,0.622,3.11,19.3,0.245,0.741,0.495,8.571,8.6,0.58,0.627,1.0,0.991,21.0,105.0,87.5,105.0,0.554
0022200625,1610612745,Houston,Rockets,HOU,rockets,240:00,547.6,109.5,642.9,128.6,-95.2,-19.0,0.682,2.14,20.1,0.259,0.755,0.505,13.333,13.3,0.542,0.556,1.0,0.975,21.0,105.0,87.5,105.0,0.446
0022200622,1610612752,New York,Knicks,NYK,knicks,240:00,577.7,115.5,548.5,109.7,29.1,5.8,0.553,1.4,15.2,0.292,0.82,0.561,14.563,14.6,0.542,0.604,1.0,0.957,20.6,103.0,85.83,103.0,0.539
0022200622,1610612754,Indiana,Pacers,IND,pacers,240:00,548.5,109.7,577.7,115.5,-29.1,-5.8,0.628,2.08,19.4,0.18,0.708,0.439,12.621,12.6,0.544,0.569,1.0,0.982,20.6,103.0,85.83,103.0,0.461
0022200616,1610612757,Portland,Trail Blazers,POR,blazers,240:00,546.4,109.3,567.7,113.5,-21.3,-4.3,0.524,1.29,16.4,0.356,0.75,0.541,17.526,17.5,0.517,0.556,1.0,0.982,19.3,96.5,80.42,97.0,0.497
0022200616,1610612753,Orlando,Magic,ORL,magic,240:00,567.7,113.5,546.4,109.3,21.3,4.3,0.475,1.19,15.3,0.25,0.644,0.459,16.667,16.7,0.571,0.612,1.0,1.0,19.3,96.5,80.42,96.0,0.503
0022200617,1610612746,LA,Clippers,LAC,clippers,240:00,620.9,124.2,548.9,109.8,72.0,14.4,0.513,2.0,15.5,0.353,0.791,0.553,10.989,11.0,0.523,0.57,1.0,0.982,18.3,91.5,76.25,91.0,0.544
0022200617,1610612742,Dallas,Mavericks,DAL,mavericks,240:00,548.9,109.8,620.9,124.2,-72.0,-14.4,0.5,1.25,12.9,0.209,0.647,0.447,13.043,13.0,0.522,0.595,1.0,0.96,18.3,91.5,76.25,92.0,0.456
0022200613,1610612761,Toronto,Raptors,TOR,raptors,240:00,687.5,137.5,625.0,125.0,62.5,12.5,0.711,2.91,21.8,0.396,0.786,0.578,11.458,11.5,0.604,0.642,1.0,0.983,19.2,96.0,80.0,96.0,0.522
0022200613,1610612766,Charlotte,Hornets,CHA,hornets,240:00,625.0,125.0,687.5,137.5,-62.5,-12.5,0.702,3.3,23.9,0.214,0.604,0.422,10.417,10.4,0.634,0.648,1.0,0.971,19.2,96.0,80.0,96.0,0.478
0022200611,1610612748,Miami,Heat,MIA,heat,240:00,554.5,110.9,555.0,111.0,-0.5,-0.1,0.581,0.9,13.2,0.354,0.592,0.474,19.802,19.8,0.456,0.58,1.0,0.966,20.1,100.5,83.75,101.0,0.514
0022200611,1610612760,Oklahoma City,Thunder,OKC,thunder,240:00,555.0,111.0,554.5,110.9,0.5,0.1,0.614,1.42,18.4,0.408,0.646,0.526,19.0,19.0,0.533,0.554,1.0,0.975,20.1,100.5,83.75,100.0,0.486
0022200612,1610612755,Philadelphia,76ers,PHI,sixers,240:00,674.3,134.9,532.1,106.4,142.2,28.4,0.667,1.89,22.8,0.361,0.836,0.648,17.431,17.4,0.669,0.719,1.0,0.975,21.8,109.0,90.83,109.0,0.657
0022200612,1610612765,Detroit,Pistons,DET,pistons,240:00,532.1,106.4,674.3,134.9,-142.2,-28.4,0.639,2.09,16.3,0.164,0.639,0.352,10.092,10.1,0.483,0.553,1.0,0.983,21.8,109.0,90.83,109.0,0.343
0022200615,1610612744,Golden State,Warriors,GSW,warriors,240:00,528.0,105.6,578.7,115.7,-50.7,-10.1,0.649,1.41,16.0,0.311,0.6,0.441,15.888,15.9,0.479,0.524,1.0,0.976,21.5,107.5,89.58,107.0,0.417
0022200615,1610612756,Phoenix,Suns,PHX,suns,240:00,578.7,115.7,528.0,105.6,50.7,10.1,0.634,1.18,16.9,0.4,0.689,0.559,20.37,20.4,0.533,0.603,1.0,0.969,21.5,107.5,89.58,108.0,0.583
0022200614,1610612762,Utah,Jazz,UTA,jazz,240:00,585.9,117.2,570.0,114.0,15.9,3.2,0.553,1.31,15.0,0.385,0.82,0.598,16.162,16.2,0.494,0.562,1.0,0.992,19.9,99.5,82.92,99.0,0.513
0022200614,1610612739,Cleveland,Cavaliers,CLE,cavaliers,240:00,570.0,114.0,585.9,117.2,-15.9,-3.2,0.429,3.6,14.2,0.18,0.615,0.402,5.0,5.0,0.522,0.567,1.0,0.972,19.9,99.5,82.92,100.0,0.487
0022200606,1610612738,Boston,Celtics,BOS,celtics,240:00,563.2,112.6,521.1,104.2,42.1,8.4,0.658,2.78,19.2,0.22,0.86,0.54,9.474,9.5,0.5,0.556,1.0,0.99,19.0,95.0,79.17,95.0,0.567
0022200606,1610612741,Chicago,Bulls,CHI,bulls,240:00,521.1,104.2,563.2,112.6,-42.1,-8.4,0.487,2.38,15.7,0.14,0.78,0.46,8.421,8.4,0.523,0.537,1.0,0.971,19.0,95.0,79.17,95.0,0.433
0022200610,1610612758,Sacramento,Kings,SAC,kings,240:00,666.7,133.3,544.1,108.8,122.5,24.5,0.75,3.55,25.5,0.261,0.765,0.526,10.784,10.8,0.655,0.665,1.0,0.982,20.4,102.0,85.0,102.0,0.602
0022200610,1610612753,Orlando,Magic,ORL,magic,240:00,544.1,108.8,666.7,133.3,-122.5,-24.5,0.585,1.85,17.4,0.235,0.739,0.474,12.745,12.7,0.533,0.562,1.0,0.982,20.4,102.0,85.0,102.0,0.398
0022200605,1610612764,Washington,Wizards,WAS,wizards,240:00,560.0,112.0,647.1,129.4,-87.1,-17.4,0.619,1.3,19.3,0.214,0.66,0.449,20.0,20.0,0.598,0.623,1.0,1.0,20.2,101.0,84.17,100.0,0.416
0022200605,1610612740,New Orleans,Pelicans,NOP,pelicans,240:00,647.1,129.4,560.0,112.0,87.1,17.4,0.49,2.4,16.9,0.34,0.786,0.551,9.804,9.8,0.581,0.619,1.0,0.958,20.2,101.0,84.17,102.0,0.584
0022200609,1610612743,Denver,Nuggets,DEN,nuggets,240:00,564.8,113.0,509.3,101.9,55.5,11.1,0.63,1.71,18.8,0.315,0.8,0.56,15.741,15.7,0.54,0.573,1.0,0.984,21.5,107.5,89.58,108.0,0.56
0022200609,1610612747,Los Angeles,Lakers,LAL,lakers,240:00,509.3,101.9,564.8,113.0,-55.5,-11.1,0.488,1.43,14.5,0.2,0.685,0.44,13.084,13.1,0.484,0.524,1.0,0.983,21.5,107.5,89.58,107.0,0.44
0022200607,1610612752,New York,Knicks,NYK,knicks,240:00,557.3,111.5,590.4,118.1,-33.1,-6.6,0.421,2.29,11.9,0.365,0.673,0.504,7.292,7.3,0.435,0.488,1.0,0.975,19.0,95.0,79.17,96.0,0.46
0022200607,1610612749,Milwaukee,Bucks,MIL,bucks,240:00,590.4,118.1,557.3,111.5,33.1,6.6,0.692,1.93,19.6,0.327,0.635,0.496,14.894,14.9,0.545,0.573,1.0,1.0,19.0,95.0,79.17,94.0,0.54
0022200608,1610612763,Memphis,Grizzlies,MEM,grizzlies,240:00,570.8,114.2,528.0,105.6,42.7,8.5,0.578,1.86,17.4,0.327,0.745,0.542,13.208,13.2,0.555,0.569,1.0,0.976,21.3,106.5,88.75,106.0,0.552
0022200608,1610612759,San Antonio,Spurs,SAS,spurs,240:00,528.0,105.6,570.8,114.2,-42.7,-8.5,0.636,2.0,18.8,0.255,0.673,0.458,13.084,13.1,0.51,0.543,1.0,0.975,21.3,106.5,88.75,107.0,0.448
0022200598,1610612754,Indiana,Pacers,IND,pacers,240:00,563.1,112.6,533.7,106.7,29.5,5.9,0.711,1.69,18.8,0.264,0.679,0.472,15.534,15.5,0.511,0.571,1.0,0.991,20.7,103.5,86.25,103.0,0.533
0022200598,1610612766,Charlotte,Hornets,CHA,hornets,240:00,533.7,106.7,563.1,112.6,-29.5,-5.9,0.658,1.39,17.1,0.321,0.736,0.528,17.308,17.3,0.494,0.556,1.0,0.975,20.7,103.5,86.25,104.0,0.467
0022200601,1610612745,Houston,Rockets,HOU,rockets,240:00,489.8,98.0,525.3,105.1,-35.5,-7.1,0.684,1.3,18.3,0.316,0.727,0.495,20.408,20.4,0.489,0.502,1.0,0.966,19.7,98.5,82.08,98.0,0.437
0022200601,1610612750,Minnesota,Timberwolves,MIN,timberwolves,240:00,525.3,105.1,489.8,98.0,35.5,7.1,0.605,1.21,17.3,0.273,0.684,0.505,19.192,19.2,0.538,0.58,1.0,0.973,19.7,98.5,82.08,99.0,0.563
0022200604,1610612746,LA,Clippers,LAC,clippers,240:00,534.7,106.9,554.5,110.9,-19.8,-4.0,0.676,2.27,16.9,0.367,0.833,0.574,10.891,10.9,0.442,0.497,1.0,0.984,20.2,101.0,84.17,101.0,0.466
0022200604,1610612737,Atlanta,Hawks,ATL,hawks,240:00,554.5,110.9,534.7,106.9,19.8,4.0,0.5,2.44,16.9,0.167,0.633,0.426,8.911,8.9,0.539,0.573,1.0,0.991,20.2,101.0,84.17,101.0,0.534
0022200596,1610612765,Detroit,Pistons,DET,pistons,240:00,528.6,105.7,585.7,117.1,-57.1,-11.4,0.568,1.09,17.4,0.311,0.68,0.505,21.905,21.9,0.552,0.585,1.0,0.975,21.0,105.0,87.5,105.0,0.449
0022200596,1610612755,Philadelphia,76ers,PHI,sixers,240:00,585.7,117.1,528.6,105.7,57.1,11.4,0.522,1.71,16.6,0.32,0.689,0.495,13.333,13.3,0.548,0.591,1.0,0.967,21.0,105.0,87.5,105.0,0.551
0022200602,1610612760,Oklahoma City,Thunder,OKC,thunder,240:00,618.6,123.7,561.9,112.4,56.7,11.3,0.587,3.38,19.3,0.314,0.766,0.531,8.247,8.2,0.547,0.578,1.0,0.982,19.4,97.0,80.83,97.0,0.564
0022200602,1610612742,Dallas,Mavericks,DAL,mavericks,240:00,561.9,112.4,618.6,123.7,-56.7,-11.3,0.677,1.62,16.3,0.234,0.686,0.469,13.402,13.4,0.521,0.596,1.0,0.972,19.4,97.0,80.83,97.0,0.436
0022200599,1610612748,Miami,Heat,MIA,heat,240:00,548.9,109.8,554.3,110.9,-5.4,-1.1,0.579,1.83,16.4,0.351,0.718,0.5,13.043,13.0,0.484,0.508,1.0,0.982,18.4,92.0,76.67,92.0,0.456
0022200599,1610612751,Brooklyn,Nets,BKN,nets,240:00,554.3,110.9,548.9,109.8,5.4,1.1,0.564,1.16,17.6,0.282,0.649,0.5,20.652,20.7,0.592,0.617,1.0,0.951,18.4,92.0,76.67,92.0,0.544
0022200600,1610612763,Memphis,Grizzlies,MEM,grizzlies,240:00,580.2,116.0,561.9,112.4,18.3,3.7,0.609,2.8,18.7,0.305,0.711,0.481,9.434,9.4,0.525,0.551,1.0,0.992,21.1,105.5,87.92,106.0,0.494
0022200600,1610612762,Utah,Jazz,UTA,jazz,240:00,561.9,112.4,580.2,116.0,-18.3,-3.7,0.644,1.38,19.7,0.289,0.695,0.519,20.0,20.0,0.568,0.604,1.0,0.992,21.1,105.5,87.92,105.0,0.506
0022200597,1610612761,Toronto,Raptors,TOR,raptors,240:00,568.0,113.6,519.8,104.0,48.2,9.6,0.65,2.6,17.9,0.302,0.682,0.474,9.709,9.7,0.505,0.564,1.0,0.958,20.4,102.0,85.0,103.0,0.593
0022200597,1610612757,Portland,Trail Blazers,POR,blazers,240:00,519.8,104.0,568.0,113.6,-48.2,-9.6,0.559,0.79,14.2,0.318,0.698,0.526,23.762,23.8,0.507,0.569,1.0,0.974,20.4,102.0,85.0,101.0,0.407
0022200603,1610612756,Phoenix,Suns,PHX,suns,240:00,515.8,103.2,577.3,115.5,-61.5,-12.3,0.595,1.38,17.3,0.208,0.838,0.482,16.842,16.8,0.524,0.552,1.0,1.0,19.2,96.0,80.0,95.0,0.401
0022200603,1610612739,Cleveland,Cavaliers,CLE,cavaliers,240:00,577.3,115.5,515.8,103.2,61.5,12.3,0.644,2.07,22.1,0.162,0.792,0.518,14.433,14.4,0.647,0.655,1.0,0.971,19.2,96.0,80.0,97.0,0.599
0022200592,1610612741,Chicago,Bulls,CHI,bulls,240:00,630.0,126.0,578.4,115.7,51.6,10.3,0.5,2.2,16.9,0.182,0.776,0.495,10.0,10.0,0.608,0.649,1.0,0.991,20.2,101.0,84.17,100.0,0.511
0022200592,1610612762,Utah,Jazz,UTA,jazz,240:00,578.4,115.7,630.0,126.0,-51.6,-10.3,0.783,3.6,24.3,0.224,0.818,0.505,9.804,9.8,0.559,0.585,1.0,0.973,20.2,101.0,84.17,102.0,0.489
0022200595,1610612758,Sacramento,Kings,SAC,kings,240:00,656.9,131.4,673.3,134.7,-16.4,-3.3,0.556,1.79,17.6,0.37,0.667,0.5,13.725,13.7,0.605,0.655,1.0,0.991,20.3,101.5,84.58,102.0,0.467
0022200595,1610612747,Los Angeles,Lakers,LAL,lakers,240:00,673.3,134.7,656.9,131.4,16.4,3.3,0.52,1.53,18.7,0.333,0.63,0.5,16.832,16.8,0.665,0.705,1.0,0.991,20.3,101.5,84.58,101.0,0.533
0022200594,1610612744,Golden State,Warriors,GSW,warriors,240:00,500.0,100.0,575.0,115.0,-75.0,-15.0,0.788,1.63,18.2,0.276,0.816,0.523,15.842,15.8,0.477,0.519,1.0,0.974,20.1,100.5,83.75,101.0,0.425
0022200594,1610612753,Orlando,Magic,ORL,magic,240:00,575.0,115.0,500.0,100.0,75.0,15.0,0.591,2.36,19.3,0.184,0.724,0.477,11.0,11.0,0.58,0.589,1.0,0.982,20.1,100.5,83.75,100.0,0.575
0022200591,1610612759,San Antonio,Spurs,SAS,spurs,240:00,552.4,110.5,581.7,116.3,-29.3,-5.9,0.51,1.92,17.4,0.302,0.769,0.533,12.381,12.4,0.525,0.546,1.0,0.992,20.9,104.5,87.08,105.0,0.474
0022200591,1610612738,Boston,Celtics,BOS,celtics,240:00,581.7,116.3,552.4,110.5,29.3,5.9,0.638,2.14,20.5,0.231,0.698,0.467,13.462,13.5,0.574,0.588,1.0,1.0,20.9,104.5,87.08,104.0,0.526
0022200593,1610612742,Dallas,Mavericks,DAL,mavericks,240:00,604.8,121.0,562.5,112.5,42.3,8.5,0.548,1.35,17.0,0.194,0.636,0.462,16.19,16.2,0.655,0.7,1.0,0.973,20.9,104.5,87.08,105.0,0.544
0022200593,1610612740,New Orleans,Pelicans,NOP,pelicans,240:00,562.5,112.5,604.8,121.0,-42.3,-8.5,0.578,2.0,17.3,0.364,0.806,0.538,12.5,12.5,0.505,0.535,1.0,0.984,20.9,104.5,87.08,104.0,0.456
0022200582,1610612761,Toronto,Raptors,TOR,raptors,240:00,574.5,114.9,589.5,117.9,-15.0,-3.0,0.629,3.14,17.1,0.245,0.68,0.456,7.447,7.4,0.482,0.549,1.0,0.981,18.9,94.5,78.75,94.0,0.503
0022200582,1610612752,New York,Knicks,NYK,knicks,240:00,589.5,117.9,574.5,114.9,15.0,3.0,0.487,1.46,14.6,0.32,0.755,0.544,13.684,13.7,0.566,0.593,1.0,0.946,18.9,94.5,78.75,95.0,0.497
0022200586,1610612740,New Orleans,Pelicans,NOP,pelicans,240:00,525.8,105.2,562.5,112.5,-36.7,-7.3,0.457,1.0,12.0,0.364,0.755,0.548,16.495,16.5,0.466,0.515,1.0,0.966,19.3,96.5,80.42,97.0,0.433
0022200586,1610612751,Brooklyn,Nets,BKN,nets,240:00,562.5,112.5,525.8,105.2,36.7,7.3,0.703,2.0,19.4,0.245,0.636,0.452,13.542,13.5,0.524,0.576,1.0,0.972,19.3,96.5,80.42,96.0,0.567
0022200590,1610612747,Los Angeles,Lakers,LAL,lakers,240:00,596.3,119.3,522.9,104.6,73.4,14.7,0.647,1.83,21.7,0.227,0.818,0.556,16.514,16.5,0.634,0.65,1.0,0.966,21.8,109.0,90.83,109.0,0.578
0022200590,1610612737,Atlanta,Hawks,ATL,hawks,240:00,522.9,104.6,596.3,119.3,-73.4,-14.7,0.545,2.0,16.8,0.182,0.773,0.444,11.009,11.0,0.505,0.539,1.0,0.983,21.8,109.0,90.83,109.0,0.422
0022200583,1610612749,Milwaukee,Bucks,MIL,bucks,240:00,539.6,107.9,676.5,135.3,-136.9,-27.4,0.595,1.29,16.1,0.269,0.692,0.481,16.832,16.8,0.56,0.576,1.0,0.965,20.3,101.5,84.58,101.0,0.369
0022200583,1610612766,Charlotte,Hornets,CHA,hornets,240:00,676.5,135.3,539.6,107.9,136.9,27.4,0.604,6.4,21.5,0.308,0.731,0.519,4.902,4.9,0.618,0.625,1.0,0.983,20.3,101.5,84.58,102.0,0.631
0022200589,1610612756,Phoenix,Suns,PHX,suns,240:00,505.3,101.1,536.1,107.2,-30.8,-6.2,0.647,1.57,17.2,0.25,0.826,0.532,14.737,14.7,0.451,0.516,1.0,1.009,19.2,96.0,80.0,95.0,0.462
0022200589,1610612748,Miami,Heat,MIA,heat,240:00,536.1,107.2,505.3,101.1,30.8,6.2,0.576,1.46,15.3,0.174,0.75,0.468,13.402,13.4,0.5,0.567,1.0,0.971,19.2,96.0,80.0,97.0,0.538
0022200587,1610612750,Minnesota,Timberwolves,MIN,timberwolves,240:00,633.7,126.7,563.7,112.7,69.9,14.0,0.609,1.4,19.9,0.342,0.639,0.525,19.802,19.8,0.648,0.683,1.0,0.991,20.3,101.5,84.58,101.0,0.577
0022200587,1610612746,LA,Clippers,LAC,clippers,240:00,563.7,112.7,633.7,126.7,-69.9,-14.0,0.5,2.2,15.1,0.361,0.658,0.475,9.804,9.8,0.485,0.514,1.0,0.96,20.3,101.5,84.58,102.0,0.423
0022200588,1610612743,Denver,Nuggets,DEN,nuggets,240:00,679.8,136.0,600.0,120.0,79.8,16.0,0.651,2.0,20.9,0.415,0.643,0.546,15.73,15.7,0.636,0.664,1.0,0.972,17.9,89.5,74.58,89.0,0.564
0022200588,1610612739,Cleveland,Cavaliers,CLE,cavaliers,240:00,600.0,120.0,679.8,136.0,-79.8,-16.0,0.75,4.29,21.4,0.357,0.585,0.454,7.778,7.8,0.511,0.529,1.0,0.964,17.9,89.5,74.58,90.0,0.436
0022200584,1610612760,Oklahoma City,Thunder,OKC,thunder,240:00,616.5,123.3,528.8,105.8,87.7,17.5,0.6,3.0,20.5,0.26,0.696,0.469,9.709,9.7,0.597,0.61,1.0,0.983,20.7,103.5,86.25,103.0,0.563
0022200584,1610612764,Washington,Wizards,WAS,wizards,240:00,528.8,105.8,616.5,123.3,-87.7,-17.5,0.553,1.05,15.1,0.304,0.74,0.531,19.231,19.2,0.525,0.58,1.0,0.975,20.7,103.5,86.25,104.0,0.437
0022200581,1610612755,Philadelphia,76ers,PHI,sixers,240:00,583.3,116.7,656.3,131.3,-72.9,-14.6,0.7,4.0,20.3,0.264,0.769,0.478,7.292,7.3,0.533,0.56,1.0,0.982,19.2,96.0,80.0,96.0,0.427
0022200581,1610612741,Chicago,Bulls,CHI,bulls,240:00,656.3,131.3,583.3,116.7,72.9,14.6,0.688,2.75,23.9,0.231,0.736,0.522,12.5,12.5,0.69,0.689,1.0,0.971,19.2,96.0,80.0,96.0,0.573
0022200585,1610612759,San Antonio,Spurs,SAS,spurs,240:00,593.1,118.6,534.3,106.9,58.8,11.8,0.6,1.5,19.6,0.289,0.698,0.527,17.647,17.6,0.611,0.654,1.0,0.991,20.4,102.0,85.0,102.0,0.613
0022200585,1610612765,Detroit,Pistons,DET,pistons,240:00,534.3,106.9,593.1,118.6,-58.8,-11.8,0.523,1.44,16.3,0.302,0.711,0.473,15.686,15.7,0.532,0.542,1.0,0.983,20.4,102.0,85.0,102.0,0.387
0022200580,1610612754,Indiana,Pacers,IND,pacers,240:00,509.4,101.9,467.0,93.4,42.5,8.5,0.579,1.57,16.4,0.146,0.737,0.467,13.208,13.2,0.494,0.561,1.0,0.973,21.2,106.0,88.33,106.0,0.537
0022200580,1610612757,Portland,Trail Blazers,POR,blazers,240:00,467.0,93.4,509.4,101.9,-42.5,-8.5,0.789,1.67,19.9,0.263,0.854,0.533,16.981,17.0,0.452,0.488,1.0,0.983,21.2,106.0,88.33,106.0,0.463
0022200577,1610612742,Dallas,Mavericks,DAL,mavericks,240:00,484.7,96.9,632.7,126.5,-148.0,-29.6,0.441,1.36,11.8,0.241,0.756,0.466,11.224,11.2,0.417,0.47,1.0,0.982,19.6,98.0,81.67,98.0,0.321
0022200577,1610612738,Boston,Celtics,BOS,celtics,240:00,632.7,126.5,484.7,96.9,148.0,29.6,0.707,2.64,21.0,0.244,0.759,0.534,11.224,11.2,0.583,0.635,1.0,0.991,19.6,98.0,81.67,98.0,0.679
0022200579,1610612743,Denver,Nuggets,DEN,nuggets,240:00,610.0,122.0,459.6,91.9,150.4,30.1,0.622,2.33,19.9,0.277,0.787,0.565,12.0,12.0,0.584,0.621,1.0,0.965,19.9,99.5,82.92,100.0,0.645
0022200579,1610612746,LA,Clippers,LAC,clippers,240:00,459.6,91.9,610.0,122.0,-150.4,-30.1,0.706,3.0,17.6,0.213,0.723,0.435,8.081,8.1,0.401,0.446,1.0,0.982,19.9,99.5,82.92,99.0,0.355
0022200576,1610612753,Orlando,Magic,ORL,magic,240:00,569.3,113.9,608.9,121.8,-39.6,-7.9,0.59,2.09,17.3,0.184,0.708,0.443,10.891,10.9,0.53,0.592,1.0,0.973,20.2,101.0,84.17,101.0,0.471
0022200576,1610612763,Memphis,Grizzlies,MEM,grizzlies,240:00,608.9,121.8,569.3,113.9,39.6,7.9,0.5,1.85,17.4,0.292,0.816,0.557,12.871,12.9,0.587,0.602,1.0,0.982,20.2,101.0,84.17,101.0,0.529
0022200578,1610612745,Houston,Rockets,HOU,rockets,240:00,558.8,111.8,642.2,128.4,-83.3,-16.7,0.5,1.27,13.8,0.327,0.787,0.539,14.706,14.7,0.495,0.551,1.0,0.983,20.4,102.0,85.0,102.0,0.388
0022200578,1610612762,Utah,Jazz,UTA,jazz,240:00,642.2,128.4,558.8,111.8,83.3,16.7,0.717,4.13,22.8,0.213,0.673,0.461,7.843,7.8,0.597,0.641,1.0,0.982,20.4,102.0,85.0,102.0,0.612
0022200572,1610612740,New Orleans,Pelicans,NOP,pelicans,240:00,607.1,121.4,545.5,109.1,61.7,12.3,0.61,1.67,17.7,0.36,0.717,0.544,15.306,15.3,0.539,0.592,1.0,0.983,19.7,98.5,82.08,98.0,0.556
0022200572,1610612745,Houston,Rockets,HOU,rockets,240:00,545.5,109.1,607.1,121.4,-61.7,-12.3,0.641,1.92,18.0,0.283,0.64,0.456,13.131,13.1,0.511,0.541,1.0,0.974,19.7,98.5,82.08,99.0,0.444
0022200567,1610612755,Philadelphia,76ers,PHI,sixers,265:00,614.3,122.9,600.0,120.0,14.3,2.9,0.5,2.18,16.4,0.327,0.647,0.485,10.476,10.5,0.561,0.599,1.0,0.959,19.02,95.09,79.25,105.0,0.487
0022200567,1610612754,Indiana,Pacers,IND,pacers,265:00,600.0,120.0,614.3,122.9,-14.3,-2.9,0.689,2.38,20.1,0.353,0.673,0.515,12.381,12.4,0.542,0.592,1.0,0.976,19.02,95.09,79.25,105.0,0.513
0022200566,1610612753,Orlando,Magic,ORL,magic,240:00,636.4,127.3,575.0,115.0,61.4,12.3,0.619,1.53,18.6,0.357,0.722,0.563,17.172,17.2,0.599,0.651,1.0,0.991,19.9,99.5,82.92,99.0,0.57
0022200566,1610612760,Oklahoma City,Thunder,OKC,thunder,240:00,575.0,115.0,636.4,127.3,-61.4,-12.3,0.639,2.56,16.7,0.278,0.643,0.438,9.0,9.0,0.489,0.56,1.0,0.974,19.9,99.5,82.92,100.0,0.43
0022200570,1610612741,Chicago,Bulls,CHI,bulls,240:00,570.8,114.2,533.3,106.7,37.4,7.5,0.488,1.24,15.7,0.205,0.882,0.589,16.038,16.0,0.58,0.645,1.0,0.965,21.1,105.5,87.92,106.0,0.568
0022200570,1610612751,Brooklyn,Nets,BKN,nets,240:00,533.3,106.7,570.8,114.2,-37.4,-7.5,0.571,2.18,17.8,0.118,0.795,0.411,10.476,10.5,0.527,0.559,1.0,0.982,21.1,105.5,87.92,105.0,0.432
0022200569,1610612761,Toronto,Raptors,TOR,raptors,265:00,439.1,87.8,452.2,90.4,-13.0,-2.6,0.579,2.44,13.9,0.259,0.684,0.435,7.826,7.8,0.366,0.405,1.0,0.978,20.83,104.15,86.79,115.0,0.408
0022200569,1610612749,Milwaukee,Bucks,MIL,bucks,265:00,452.2,90.4,439.1,87.8,13.0,2.6,0.743,0.93,16.4,0.316,0.741,0.565,24.348,24.3,0.472,0.514,1.0,0.947,20.83,104.15,86.79,115.0,0.592
0022200568,1610612752,New York,Knicks,NYK,knicks,240:00,579.2,115.8,564.4,112.9,14.9,3.0,0.356,1.14,11.5,0.415,0.778,0.582,13.861,13.9,0.532,0.555,1.0,0.959,20.2,101.0,84.17,101.0,0.495
0022200568,1610612759,San Antonio,Spurs,SAS,spurs,240:00,564.4,112.9,579.2,115.8,-14.9,-3.0,0.61,1.47,18.4,0.222,0.585,0.418,16.832,16.8,0.567,0.61,1.0,0.964,20.2,101.0,84.17,101.0,0.505
0022200564,1610612766,Charlotte,Hornets,CHA,hornets,240:00,500.0,100.0,606.5,121.3,-106.5,-21.3,0.658,2.08,17.6,0.172,0.686,0.413,11.215,11.2,0.463,0.512,1.0,0.991,21.5,107.5,89.58,107.0,0.393
0022200564,1610612763,Memphis,Grizzlies,MEM,grizzlies,240:00,606.5,121.3,500.0,100.0,106.5,21.3,0.596,2.0,18.7,0.314,0.828,0.587,12.963,13.0,0.548,0.594,1.0,0.992,21.5,107.5,89.58,108.0,0.607
0022200571,1610612750,Minnesota,Timberwolves,MIN,timberwolves,240:00,588.5,117.7,557.9,111.6,30.6,6.1,0.641,1.67,18.7,0.333,0.638,0.494,15.625,15.6,0.572,0.615,1.0,0.982,19.1,95.5,79.58,96.0,0.56
0022200571,1610612757,Portland,Trail Blazers,POR,blazers,240:00,557.9,111.6,588.5,117.7,-30.6,-6.1,0.545,1.0,13.8,0.362,0.667,0.506,18.947,18.9,0.5,0.567,1.0,0.973,19.1,95.5,79.58,95.0,0.44
0022200565,1610612739,Cleveland,Cavaliers,CLE,cavaliers,240:00,478.7,95.7,468.1,93.6,10.6,2.1,0.5,1.0,12.6,0.196,0.788,0.495,15.957,16.0,0.461,0.517,1.0,0.971,18.8,94.0,78.33,94.0,0.487
0022200565,1610612756,Phoenix,Suns,PHX,suns,240:00,468.1,93.6,478.7,95.7,-10.6,-2.1,0.75,1.6,18.6,0.212,0.804,0.505,15.957,16.0,0.457,0.495,1.0,0.981,18.8,94.0,78.33,94.0,0.513
0022200574,1610612747,Los Angeles,Lakers,LAL,lakers,240:00,565.7,113.1,550.5,110.1,15.2,3.0,0.5,1.18,15.3,0.279,0.655,0.49,17.172,17.2,0.543,0.594,1.0,0.991,19.8,99.0,82.5,99.0,0.528
0022200574,1610612748,Miami,Heat,MIA,heat,240:00,550.5,110.1,565.7,113.1,-15.2,-3.0,0.558,1.85,16.9,0.345,0.721,0.51,13.131,13.1,0.495,0.523,1.0,0.983,19.8,99.0,82.5,99.0,0.472
0022200575,1610612758,Sacramento,Kings,SAC,kings,240:00,573.5,114.7,588.2,117.6,-14.7,-2.9,0.634,2.36,18.7,0.229,0.78,0.483,10.784,10.8,0.523,0.586,1.0,0.973,20.4,102.0,85.0,102.0,0.493
0022200575,1610612737,Atlanta,Hawks,ATL,hawks,240:00,588.2,117.6,573.5,114.7,14.7,2.9,0.467,1.31,15.9,0.22,0.771,0.517,15.686,15.7,0.595,0.64,1.0,0.973,20.4,102.0,85.0,102.0,0.507
0022200573,1610612744,Golden State,Warriors,GSW,warriors,240:00,595.0,119.0,622.4,124.5,-27.4,-5.5,0.689,2.21,22.0,0.238,0.714,0.495,14.0,14.0,0.603,0.636,1.0,0.964,19.8,99.0,82.5,100.0,0.484
0022200573,1610612765,Detroit,Pistons,DET,pistons,240:00,622.4,124.5,595.0,119.0,27.4,5.5,0.644,2.9,20.6,0.286,0.762,0.505,10.204,10.2,0.576,0.597,1.0,0.973,19.8,99.0,82.5,98.0,0.516
0022200561,1610612749,Milwaukee,Bucks,MIL,bucks,240:00,602.9,120.6,553.9,110.8,49.0,9.8,0.563,2.25,18.5,0.346,0.691,0.523,11.765,11.8,0.535,0.572,1.0,0.992,20.4,102.0,85.0,102.0,0.536
0022200561,1610612764,Washington,Wizards,WAS,wizards,240:00,553.9,110.8,602.9,120.6,-49.0,-9.8,0.643,2.7,18.5,0.309,0.654,0.477,9.804,9.8,0.474,0.527,1.0,0.992,20.4,102.0,85.0,102.0,0.464
0022200562,1610612760,Oklahoma City,Thunder,OKC,thunder,240:00,700.9,140.2,551.9,110.4,149.0,29.8,0.534,2.38,20.4,0.341,0.74,0.553,12.15,12.1,0.694,0.697,1.0,0.983,21.3,106.5,88.75,107.0,0.603
0022200562,1610612738,Boston,Celtics,BOS,celtics,240:00,551.9,110.4,700.9,140.2,-149.0,-29.8,0.725,1.71,19.6,0.26,0.659,0.447,16.038,16.0,0.523,0.576,1.0,0.992,21.3,106.5,88.75,106.0,0.397
0022200563,1610612762,Utah,Jazz,UTA,jazz,240:00,563.7,112.7,579.2,115.8,-15.5,-3.1,0.553,1.31,15.1,0.314,0.762,0.516,15.686,15.7,0.506,0.571,1.0,0.975,20.3,101.5,84.58,102.0,0.492
0022200563,1610612758,Sacramento,Kings,SAC,kings,240:00,579.2,115.8,563.7,112.7,15.5,3.1,0.5,1.28,17.2,0.238,0.686,0.484,17.822,17.8,0.587,0.623,1.0,0.982,20.3,101.5,84.58,101.0,0.508
0022200554,1610612755,Philadelphia,76ers,PHI,sixers,240:00,618.6,123.7,560.6,112.1,58.0,11.6,0.634,2.6,19.7,0.188,0.667,0.419,10.309,10.3,0.564,0.61,1.0,0.991,19.6,98.0,81.67,97.0,0.513
0022200554,1610612740,New Orleans,Pelicans,NOP,pelicans,240:00,560.6,112.1,618.6,123.7,-58.0,-11.6,0.619,1.53,18.6,0.333,0.813,0.581,17.172,17.2,0.565,0.598,1.0,0.965,19.6,98.0,81.67,99.0,0.487
0022200558,1610612744,Golden State,Warriors,GSW,warriors,290:00,563.0,112.6,546.5,109.3,16.5,3.3,0.63,1.79,18.2,0.366,0.793,0.558,14.961,15.0,0.525,0.543,1.0,0.987,21.19,105.93,88.28,127.0,0.477
0022200558,1610612737,Atlanta,Hawks,ATL,hawks,290:00,546.5,109.3,563.0,112.6,-16.5,-3.3,0.566,2.31,17.5,0.207,0.634,0.442,10.078,10.1,0.537,0.579,1.0,0.965,21.19,105.93,88.28,129.0,0.523
0022200557,1610612750,Minnesota,Timberwolves,MIN,timberwolves,240:00,632.7,126.5,566.3,113.3,66.3,13.3,0.644,2.42,20.4,0.341,0.647,0.505,12.245,12.2,0.592,0.627,1.0,0.982,19.6,98.0,81.67,98.0,0.553
0022200557,1610612743,Denver,Nuggets,DEN,nuggets,240:00,566.3,113.3,632.7,126.5,-66.3,-13.3,0.643,1.8,18.9,0.353,0.659,0.495,15.306,15.3,0.522,0.556,1.0,0.974,19.6,98.0,81.67,98.0,0.447
0022200555,1610612751,Brooklyn,Nets,BKN,nets,240:00,661.9,132.4,485.8,97.2,176.1,35.2,0.534,2.38,21.5,0.216,0.683,0.505,12.381,12.4,0.683,0.698,1.0,0.982,21.1,105.5,87.92,105.0,0.672
0022200555,1610612759,San Antonio,Spurs,SAS,spurs,240:00,485.8,97.2,661.9,132.4,-176.1,-35.2,0.619,1.44,17.3,0.317,0.784,0.495,16.981,17.0,0.474,0.491,1.0,0.984,21.1,105.5,87.92,106.0,0.328
0022200550,1610612752,New York,Knicks,NYK,knicks,240:00,579.5,115.9,482.6,96.5,97.0,19.4,0.722,3.25,21.0,0.238,0.778,0.542,9.091,9.1,0.574,0.6,1.0,0.949,17.4,87.0,72.5,88.0,0.628
0022200550,1610612756,Phoenix,Suns,PHX,suns,240:00,482.6,96.5,579.5,115.9,-97.0,-19.4,0.647,2.75,18.3,0.222,0.762,0.458,9.302,9.3,0.448,0.461,1.0,1.0,17.4,87.0,72.5,86.0,0.372
0022200551,1610612766,Charlotte,Hornets,CHA,hornets,240:00,527.5,105.5,550.0,110.0,-22.5,-4.5,0.571,1.71,16.8,0.193,0.778,0.477,12.844,12.8,0.511,0.544,1.0,1.0,21.9,109.5,91.25,109.0,0.468
0022200551,1610612747,Los Angeles,Lakers,LAL,lakers,240:00,550.0,110.0,527.5,105.5,22.5,4.5,0.578,1.73,17.6,0.222,0.807,0.523,13.636,13.6,0.538,0.57,1.0,0.975,21.9,109.5,91.25,110.0,0.532
0022200552,1610612739,Cleveland,Cavaliers,CLE,cavaliers,265:00,671.3,134.3,614.7,122.9,56.6,11.3,0.563,2.7,18.1,0.269,0.765,0.515,9.259,9.3,0.609,0.648,1.0,0.984,19.65,98.26,81.89,108.0,0.521
0022200552,1610612741,Chicago,Bulls,CHI,bulls,265:00,614.7,122.9,671.3,134.3,-56.6,-11.3,0.468,3.14,15.6,0.235,0.731,0.485,6.422,6.4,0.547,0.609,1.0,0.975,19.65,98.26,81.89,109.0,0.479
0022200560,1610612746,LA,Clippers,LAC,clippers,240:00,526.3,105.3,578.9,115.8,-52.6,-10.5,0.655,1.27,16.1,0.098,0.708,0.427,15.789,15.8,0.522,0.61,1.0,0.98,19.0,95.0,79.17,95.0,0.462
0022200560,1610612748,Miami,Heat,MIA,heat,240:00,578.9,115.8,526.3,105.3,52.6,10.5,0.564,2.0,16.8,0.292,0.902,0.573,11.579,11.6,0.529,0.576,1.0,0.982,19.0,95.0,79.17,95.0,0.538
0022200553,1610612754,Indiana,Pacers,IND,pacers,240:00,616.2,123.2,581.6,116.3,34.5,6.9,0.533,1.85,16.8,0.438,0.741,0.598,13.131,13.1,0.538,0.584,1.0,0.975,19.7,98.5,82.08,99.0,0.556
0022200553,1610612761,Toronto,Raptors,TOR,raptors,240:00,581.6,116.3,616.2,123.2,-34.5,-6.9,0.634,2.36,18.8,0.259,0.563,0.402,11.224,11.2,0.527,0.564,1.0,0.991,19.7,98.5,82.08,98.0,0.444
0022200559,1610612757,Portland,Trail Blazers,POR,blazers,240:00,602.7,120.5,481.8,96.4,120.9,24.2,0.604,1.61,19.6,0.156,0.765,0.479,16.071,16.1,0.655,0.679,1.0,0.966,22.2,111.0,92.5,112.0,0.663
0022200559,1610612765,Detroit,Pistons,DET,pistons,240:00,481.8,96.4,602.7,120.5,-120.9,-24.2,0.471,0.76,11.6,0.235,0.844,0.521,19.091,19.1,0.451,0.53,1.0,0.992,22.2,111.0,92.5,110.0,0.337
0022200556,1610612745,Houston,Rockets,HOU,rockets,240:00,552.1,110.4,578.1,115.6,-26.0,-5.2,0.553,2.1,16.7,0.208,0.8,0.51,10.417,10.4,0.518,0.559,1.0,1.0,19.2,96.0,80.0,96.0,0.459
0022200556,1610612742,Dallas,Mavericks,DAL,mavericks,240:00,578.1,115.6,552.1,110.4,26.0,5.2,0.559,2.38,15.2,0.2,0.792,0.49,8.333,8.3,0.5,0.578,1.0,0.981,19.2,96.0,80.0,96.0,0.541
0022200549,1610612743,Denver,Nuggets,DEN,nuggets,240:00,602.9,120.6,555.0,111.0,47.9,9.6,0.689,1.82,22.6,0.114,0.75,0.482,16.667,16.7,0.677,0.708,1.0,0.943,20.2,101.0,84.17,102.0,0.541
0022200549,1610612738,Boston,Celtics,BOS,celtics,240:00,555.0,111.0,602.9,120.6,-47.9,-9.6,0.75,2.31,21.1,0.25,0.886,0.518,13.0,13.0,0.511,0.561,1.0,1.0,20.2,101.0,84.17,100.0,0.459
0022200548,1610612749,Milwaukee,Bucks,MIL,bucks,240:00,461.2,92.2,572.8,114.6,-111.7,-22.3,0.647,1.38,15.4,0.286,0.646,0.441,15.534,15.5,0.422,0.463,1.0,0.983,20.6,103.0,85.83,103.0,0.358
0022200548,1610612764,Washington,Wizards,WAS,wizards,240:00,572.8,114.6,461.2,92.2,111.7,22.3,0.58,1.61,19.5,0.354,0.714,0.559,17.476,17.5,0.569,0.584,1.0,0.975,20.6,103.0,85.83,103.0,0.642
0022200547,1610612763,Memphis,Grizzlies,MEM,grizzlies,240:00,584.2,116.8,540.0,108.0,44.2,8.8,0.543,2.08,16.8,0.414,0.667,0.539,11.881,11.9,0.51,0.534,1.0,0.976,20.1,100.5,83.75,101.0,0.556
0022200547,1610612758,Sacramento,Kings,SAC,kings,240:00,540.0,108.0,584.2,116.8,-44.2,-8.8,0.615,1.5,16.9,0.333,0.586,0.461,16.0,16.0,0.484,0.526,1.0,0.983,20.1,100.5,83.75,100.0,0.444
0022200544,1610612750,Minnesota,Timberwolves,MIN,timberwolves,240:00,514.9,103.0,568.6,113.7,-53.8,-10.8,0.472,1.13,13.3,0.208,0.667,0.444,14.851,14.9,0.494,0.551,1.0,0.991,20.3,101.5,84.58,101.0,0.431
0022200544,1610612765,Detroit,Pistons,DET,pistons,240:00,568.6,113.7,514.9,103.0,53.8,10.8,0.488,1.5,15.0,0.333,0.792,0.556,13.725,13.7,0.539,0.572,1.0,0.975,20.3,101.5,84.58,102.0,0.569
0022200538,1610612754,Indiana,Pacers,IND,pacers,240:00,642.2,128.4,643.6,128.7,-1.4,-0.3,0.609,2.33,19.9,0.273,0.789,0.512,11.765,11.8,0.602,0.65,1.0,0.973,20.3,101.5,84.58,102.0,0.508
0022200538,1610612746,LA,Clippers,LAC,clippers,240:00,643.6,128.7,642.2,128.4,1.4,0.3,0.535,1.44,17.4,0.211,0.727,0.488,15.842,15.8,0.638,0.701,1.0,0.982,20.3,101.5,84.58,101.0,0.492
0022200545,1610612760,Oklahoma City,Thunder,OKC,thunder,240:00,470.6,94.1,563.7,112.7,-93.1,-18.6,0.457,1.0,11.9,0.279,0.661,0.462,15.686,15.7,0.446,0.472,1.0,0.992,20.4,102.0,85.0,102.0,0.363
0022200545,1610612755,Philadelphia,76ers,PHI,sixers,240:00,563.7,112.7,470.6,94.1,93.1,18.6,0.63,2.23,19.3,0.339,0.721,0.538,12.745,12.7,0.52,0.54,1.0,0.983,20.4,102.0,85.0,102.0,0.637
0022200542,1610612759,San Antonio,Spurs,SAS,spurs,240:00,657.9,131.6,656.3,131.3,1.6,0.3,0.596,2.15,19.7,0.432,0.805,0.612,13.684,13.7,0.6,0.631,1.0,0.991,19.1,95.5,79.58,95.0,0.525
0022200542,1610612742,Dallas,Mavericks,DAL,mavericks,240:00,656.3,131.3,657.9,131.6,-1.6,-0.3,0.42,4.2,17.1,0.195,0.568,0.388,5.208,5.2,0.663,0.661,1.0,0.99,19.1,95.5,79.58,96.0,0.475
0022200543,1610612763,Memphis,Grizzlies,MEM,grizzlies,240:00,547.2,109.4,472.0,94.4,75.2,15.0,0.553,1.37,17.7,0.313,0.635,0.495,17.925,17.9,0.538,0.57,1.0,0.975,21.3,106.5,88.75,106.0,0.663
0022200543,1610612740,New Orleans,Pelicans,NOP,pelicans,240:00,472.0,94.4,547.2,109.4,-75.2,-15.0,0.5,0.8,11.0,0.365,0.688,0.505,18.692,18.7,0.396,0.473,1.0,0.977,21.3,106.5,88.75,107.0,0.337
0022200540,1610612741,Chicago,Bulls,CHI,bulls,240:00,515.2,103.0,525.5,105.1,-10.4,-2.1,0.359,0.93,11.5,0.205,0.667,0.453,15.152,15.2,0.525,0.557,1.0,0.991,19.7,98.5,82.08,99.0,0.516
0022200540,1610612739,Cleveland,Cavaliers,CLE,cavaliers,240:00,525.5,105.1,515.2,103.0,10.4,2.1,0.513,0.95,14.8,0.333,0.795,0.547,21.429,21.4,0.535,0.552,1.0,0.991,19.7,98.5,82.08,98.0,0.484
0022200541,1610612745,Houston,Rockets,HOU,rockets,240:00,449.0,89.8,556.7,111.3,-107.7,-21.5,0.69,0.8,15.0,0.327,0.683,0.518,25.51,25.5,0.468,0.505,1.0,0.982,19.5,97.5,81.25,98.0,0.403
0022200541,1610612752,New York,Knicks,NYK,knicks,240:00,556.7,111.3,449.0,89.8,107.7,21.5,0.571,2.0,14.7,0.317,0.673,0.482,10.309,10.3,0.472,0.519,1.0,0.991,19.5,97.5,81.25,97.0,0.597
0022200546,1610612762,Utah,Jazz,UTA,jazz,240:00,621.2,124.2,642.9,128.6,-21.6,-4.3,0.657,1.44,16.2,0.417,0.694,0.557,16.162,16.2,0.537,0.613,1.0,0.975,19.7,98.5,82.08,99.0,0.49
0022200546,1610612748,Miami,Heat,MIA,heat,240:00,642.9,128.6,621.2,124.2,21.6,4.3,0.711,2.67,22.1,0.306,0.583,0.443,12.245,12.2,0.579,0.616,1.0,0.991,19.7,98.5,82.08,98.0,0.51
0022200539,1610612766,Charlotte,Hornets,CHA,hornets,240:00,524.8,105.0,615.0,123.0,-90.2,-18.0,0.737,2.33,19.4,0.288,0.941,0.527,11.881,11.9,0.453,0.504,1.0,0.991,20.1,100.5,83.75,101.0,0.406
0022200539,1610612751,Brooklyn,Nets,BKN,nets,240:00,615.0,123.0,524.8,105.0,90.2,18.0,0.542,1.86,20.3,0.059,0.712,0.473,14.0,14.0,0.681,0.696,1.0,1.0,20.1,100.5,83.75,100.0,0.594
0022200529,1610612753,Orlando,Magic,ORL,magic,240:00,467.3,93.5,556.1,111.2,-88.8,-17.8,0.571,2.18,16.8,0.194,0.833,0.429,10.28,10.3,0.445,0.467,1.0,0.983,21.4,107.0,89.17,107.0,0.356
0022200529,1610612764,Washington,Wizards,WAS,wizards,240:00,556.1,111.2,467.3,93.5,88.8,17.8,0.786,1.27,22.6,0.167,0.806,0.571,24.299,24.3,0.66,0.692,1.0,0.982,21.4,107.0,89.17,107.0,0.644
0022200535,1610612743,Denver,Nuggets,DEN,nuggets,240:00,613.9,122.8,589.1,117.8,24.8,5.0,0.756,1.7,23.9,0.212,0.708,0.506,19.802,19.8,0.704,0.724,1.0,0.972,20.2,101.0,84.17,101.0,0.55
0022200535,1610612748,Miami,Heat,MIA,heat,240:00,589.1,117.8,613.9,122.8,-24.8,-5.0,0.538,1.4,15.4,0.292,0.788,0.494,14.851,14.9,0.529,0.594,1.0,0.974,20.2,101.0,84.17,101.0,0.45
0022200533,1610612749,Milwaukee,Bucks,MIL,bucks,240:00,574.8,115.0,532.7,106.5,42.1,8.4,0.581,1.19,16.2,0.426,0.847,0.646,19.626,19.6,0.538,0.572,1.0,0.984,21.4,107.0,89.17,107.0,0.574
0022200533,1610612750,Minnesota,Timberwolves,MIN,timberwolves,240:00,532.7,106.5,574.8,115.0,-42.1,-8.4,0.45,2.25,13.4,0.153,0.574,0.354,7.477,7.5,0.478,0.533,1.0,0.974,21.4,107.0,89.17,107.0,0.426
0022200530,1610612737,Atlanta,Hawks,ATL,hawks,240:00,576.2,115.2,613.2,122.6,-37.0,-7.4,0.458,2.2,15.6,0.246,0.667,0.431,9.524,9.5,0.53,0.551,1.0,0.992,21.1,105.5,87.92,105.0,0.406
0022200530,1610612747,Los Angeles,Lakers,LAL,lakers,240:00,613.2,122.6,576.2,115.2,37.0,7.4,0.654,2.13,21.9,0.333,0.754,0.569,15.094,15.1,0.594,0.625,1.0,0.975,21.1,105.5,87.92,106.0,0.594
0022200536,1610612744,Golden State,Warriors,GSW,warriors,240:00,602.0,120.4,577.3,115.5,24.7,4.9,0.69,2.23,19.9,0.365,0.611,0.491,13.265,13.3,0.555,0.589,1.0,0.966,19.5,97.5,81.25,98.0,0.552
0022200536,1610612757,Portland,Trail Blazers,POR,blazers,240:00,577.3,115.5,602.0,120.4,-24.7,-4.9,0.524,1.38,15.7,0.389,0.635,0.509,16.495,16.5,0.527,0.554,1.0,0.975,19.5,97.5,81.25,97.0,0.448
0022200531,1610612761,Toronto,Raptors,TOR,raptors,240:00,582.5,116.5,536.1,107.2,46.4,9.3,0.5,1.67,15.9,0.209,0.649,0.413,12.371,12.4,0.562,0.611,1.0,0.981,19.4,97.0,80.83,97.0,0.515
0022200531,1610612756,Phoenix,Suns,PHX,suns,240:00,536.1,107.2,582.5,116.5,-46.4,-9.3,0.743,0.96,19.1,0.351,0.791,0.588,27.835,27.8,0.592,0.641,1.0,0.964,19.4,97.0,80.83,97.0,0.485
0022200537,1610612758,Sacramento,Kings,SAC,kings,240:00,617.6,123.5,625.0,125.0,-7.4,-1.5,0.64,2.13,21.8,0.318,0.769,0.53,14.706,14.7,0.622,0.641,1.0,0.974,20.2,101.0,84.17,102.0,0.492
0022200537,1610612762,Utah,Jazz,UTA,jazz,240:00,625.0,125.0,617.6,123.5,7.4,1.5,0.652,2.31,21.6,0.231,0.682,0.47,13.0,13.0,0.595,0.643,1.0,1.0,20.2,101.0,84.17,100.0,0.508
0022200532,1610612741,Chicago,Bulls,CHI,bulls,240:00,680.4,136.1,608.2,121.6,72.2,14.4,0.396,1.5,15.9,0.385,0.625,0.517,14.433,14.4,0.641,0.669,1.0,0.982,19.4,97.0,80.83,97.0,0.549
0022200532,1610612765,Detroit,Pistons,DET,pistons,240:00,608.2,121.6,680.4,136.1,-72.2,-14.4,0.683,1.75,19.7,0.375,0.615,0.483,16.495,16.5,0.576,0.611,1.0,0.974,19.4,97.0,80.83,97.0,0.451
0022200534,1610612740,New Orleans,Pelicans,NOP,pelicans,240:00,648.0,129.6,597.9,119.6,50.0,10.0,0.442,1.36,14.7,0.302,0.829,0.538,14.286,14.3,0.631,0.663,1.0,0.955,19.5,97.5,81.25,98.0,0.526
0022200534,1610612755,Philadelphia,76ers,PHI,sixers,240:00,597.9,119.6,648.0,129.6,-50.0,-10.0,0.667,1.47,21.4,0.171,0.698,0.462,19.588,19.6,0.653,0.685,1.0,0.981,19.5,97.5,81.25,97.0,0.474
0022200527,1610612759,San Antonio,Spurs,SAS,spurs,240:00,616.2,123.2,580.8,116.2,35.4,7.1,0.556,1.92,17.6,0.4,0.655,0.54,13.131,13.1,0.574,0.605,1.0,0.966,19.8,99.0,82.5,99.0,0.573
0022200527,1610612752,New York,Knicks,NYK,knicks,240:00,580.8,116.2,616.2,123.2,-35.4,-7.1,0.526,1.54,14.5,0.345,0.6,0.46,13.131,13.1,0.506,0.555,1.0,0.975,19.8,99.0,82.5,99.0,0.427
0022200525,1610612738,Boston,Celtics,BOS,celtics,240:00,580.0,116.0,550.0,110.0,30.0,6.0,0.5,1.83,16.3,0.28,0.8,0.54,12.0,12.0,0.544,0.576,1.0,0.982,20.0,100.0,83.33,100.0,0.53
0022200525,1610612746,LA,Clippers,LAC,clippers,240:00,550.0,110.0,580.0,116.0,-30.0,-6.0,0.605,2.0,19.1,0.2,0.72,0.46,13.0,13.0,0.567,0.578,1.0,0.973,20.0,100.0,83.33,100.0,0.47
0022200524,1610612754,Indiana,Pacers,IND,pacers,240:00,681.8,136.4,642.9,128.6,39.0,7.8,0.583,3.11,21.1,0.162,0.625,0.424,9.091,9.1,0.676,0.716,1.0,0.971,19.7,98.5,82.08,99.0,0.536
0022200524,1610612739,Cleveland,Cavaliers,CLE,cavaliers,240:00,642.9,128.6,681.8,136.4,-39.0,-7.8,0.58,2.64,20.0,0.375,0.838,0.576,11.224,11.2,0.583,0.601,1.0,0.983,19.7,98.5,82.08,98.0,0.464
0022200523,1610612766,Charlotte,Hornets,CHA,hornets,240:00,581.7,116.3,548.5,109.7,33.2,6.6,0.717,1.83,22.0,0.295,0.695,0.524,17.308,17.3,0.607,0.625,1.0,0.966,20.7,103.5,86.25,104.0,0.638
0022200523,1610612760,Oklahoma City,Thunder,OKC,thunder,240:00,548.5,109.7,581.7,116.3,-33.2,-6.6,0.357,1.25,11.0,0.305,0.705,0.476,11.65,11.7,0.48,0.522,1.0,0.992,20.7,103.5,86.25,103.0,0.362
0022200526,1610612761,Toronto,Raptors,TOR,raptors,240:00,546.4,109.3,619.8,124.0,-73.4,-14.7,0.538,2.63,15.2,0.328,0.6,0.45,8.247,8.2,0.458,0.497,1.0,0.974,19.3,96.5,80.42,97.0,0.427
0022200526,1610612763,Memphis,Grizzlies,MEM,grizzlies,240:00,619.8,124.0,546.4,109.3,73.4,14.7,0.771,2.31,24.2,0.4,0.672,0.55,16.667,16.7,0.574,0.588,1.0,0.983,19.3,96.5,80.42,96.0,0.573
0022200528,1610612742,Dallas,Mavericks,DAL,mavericks,240:00,632.4,126.5,564.4,112.9,68.0,13.6,0.638,3.33,21.1,0.204,0.719,0.481,8.824,8.8,0.615,0.632,1.0,0.973,20.3,101.5,84.58,102.0,0.588
0022200528,1610612745,Houston,Rockets,HOU,rockets,240:00,564.4,112.9,632.4,126.5,-68.0,-13.6,0.553,1.62,15.2,0.281,0.796,0.519,12.871,12.9,0.512,0.557,1.0,0.983,20.3,101.5,84.58,101.0,0.412
0022200516,1610612764,Washington,Wizards,WAS,wizards,240:00,690.2,138.0,560.4,112.1,129.8,26.0,0.574,2.08,20.0,0.444,0.686,0.586,14.13,14.1,0.622,0.673,1.0,0.963,18.3,91.5,76.25,92.0,0.646
0022200516,1610612756,Phoenix,Suns,PHX,suns,240:00,560.4,112.1,690.2,138.0,-129.8,-26.0,0.641,2.27,18.9,0.314,0.556,0.414,12.088,12.1,0.523,0.542,1.0,0.991,18.3,91.5,76.25,91.0,0.354
0022200519,1610612741,Chicago,Bulls,CHI,bulls,265:00,531.3,106.3,509.0,101.8,22.2,4.4,0.5,1.5,14.5,0.226,0.658,0.481,12.5,12.5,0.505,0.566,1.0,0.952,20.2,100.98,84.15,112.0,0.583
0022200519,1610612749,Milwaukee,Bucks,MIL,bucks,265:00,509.0,101.8,531.3,106.3,-22.2,-4.4,0.439,1.29,11.6,0.342,0.774,0.519,12.613,12.6,0.414,0.455,1.0,0.993,20.2,100.98,84.15,111.0,0.417
0022200522,1610612758,Sacramento,Kings,SAC,kings,240:00,635.0,127.0,630.0,126.0,5.0,1.0,0.681,2.67,21.8,0.333,0.694,0.494,12.0,12.0,0.607,0.635,1.0,0.983,20.0,100.0,83.33,100.0,0.508
0022200522,1610612743,Denver,Nuggets,DEN,nuggets,240:00,630.0,126.0,635.0,127.0,-5.0,-1.0,0.633,1.94,22.1,0.306,0.667,0.506,16.0,16.0,0.647,0.678,1.0,1.0,20.0,100.0,83.33,100.0,0.492
0022200521,1610612744,Golden State,Warriors,GSW,warriors,240:00,538.5,107.7,519.4,103.9,19.0,3.8,0.595,1.69,16.1,0.208,0.776,0.505,12.5,12.5,0.517,0.566,1.0,0.965,20.7,103.5,86.25,104.0,0.515
0022200521,1610612762,Utah,Jazz,UTA,jazz,240:00,519.4,103.9,538.5,107.7,-19.0,-3.8,0.703,2.17,18.3,0.224,0.792,0.495,11.65,11.7,0.489,0.522,1.0,0.991,20.7,103.5,86.25,103.0,0.485
0022200517,1610612737,Atlanta,Hawks,ATL,hawks,240:00,551.5,110.3,562.5,112.5,-11.0,-2.2,0.524,5.5,16.3,0.271,0.86,0.52,4.124,4.1,0.474,0.501,1.0,0.965,19.3,96.5,80.42,97.0,0.479
0022200517,1610612751,Brooklyn,Nets,BKN,nets,240:00,562.5,112.5,551.5,110.3,11.0,2.2,0.524,1.83,17.7,0.14,0.729,0.48,12.5,12.5,0.566,0.597,1.0,0.99,19.3,96.5,80.42,96.0,0.521
0022200520,1610612740,New Orleans,Pelicans,NOP,pelicans,240:00,595.0,119.0,584.2,116.8,10.8,2.2,0.564,1.47,16.3,0.277,0.822,0.543,15.0,15.0,0.549,0.595,1.0,0.965,20.1,100.5,83.75,100.0,0.508
0022200520,1610612750,Minnesota,Timberwolves,MIN,timberwolves,240:00,584.2,116.8,595.0,119.0,-10.8,-2.2,0.429,1.64,14.2,0.178,0.723,0.457,10.891,10.9,0.566,0.608,1.0,0.972,20.1,100.5,83.75,101.0,0.492
0022200518,1610612748,Miami,Heat,MIA,heat,240:00,589.5,117.9,526.9,105.4,62.6,12.5,0.455,3.33,15.5,0.28,0.667,0.457,6.316,6.3,0.538,0.565,1.0,0.954,18.8,94.0,78.33,95.0,0.571
0022200518,1610612747,Los Angeles,Lakers,LAL,lakers,240:00,526.9,105.4,589.5,117.9,-62.6,-12.5,0.676,0.96,18.9,0.333,0.72,0.543,27.957,28.0,0.565,0.586,1.0,0.981,18.8,94.0,78.33,93.0,0.429
0022200515,1610612765,Detroit,Pistons,DET,pistons,240:00,611.1,122.2,510.1,102.0,101.0,20.2,0.694,1.92,18.1,0.292,0.704,0.51,13.131,13.1,0.563,0.62,1.0,0.965,19.8,99.0,82.5,99.0,0.589
0022200515,1610612753,Orlando,Magic,ORL,magic,240:00,510.1,102.0,611.1,122.2,-101.0,-20.2,0.686,1.85,17.3,0.296,0.708,0.49,13.131,13.1,0.441,0.505,1.0,0.974,19.8,99.0,82.5,99.0,0.411
0022200510,1610612763,Memphis,Grizzlies,MEM,grizzlies,240:00,519.2,103.8,612.7,122.5,-93.5,-18.7,0.5,1.2,12.8,0.333,0.596,0.452,14.423,14.4,0.44,0.51,1.0,0.959,20.6,103.0,85.83,104.0,0.394
0022200510,1610612756,Phoenix,Suns,PHX,suns,240:00,612.7,122.5,519.2,103.8,93.5,18.7,0.605,1.18,17.7,0.404,0.667,0.548,21.569,21.6,0.592,0.638,1.0,0.967,20.6,103.0,85.83,102.0,0.606
0022200507,1610612738,Boston,Celtics,BOS,celtics,240:00,623.8,124.8,505.0,101.0,118.8,23.8,0.744,2.91,22.1,0.24,0.719,0.495,10.891,10.9,0.582,0.623,1.0,0.973,20.2,101.0,84.17,101.0,0.619
0022200507,1610612745,Houston,Rockets,HOU,rockets,240:00,505.0,101.0,623.8,124.8,-118.8,-23.8,0.632,1.6,17.0,0.281,0.76,0.505,14.851,14.9,0.474,0.504,1.0,0.974,20.2,101.0,84.17,101.0,0.381
0022200506,1610612764,Washington,Wizards,WAS,wizards,240:00,580.0,116.0,555.0,111.0,25.0,5.0,0.462,1.0,13.2,0.367,0.644,0.5,18.0,18.0,0.524,0.588,1.0,0.958,20.0,100.0,83.33,100.0,0.489
0022200506,1610612755,Philadelphia,76ers,PHI,sixers,240:00,555.0,111.0,580.0,116.0,-25.0,-5.0,0.538,1.31,15.3,0.356,0.633,0.5,16.0,16.0,0.5,0.568,1.0,0.974,20.0,100.0,83.33,100.0,0.511
0022200509,1610612761,Toronto,Raptors,TOR,raptors,240:00,576.5,115.3,632.7,126.5,-56.1,-11.2,0.558,2.0,17.9,0.267,0.62,0.453,12.245,12.2,0.548,0.592,1.0,0.982,19.6,98.0,81.67,98.0,0.467
0022200509,1610612746,LA,Clippers,LAC,clippers,240:00,632.7,126.5,576.5,115.3,56.1,11.2,0.6,2.45,18.8,0.38,0.733,0.547,11.224,11.2,0.565,0.601,1.0,0.966,19.6,98.0,81.67,98.0,0.533
0022200512,1610612742,Dallas,Mavericks,DAL,mavericks,265:00,600.0,120.0,576.2,115.2,23.8,4.8,0.455,2.22,14.8,0.2,0.667,0.46,8.571,8.6,0.561,0.603,1.0,0.983,19.02,95.09,79.25,105.0,0.52
0022200512,1610612752,New York,Knicks,NYK,knicks,265:00,576.2,115.2,600.0,120.0,-23.8,-4.8,0.6,2.7,17.8,0.333,0.8,0.54,9.524,9.5,0.515,0.533,1.0,0.976,19.02,95.09,79.25,105.0,0.48
0022200505,1610612753,Orlando,Magic,ORL,magic,240:00,550.0,110.0,638.6,127.7,-88.6,-17.7,0.595,2.27,18.8,0.178,0.698,0.432,11.0,11.0,0.56,0.579,1.0,0.991,20.1,100.5,83.75,100.0,0.427
0022200505,1610612747,Los Angeles,Lakers,LAL,lakers,240:00,638.6,127.7,550.0,110.0,88.6,17.7,0.653,2.29,22.1,0.302,0.822,0.568,13.861,13.9,0.639,0.662,1.0,0.973,20.1,100.5,83.75,101.0,0.573
0022200513,1610612744,Golden State,Warriors,GSW,warriors,240:00,518.9,103.8,500.0,100.0,18.9,3.8,0.756,2.21,20.7,0.236,0.764,0.5,13.208,13.2,0.474,0.521,1.0,0.975,21.1,105.5,87.92,106.0,0.529
0022200513,1610612766,Charlotte,Hornets,CHA,hornets,240:00,500.0,100.0,518.9,103.8,-18.9,-3.8,0.579,1.57,15.7,0.236,0.764,0.5,13.333,13.3,0.467,0.51,1.0,0.975,21.1,105.5,87.92,105.0,0.471
0022200508,1610612754,Indiana,Pacers,IND,pacers,240:00,614.3,122.9,542.9,108.6,71.4,14.3,0.596,2.15,19.2,0.271,0.827,0.56,12.381,12.4,0.582,0.621,1.0,0.958,21.0,105.0,87.5,105.0,0.563
0022200508,1610612737,Atlanta,Hawks,ATL,hawks,240:00,542.9,108.6,614.3,122.9,-71.4,-14.3,0.65,2.89,18.6,0.173,0.729,0.44,8.571,8.6,0.517,0.56,1.0,0.982,21.0,105.0,87.5,105.0,0.437
0022200511,1610612760,Oklahoma City,Thunder,OKC,thunder,240:00,656.6,131.3,570.0,114.0,86.6,17.3,0.543,1.79,18.0,0.349,0.582,0.48,14.141,14.1,0.61,0.652,1.0,0.974,19.9,99.5,82.92,99.0,0.6
0022200511,1610612759,San Antonio,Spurs,SAS,spurs,240:00,570.0,114.0,656.6,131.3,-86.6,-17.3,0.435,1.33,14.1,0.418,0.651,0.52,15.0,15.0,0.515,0.542,1.0,0.975,19.9,99.5,82.92,100.0,0.4
0022200514,1610612758,Sacramento,Kings,SAC,kings,240:00,535.4,107.1,570.7,114.1,-35.4,-7.1,0.5,1.25,15.6,0.209,0.739,0.483,16.162,16.2,0.549,0.587,1.0,0.981,19.8,99.0,82.5,99.0,0.439
0022200514,1610612743,Denver,Nuggets,DEN,nuggets,240:00,570.7,114.1,535.4,107.1,35.4,7.1,0.829,2.62,23.4,0.261,0.791,0.517,13.131,13.1,0.552,0.593,1.0,0.973,19.8,99.0,82.5,99.0,0.561
0022200501,1610612741,Chicago,Bulls,CHI,bulls,240:00,590.0,118.0,658.4,131.7,-68.4,-13.7,0.6,3.38,19.9,0.184,0.698,0.424,8.0,8.0,0.56,0.583,1.0,0.991,20.1,100.5,83.75,100.0,0.428
0022200501,1610612745,Houston,Rockets,HOU,rockets,240:00,658.4,131.7,590.0,118.0,68.4,13.7,0.56,2.15,19.7,0.302,0.816,0.576,12.871,12.9,0.65,0.667,1.0,0.965,20.1,100.5,83.75,101.0,0.572
0022200502,1610612740,New Orleans,Pelicans,NOP,pelicans,240:00,576.5,115.3,479.4,95.9,97.1,19.4,0.732,1.88,20.1,0.404,0.843,0.621,16.327,16.3,0.522,0.562,1.0,0.966,19.5,97.5,81.25,98.0,0.599
0022200502,1610612754,Indiana,Pacers,IND,pacers,240:00,479.4,95.9,576.5,115.3,-97.1,-19.4,0.657,1.77,18.0,0.157,0.596,0.379,13.402,13.4,0.476,0.507,1.0,0.99,19.5,97.5,81.25,97.0,0.401
0022200503,1610612759,San Antonio,Spurs,SAS,spurs,240:00,600.0,120.0,581.0,116.2,19.0,3.8,0.563,1.93,19.0,0.233,0.627,0.461,13.333,13.3,0.586,0.618,1.0,0.991,21.0,105.0,87.5,105.0,0.561
0022200503,1610612762,Utah,Jazz,UTA,jazz,240:00,581.0,116.2,600.0,120.0,-19.0,-3.8,0.513,1.67,13.6,0.373,0.767,0.539,11.429,11.4,0.469,0.538,1.0,0.984,21.0,105.0,87.5,105.0,0.439
0022200504,1610612757,Portland,Trail Blazers,POR,blazers,240:00,596.2,119.2,543.3,108.7,52.9,10.6,0.651,1.87,19.4,0.295,0.618,0.491,14.423,14.4,0.581,0.631,1.0,0.983,20.8,104.0,86.67,104.0,0.61
0022200504,1610612766,Charlotte,Hornets,CHA,hornets,240:00,543.3,108.7,596.2,119.2,-52.9,-10.6,0.61,1.92,16.2,0.382,0.705,0.509,12.5,12.5,0.456,0.496,1.0,0.977,20.8,104.0,86.67,104.0,0.39
0022200499,1610612765,Detroit,Pistons,DET,pistons,265:00,579.6,115.9,622.8,124.6,-43.2,-8.6,0.727,1.78,19.5,0.333,0.738,0.5,15.929,15.9,0.52,0.57,1.0,0.985,20.56,102.79,85.66,113.0,0.444
0022200499,1610612746,LA,Clippers,LAC,clippers,265:00,622.8,124.6,579.6,115.9,43.2,8.6,0.51,1.32,16.7,0.262,0.667,0.5,16.667,16.7,0.643,0.684,1.0,0.976,20.56,102.79,85.66,114.0,0.556
0022200498,1610612739,Cleveland,Cavaliers,CLE,cavaliers,240:00,603.1,120.6,637.8,127.6,-34.7,-6.9,0.538,1.75,16.4,0.244,0.684,0.446,12.371,12.4,0.555,0.614,1.0,1.0,19.5,97.5,81.25,97.0,0.472
0022200498,1610612751,Brooklyn,Nets,BKN,nets,240:00,637.8,127.6,603.1,120.6,34.7,6.9,0.574,1.59,19.7,0.316,0.756,0.554,17.347,17.3,0.683,0.698,1.0,0.945,19.5,97.5,81.25,98.0,0.528
0022200500,1610612748,Miami,Heat,MIA,heat,240:00,576.5,115.3,561.2,112.2,15.3,3.1,0.574,2.7,19.0,0.304,0.75,0.49,10.204,10.2,0.525,0.535,1.0,0.983,19.6,98.0,81.67,98.0,0.477
0022200500,1610612750,Minnesota,Timberwolves,MIN,timberwolves,240:00,561.2,112.2,576.5,115.3,-15.3,-3.1,0.721,1.41,22.3,0.25,0.696,0.51,22.449,22.4,0.639,0.646,1.0,0.981,19.6,98.0,81.67,98.0,0.523
0022200495,1610612738,Boston,Celtics,BOS,celtics,240:00,674.8,135.0,567.3,113.5,107.4,21.5,0.58,2.42,21.2,0.135,0.733,0.463,11.65,11.7,0.7,0.724,1.0,0.981,20.7,103.5,86.25,103.0,0.573
0022200495,1610612749,Milwaukee,Bucks,MIL,bucks,240:00,567.3,113.5,674.8,135.0,-107.4,-21.5,0.524,1.47,16.1,0.267,0.865,0.537,14.423,14.4,0.577,0.615,1.0,0.974,20.7,103.5,86.25,104.0,0.427
0022200497,1610612743,Denver,Nuggets,DEN,nuggets,265:00,598.1,119.6,584.1,116.8,14.0,2.8,0.644,2.23,19.0,0.327,0.741,0.538,12.15,12.1,0.548,0.587,1.0,0.968,19.38,96.91,80.75,107.0,0.517
0022200497,1610612756,Phoenix,Suns,PHX,suns,265:00,584.1,116.8,598.1,119.6,-14.0,-2.8,0.711,2.29,20.9,0.259,0.673,0.462,13.084,13.1,0.569,0.593,1.0,0.975,19.38,96.91,80.75,107.0,0.483
0022200493,1610612752,New York,Knicks,NYK,knicks,240:00,608.7,121.7,661.1,132.2,-52.4,-10.5,0.698,3.75,21.4,0.367,0.833,0.582,8.696,8.7,0.544,0.574,1.0,0.964,18.2,91.0,75.83,92.0,0.515
0022200493,1610612755,Philadelphia,76ers,PHI,sixers,240:00,661.1,132.2,608.7,121.7,52.4,10.5,0.564,2.75,18.5,0.167,0.633,0.418,8.889,8.9,0.623,0.663,1.0,0.979,18.2,91.0,75.83,90.0,0.485
0022200494,1610612742,Dallas,Mavericks,DAL,mavericks,240:00,652.6,130.5,611.7,122.3,40.9,8.2,0.705,2.82,22.3,0.289,0.744,0.511,11.579,11.6,0.631,0.653,1.0,0.972,18.9,94.5,78.75,95.0,0.544
0022200494,1610612747,Los Angeles,Lakers,LAL,lakers,240:00,611.7,122.3,652.6,130.5,-40.9,-8.2,0.462,1.8,14.6,0.256,0.711,0.489,10.638,10.6,0.544,0.611,1.0,0.971,18.9,94.5,78.75,94.0,0.456
0022200496,1610612744,Golden State,Warriors,GSW,warriors,240:00,574.8,115.0,519.0,103.8,55.7,11.1,0.721,2.58,20.5,0.25,0.759,0.518,11.215,11.2,0.571,0.6,1.0,0.933,21.2,106.0,88.33,107.0,0.618
0022200496,1610612763,Memphis,Grizzlies,MEM,grizzlies,240:00,519.0,103.8,574.8,115.0,-55.7,-11.1,0.487,1.46,13.8,0.241,0.75,0.482,12.381,12.4,0.463,0.508,1.0,0.983,21.2,106.0,88.33,105.0,0.382
0022200484,1610612739,Cleveland,Cavaliers,CLE,cavaliers,240:00,551.5,110.3,608.2,121.6,-56.7,-11.3,0.692,1.8,20.5,0.19,0.705,0.453,15.464,15.5,0.586,0.6,1.0,0.981,19.4,97.0,80.83,97.0,0.467
0022200484,1610612761,Toronto,Raptors,TOR,raptors,240:00,608.2,121.6,551.5,110.3,56.7,11.3,0.595,1.32,18.5,0.295,0.81,0.547,19.588,19.6,0.613,0.642,1.0,0.991,19.4,97.0,80.83,97.0,0.533
0022200479,1610612753,Orlando,Magic,ORL,magic,240:00,639.4,127.9,548.5,109.7,90.9,18.2,0.6,1.58,20.5,0.325,0.709,0.547,18.269,18.3,0.672,0.694,1.0,0.966,20.7,103.5,86.25,104.0,0.588
0022200479,1610612759,San Antonio,Spurs,SAS,spurs,240:00,548.5,109.7,639.4,127.9,-90.9,-18.2,0.636,2.15,19.2,0.291,0.675,0.453,12.621,12.6,0.515,0.539,1.0,0.992,20.7,103.5,86.25,103.0,0.412
0022200489,1610612743,Denver,Nuggets,DEN,nuggets,240:00,612.2,122.4,545.9,109.2,66.3,13.3,0.66,2.82,22.6,0.205,0.698,0.489,11.224,11.2,0.642,0.649,1.0,0.953,19.6,98.0,81.67,98.0,0.591
0022200489,1610612757,Portland,Trail Blazers,POR,blazers,240:00,545.9,109.2,612.2,122.4,-66.3,-13.3,0.615,1.71,17.4,0.302,0.795,0.511,14.286,14.3,0.5,0.543,1.0,0.965,19.6,98.0,81.67,98.0,0.409
0022200487,1610612745,Houston,Rockets,HOU,rockets,240:00,552.1,110.4,577.3,115.5,-25.2,-5.0,0.703,1.73,19.3,0.289,0.766,0.533,15.625,15.6,0.506,0.568,1.0,0.982,19.3,96.5,80.42,96.0,0.509
0022200487,1610612742,Dallas,Mavericks,DAL,mavericks,240:00,577.3,115.5,552.1,110.4,25.2,5.0,0.556,1.43,16.0,0.234,0.711,0.467,14.433,14.4,0.55,0.609,1.0,1.0,19.3,96.5,80.42,97.0,0.491
0022200482,1610612738,Boston,Celtics,BOS,celtics,240:00,593.1,118.6,539.6,107.9,53.5,10.7,0.636,2.33,18.5,0.368,0.72,0.533,11.765,11.8,0.505,0.543,1.0,0.976,20.3,101.5,84.58,102.0,0.547
0022200482,1610612750,Minnesota,Timberwolves,MIN,timberwolves,240:00,539.6,107.9,593.1,118.6,-53.5,-10.7,0.568,1.47,17.9,0.28,0.632,0.467,16.832,16.8,0.538,0.558,1.0,0.983,20.3,101.5,84.58,101.0,0.453
0022200490,1610612756,Phoenix,Suns,PHX,suns,240:00,500.0,100.0,631.3,126.3,-131.3,-26.3,0.605,1.53,16.5,0.333,0.51,0.417,15.0,15.0,0.489,0.508,1.0,0.974,19.9,99.5,82.92,100.0,0.33
0022200490,1610612763,Memphis,Grizzlies,MEM,grizzlies,240:00,631.3,126.3,500.0,100.0,131.3,26.3,0.667,2.5,19.6,0.49,0.667,0.583,12.121,12.1,0.533,0.58,1.0,0.959,19.9,99.5,82.92,99.0,0.67
0022200480,1610612755,Philadelphia,76ers,PHI,sixers,240:00,633.0,126.6,606.4,121.3,26.6,5.3,0.66,3.44,23.0,0.244,0.81,0.53,9.574,9.6,0.602,0.632,1.0,0.981,18.8,94.0,78.33,94.0,0.537
0022200480,1610612746,LA,Clippers,LAC,clippers,240:00,606.4,121.3,633.0,126.6,-26.6,-5.3,0.61,2.27,19.7,0.19,0.756,0.47,11.702,11.7,0.593,0.626,1.0,0.98,18.8,94.0,78.33,94.0,0.463
0022200485,1610612752,New York,Knicks,NYK,knicks,240:00,629.0,125.8,641.3,128.3,-12.3,-2.5,0.535,2.3,17.3,0.34,0.745,0.545,10.753,10.8,0.593,0.6,1.0,0.973,18.5,92.5,77.08,93.0,0.492
0022200485,1610612741,Chicago,Bulls,CHI,bulls,240:00,641.3,128.3,629.0,125.8,12.3,2.5,0.533,6.0,18.6,0.255,0.66,0.455,4.348,4.3,0.559,0.585,1.0,0.99,18.5,92.5,77.08,92.0,0.508
0022200483,1610612751,Brooklyn,Nets,BKN,nets,240:00,608.2,121.6,520.8,104.2,87.4,17.5,0.652,2.5,21.4,0.333,0.686,0.515,12.371,12.4,0.57,0.598,1.0,0.982,19.3,96.5,80.42,97.0,0.602
0022200483,1610612749,Milwaukee,Bucks,MIL,bucks,240:00,520.8,104.2,608.2,121.6,-87.4,-17.5,0.459,0.94,13.2,0.314,0.667,0.485,18.75,18.8,0.494,0.534,1.0,0.991,19.3,96.5,80.42,96.0,0.398
0022200491,1610612758,Sacramento,Kings,SAC,kings,240:00,549.5,109.9,618.8,123.8,-69.3,-13.9,0.514,1.46,14.3,0.269,0.814,0.516,12.871,12.9,0.5,0.558,1.0,0.991,20.2,101.0,84.17,101.0,0.415
0022200491,1610612764,Washington,Wizards,WAS,wizards,240:00,618.8,123.8,549.5,109.9,69.3,13.9,0.612,3.0,21.6,0.186,0.731,0.484,9.901,9.9,0.614,0.634,1.0,0.972,20.2,101.0,84.17,101.0,0.585
0022200486,1610612748,Miami,Heat,MIA,heat,240:00,574.5,114.9,596.8,119.4,-22.3,-4.5,0.561,2.3,16.9,0.352,0.733,0.525,10.638,10.6,0.5,0.534,1.0,0.973,18.7,93.5,77.92,94.0,0.488
0022200486,1610612754,Indiana,Pacers,IND,pacers,240:00,596.8,119.4,574.5,114.9,22.3,4.5,0.65,1.63,19.8,0.267,0.648,0.475,17.204,17.2,0.608,0.622,1.0,0.99,18.7,93.5,77.92,93.0,0.512
0022200492,1610612747,Los Angeles,Lakers,LAL,lakers,240:00,607.5,121.5,626.2,125.2,-18.7,-3.7,0.563,1.59,18.2,0.304,0.705,0.5,15.888,15.9,0.625,0.639,1.0,0.983,21.4,107.0,89.17,107.0,0.462
0022200492,1610612766,Charlotte,Hornets,CHA,hornets,240:00,626.2,125.2,607.5,121.5,18.7,3.7,0.577,1.88,20.0,0.295,0.696,0.5,14.953,15.0,0.638,0.657,1.0,0.975,21.4,107.0,89.17,107.0,0.538
0022200481,1610612737,Atlanta,Hawks,ATL,hawks,240:00,631.1,126.2,509.7,101.9,121.4,24.3,0.612,3.75,21.0,0.217,0.741,0.5,7.767,7.8,0.598,0.634,1.0,0.982,20.6,103.0,85.83,103.0,0.653
0022200481,1610612765,Detroit,Pistons,DET,pistons,240:00,509.7,101.9,631.1,126.2,-121.4,-24.3,0.459,1.21,12.7,0.259,0.783,0.5,13.592,13.6,0.461,0.511,1.0,0.991,20.6,103.0,85.83,103.0,0.347
0022200488,1610612760,Oklahoma City,Thunder,OKC,thunder,265:00,520.8,104.2,537.8,107.6,-17.0,-3.4,0.574,1.5,17.1,0.207,0.691,0.442,15.0,15.0,0.525,0.553,1.0,0.992,21.65,108.23,90.19,120.0,0.461
0022200488,1610612740,New Orleans,Pelicans,NOP,pelicans,265:00,537.8,107.6,520.8,104.2,17.0,3.4,0.732,1.43,18.1,0.309,0.793,0.558,17.647,17.6,0.505,0.573,1.0,0.985,21.65,108.23,90.19,119.0,0.539
0022200477,1610612740,New Orleans,Pelicans,NOP,pelicans,240:00,617.6,123.5,568.0,113.6,49.7,9.9,0.568,1.47,17.2,0.375,0.653,0.515,16.667,16.7,0.555,0.612,1.0,0.992,20.5,102.5,85.42,102.0,0.546
0022200477,1610612759,San Antonio,Spurs,SAS,spurs,240:00,568.0,113.6,617.6,123.5,-49.7,-9.9,0.535,1.35,16.1,0.347,0.625,0.485,16.505,16.5,0.528,0.574,1.0,0.975,20.5,102.5,85.42,103.0,0.454
0022200478,1610612762,Utah,Jazz,UTA,jazz,240:00,606.1,121.2,565.7,113.1,40.4,8.1,0.381,1.45,12.9,0.2,0.921,0.53,11.111,11.1,0.581,0.63,1.0,0.981,19.8,99.0,82.5,99.0,0.498
0022200478,1610612764,Washington,Wizards,WAS,wizards,240:00,565.7,113.1,606.1,121.2,-40.4,-8.1,0.435,1.82,16.4,0.079,0.8,0.47,11.111,11.1,0.604,0.626,1.0,0.971,19.8,99.0,82.5,99.0,0.502
0022200475,1610612758,Sacramento,Kings,SAC,kings,240:00,626.2,125.2,571.4,114.3,54.7,10.9,0.604,2.42,19.3,0.294,0.867,0.563,11.215,11.2,0.595,0.624,1.0,0.975,21.2,106.0,88.33,107.0,0.54
0022200475,1610612747,Los Angeles,Lakers,LAL,lakers,240:00,571.4,114.3,626.2,125.2,-54.7,-10.9,0.595,1.67,18.4,0.133,0.706,0.438,14.286,14.3,0.565,0.617,1.0,0.991,21.2,106.0,88.33,105.0,0.46
0022200474,1610612760,Oklahoma City,Thunder,OKC,thunder,240:00,537.2,107.4,521.3,104.3,16.0,3.2,0.528,1.06,15.0,0.349,0.738,0.541,19.149,19.1,0.519,0.574,1.0,0.991,18.8,94.0,78.33,94.0,0.497
0022200474,1610612757,Portland,Trail Blazers,POR,blazers,240:00,521.3,104.3,537.2,107.4,-16.0,-3.2,0.744,1.45,21.8,0.262,0.651,0.459,21.277,21.3,0.582,0.591,1.0,0.971,18.8,94.0,78.33,94.0,0.503
0022200472,1610612745,Houston,Rockets,HOU,rockets,240:00,539.2,107.8,574.3,114.9,-35.0,-7.0,0.537,1.29,16.2,0.245,0.741,0.514,16.667,16.7,0.563,0.576,1.0,0.965,20.3,101.5,84.58,102.0,0.479
0022200472,1610612753,Orlando,Magic,ORL,magic,240:00,574.3,114.9,539.2,107.8,35.0,7.0,0.463,1.73,14.1,0.259,0.755,0.486,10.891,10.9,0.511,0.55,1.0,0.991,20.3,101.5,84.58,101.0,0.521
0022200476,1610612746,LA,Clippers,LAC,clippers,240:00,562.5,112.5,477.3,95.5,85.2,17.0,0.707,1.07,19.2,0.25,0.804,0.573,24.107,24.1,0.648,0.691,1.0,0.967,22.2,111.0,92.5,112.0,0.582
0022200476,1610612766,Charlotte,Hornets,CHA,hornets,240:00,477.3,95.5,562.5,112.5,-85.2,-17.0,0.676,1.67,17.1,0.196,0.75,0.427,13.636,13.6,0.451,0.501,1.0,0.992,22.2,111.0,92.5,110.0,0.418
0022200466,1610612739,Cleveland,Cavaliers,CLE,cavaliers,240:00,581.6,116.3,540.8,108.2,40.8,8.2,0.537,2.2,16.7,0.261,0.667,0.468,10.204,10.2,0.541,0.586,1.0,0.982,19.6,98.0,81.67,98.0,0.548
0022200466,1610612749,Milwaukee,Bucks,MIL,bucks,240:00,540.8,108.2,581.6,116.3,-40.8,-8.2,0.513,0.95,14.9,0.333,0.739,0.532,21.429,21.4,0.548,0.572,1.0,0.974,19.6,98.0,81.67,98.0,0.452
0022200467,1610612755,Philadelphia,76ers,PHI,sixers,240:00,548.5,109.7,451.5,90.3,97.1,19.4,0.659,2.25,18.8,0.269,0.698,0.486,11.65,11.7,0.5,0.55,1.0,0.983,20.6,103.0,85.83,103.0,0.633
0022200467,1610612765,Detroit,Pistons,DET,pistons,240:00,451.5,90.3,548.5,109.7,-97.1,-19.4,0.484,0.68,11.2,0.302,0.731,0.514,21.359,21.4,0.43,0.495,1.0,0.983,20.6,103.0,85.83,103.0,0.367
0022200469,1610612738,Boston,Celtics,BOS,celtics,240:00,543.7,108.7,568.0,113.6,-24.3,-4.9,0.667,1.53,16.5,0.453,0.759,0.593,16.505,16.5,0.45,0.5,1.0,0.977,20.6,103.0,85.83,103.0,0.506
0022200469,1610612754,Indiana,Pacers,IND,pacers,240:00,568.0,113.6,543.7,108.7,24.3,4.9,0.587,1.93,18.9,0.241,0.547,0.407,13.592,13.6,0.561,0.574,1.0,0.991,20.6,103.0,85.83,103.0,0.494
0022200470,1610612751,Brooklyn,Nets,BKN,nets,240:00,687.5,137.5,543.3,108.7,144.2,28.8,0.778,2.8,28.0,0.129,0.733,0.487,14.423,14.4,0.768,0.785,1.0,0.972,20.8,104.0,86.67,104.0,0.612
0022200470,1610612744,Golden State,Warriors,GSW,warriors,240:00,543.3,108.7,687.5,137.5,-144.2,-28.8,0.78,1.52,21.6,0.267,0.871,0.513,20.192,20.2,0.566,0.601,1.0,0.983,20.8,104.0,86.67,104.0,0.388
0022200468,1610612737,Atlanta,Hawks,ATL,hawks,240:00,534.7,106.9,544.6,108.9,-9.9,-2.0,0.564,1.47,16.2,0.25,0.826,0.52,14.851,14.9,0.505,0.551,1.0,0.982,20.2,101.0,84.17,101.0,0.476
0022200468,1610612741,Chicago,Bulls,CHI,bulls,240:00,544.6,108.9,534.7,106.9,9.9,2.0,0.465,1.82,15.5,0.174,0.75,0.48,10.891,10.9,0.541,0.575,1.0,0.991,20.2,101.0,84.17,101.0,0.524
0022200471,1610612752,New York,Knicks,NYK,knicks,240:00,595.5,119.1,627.8,125.6,-32.3,-6.5,0.595,1.47,19.7,0.333,0.604,0.489,19.101,19.1,0.625,0.632,1.0,0.98,17.9,89.5,74.58,89.0,0.492
0022200471,1610612761,Toronto,Raptors,TOR,raptors,240:00,627.8,125.6,595.5,119.1,32.3,6.5,0.405,3.4,13.3,0.396,0.667,0.511,5.556,5.6,0.495,0.545,1.0,0.964,17.9,89.5,74.58,90.0,0.508
0022200473,1610612750,Minnesota,Timberwolves,MIN,timberwolves,240:00,544.0,108.8,565.2,113.0,-21.3,-4.3,0.548,1.77,18.4,0.239,0.762,0.489,14.286,14.3,0.541,0.554,1.0,0.99,18.3,91.5,76.25,91.0,0.469
0022200473,1610612742,Dallas,Mavericks,DAL,mavericks,240:00,565.2,113.0,544.0,108.8,21.3,4.3,0.5,1.31,14.3,0.238,0.761,0.511,14.13,14.1,0.54,0.599,1.0,0.971,18.3,91.5,76.25,92.0,0.531
0022200463,1610612752,New York,Knicks,NYK,knicks,240:00,673.5,134.7,489.6,97.9,183.9,36.8,0.6,2.25,18.9,0.409,0.872,0.627,12.245,12.2,0.615,0.653,1.0,0.957,19.4,97.0,80.83,98.0,0.666
0022200463,1610612744,Golden State,Warriors,GSW,warriors,240:00,489.6,97.9,673.5,134.7,-183.9,-36.8,0.657,1.15,18.5,0.128,0.591,0.373,20.833,20.8,0.554,0.59,1.0,0.98,19.4,97.0,80.83,96.0,0.334
0022200465,1610612743,Denver,Nuggets,DEN,nuggets,240:00,525.0,105.0,450.5,90.1,74.5,14.9,0.7,1.65,19.3,0.333,0.833,0.569,17.0,17.0,0.506,0.525,1.0,0.991,20.1,100.5,83.75,100.0,0.532
0022200465,1610612763,Memphis,Grizzlies,MEM,grizzlies,240:00,450.5,90.1,525.0,105.0,-74.5,-14.9,0.694,1.56,18.7,0.167,0.667,0.431,15.842,15.8,0.475,0.504,1.0,0.972,20.1,100.5,83.75,101.0,0.468
0022200462,1610612748,Miami,Heat,MIA,heat,240:00,542.1,108.4,594.7,118.9,-52.6,-10.5,0.684,2.0,20.0,0.2,0.765,0.443,13.684,13.7,0.562,0.582,1.0,0.981,19.0,95.0,79.17,95.0,0.453
0022200462,1610612741,Chicago,Bulls,CHI,bulls,240:00,594.7,118.9,542.1,108.4,52.6,10.5,0.6,1.41,18.9,0.235,0.8,0.557,17.895,17.9,0.637,0.676,1.0,0.971,19.0,95.0,79.17,95.0,0.547
0022200461,1610612765,Detroit,Pistons,DET,pistons,240:00,584.2,116.8,656.3,131.3,-72.0,-14.4,0.537,1.57,17.1,0.273,0.667,0.484,14.737,14.7,0.562,0.598,1.0,0.991,19.1,95.5,79.58,95.0,0.466
0022200461,1610612762,Utah,Jazz,UTA,jazz,240:00,656.3,131.3,584.2,116.8,72.0,14.4,0.574,2.25,19.3,0.333,0.727,0.516,12.5,12.5,0.613,0.622,1.0,0.973,19.1,95.5,79.58,96.0,0.534
0022200464,1610612756,Phoenix,Suns,PHX,suns,240:00,572.9,114.6,582.5,116.5,-9.6,-1.9,0.634,1.86,18.8,0.34,0.723,0.526,14.583,14.6,0.534,0.565,1.0,1.0,19.3,96.5,80.42,96.0,0.449
0022200464,1610612764,Washington,Wizards,WAS,wizards,240:00,582.5,116.5,572.9,114.6,9.6,1.9,0.579,2.2,16.7,0.277,0.66,0.474,10.309,10.3,0.544,0.587,1.0,0.964,19.3,96.5,80.42,97.0,0.551
0022200452,1610612739,Cleveland,Cavaliers,CLE,cavaliers,240:00,604.0,120.8,490.1,98.0,113.9,22.8,0.558,1.04,18.3,0.214,0.689,0.539,22.772,22.8,0.721,0.749,1.0,0.963,20.2,101.0,84.17,101.0,0.682
0022200452,1610612762,Utah,Jazz,UTA,jazz,240:00,490.1,98.0,604.0,120.8,-113.9,-22.8,0.528,1.36,13.8,0.311,0.786,0.461,13.861,13.9,0.441,0.48,1.0,0.983,20.2,101.0,84.17,101.0,0.318
0022200457,1610612740,New Orleans,Pelicans,NOP,pelicans,240:00,566.7,113.3,609.5,121.9,-42.9,-8.6,0.714,2.0,19.4,0.35,0.763,0.51,14.286,14.3,0.515,0.543,1.0,0.992,21.0,105.0,87.5,105.0,0.432
0022200457,1610612749,Milwaukee,Bucks,MIL,bucks,240:00,609.5,121.9,566.7,113.3,42.9,8.6,0.578,1.44,18.7,0.237,0.65,0.49,17.143,17.1,0.636,0.676,1.0,0.982,21.0,105.0,87.5,105.0,0.568
0022200454,1610612737,Atlanta,Hawks,ATL,hawks,240:00,630.0,126.0,618.8,123.8,11.2,2.2,0.604,2.9,20.7,0.229,0.692,0.47,10.0,10.0,0.574,0.613,1.0,1.0,20.1,100.5,83.75,100.0,0.493
0022200454,1610612753,Orlando,Magic,ORL,magic,240:00,618.8,123.8,630.0,126.0,-11.2,-2.2,0.644,3.63,20.1,0.308,0.771,0.53,7.921,7.9,0.537,0.59,1.0,0.991,20.1,100.5,83.75,101.0,0.507
0022200459,1610612756,Phoenix,Suns,PHX,suns,240:00,677.1,135.4,536.1,107.2,141.0,28.2,0.457,2.33,15.6,0.367,0.72,0.545,9.375,9.4,0.602,0.628,1.0,0.982,19.3,96.5,80.42,96.0,0.631
0022200459,1610612747,Los Angeles,Lakers,LAL,lakers,240:00,536.1,107.2,677.1,135.4,-141.0,-28.2,0.333,0.87,10.6,0.28,0.633,0.455,15.464,15.5,0.517,0.55,1.0,0.973,19.3,96.5,80.42,97.0,0.369
0022200460,1610612758,Sacramento,Kings,SAC,kings,240:00,561.3,112.3,584.1,116.8,-22.8,-4.6,0.511,2.88,16.3,0.207,0.694,0.43,7.547,7.5,0.537,0.548,1.0,0.992,21.3,106.5,88.75,106.0,0.441
0022200460,1610612766,Charlotte,Hornets,CHA,hornets,240:00,584.1,116.8,561.3,112.3,22.8,4.6,0.531,1.86,17.7,0.306,0.793,0.57,13.084,13.1,0.568,0.595,1.0,0.983,21.3,106.5,88.75,107.0,0.559
0022200453,1610612755,Philadelphia,76ers,PHI,sixers,265:00,504.9,101.0,495.1,99.0,9.8,2.0,0.688,1.38,16.5,0.163,0.75,0.465,15.534,15.5,0.494,0.566,1.0,0.973,18.57,92.83,77.36,103.0,0.499
0022200453,1610612761,Toronto,Raptors,TOR,raptors,265:00,495.1,99.0,504.9,101.0,-9.8,-2.0,0.649,1.5,17.3,0.25,0.837,0.535,15.686,15.7,0.483,0.522,1.0,0.974,18.57,92.83,77.36,102.0,0.501
0022200455,1610612745,Houston,Rockets,HOU,rockets,240:00,525.0,105.0,613.9,122.8,-88.9,-17.8,0.575,2.09,16.1,0.344,0.684,0.475,11.0,11.0,0.452,0.488,1.0,0.992,20.1,100.5,83.75,100.0,0.407
0022200455,1610612759,San Antonio,Spurs,SAS,spurs,240:00,613.9,122.8,525.0,105.0,88.9,17.8,0.652,1.58,21.1,0.316,0.656,0.525,18.812,18.8,0.657,0.679,1.0,0.991,20.1,100.5,83.75,101.0,0.593
0022200456,1610612750,Minnesota,Timberwolves,MIN,timberwolves,240:00,597.9,119.6,546.4,109.3,51.5,10.3,0.452,1.73,14.8,0.24,0.766,0.495,11.34,11.3,0.539,0.583,1.0,0.972,19.4,97.0,80.83,97.0,0.531
0022200456,1610612742,Dallas,Mavericks,DAL,mavericks,240:00,546.4,109.3,597.9,119.6,-51.5,-10.3,0.742,1.44,17.6,0.234,0.76,0.505,16.495,16.5,0.533,0.591,1.0,0.972,19.4,97.0,80.83,97.0,0.469
0022200458,1610612760,Oklahoma City,Thunder,OKC,thunder,240:00,615.0,123.0,599.0,119.8,16.0,3.2,0.5,1.67,14.6,0.333,0.652,0.485,12.0,12.0,0.517,0.59,1.0,0.974,20.1,100.5,83.75,100.0,0.503
0022200458,1610612757,Portland,Trail Blazers,POR,blazers,240:00,599.0,119.8,615.0,123.0,-16.0,-3.2,0.591,1.63,18.2,0.348,0.667,0.515,15.842,15.8,0.591,0.622,1.0,0.974,20.1,100.5,83.75,101.0,0.497
0022200450,1610612743,Denver,Nuggets,DEN,nuggets,240:00,556.1,111.2,542.5,108.5,13.6,2.7,0.767,2.36,20.8,0.339,0.782,0.559,13.084,13.1,0.516,0.546,1.0,0.968,21.3,106.5,88.75,107.0,0.532
0022200450,1610612766,Charlotte,Hornets,CHA,hornets,240:00,542.5,108.5,556.1,111.2,-13.6,-2.7,0.634,2.36,18.1,0.218,0.661,0.441,10.377,10.4,0.49,0.542,1.0,0.983,21.3,106.5,88.75,106.0,0.468
0022200446,1610612754,Indiana,Pacers,IND,pacers,240:00,535.4,107.1,556.1,111.2,-20.8,-4.2,0.513,1.33,14.7,0.309,0.681,0.48,15.152,15.2,0.506,0.529,1.0,0.966,19.7,98.5,82.08,99.0,0.439
0022200446,1610612752,New York,Knicks,NYK,knicks,240:00,556.1,111.2,535.4,107.1,20.8,4.2,0.333,0.81,10.3,0.319,0.691,0.52,16.327,16.3,0.518,0.567,1.0,0.991,19.7,98.5,82.08,98.0,0.561
0022200445,1610612738,Boston,Celtics,BOS,celtics,240:00,451.0,90.2,470.3,94.1,-19.3,-3.9,0.71,1.29,15.7,0.283,0.868,0.558,16.667,16.7,0.416,0.468,1.0,0.975,20.3,101.5,84.58,102.0,0.486
0022200445,1610612753,Orlando,Magic,ORL,magic,240:00,470.3,94.1,451.0,90.2,19.3,3.9,0.606,1.54,15.6,0.132,0.717,0.442,12.871,12.9,0.453,0.503,1.0,0.991,20.3,101.5,84.58,101.0,0.514
0022200449,1610612750,Minnesota,Timberwolves,MIN,timberwolves,240:00,742.6,148.5,623.8,124.8,118.8,23.8,0.667,2.92,26.0,0.219,0.795,0.553,12.871,12.9,0.787,0.798,1.0,0.972,20.2,101.0,84.17,101.0,0.589
0022200449,1610612741,Chicago,Bulls,CHI,bulls,240:00,623.8,124.8,742.6,148.5,-118.8,-23.8,0.674,2.82,22.0,0.205,0.781,0.447,10.891,10.9,0.614,0.639,1.0,0.982,20.2,101.0,84.17,101.0,0.411
0022200448,1610612761,Toronto,Raptors,TOR,raptors,240:00,567.0,113.4,649.5,129.9,-82.5,-16.5,0.525,1.5,14.9,0.397,0.625,0.49,14.433,14.4,0.489,0.525,1.0,0.967,19.4,97.0,80.83,97.0,0.39
0022200448,1610612744,Golden State,Warriors,GSW,warriors,240:00,649.5,129.9,567.0,113.4,82.5,16.5,0.721,1.82,21.7,0.375,0.603,0.51,17.526,17.5,0.642,0.682,1.0,0.982,19.4,97.0,80.83,97.0,0.61
0022200451,1610612747,Los Angeles,Lakers,LAL,lakers,240:00,577.7,115.5,568.0,113.6,9.7,1.9,0.63,3.22,20.6,0.184,0.741,0.476,8.738,8.7,0.56,0.585,1.0,0.982,20.6,103.0,85.83,103.0,0.521
0022200451,1610612764,Washington,Wizards,WAS,wizards,240:00,568.0,113.6,577.7,115.5,-9.7,-1.9,0.545,2.4,17.0,0.259,0.816,0.524,9.709,9.7,0.516,0.554,1.0,0.983,20.6,103.0,85.83,103.0,0.479
0022200447,1610612765,Detroit,Pistons,DET,pistons,240:00,617.3,123.5,626.3,125.3,-8.9,-1.8,0.476,2.22,15.0,0.313,0.842,0.547,9.184,9.2,0.523,0.588,1.0,0.982,19.7,98.5,82.08,98.0,0.479
0022200447,1610612751,Brooklyn,Nets,BKN,nets,240:00,626.3,125.3,617.3,123.5,8.9,1.8,0.591,2.0,19.8,0.158,0.688,0.453,13.131,13.1,0.644,0.688,1.0,0.971,19.7,98.5,82.08,99.0,0.521
0022200442,1610612749,Milwaukee,Bucks,MIL,bucks,240:00,640.6,128.1,510.5,102.1,130.1,26.0,0.625,2.0,21.0,0.395,0.837,0.63,15.625,15.6,0.633,0.648,1.0,0.965,19.1,95.5,79.58,96.0,0.64
0022200442,1610612762,Utah,Jazz,UTA,jazz,240:00,510.5,102.1,640.6,128.1,-130.1,-26.0,0.615,1.71,18.9,0.163,0.605,0.37,14.737,14.7,0.547,0.547,1.0,0.99,19.1,95.5,79.58,95.0,0.36
0022200443,1610612760,Oklahoma City,Thunder,OKC,thunder,240:00,537.4,107.5,514.2,102.8,23.2,4.6,0.763,2.64,19.5,0.22,0.8,0.513,10.28,10.3,0.516,0.544,1.0,0.958,21.3,106.5,88.75,107.0,0.538
0022200443,1610612763,Memphis,Grizzlies,MEM,grizzlies,240:00,514.2,102.8,537.4,107.5,-23.2,-4.6,0.441,1.5,11.4,0.2,0.78,0.487,9.434,9.4,0.444,0.513,1.0,0.983,21.3,106.5,88.75,106.0,0.462
0022200439,1610612759,San Antonio,Spurs,SAS,spurs,240:00,515.3,103.1,572.2,114.4,-56.9,-11.4,0.879,1.71,20.9,0.292,0.773,0.522,17.347,17.3,0.494,0.552,1.0,0.991,19.5,97.5,81.25,98.0,0.464
0022200439,1610612748,Miami,Heat,MIA,heat,240:00,572.2,114.4,515.3,103.1,56.9,11.4,0.595,1.79,18.9,0.227,0.708,0.478,14.433,14.4,0.579,0.602,1.0,0.963,19.5,97.5,81.25,97.0,0.536
0022200444,1610612756,Phoenix,Suns,PHX,suns,240:00,621.1,124.2,606.4,121.3,14.7,2.9,0.59,2.88,17.4,0.286,0.818,0.5,8.421,8.4,0.56,0.6,1.0,0.972,18.9,94.5,78.75,95.0,0.507
0022200444,1610612740,New Orleans,Pelicans,NOP,pelicans,240:00,606.4,121.3,621.1,124.2,-14.7,-2.9,0.6,1.59,21.3,0.182,0.714,0.5,18.085,18.1,0.675,0.689,1.0,0.98,18.9,94.5,78.75,94.0,0.493
0022200438,1610612746,LA,Clippers,LAC,clippers,240:00,520.4,104.1,479.4,95.9,41.0,8.2,0.514,1.36,14.4,0.278,0.792,0.52,14.286,14.3,0.5,0.523,1.0,0.973,19.5,97.5,81.25,98.0,0.522
0022200438,1610612764,Washington,Wizards,WAS,wizards,240:00,479.4,95.9,520.4,104.1,-41.0,-8.2,0.556,1.25,15.7,0.208,0.722,0.48,16.495,16.5,0.482,0.518,1.0,0.972,19.5,97.5,81.25,97.0,0.478
0022200440,1610612739,Cleveland,Cavaliers,CLE,cavaliers,265:00,495.0,99.0,495.0,99.0,0.0,0.0,0.575,1.77,16.4,0.288,0.8,0.535,12.871,12.9,0.463,0.482,1.0,0.957,18.2,91.02,75.85,101.0,0.502
0022200440,1610612742,Dallas,Mavericks,DAL,mavericks,265:00,495.0,99.0,495.0,99.0,0.0,0.0,0.528,1.58,14.7,0.2,0.712,0.465,12.0,12.0,0.494,0.514,1.0,0.982,18.2,91.02,75.85,100.0,0.498
0022200441,1610612745,Houston,Rockets,HOU,rockets,240:00,494.8,99.0,569.1,113.8,-74.4,-14.9,0.528,1.12,13.4,0.509,0.761,0.624,17.708,17.7,0.417,0.462,1.0,0.959,19.0,95.0,79.17,96.0,0.447
0022200441,1610612757,Portland,Trail Blazers,POR,blazers,240:00,569.1,113.8,494.8,99.0,74.4,14.9,0.5,1.43,16.0,0.239,0.491,0.376,14.894,14.9,0.547,0.573,1.0,0.981,19.0,95.0,79.17,94.0,0.553
0022200430,1610612738,Boston,Celtics,BOS,celtics,240:00,534.3,106.9,562.5,112.5,-28.2,-5.6,0.486,1.21,13.0,0.231,0.615,0.423,13.725,13.7,0.482,0.551,1.0,0.982,20.6,103.0,85.83,102.0,0.477
0022200430,1610612753,Orlando,Magic,ORL,magic,240:00,562.5,112.5,534.3,106.9,28.2,5.6,0.452,1.06,13.4,0.385,0.769,0.577,17.308,17.3,0.511,0.566,1.0,0.967,20.6,103.0,85.83,104.0,0.523
0022200437,1610612747,Los Angeles,Lakers,LAL,lakers,240:00,605.8,121.2,524.3,104.9,81.5,16.3,0.604,1.93,19.6,0.326,0.791,0.551,14.423,14.4,0.593,0.62,1.0,0.966,20.7,103.5,86.25,104.0,0.572
0022200437,1610612743,Denver,Nuggets,DEN,nuggets,240:00,524.3,104.9,605.8,121.2,-81.5,-16.3,0.641,1.32,18.2,0.209,0.674,0.449,18.447,18.4,0.537,0.579,1.0,0.991,20.7,103.5,86.25,103.0,0.428
0022200434,1610612741,Chicago,Bulls,CHI,bulls,240:00,459.6,91.9,575.8,115.2,-116.2,-23.2,0.722,1.3,20.5,0.098,0.656,0.431,20.202,20.2,0.545,0.565,1.0,1.0,19.8,99.0,82.5,99.0,0.417
0022200434,1610612752,New York,Knicks,NYK,knicks,240:00,575.8,115.2,459.6,91.9,116.2,23.2,0.514,1.58,13.8,0.344,0.902,0.569,12.121,12.1,0.495,0.537,1.0,0.975,19.8,99.0,82.5,99.0,0.583
0022200431,1610612739,Cleveland,Cavaliers,CLE,cavaliers,240:00,641.3,128.3,602.2,120.4,39.2,7.8,0.605,2.3,18.4,0.244,0.816,0.519,10.87,10.9,0.592,0.655,1.0,0.971,18.5,92.5,77.08,92.0,0.499
0022200431,1610612754,Indiana,Pacers,IND,pacers,240:00,602.2,120.4,641.3,128.3,-39.2,-7.8,0.81,3.4,25.8,0.184,0.756,0.481,10.753,10.8,0.594,0.634,1.0,0.99,18.5,92.5,77.08,93.0,0.501
0022200436,1610612742,Dallas,Mavericks,DAL,mavericks,240:00,656.6,131.3,550.0,110.0,106.6,21.3,0.556,1.92,19.2,0.154,0.741,0.495,13.131,13.1,0.667,0.703,1.0,0.981,19.9,99.5,82.92,99.0,0.607
0022200436,1610612757,Portland,Trail Blazers,POR,blazers,240:00,550.0,110.0,656.6,131.3,-106.6,-21.3,0.538,1.75,15.6,0.259,0.846,0.505,12.0,12.0,0.511,0.55,1.0,0.974,19.9,99.5,82.92,100.0,0.393
0022200433,1610612761,Toronto,Raptors,TOR,raptors,240:00,604.2,120.8,626.3,125.3,-22.1,-4.4,0.415,1.89,13.7,0.239,0.813,0.474,9.375,9.4,0.542,0.599,1.0,0.963,19.1,95.5,79.58,96.0,0.458
0022200433,1610612751,Brooklyn,Nets,BKN,nets,240:00,626.3,125.3,604.2,120.8,22.1,4.4,0.478,1.47,17.9,0.188,0.761,0.526,15.789,15.8,0.664,0.691,1.0,0.98,19.1,95.5,79.58,95.0,0.542
0022200429,1610612765,Detroit,Pistons,DET,pistons,240:00,565.0,113.0,604.0,120.8,-39.0,-7.8,0.564,1.29,15.9,0.333,0.786,0.544,17.0,17.0,0.518,0.573,1.0,0.983,20.1,100.5,83.75,100.0,0.444
0022200429,1610612758,Sacramento,Kings,SAC,kings,240:00,604.0,120.8,565.0,113.0,39.0,7.8,0.698,2.14,21.4,0.214,0.667,0.456,13.861,13.9,0.598,0.644,1.0,0.964,20.1,100.5,83.75,101.0,0.556
0022200432,1610612755,Philadelphia,76ers,PHI,sixers,240:00,567.3,113.5,519.6,103.9,47.7,9.5,0.59,1.53,16.4,0.265,0.732,0.514,14.423,14.4,0.547,0.598,1.0,0.966,20.6,103.0,85.83,104.0,0.555
0022200432,1610612744,Golden State,Warriors,GSW,warriors,240:00,519.6,103.9,567.3,113.5,-47.7,-9.5,0.795,1.82,20.9,0.268,0.735,0.486,16.667,16.7,0.505,0.531,1.0,1.0,20.6,103.0,85.83,102.0,0.445
0022200435,1610612760,Oklahoma City,Thunder,OKC,thunder,240:00,534.0,106.8,543.7,108.7,-9.7,-1.9,0.707,1.32,19.9,0.327,0.74,0.535,21.359,21.4,0.528,0.566,1.0,1.0,20.6,103.0,85.83,103.0,0.48
0022200435,1610612750,Minnesota,Timberwolves,MIN,timberwolves,240:00,543.7,108.7,534.0,106.8,9.7,1.9,0.535,1.44,16.5,0.26,0.673,0.465,15.534,15.5,0.563,0.571,1.0,0.983,20.6,103.0,85.83,103.0,0.52
0022200428,1610612766,Charlotte,Hornets,CHA,hornets,240:00,535.4,107.1,637.8,127.6,-102.4,-20.5,0.667,2.0,17.7,0.371,0.865,0.556,13.131,13.1,0.474,0.498,1.0,0.975,19.7,98.5,82.08,99.0,0.388
0022200428,1610612737,Atlanta,Hawks,ATL,hawks,240:00,637.8,127.6,535.4,107.1,102.4,20.5,0.61,1.79,19.5,0.135,0.629,0.444,14.286,14.3,0.647,0.695,1.0,0.981,19.7,98.5,82.08,98.0,0.612
0022200424,1610612745,Houston,Rockets,HOU,rockets,240:00,551.0,110.2,572.2,114.4,-21.1,-4.2,0.5,1.47,15.7,0.412,0.673,0.544,15.306,15.3,0.516,0.532,1.0,0.966,19.5,97.5,81.25,98.0,0.511
0022200424,1610612748,Miami,Heat,MIA,heat,240:00,572.2,114.4,551.0,110.2,21.1,4.2,0.538,1.5,15.6,0.327,0.588,0.456,14.433,14.4,0.534,0.566,1.0,0.974,19.5,97.5,81.25,97.0,0.489
0022200426,1610612762,Utah,Jazz,UTA,jazz,265:00,616.8,123.4,602.8,120.6,14.0,2.8,0.571,1.5,15.9,0.396,0.625,0.514,14.953,15.0,0.554,0.61,1.0,0.984,19.38,96.91,80.75,107.0,0.522
0022200426,1610612740,New Orleans,Pelicans,NOP,pelicans,265:00,602.8,120.6,616.8,123.4,-14.0,-2.8,0.511,1.33,15.9,0.375,0.604,0.486,16.822,16.8,0.535,0.579,1.0,0.976,19.38,96.91,80.75,107.0,0.478
0022200425,1610612763,Memphis,Grizzlies,MEM,grizzlies,240:00,696.1,139.2,490.3,98.1,205.8,41.2,0.536,3.75,20.4,0.34,0.754,0.574,7.843,7.8,0.608,0.633,1.0,0.991,20.5,102.5,85.42,102.0,0.693
0022200425,1610612749,Milwaukee,Bucks,MIL,bucks,240:00,490.3,98.1,696.1,139.2,-205.8,-41.2,0.629,2.44,15.7,0.246,0.66,0.426,8.738,8.7,0.441,0.477,1.0,0.975,20.5,102.5,85.42,103.0,0.307
0022200427,1610612746,LA,Clippers,LAC,clippers,240:00,500.0,100.0,596.8,119.4,-96.8,-19.4,0.618,1.17,15.0,0.387,0.642,0.504,18.947,18.9,0.444,0.479,1.0,0.95,18.8,94.0,78.33,95.0,0.364
0022200427,1610612756,Phoenix,Suns,PHX,suns,240:00,596.8,119.4,500.0,100.0,96.8,19.4,0.614,3.0,19.4,0.358,0.613,0.496,9.677,9.7,0.511,0.539,1.0,0.982,18.8,94.0,78.33,93.0,0.636
0022200422,1610612743,Denver,Nuggets,DEN,nuggets,240:00,646.8,129.4,581.8,116.4,65.0,13.0,0.574,1.63,20.8,0.3,0.833,0.628,17.431,17.4,0.675,0.716,1.0,0.983,21.9,109.5,91.25,109.0,0.589
0022200422,1610612764,Washington,Wizards,WAS,wizards,240:00,581.8,116.4,646.8,129.4,-65.0,-13.0,0.833,2.86,25.3,0.167,0.7,0.372,12.727,12.7,0.632,0.633,1.0,0.966,21.9,109.5,91.25,110.0,0.411
0022200416,1610612753,Orlando,Magic,ORL,magic,240:00,661.8,132.4,601.9,120.4,59.8,12.0,0.596,2.0,18.9,0.367,0.739,0.547,13.725,13.7,0.591,0.636,1.0,0.967,20.5,102.5,85.42,102.0,0.534
0022200416,1610612737,Atlanta,Hawks,ATL,hawks,240:00,601.9,120.4,661.8,132.4,-59.8,-12.0,0.682,2.31,20.7,0.261,0.633,0.453,12.621,12.6,0.568,0.621,1.0,0.974,20.5,102.5,85.42,103.0,0.466
0022200419,1610612760,Oklahoma City,Thunder,OKC,thunder,240:00,551.0,110.2,555.6,111.1,-4.5,-0.9,0.634,1.86,19.5,0.205,0.784,0.516,14.286,14.3,0.555,0.586,1.0,0.991,19.7,98.5,82.08,98.0,0.534
0022200419,1610612748,Miami,Heat,MIA,heat,240:00,555.6,111.1,551.0,110.2,4.5,0.9,0.676,1.79,18.5,0.216,0.795,0.484,14.141,14.1,0.57,0.594,1.0,0.973,19.7,98.5,82.08,99.0,0.466
0022200418,1610612741,Chicago,Bulls,CHI,bulls,265:00,576.9,115.4,615.4,123.1,-38.5,-7.7,0.543,2.08,18.8,0.1,0.62,0.389,11.538,11.5,0.601,0.64,1.0,0.972,18.84,94.19,78.49,104.0,0.509
0022200418,1610612752,New York,Knicks,NYK,knicks,265:00,615.4,123.1,576.9,115.4,38.5,7.7,0.556,1.39,16.9,0.38,0.9,0.611,17.308,17.3,0.593,0.627,1.0,0.943,18.84,94.19,78.49,104.0,0.491
0022200421,1610612742,Dallas,Mavericks,DAL,mavericks,240:00,511.4,102.3,596.6,119.3,-85.2,-17.0,0.586,1.31,14.7,0.22,0.737,0.443,14.773,14.8,0.48,0.527,1.0,0.97,17.6,88.0,73.33,88.0,0.36
0022200421,1610612739,Cleveland,Cavaliers,CLE,cavaliers,240:00,596.6,119.3,511.4,102.3,85.2,17.0,0.634,2.89,21.0,0.263,0.78,0.557,10.227,10.2,0.577,0.608,1.0,0.949,17.6,88.0,73.33,88.0,0.64
0022200415,1610612754,Indiana,Pacers,IND,pacers,240:00,573.4,114.7,550.9,110.2,22.5,4.5,0.682,1.67,20.5,0.178,0.674,0.429,16.514,16.5,0.598,0.638,1.0,0.974,21.7,108.5,90.42,109.0,0.527
0022200415,1610612744,Golden State,Warriors,GSW,warriors,240:00,550.9,110.2,573.4,114.7,-22.5,-4.5,0.675,1.13,18.0,0.326,0.822,0.571,22.222,22.2,0.547,0.602,1.0,0.984,21.7,108.5,90.42,108.0,0.473
0022200414,1610612766,Charlotte,Hornets,CHA,hornets,265:00,598.2,119.6,629.5,125.9,-31.3,-6.3,0.447,4.2,13.6,0.319,0.722,0.496,4.464,4.5,0.487,0.529,1.0,0.992,20.29,101.43,84.53,112.0,0.465
0022200414,1610612765,Detroit,Pistons,DET,pistons,265:00,629.5,125.9,598.2,119.6,31.3,6.3,0.521,1.56,16.6,0.278,0.681,0.504,14.286,14.3,0.613,0.648,1.0,0.984,20.29,101.43,84.53,112.0,0.535
0022200423,1610612746,LA,Clippers,LAC,clippers,240:00,500.0,100.0,453.6,90.7,46.4,9.3,0.618,1.4,15.1,0.345,0.813,0.563,15.152,15.2,0.461,0.504,1.0,0.949,19.6,98.0,81.67,99.0,0.547
0022200423,1610612750,Minnesota,Timberwolves,MIN,timberwolves,240:00,453.6,90.7,500.0,100.0,-46.4,-9.3,0.484,0.88,12.4,0.188,0.655,0.437,17.526,17.5,0.446,0.505,1.0,0.991,19.6,98.0,81.67,97.0,0.453
0022200420,1610612759,San Antonio,Spurs,SAS,spurs,240:00,571.4,114.3,653.1,130.6,-81.6,-16.3,0.511,2.09,16.4,0.357,0.743,0.505,11.224,11.2,0.521,0.532,1.0,1.0,19.6,98.0,81.67,98.0,0.425
0022200420,1610612757,Portland,Trail Blazers,POR,blazers,240:00,653.1,130.6,571.4,114.3,81.6,16.3,0.531,1.53,19.7,0.257,0.643,0.495,17.347,17.3,0.716,0.723,1.0,0.991,19.6,98.0,81.67,98.0,0.575
0022200417,1610612761,Toronto,Raptors,TOR,raptors,240:00,608.9,121.8,601.9,120.4,7.0,1.4,0.532,3.57,18.1,0.24,0.633,0.434,6.931,6.9,0.532,0.581,1.0,1.0,20.4,102.0,85.0,101.0,0.496
0022200417,1610612758,Sacramento,Kings,SAC,kings,240:00,601.9,120.4,608.9,121.8,-7.0,-1.4,0.644,1.93,19.3,0.367,0.76,0.566,14.563,14.6,0.575,0.609,1.0,0.967,20.4,102.0,85.0,103.0,0.504
0022200409,1610612755,Philadelphia,76ers,PHI,sixers,240:00,591.3,118.3,490.5,98.1,100.9,20.2,0.791,2.83,23.9,0.093,0.709,0.439,11.538,11.5,0.607,0.641,1.0,0.981,20.9,104.5,87.08,104.0,0.628
0022200409,1610612758,Sacramento,Kings,SAC,kings,240:00,490.5,98.1,591.3,118.3,-100.9,-20.2,0.553,1.24,14.8,0.291,0.907,0.561,16.19,16.2,0.467,0.511,1.0,0.975,20.9,104.5,87.08,105.0,0.372
0022200411,1610612745,Houston,Rockets,HOU,rockets,240:00,549.5,109.9,485.0,97.0,64.5,12.9,0.471,0.7,11.7,0.408,0.704,0.583,22.772,22.8,0.494,0.578,1.0,0.967,20.1,100.5,83.75,101.0,0.609
0022200411,1610612756,Phoenix,Suns,PHX,suns,240:00,485.0,97.0,549.5,109.9,-64.5,-12.9,0.667,2.2,15.4,0.296,0.592,0.417,10.0,10.0,0.383,0.436,1.0,0.983,20.1,100.5,83.75,100.0,0.391
0022200412,1610612762,Utah,Jazz,UTA,jazz,240:00,570.8,114.2,476.2,95.2,94.6,18.9,0.633,1.41,19.1,0.439,0.672,0.559,20.755,20.8,0.549,0.559,1.0,0.954,21.1,105.5,87.92,106.0,0.596
0022200412,1610612740,New Orleans,Pelicans,NOP,pelicans,240:00,476.2,95.2,570.8,114.2,-94.6,-18.9,0.676,1.47,16.7,0.328,0.561,0.441,16.19,16.2,0.419,0.465,1.0,0.984,21.1,105.5,87.92,105.0,0.404
0022200410,1610612749,Milwaukee,Bucks,MIL,bucks,240:00,592.6,118.5,513.9,102.8,78.7,15.7,0.489,0.96,15.5,0.308,0.767,0.586,21.296,21.3,0.622,0.666,1.0,0.967,21.6,108.0,90.0,108.0,0.629
0022200410,1610612744,Golden State,Warriors,GSW,warriors,240:00,513.9,102.8,592.6,118.5,-78.7,-15.7,0.658,1.39,17.0,0.233,0.692,0.414,16.667,16.7,0.505,0.537,1.0,0.984,21.6,108.0,90.0,108.0,0.371
0022200413,1610612747,Los Angeles,Lakers,LAL,lakers,265:00,531.5,106.3,544.6,108.9,-13.1,-2.6,0.523,1.92,16.0,0.192,0.733,0.482,10.811,10.8,0.516,0.556,1.0,0.975,20.2,100.98,84.15,111.0,0.525
0022200413,1610612738,Boston,Celtics,BOS,celtics,265:00,544.6,108.9,531.5,106.3,13.1,2.6,0.587,1.93,17.5,0.267,0.808,0.518,12.5,12.5,0.534,0.549,1.0,0.984,20.2,100.98,84.15,112.0,0.475
0022200408,1610612746,LA,Clippers,LAC,clippers,240:00,576.5,115.3,474.5,94.9,102.0,20.4,0.409,1.8,13.8,0.286,0.851,0.563,10.204,10.2,0.544,0.569,1.0,0.973,19.6,98.0,81.67,98.0,0.546
0022200408,1610612738,Boston,Celtics,BOS,celtics,240:00,474.5,94.9,576.5,115.3,-102.0,-20.4,0.818,1.8,20.5,0.149,0.714,0.438,15.306,15.3,0.493,0.532,1.0,0.981,19.6,98.0,81.67,98.0,0.454
0022200402,1610612754,Indiana,Pacers,IND,pacers,240:00,436.2,87.2,467.7,93.5,-31.6,-6.3,0.571,0.89,12.8,0.273,0.755,0.509,19.149,19.1,0.424,0.467,1.0,0.945,18.7,93.5,77.92,94.0,0.441
0022200402,1610612748,Miami,Heat,MIA,heat,240:00,467.7,93.5,436.2,87.2,31.6,6.3,0.719,1.64,17.8,0.245,0.727,0.491,15.054,15.1,0.44,0.478,1.0,0.981,18.7,93.5,77.92,93.0,0.559
0022200407,1610612757,Portland,Trail Blazers,POR,blazers,240:00,627.4,125.5,528.3,105.7,99.1,19.8,0.667,1.68,21.2,0.289,0.846,0.588,17.925,17.9,0.657,0.677,1.0,0.975,21.2,106.0,88.33,106.0,0.575
0022200407,1610612750,Minnesota,Timberwolves,MIN,timberwolves,240:00,528.3,105.7,627.4,125.5,-99.1,-19.8,0.543,2.5,18.0,0.154,0.711,0.412,9.434,9.4,0.548,0.552,1.0,0.974,21.2,106.0,88.33,106.0,0.425
0022200406,1610612759,San Antonio,Spurs,SAS,spurs,240:00,577.3,115.5,566.3,113.3,11.0,2.2,0.543,1.92,17.7,0.377,0.596,0.48,13.402,13.4,0.521,0.538,1.0,0.991,19.5,97.5,81.25,97.0,0.473
0022200406,1610612739,Cleveland,Cavaliers,CLE,cavaliers,240:00,566.3,113.3,577.3,115.5,-11.0,-2.2,0.467,1.4,15.3,0.404,0.623,0.52,15.306,15.3,0.516,0.558,1.0,0.991,19.5,97.5,81.25,98.0,0.527
0022200403,1610612764,Washington,Wizards,WAS,wizards,240:00,490.2,98.0,560.0,112.0,-69.8,-14.0,0.568,1.05,15.8,0.222,0.826,0.527,19.608,19.6,0.538,0.564,1.0,0.955,20.2,101.0,84.17,102.0,0.442
0022200403,1610612751,Brooklyn,Nets,BKN,nets,240:00,560.0,112.0,490.2,98.0,69.8,14.0,0.568,1.92,18.8,0.174,0.778,0.473,13.0,13.0,0.539,0.578,1.0,0.981,20.2,101.0,84.17,100.0,0.558
0022200404,1610612763,Memphis,Grizzlies,MEM,grizzlies,240:00,615.4,123.1,500.0,100.0,115.4,23.1,0.72,1.57,23.4,0.4,0.625,0.551,22.115,22.1,0.681,0.704,1.0,0.949,20.7,103.5,86.25,104.0,0.711
0022200404,1610612737,Atlanta,Hawks,ATL,hawks,240:00,500.0,100.0,615.4,123.1,-115.4,-23.1,0.541,1.25,13.3,0.375,0.6,0.449,15.534,15.5,0.413,0.453,1.0,0.985,20.7,103.5,86.25,103.0,0.289
0022200405,1610612742,Dallas,Mavericks,DAL,mavericks,240:00,605.0,121.0,575.8,115.2,29.2,5.8,0.615,1.71,16.8,0.364,0.761,0.545,14.0,14.0,0.538,0.582,1.0,0.983,19.9,99.5,82.92,100.0,0.518
0022200405,1610612760,Oklahoma City,Thunder,OKC,thunder,240:00,575.8,115.2,605.0,121.0,-29.2,-5.8,0.5,1.62,16.0,0.239,0.636,0.455,13.131,13.1,0.534,0.586,1.0,0.991,19.9,99.5,82.92,99.0,0.482
0022200397,1610612752,New York,Knicks,NYK,knicks,240:00,538.5,107.7,485.3,97.1,53.2,10.6,0.475,1.12,13.6,0.34,0.764,0.562,16.346,16.3,0.494,0.555,1.0,0.942,20.6,103.0,85.83,104.0,0.613
0022200397,1610612758,Sacramento,Kings,SAC,kings,240:00,485.3,97.1,538.5,107.7,-53.2,-10.6,0.606,1.18,14.8,0.236,0.66,0.438,16.667,16.7,0.458,0.503,1.0,0.991,20.6,103.0,85.83,102.0,0.387
0022200395,1610612740,New Orleans,Pelicans,NOP,pelicans,265:00,608.5,121.7,590.5,118.1,18.0,3.6,0.62,1.82,21.1,0.275,0.61,0.475,16.038,16.0,0.628,0.656,1.0,0.974,19.11,95.55,79.62,106.0,0.553
0022200395,1610612756,Phoenix,Suns,PHX,suns,265:00,590.5,118.1,608.5,121.7,-18.0,-3.6,0.694,2.27,21.0,0.39,0.725,0.525,14.286,14.3,0.529,0.551,1.0,0.977,19.11,95.55,79.62,105.0,0.447
0022200399,1610612755,Philadelphia,76ers,PHI,sixers,240:00,648.5,129.7,553.9,110.8,94.6,18.9,0.674,1.94,21.7,0.268,0.614,0.469,15.842,15.8,0.633,0.675,1.0,0.982,20.3,101.5,84.58,101.0,0.591
0022200399,1610612766,Charlotte,Hornets,CHA,hornets,240:00,553.9,110.8,648.5,129.7,-94.6,-18.9,0.553,1.31,14.5,0.386,0.732,0.531,15.686,15.7,0.468,0.532,1.0,0.968,20.3,101.5,84.58,102.0,0.409
0022200400,1610612737,Atlanta,Hawks,ATL,hawks,265:00,544.2,108.8,544.6,108.9,-0.4,-0.1,0.596,1.87,18.4,0.208,0.696,0.459,13.274,13.3,0.546,0.573,1.0,0.968,20.38,101.89,84.91,113.0,0.478
0022200400,1610612741,Chicago,Bulls,CHI,bulls,265:00,544.6,108.9,544.2,108.8,0.4,0.1,0.583,1.47,17.9,0.304,0.792,0.541,16.964,17.0,0.515,0.554,1.0,0.992,20.38,101.89,84.91,112.0,0.522
0022200396,1610612765,Detroit,Pistons,DET,pistons,240:00,579.2,115.8,626.3,125.3,-47.1,-9.4,0.651,2.33,19.7,0.275,0.825,0.516,11.881,11.9,0.554,0.582,1.0,0.974,20.0,100.0,83.33,101.0,0.441
0022200396,1610612747,Los Angeles,Lakers,LAL,lakers,240:00,626.3,125.3,579.2,115.8,47.1,9.4,0.674,2.82,22.6,0.175,0.725,0.484,11.111,11.1,0.613,0.647,1.0,1.0,20.0,100.0,83.33,99.0,0.559
0022200398,1610612753,Orlando,Magic,ORL,magic,240:00,603.3,120.7,532.3,106.5,71.0,14.2,0.694,1.39,18.5,0.409,0.771,0.598,19.565,19.6,0.558,0.612,1.0,0.955,18.5,92.5,77.08,92.0,0.551
0022200398,1610612761,Toronto,Raptors,TOR,raptors,240:00,532.3,106.5,603.3,120.7,-71.0,-14.2,0.6,2.0,14.8,0.229,0.591,0.402,9.677,9.7,0.44,0.54,1.0,0.971,18.5,92.5,77.08,93.0,0.449
0022200401,1610612745,Houston,Rockets,HOU,rockets,240:00,494.9,99.0,469.4,93.9,25.5,5.1,0.575,1.92,17.2,0.25,0.717,0.5,12.245,12.2,0.473,0.504,1.0,0.982,19.6,98.0,81.67,98.0,0.568
0022200401,1610612749,Milwaukee,Bucks,MIL,bucks,240:00,469.4,93.9,494.9,99.0,-25.5,-5.1,0.545,1.13,13.5,0.283,0.75,0.5,16.327,16.3,0.433,0.47,1.0,0.974,19.6,98.0,81.67,98.0,0.432
0022200389,1610612764,Washington,Wizards,WAS,wizards,240:00,535.0,107.0,564.4,112.9,-29.4,-5.9,0.649,1.6,17.8,0.224,0.782,0.519,15.0,15.0,0.529,0.573,1.0,0.973,20.1,100.5,83.75,100.0,0.504
0022200389,1610612746,LA,Clippers,LAC,clippers,240:00,564.4,112.9,535.0,107.0,29.4,5.9,0.55,2.2,16.3,0.218,0.776,0.481,9.901,9.9,0.527,0.564,1.0,0.973,20.1,100.5,83.75,101.0,0.496
0022200392,1610612744,Golden State,Warriors,GSW,warriors,240:00,597.1,119.4,514.4,102.9,82.7,16.5,0.553,1.73,18.3,0.277,0.843,0.571,14.563,14.6,0.582,0.61,1.0,0.974,20.7,103.5,86.25,103.0,0.566
0022200392,1610612738,Boston,Celtics,BOS,celtics,240:00,514.4,102.9,597.1,119.4,-82.7,-16.5,0.447,1.7,13.2,0.157,0.723,0.429,9.615,9.6,0.506,0.543,1.0,0.973,20.7,103.5,86.25,104.0,0.434
0022200394,1610612757,Portland,Trail Blazers,POR,blazers,240:00,626.3,125.3,596.0,119.2,30.3,6.1,0.465,1.25,14.9,0.357,0.833,0.595,16.162,16.2,0.596,0.65,1.0,0.982,19.8,99.0,82.5,99.0,0.516
0022200394,1610612750,Minnesota,Timberwolves,MIN,timberwolves,240:00,596.0,119.2,626.3,125.3,-30.3,-6.1,0.489,1.69,17.2,0.167,0.643,0.405,13.131,13.1,0.602,0.631,1.0,0.981,19.8,99.0,82.5,99.0,0.484
0022200393,1610612743,Denver,Nuggets,DEN,nuggets,240:00,599.0,119.8,567.0,113.4,31.9,6.4,0.596,3.11,21.4,0.171,0.755,0.489,9.375,9.4,0.593,0.618,1.0,0.981,19.3,96.5,80.42,96.0,0.569
0022200393,1610612762,Utah,Jazz,UTA,jazz,240:00,567.0,113.4,599.0,119.8,-31.9,-6.4,0.513,1.43,15.7,0.245,0.829,0.511,14.433,14.4,0.547,0.584,1.0,0.981,19.3,96.5,80.42,97.0,0.431
0022200390,1610612739,Cleveland,Cavaliers,CLE,cavaliers,240:00,578.9,115.8,531.3,106.3,47.7,9.5,0.625,1.92,18.5,0.3,0.787,0.536,13.684,13.7,0.541,0.57,1.0,0.973,19.1,95.5,79.58,95.0,0.543
0022200390,1610612760,Oklahoma City,Thunder,OKC,thunder,240:00,531.3,106.3,578.9,115.8,-47.7,-9.5,0.658,2.27,19.2,0.213,0.7,0.464,11.458,11.5,0.518,0.556,1.0,0.971,19.1,95.5,79.58,96.0,0.457
0022200391,1610612741,Chicago,Bulls,CHI,bulls,240:00,720.0,144.0,563.7,112.7,156.3,31.3,0.611,3.3,23.9,0.143,0.82,0.541,10.0,10.0,0.747,0.753,1.0,0.981,20.2,101.0,84.17,100.0,0.62
0022200391,1610612742,Dallas,Mavericks,DAL,mavericks,240:00,563.7,112.7,720.0,144.0,-156.3,-31.3,0.585,3.0,17.8,0.18,0.857,0.459,7.843,7.8,0.517,0.567,1.0,0.973,20.2,101.0,84.17,102.0,0.38
0022200388,1610612754,Indiana,Pacers,IND,pacers,240:00,633.3,126.7,647.6,129.5,-14.3,-2.9,0.638,1.58,20.7,0.244,0.453,0.362,18.095,18.1,0.676,0.696,1.0,0.965,21.0,105.0,87.5,105.0,0.505
0022200388,1610612751,Brooklyn,Nets,BKN,nets,240:00,647.6,129.5,633.3,126.7,14.3,2.9,0.365,1.06,12.4,0.547,0.756,0.638,17.143,17.1,0.565,0.596,1.0,0.985,21.0,105.0,87.5,105.0,0.495
0022200387,1610612748,Miami,Heat,MIA,heat,240:00,578.1,115.6,599.0,119.8,-20.8,-4.2,0.667,2.6,20.0,0.17,0.659,0.398,10.417,10.4,0.562,0.595,1.0,0.981,19.2,96.0,80.0,96.0,0.456
0022200387,1610612759,San Antonio,Spurs,SAS,spurs,240:00,599.0,119.8,578.1,115.6,20.8,4.2,0.571,1.33,17.9,0.341,0.83,0.602,18.75,18.8,0.583,0.627,1.0,0.982,19.2,96.0,80.0,96.0,0.544
0022200385,1610612762,Utah,Jazz,UTA,jazz,240:00,540.0,108.0,590.0,118.0,-50.0,-10.0,0.564,2.0,16.4,0.226,0.744,0.446,11.0,11.0,0.506,0.537,1.0,0.982,20.0,100.0,83.33,100.0,0.419
0022200385,1610612750,Minnesota,Timberwolves,MIN,timberwolves,240:00,590.0,118.0,540.0,108.0,50.0,10.0,0.714,1.76,21.6,0.256,0.774,0.554,17.0,17.0,0.62,0.652,1.0,0.991,20.0,100.0,83.33,100.0,0.581
0022200383,1610612763,Memphis,Grizzlies,MEM,grizzlies,240:00,542.9,108.6,490.5,98.1,52.4,10.5,0.682,2.14,19.7,0.298,0.696,0.496,13.333,13.3,0.533,0.542,1.0,0.984,21.0,105.0,87.5,105.0,0.613
0022200383,1610612765,Detroit,Pistons,DET,pistons,240:00,490.5,98.1,542.9,108.6,-52.4,-10.5,0.639,1.21,16.0,0.304,0.702,0.504,18.095,18.1,0.461,0.505,1.0,0.992,21.0,105.0,87.5,105.0,0.387
0022200386,1610612742,Dallas,Mavericks,DAL,mavericks,240:00,535.7,107.1,552.1,110.4,-16.4,-3.3,0.512,1.91,15.8,0.263,0.667,0.454,11.224,11.2,0.54,0.533,1.0,0.964,19.4,97.0,80.83,98.0,0.464
0022200386,1610612749,Milwaukee,Bucks,MIL,bucks,240:00,552.1,110.4,535.7,107.1,16.4,3.3,0.711,1.59,19.3,0.333,0.737,0.546,17.708,17.7,0.5,0.546,1.0,0.973,19.4,97.0,80.83,96.0,0.536
0022200380,1610612751,Brooklyn,Nets,BKN,nets,240:00,582.5,116.5,563.1,112.6,19.4,3.9,0.667,1.43,20.8,0.308,0.66,0.5,20.388,20.4,0.62,0.65,1.0,0.991,20.6,103.0,85.83,103.0,0.54
0022200380,1610612737,Atlanta,Hawks,ATL,hawks,240:00,563.1,112.6,582.5,116.5,-19.4,-3.9,0.457,1.17,15.1,0.34,0.692,0.5,17.476,17.5,0.548,0.58,1.0,0.992,20.6,103.0,85.83,103.0,0.46
0022200378,1610612754,Indiana,Pacers,IND,pacers,240:00,657.6,131.5,609.9,122.0,47.7,9.5,0.535,1.92,17.4,0.409,0.683,0.541,13.043,13.0,0.612,0.645,1.0,0.972,18.3,91.5,76.25,92.0,0.517
0022200378,1610612764,Washington,Wizards,WAS,wizards,240:00,609.9,122.0,657.6,131.5,-47.7,-9.5,0.61,1.79,19.4,0.317,0.591,0.459,15.385,15.4,0.597,0.631,1.0,0.981,18.3,91.5,76.25,91.0,0.483
0022200377,1610612766,Charlotte,Hornets,CHA,hornets,240:00,515.2,103.0,623.7,124.7,-108.6,-21.7,0.432,1.23,12.5,0.28,0.589,0.443,13.131,13.1,0.476,0.529,1.0,0.964,19.6,98.0,81.67,99.0,0.421
0022200377,1610612752,New York,Knicks,NYK,knicks,240:00,623.7,124.7,515.2,103.0,108.6,21.7,0.61,1.79,17.2,0.411,0.72,0.557,14.433,14.4,0.511,0.57,1.0,0.975,19.6,98.0,81.67,97.0,0.579
0022200384,1610612740,New Orleans,Pelicans,NOP,pelicans,240:00,640.0,128.0,585.0,117.0,55.0,11.0,0.587,2.45,18.8,0.354,0.727,0.533,11.0,11.0,0.556,0.607,1.0,0.983,20.0,100.0,83.33,100.0,0.561
0022200384,1610612756,Phoenix,Suns,PHX,suns,240:00,585.0,117.0,640.0,128.0,-55.0,-11.0,0.698,1.76,21.3,0.273,0.646,0.467,17.0,17.0,0.628,0.638,1.0,0.973,20.0,100.0,83.33,100.0,0.439
0022200379,1610612753,Orlando,Magic,ORL,magic,240:00,582.5,116.5,556.1,111.2,26.4,5.3,0.571,1.2,19.2,0.133,0.784,0.543,20.619,20.6,0.662,0.704,1.0,0.97,19.5,97.5,81.25,97.0,0.526
0022200379,1610612761,Toronto,Raptors,TOR,raptors,240:00,556.1,111.2,582.5,116.5,-26.4,-5.3,0.639,3.29,17.7,0.216,0.867,0.457,7.143,7.1,0.482,0.548,1.0,0.991,19.5,97.5,81.25,98.0,0.474
0022200382,1610612755,Philadelphia,76ers,PHI,sixers,265:00,583.3,116.7,539.8,108.0,43.5,8.7,0.625,1.3,19.4,0.279,0.771,0.538,20.175,20.2,0.633,0.667,1.0,0.96,20.56,102.79,85.66,114.0,0.534
0022200382,1610612747,Los Angeles,Lakers,LAL,lakers,265:00,539.8,108.0,583.3,116.7,-43.5,-8.7,0.659,1.38,19.0,0.229,0.721,0.462,18.584,18.6,0.563,0.603,1.0,0.968,20.56,102.79,85.66,113.0,0.466
0022200381,1610612739,Cleveland,Cavaliers,CLE,cavaliers,240:00,489.7,97.9,552.1,110.4,-62.4,-12.5,0.588,1.0,15.5,0.298,0.861,0.542,20.619,20.6,0.494,0.536,1.0,0.982,19.3,96.5,80.42,97.0,0.406
0022200381,1610612758,Sacramento,Kings,SAC,kings,240:00,552.1,110.4,489.7,97.9,62.4,12.5,0.6,1.11,17.2,0.139,0.702,0.458,19.792,19.8,0.652,0.662,1.0,0.97,19.3,96.5,80.42,96.0,0.594
0022200376,1610612757,Portland,Trail Blazers,POR,blazers,240:00,612.2,122.4,623.7,124.7,-11.5,-2.3,0.682,2.31,21.1,0.319,0.617,0.468,13.265,13.3,0.571,0.612,1.0,0.982,19.5,97.5,81.25,98.0,0.497
0022200376,1610612743,Denver,Nuggets,DEN,nuggets,240:00,623.7,124.7,612.2,122.4,11.5,2.3,0.596,1.75,19.6,0.383,0.681,0.532,16.495,16.5,0.582,0.601,1.0,0.991,19.5,97.5,81.25,97.0,0.503
0022200374,1610612748,Miami,Heat,MIA,heat,240:00,592.8,118.6,567.0,113.4,25.8,5.2,0.522,3.0,18.6,0.178,0.8,0.489,8.247,8.2,0.578,0.598,1.0,0.981,19.4,97.0,80.83,97.0,0.532
0022200374,1610612746,LA,Clippers,LAC,clippers,240:00,567.0,113.4,592.8,118.6,-25.8,-5.2,0.649,1.5,18.5,0.2,0.822,0.511,16.495,16.5,0.569,0.616,1.0,0.981,19.4,97.0,80.83,97.0,0.468
0022200375,1610612759,San Antonio,Spurs,SAS,spurs,240:00,602.0,120.4,550.5,110.1,51.5,10.3,0.543,1.47,18.9,0.237,0.632,0.474,17.347,17.3,0.633,0.658,1.0,0.981,19.7,98.5,82.08,98.0,0.581
0022200375,1610612745,Houston,Rockets,HOU,rockets,240:00,550.5,110.1,602.0,120.4,-51.5,-10.3,0.523,1.64,16.3,0.368,0.763,0.526,14.141,14.1,0.5,0.521,1.0,1.0,19.7,98.5,82.08,99.0,0.419
0022200365,1610612752,New York,Knicks,NYK,knicks,240:00,601.1,120.2,478.5,95.7,122.6,24.5,0.703,1.86,19.1,0.333,0.759,0.566,14.894,14.9,0.548,0.604,1.0,0.973,18.7,93.5,77.92,94.0,0.648
0022200365,1610612737,Atlanta,Hawks,ATL,hawks,240:00,478.5,95.7,601.1,120.2,-122.6,-24.5,0.5,1.45,13.0,0.241,0.667,0.434,11.828,11.8,0.412,0.466,1.0,0.991,18.7,93.5,77.92,93.0,0.352
0022200371,1610612740,New Orleans,Pelicans,NOP,pelicans,240:00,525.3,105.1,490.0,98.0,35.3,7.1,0.538,1.11,15.7,0.286,0.772,0.547,19.192,19.2,0.506,0.547,1.0,0.982,19.9,99.5,82.92,99.0,0.587
0022200371,1610612765,Detroit,Pistons,DET,pistons,240:00,490.0,98.0,525.3,105.1,-35.3,-7.1,0.486,1.31,13.3,0.228,0.714,0.453,13.0,13.0,0.472,0.505,1.0,0.982,19.9,99.5,82.92,100.0,0.413
0022200366,1610612761,Toronto,Raptors,TOR,raptors,240:00,583.3,116.7,528.0,105.6,55.3,11.1,0.532,2.27,16.0,0.371,0.765,0.549,10.185,10.2,0.5,0.54,1.0,0.977,21.5,107.5,89.58,108.0,0.55
0022200366,1610612747,Los Angeles,Lakers,LAL,lakers,240:00,528.0,105.6,583.3,116.7,-55.3,-11.1,0.432,1.07,11.9,0.235,0.629,0.451,14.019,14.0,0.466,0.552,1.0,0.992,21.5,107.5,89.58,107.0,0.45
0022200363,1610612753,Orlando,Magic,ORL,magic,265:00,563.1,112.6,533.7,106.7,29.5,5.9,0.5,1.54,14.1,0.333,0.629,0.487,12.621,12.6,0.463,0.534,1.0,0.992,18.75,93.74,78.11,103.0,0.528
0022200363,1610612746,LA,Clippers,LAC,clippers,265:00,533.7,106.7,563.1,112.6,-29.5,-5.9,0.667,1.53,17.2,0.371,0.667,0.513,16.346,16.3,0.489,0.521,1.0,0.968,18.75,93.74,78.11,104.0,0.472
0022200372,1610612762,Utah,Jazz,UTA,jazz,240:00,601.9,120.4,591.3,118.3,10.6,2.1,0.565,1.53,18.6,0.268,0.636,0.479,16.505,16.5,0.622,0.651,1.0,0.991,20.7,103.5,86.25,103.0,0.531
0022200372,1610612744,Golden State,Warriors,GSW,warriors,240:00,591.3,118.3,601.9,120.4,-10.6,-2.1,0.578,1.86,17.6,0.364,0.732,0.521,13.462,13.5,0.531,0.564,1.0,0.992,20.7,103.5,86.25,104.0,0.469
0022200364,1610612751,Brooklyn,Nets,BKN,nets,240:00,628.9,125.8,597.9,119.6,30.9,6.2,0.673,3.0,24.1,0.205,0.739,0.494,11.34,11.3,0.64,0.656,1.0,0.981,19.4,97.0,80.83,97.0,0.557
0022200364,1610612766,Charlotte,Hornets,CHA,hornets,240:00,597.9,119.6,628.9,125.8,-30.9,-6.2,0.532,2.27,18.7,0.261,0.795,0.506,11.34,11.3,0.591,0.591,1.0,0.972,19.4,97.0,80.83,97.0,0.443
0022200370,1610612750,Minnesota,Timberwolves,MIN,timberwolves,240:00,570.8,114.2,547.6,109.5,23.1,4.6,0.568,1.09,16.3,0.449,0.844,0.638,21.698,21.7,0.516,0.577,1.0,0.969,21.1,105.5,87.92,106.0,0.539
0022200370,1610612754,Indiana,Pacers,IND,pacers,240:00,547.6,109.5,570.8,114.2,-23.1,-4.6,0.564,1.16,16.4,0.156,0.551,0.362,18.095,18.1,0.599,0.628,1.0,0.991,21.1,105.5,87.92,105.0,0.461
0022200367,1610612741,Chicago,Bulls,CHI,bulls,240:00,537.4,107.5,523.6,104.7,13.8,2.8,0.644,1.53,20.0,0.239,0.783,0.511,17.757,17.8,0.556,0.59,1.0,0.991,21.3,106.5,88.75,107.0,0.529
0022200367,1610612764,Washington,Wizards,WAS,wizards,240:00,523.6,104.7,537.4,107.5,-13.8,-2.8,0.537,1.22,16.1,0.217,0.761,0.489,16.981,17.0,0.542,0.574,1.0,1.0,21.3,106.5,88.75,106.0,0.471
0022200369,1610612749,Milwaukee,Bucks,MIL,bucks,240:00,656.3,131.3,588.5,117.7,67.7,13.5,0.739,4.86,22.7,0.377,0.796,0.578,7.292,7.3,0.552,0.591,1.0,0.983,19.2,96.0,80.0,96.0,0.569
0022200369,1610612758,Sacramento,Kings,SAC,kings,240:00,588.5,117.7,656.3,131.3,-67.7,-13.5,0.442,2.38,15.2,0.204,0.623,0.422,8.333,8.3,0.538,0.576,1.0,0.981,19.2,96.0,80.0,96.0,0.431
0022200373,1610612756,Phoenix,Suns,PHX,suns,240:00,462.3,92.5,589.6,117.9,-127.4,-25.5,0.514,1.06,13.6,0.276,0.717,0.486,16.981,17.0,0.441,0.483,1.0,0.992,21.2,106.0,88.33,106.0,0.358
0022200373,1610612738,Boston,Celtics,BOS,celtics,240:00,589.6,117.9,462.3,92.5,127.4,25.5,0.592,2.23,19.3,0.283,0.724,0.514,12.264,12.3,0.564,0.586,1.0,0.975,21.2,106.0,88.33,106.0,0.642
0022200368,1610612763,Memphis,Grizzlies,MEM,grizzlies,240:00,585.7,117.1,485.7,97.1,100.0,20.0,0.667,1.88,21.3,0.271,0.689,0.505,16.19,16.2,0.585,0.609,1.0,0.958,21.0,105.0,87.5,105.0,0.616
0022200368,1610612760,Oklahoma City,Thunder,OKC,thunder,240:00,485.7,97.1,585.7,117.1,-100.0,-20.0,0.735,1.32,16.9,0.311,0.729,0.495,18.095,18.1,0.446,0.499,1.0,0.984,21.0,105.0,87.5,105.0,0.384
0022200361,1610612748,Miami,Heat,MIA,heat,240:00,500.0,100.0,610.5,122.1,-110.5,-22.1,0.636,1.4,16.4,0.239,0.739,0.489,15.625,15.6,0.494,0.543,1.0,0.972,19.1,95.5,79.58,96.0,0.417
0022200361,1610612765,Detroit,Pistons,DET,pistons,240:00,610.5,122.1,500.0,100.0,110.5,22.1,0.628,2.08,20.1,0.261,0.761,0.511,13.684,13.7,0.603,0.62,1.0,0.981,19.1,95.5,79.58,95.0,0.583
0022200360,1610612739,Cleveland,Cavaliers,CLE,cavaliers,240:00,585.9,117.2,515.2,103.0,70.7,14.1,0.521,3.13,18.5,0.267,0.685,0.495,8.081,8.1,0.554,0.577,1.0,0.982,19.8,99.0,82.5,99.0,0.601
0022200360,1610612747,Los Angeles,Lakers,LAL,lakers,240:00,515.2,103.0,585.9,117.2,-70.7,-14.1,0.421,1.0,12.1,0.315,0.733,0.505,16.162,16.2,0.461,0.512,1.0,0.983,19.8,99.0,82.5,99.0,0.399
0022200362,1610612743,Denver,Nuggets,DEN,nuggets,240:00,586.7,117.3,591.8,118.4,-5.1,-1.0,0.75,1.76,22.1,0.238,0.816,0.513,17.347,17.3,0.596,0.637,1.0,1.0,19.6,98.0,81.67,98.0,0.497
0022200362,1610612742,Dallas,Mavericks,DAL,mavericks,240:00,591.8,118.4,586.7,117.3,5.1,1.0,0.75,1.59,20.5,0.184,0.762,0.488,17.347,17.3,0.618,0.677,1.0,0.962,19.6,98.0,81.67,98.0,0.503
0022200357,1610612763,Memphis,Grizzlies,MEM,grizzlies,240:00,531.6,106.3,484.4,96.9,47.2,9.4,0.548,1.92,18.0,0.208,0.76,0.49,12.632,12.6,0.511,0.537,1.0,0.981,19.1,95.5,79.58,95.0,0.547
0022200357,1610612748,Miami,Heat,MIA,heat,240:00,484.4,96.9,531.6,106.3,-47.2,-9.4,0.742,1.35,17.6,0.24,0.792,0.51,17.708,17.7,0.481,0.524,1.0,0.963,19.1,95.5,79.58,96.0,0.453
0022200353,1610612753,Orlando,Magic,ORL,magic,240:00,500.0,100.0,524.0,104.8,-24.0,-4.8,0.618,1.5,14.9,0.3,0.792,0.531,13.725,13.7,0.409,0.482,1.0,0.992,20.6,103.0,85.83,102.0,0.443
0022200353,1610612749,Milwaukee,Bucks,MIL,bucks,240:00,524.0,104.8,500.0,100.0,24.0,4.8,0.816,1.82,21.2,0.208,0.7,0.469,16.346,16.3,0.524,0.565,1.0,0.974,20.6,103.0,85.83,104.0,0.557
0022200358,1610612742,Dallas,Mavericks,DAL,mavericks,240:00,677.1,135.4,566.3,113.3,110.8,22.2,0.523,1.77,17.7,0.275,0.611,0.468,13.542,13.5,0.643,0.681,1.0,0.991,19.4,97.0,80.83,96.0,0.561
0022200358,1610612756,Phoenix,Suns,PHX,suns,240:00,566.3,113.3,677.1,135.4,-110.8,-22.2,0.7,2.15,19.2,0.389,0.725,0.532,13.265,13.3,0.511,0.542,1.0,0.966,19.4,97.0,80.83,98.0,0.439
0022200352,1610612766,Charlotte,Hornets,CHA,hornets,240:00,596.9,119.4,601.0,120.2,-4.1,-0.8,0.617,2.9,20.4,0.296,0.673,0.481,10.204,10.2,0.541,0.555,1.0,1.009,19.7,98.5,82.08,98.0,0.507
0022200352,1610612746,LA,Clippers,LAC,clippers,240:00,601.0,120.2,596.9,119.4,4.1,0.8,0.667,2.5,20.8,0.327,0.704,0.519,12.121,12.1,0.565,0.582,1.0,0.991,19.7,98.5,82.08,99.0,0.493
0022200356,1610612745,Houston,Rockets,HOU,rockets,290:00,594.6,118.9,554.1,110.8,40.5,8.1,0.452,0.9,12.3,0.464,0.717,0.587,18.919,18.9,0.521,0.582,1.0,0.971,18.37,91.86,76.55,111.0,0.534
0022200356,1610612755,Philadelphia,76ers,PHI,sixers,290:00,554.1,110.8,594.6,118.9,-40.5,-8.1,0.59,1.15,15.4,0.283,0.536,0.413,18.018,18.0,0.546,0.598,1.0,0.968,18.37,91.86,76.55,111.0,0.466
0022200355,1610612761,Toronto,Raptors,TOR,raptors,240:00,561.2,112.2,591.8,118.4,-30.6,-6.1,0.487,1.46,14.4,0.294,0.735,0.51,13.265,13.3,0.518,0.56,1.0,0.982,19.6,98.0,81.67,98.0,0.456
0022200355,1610612738,Boston,Celtics,BOS,celtics,240:00,591.8,118.4,561.2,112.2,30.6,6.1,0.614,2.45,19.6,0.265,0.706,0.49,11.224,11.2,0.561,0.584,1.0,0.982,19.6,98.0,81.67,98.0,0.544
0022200359,1610612744,Golden State,Warriors,GSW,warriors,240:00,520.0,104.0,560.0,112.0,-40.0,-8.0,0.684,2.17,18.3,0.267,0.692,0.464,12.0,12.0,0.473,0.508,1.0,0.983,20.0,100.0,83.33,100.0,0.472
0022200359,1610612754,Indiana,Pacers,IND,pacers,240:00,560.0,112.0,520.0,104.0,40.0,8.0,0.605,1.53,18.3,0.308,0.733,0.536,17.0,17.0,0.561,0.572,1.0,0.931,20.0,100.0,83.33,100.0,0.528
0022200354,1610612737,Atlanta,Hawks,ATL,hawks,240:00,522.9,104.6,560.2,112.0,-37.2,-7.4,0.545,1.33,15.7,0.356,0.712,0.523,16.514,16.5,0.495,0.521,1.0,0.984,21.7,108.5,90.42,109.0,0.446
0022200354,1610612760,Oklahoma City,Thunder,OKC,thunder,240:00,560.2,112.0,522.9,104.6,37.2,7.4,0.581,1.56,16.9,0.288,0.644,0.477,14.815,14.8,0.516,0.573,1.0,0.992,21.7,108.5,90.42,108.0,0.554
0022200350,1610612758,Sacramento,Kings,SAC,kings,240:00,534.0,106.8,490.3,98.1,43.7,8.7,0.75,1.58,21.0,0.234,0.84,0.546,18.447,18.4,0.541,0.583,1.0,0.982,20.6,103.0,85.83,103.0,0.574
0022200350,1610612741,Chicago,Bulls,CHI,bulls,240:00,490.3,98.1,534.0,106.8,-43.7,-8.7,0.447,1.06,13.3,0.16,0.766,0.454,15.534,15.5,0.494,0.535,1.0,0.982,20.6,103.0,85.83,103.0,0.426
0022200348,1610612752,New York,Knicks,NYK,knicks,240:00,464.6,92.9,409.1,81.8,55.6,11.1,0.486,0.81,12.6,0.358,0.75,0.56,21.212,21.2,0.436,0.483,1.0,0.975,19.8,99.0,82.5,99.0,0.588
0022200348,1610612739,Cleveland,Cavaliers,CLE,cavaliers,240:00,409.1,81.8,464.6,92.9,-55.6,-11.1,0.586,0.89,13.1,0.25,0.642,0.44,19.192,19.2,0.398,0.441,1.0,0.956,19.8,99.0,82.5,99.0,0.412
0022200345,1610612759,San Antonio,Spurs,SAS,spurs,240:00,479.8,96.0,671.7,134.3,-191.9,-38.4,0.5,1.0,14.3,0.32,0.646,0.48,19.192,19.2,0.471,0.5,1.0,0.991,19.8,99.0,82.5,99.0,0.297
0022200345,1610612756,Phoenix,Suns,PHX,suns,240:00,671.7,134.3,479.8,96.0,191.9,38.4,0.776,3.45,24.8,0.354,0.68,0.52,11.111,11.1,0.622,0.647,1.0,0.983,19.8,99.0,82.5,99.0,0.703
0022200344,1610612740,New Orleans,Pelicans,NOP,pelicans,240:00,599.0,119.8,530.0,106.0,69.0,13.8,0.707,2.64,21.2,0.152,0.721,0.427,10.891,10.9,0.574,0.625,1.0,0.963,20.1,100.5,83.75,101.0,0.568
0022200344,1610612743,Denver,Nuggets,DEN,nuggets,240:00,530.0,106.0,599.0,119.8,-69.0,-13.8,0.585,1.26,17.8,0.279,0.848,0.573,19.0,19.0,0.556,0.579,1.0,1.0,20.1,100.5,83.75,100.0,0.432
0022200349,1610612764,Washington,Wizards,WAS,wizards,240:00,550.9,110.2,607.5,121.5,-56.6,-11.3,0.49,2.4,16.3,0.259,0.75,0.481,9.259,9.3,0.514,0.533,1.0,0.976,21.5,107.5,89.58,108.0,0.424
0022200349,1610612747,Los Angeles,Lakers,LAL,lakers,240:00,607.5,121.5,550.9,110.2,56.6,11.3,0.654,2.27,22.2,0.25,0.741,0.519,14.019,14.0,0.594,0.615,1.0,0.992,21.5,107.5,89.58,107.0,0.576
0022200351,1610612757,Portland,Trail Blazers,POR,blazers,240:00,585.9,117.2,510.2,102.0,75.7,15.1,0.762,2.13,22.2,0.298,0.731,0.525,15.152,15.2,0.587,0.606,1.0,0.982,19.7,98.5,82.08,99.0,0.584
0022200351,1610612754,Indiana,Pacers,IND,pacers,240:00,510.2,102.0,585.9,117.2,-75.7,-15.1,0.55,1.47,16.5,0.269,0.702,0.475,15.306,15.3,0.495,0.519,1.0,1.0,19.7,98.5,82.08,98.0,0.416
0022200346,1610612751,Brooklyn,Nets,BKN,nets,240:00,479.2,95.8,525.5,105.1,-46.3,-9.3,0.5,1.13,13.5,0.241,0.745,0.475,15.625,15.6,0.458,0.491,1.0,0.991,19.4,97.0,80.83,96.0,0.413
0022200346,1610612738,Boston,Celtics,BOS,celtics,240:00,525.5,105.1,479.2,95.8,46.3,9.3,0.514,1.06,14.2,0.255,0.759,0.525,17.347,17.3,0.525,0.573,1.0,0.954,19.4,97.0,80.83,98.0,0.587
0022200347,1610612765,Detroit,Pistons,DET,pistons,240:00,543.7,108.7,598.0,119.6,-54.3,-10.9,0.703,1.73,18.3,0.26,0.686,0.475,14.563,14.6,0.518,0.576,1.0,0.966,20.5,102.5,85.42,103.0,0.458
0022200347,1610612763,Memphis,Grizzlies,MEM,grizzlies,240:00,598.0,119.6,543.7,108.7,54.3,10.9,0.651,2.0,19.2,0.314,0.74,0.525,13.725,13.7,0.549,0.582,1.0,0.983,20.5,102.5,85.42,102.0,0.542
0022200341,1610612750,Minnesota,Timberwolves,MIN,timberwolves,240:00,561.4,112.3,597.3,119.5,-35.9,-7.2,0.532,1.09,16.1,0.356,0.673,0.521,20.175,20.2,0.584,0.626,1.0,0.962,22.7,113.5,94.58,114.0,0.491
0022200341,1610612760,Oklahoma City,Thunder,OKC,thunder,240:00,597.3,119.5,561.4,112.3,35.9,7.2,0.542,1.24,16.8,0.327,0.644,0.479,18.584,18.6,0.575,0.623,1.0,0.984,22.7,113.5,94.58,113.0,0.509
0022200342,1610612744,Golden State,Warriors,GSW,warriors,240:00,625.0,125.0,515.3,103.1,109.7,21.9,0.756,2.43,24.8,0.163,0.654,0.432,14.583,14.6,0.676,0.671,1.0,0.99,19.4,97.0,80.83,96.0,0.581
0022200342,1610612745,Houston,Rockets,HOU,rockets,240:00,515.3,103.1,625.0,125.0,-109.7,-21.9,0.425,1.13,12.8,0.346,0.837,0.568,15.306,15.3,0.456,0.506,1.0,0.966,19.4,97.0,80.83,98.0,0.419
0022200343,1610612762,Utah,Jazz,UTA,jazz,240:00,560.6,112.1,585.9,117.2,-25.3,-5.1,0.526,1.54,15.5,0.224,0.735,0.48,13.131,13.1,0.53,0.576,1.0,1.0,19.8,99.0,82.5,99.0,0.477
0022200343,1610612757,Portland,Trail Blazers,POR,blazers,240:00,585.9,117.2,560.6,112.1,25.3,5.1,0.463,1.46,14.5,0.265,0.776,0.52,13.131,13.1,0.541,0.588,1.0,0.991,19.8,99.0,82.5,99.0,0.523
0022200337,1610612752,New York,Knicks,NYK,knicks,240:00,495.0,99.0,587.4,117.5,-92.3,-18.5,0.514,0.9,14.1,0.191,0.712,0.481,19.802,19.8,0.519,0.56,1.0,0.991,20.4,102.0,85.0,101.0,0.422
0022200337,1610612742,Dallas,Mavericks,DAL,mavericks,240:00,587.4,117.5,495.0,99.0,92.3,18.5,0.628,2.45,18.5,0.288,0.809,0.519,10.68,10.7,0.55,0.57,1.0,0.975,20.4,102.0,85.0,103.0,0.578
0022200340,1610612761,Toronto,Raptors,TOR,raptors,240:00,617.3,123.5,545.5,109.1,71.9,14.4,0.66,1.82,21.7,0.35,0.756,0.556,17.347,17.3,0.613,0.637,1.0,0.982,19.7,98.5,82.08,98.0,0.577
0022200340,1610612753,Orlando,Magic,ORL,magic,240:00,545.5,109.1,617.3,123.5,-71.9,-14.4,0.605,1.44,17.4,0.244,0.65,0.444,16.162,16.2,0.558,0.604,1.0,0.963,19.7,98.5,82.08,99.0,0.423
0022200338,1610612746,LA,Clippers,LAC,clippers,240:00,475.2,95.0,608.9,121.8,-133.7,-26.7,0.455,0.83,10.8,0.371,0.796,0.559,17.822,17.8,0.403,0.46,1.0,0.976,20.2,101.0,84.17,101.0,0.299
0022200338,1610612758,Sacramento,Kings,SAC,kings,240:00,608.9,121.8,475.2,95.0,133.7,26.7,0.674,3.44,21.8,0.204,0.629,0.441,8.911,8.9,0.579,0.602,1.0,0.982,20.2,101.0,84.17,101.0,0.701
0022200339,1610612766,Charlotte,Hornets,CHA,hornets,240:00,457.1,91.4,500.0,100.0,-42.9,-8.6,0.441,1.07,11.5,0.204,0.783,0.47,13.333,13.3,0.42,0.488,1.0,0.974,21.0,105.0,87.5,105.0,0.435
0022200339,1610612749,Milwaukee,Bucks,MIL,bucks,240:00,500.0,100.0,457.1,91.4,42.9,8.6,0.615,1.09,17.4,0.217,0.796,0.53,20.952,21.0,0.542,0.575,1.0,0.982,21.0,105.0,87.5,105.0,0.565
0022200331,1610612749,Milwaukee,Bucks,MIL,bucks,240:00,651.5,130.3,665.0,133.0,-13.5,-2.7,0.58,2.9,20.7,0.255,0.702,0.479,10.101,10.1,0.622,0.641,1.0,0.982,19.9,99.5,82.92,99.0,0.469
0022200331,1610612747,Los Angeles,Lakers,LAL,lakers,240:00,665.0,133.0,651.5,130.3,13.5,2.7,0.615,8.0,22.1,0.298,0.745,0.521,4.0,4.0,0.599,0.624,1.0,0.982,19.9,99.5,82.92,100.0,0.531
0022200335,1610612762,Utah,Jazz,UTA,jazz,240:00,604.3,120.9,512.9,102.6,91.4,18.3,0.63,1.12,18.6,0.293,0.772,0.571,22.609,22.6,0.645,0.7,1.0,0.969,23.1,115.5,96.25,115.0,0.615
0022200335,1610612754,Indiana,Pacers,IND,pacers,240:00,512.9,102.6,604.3,120.9,-91.4,-18.3,0.625,1.32,16.4,0.228,0.707,0.429,16.379,16.4,0.5,0.559,1.0,0.976,23.1,115.5,96.25,116.0,0.385
0022200333,1610612759,San Antonio,Spurs,SAS,spurs,240:00,471.4,94.3,568.0,113.6,-96.5,-19.3,0.684,2.17,17.8,0.258,0.811,0.513,11.429,11.4,0.444,0.471,1.0,0.975,20.8,104.0,86.67,105.0,0.385
0022200333,1610612740,New Orleans,Pelicans,NOP,pelicans,240:00,568.0,113.6,471.4,94.3,96.5,19.3,0.625,2.78,18.1,0.189,0.742,0.487,8.738,8.7,0.5,0.566,1.0,0.991,20.8,104.0,86.67,103.0,0.615
0022200334,1610612756,Phoenix,Suns,PHX,suns,240:00,611.1,122.2,610.0,122.0,1.1,0.2,0.667,1.67,21.3,0.31,0.63,0.477,18.182,18.2,0.629,0.648,1.0,0.991,19.9,99.5,82.92,99.0,0.511
0022200334,1610612745,Houston,Rockets,HOU,rockets,240:00,610.0,122.0,611.1,122.2,-1.1,-0.2,0.475,1.12,14.0,0.37,0.69,0.523,17.0,17.0,0.543,0.61,1.0,0.974,19.9,99.5,82.92,100.0,0.489
0022200327,1610612737,Atlanta,Hawks,ATL,hawks,240:00,609.4,121.9,567.7,113.5,41.7,8.3,0.49,2.0,18.0,0.325,0.733,0.541,12.5,12.5,0.614,0.621,1.0,0.982,19.2,96.0,80.0,96.0,0.532
0022200327,1610612743,Denver,Nuggets,DEN,nuggets,240:00,567.7,113.5,609.4,121.9,-41.7,-8.3,0.689,1.94,22.3,0.267,0.675,0.459,16.667,16.7,0.6,0.601,1.0,0.981,19.2,96.0,80.0,96.0,0.468
0022200332,1610612763,Memphis,Grizzlies,MEM,grizzlies,240:00,585.0,117.0,545.0,109.0,40.0,8.0,0.524,1.83,15.3,0.379,0.75,0.555,12.0,12.0,0.49,0.535,1.0,0.992,20.0,100.0,83.33,100.0,0.544
0022200332,1610612755,Philadelphia,76ers,PHI,sixers,240:00,545.0,109.0,585.0,117.0,-40.0,-8.0,0.575,1.77,17.0,0.25,0.621,0.445,13.0,13.0,0.516,0.553,1.0,0.991,20.0,100.0,83.33,100.0,0.456
0022200329,1610612751,Brooklyn,Nets,BKN,nets,240:00,564.4,112.9,519.8,104.0,44.6,8.9,0.614,1.5,19.6,0.238,0.736,0.516,17.822,17.8,0.604,0.622,1.0,0.973,20.2,101.0,84.17,101.0,0.562
0022200329,1610612761,Toronto,Raptors,TOR,raptors,240:00,519.8,104.0,564.4,112.9,-44.6,-8.9,0.421,1.14,12.3,0.264,0.762,0.484,13.861,13.9,0.477,0.524,1.0,0.982,20.2,101.0,84.17,101.0,0.438
0022200336,1610612744,Golden State,Warriors,GSW,warriors,240:00,545.9,109.2,513.9,102.8,32.0,6.4,0.762,1.6,21.1,0.22,0.855,0.552,18.349,18.3,0.598,0.613,1.0,0.967,21.7,108.5,90.42,109.0,0.551
0022200336,1610612741,Chicago,Bulls,CHI,bulls,240:00,513.9,102.8,545.9,109.2,-32.0,-6.4,0.651,2.33,19.4,0.145,0.78,0.448,11.111,11.1,0.511,0.536,1.0,0.991,21.7,108.5,90.42,108.0,0.449
0022200328,1610612738,Boston,Celtics,BOS,celtics,265:00,522.5,104.5,535.7,107.1,-13.2,-2.6,0.65,1.3,17.8,0.196,0.737,0.481,18.018,18.0,0.546,0.584,1.0,0.992,20.2,100.98,84.15,111.0,0.513
0022200328,1610612748,Miami,Heat,MIA,heat,265:00,535.7,107.1,522.5,104.5,13.2,2.6,0.396,1.12,13.1,0.263,0.804,0.519,15.179,15.2,0.53,0.551,1.0,0.976,20.2,100.98,84.15,112.0,0.487
0022200330,1610612739,Cleveland,Cavaliers,CLE,cavaliers,240:00,581.5,116.3,516.1,103.2,65.4,13.1,0.537,1.69,17.9,0.233,0.698,0.465,14.13,14.1,0.583,0.608,1.0,0.99,18.5,92.5,77.08,92.0,0.548
0022200330,1610612753,Orlando,Magic,ORL,magic,240:00,516.1,103.2,581.5,116.3,-65.4,-13.1,0.475,1.06,15.2,0.302,0.767,0.535,19.355,19.4,0.543,0.556,1.0,0.962,18.5,92.5,77.08,93.0,0.452
0022200326,1610612766,Charlotte,Hornets,CHA,hornets,240:00,622.3,124.5,617.0,123.4,5.3,1.1,0.625,6.25,17.9,0.356,0.54,0.44,4.255,4.3,0.484,0.538,1.0,0.983,18.8,94.0,78.33,94.0,0.489
0022200326,1610612764,Washington,Wizards,WAS,wizards,240:00,617.0,123.4,622.3,124.5,-5.3,-1.1,0.59,1.64,16.4,0.46,0.644,0.56,14.894,14.9,0.523,0.572,1.0,0.983,18.8,94.0,78.33,94.0,0.511
0022200325,1610612765,Detroit,Pistons,DET,pistons,265:00,612.1,122.4,589.6,117.9,22.5,4.5,0.569,2.23,19.1,0.348,0.872,0.613,12.15,12.1,0.622,0.626,1.0,0.967,19.29,96.45,80.38,107.0,0.557
0022200325,1610612742,Dallas,Mavericks,DAL,mavericks,265:00,589.6,117.9,612.1,122.4,-22.5,-4.5,0.543,1.92,18.2,0.128,0.652,0.387,12.264,12.3,0.645,0.633,1.0,0.991,19.29,96.45,80.38,106.0,0.443
0022200322,1610612762,Utah,Jazz,UTA,jazz,240:00,637.8,127.6,577.3,115.5,60.4,12.1,0.533,1.33,17.5,0.41,0.593,0.52,18.367,18.4,0.642,0.67,1.0,0.982,19.5,97.5,81.25,98.0,0.607
0022200322,1610612746,LA,Clippers,LAC,clippers,240:00,577.3,115.5,637.8,127.6,-60.4,-12.1,0.432,1.45,11.8,0.407,0.59,0.48,11.34,11.3,0.452,0.515,1.0,0.992,19.5,97.5,81.25,97.0,0.393
0022200319,1610612760,Oklahoma City,Thunder,OKC,thunder,240:00,595.0,119.0,544.1,108.8,50.9,10.2,0.354,1.42,12.8,0.327,0.714,0.533,12.0,12.0,0.559,0.576,1.0,0.991,20.2,101.0,84.17,100.0,0.521
0022200319,1610612759,San Antonio,Spurs,SAS,spurs,240:00,544.1,108.8,595.0,119.0,-50.9,-10.2,0.659,2.45,18.9,0.286,0.673,0.467,10.784,10.8,0.5,0.539,1.0,0.974,20.2,101.0,84.17,102.0,0.479
0022200324,1610612747,Los Angeles,Lakers,LAL,lakers,240:00,646.5,129.3,550.5,110.1,96.0,19.2,0.583,3.5,19.6,0.308,0.725,0.515,8.081,8.1,0.567,0.59,1.0,0.991,19.8,99.0,82.5,99.0,0.586
0022200324,1610612757,Portland,Trail Blazers,POR,blazers,240:00,550.5,110.1,646.5,129.3,-96.0,-19.2,0.5,1.75,15.7,0.275,0.692,0.485,12.121,12.1,0.511,0.549,1.0,0.965,19.8,99.0,82.5,99.0,0.414
0022200315,1610612751,Brooklyn,Nets,BKN,nets,240:00,559.4,111.9,535.0,107.0,24.4,4.9,0.564,2.44,17.2,0.111,0.63,0.394,8.911,8.9,0.53,0.592,1.0,0.972,20.1,100.5,83.75,101.0,0.544
0022200315,1610612764,Washington,Wizards,WAS,wizards,240:00,535.0,107.0,559.4,111.9,-24.4,-4.9,0.487,1.36,13.8,0.37,0.889,0.606,14.0,14.0,0.472,0.515,1.0,1.0,20.1,100.5,83.75,100.0,0.456
0022200313,1610612753,Orlando,Magic,ORL,magic,240:00,529.4,105.9,612.7,122.5,-83.3,-16.7,0.667,1.44,19.4,0.163,0.667,0.42,17.647,17.6,0.544,0.6,1.0,0.991,20.4,102.0,85.0,102.0,0.414
0022200313,1610612737,Atlanta,Hawks,ATL,hawks,240:00,612.7,122.5,529.4,105.9,83.3,16.7,0.49,2.08,17.6,0.333,0.837,0.58,11.765,11.8,0.585,0.611,1.0,0.974,20.4,102.0,85.0,102.0,0.586
0022200316,1610612752,New York,Knicks,NYK,knicks,240:00,536.5,107.3,573.7,114.7,-37.2,-7.4,0.429,2.25,13.1,0.371,0.717,0.53,8.333,8.3,0.45,0.473,1.0,0.966,19.1,95.5,79.58,96.0,0.421
0022200316,1610612749,Milwaukee,Bucks,MIL,bucks,240:00,573.7,114.7,536.5,107.3,37.2,7.4,0.59,3.83,17.3,0.283,0.629,0.47,6.316,6.3,0.489,0.537,1.0,0.982,19.1,95.5,79.58,95.0,0.579
0022200312,1610612739,Cleveland,Cavaliers,CLE,cavaliers,240:00,614.1,122.8,462.0,92.4,152.2,30.4,0.622,1.47,22.0,0.233,0.783,0.566,20.652,20.7,0.709,0.721,1.0,0.97,18.4,92.0,76.67,92.0,0.668
0022200312,1610612755,Philadelphia,76ers,PHI,sixers,240:00,462.0,92.4,614.1,122.8,-152.2,-30.4,0.594,1.19,15.7,0.217,0.767,0.434,17.391,17.4,0.455,0.5,1.0,0.98,18.4,92.0,76.67,92.0,0.332
0022200314,1610612738,Boston,Celtics,BOS,celtics,240:00,676.8,135.4,617.3,123.5,59.4,11.9,0.696,1.78,22.5,0.316,0.721,0.531,18.182,18.2,0.687,0.72,1.0,0.982,19.7,98.5,82.08,99.0,0.56
0022200314,1610612748,Miami,Heat,MIA,heat,240:00,617.3,123.5,676.8,135.4,-59.4,-11.9,0.532,1.67,18.5,0.279,0.684,0.469,15.306,15.3,0.622,0.644,1.0,0.991,19.7,98.5,82.08,98.0,0.44
0022200321,1610612756,Phoenix,Suns,PHX,suns,240:00,634.6,126.9,543.3,108.7,91.3,18.3,0.449,1.57,15.9,0.267,0.867,0.567,13.462,13.5,0.608,0.646,1.0,0.991,20.8,104.0,86.67,104.0,0.538
0022200321,1610612741,Chicago,Bulls,CHI,bulls,240:00,543.3,108.7,634.6,126.9,-91.3,-18.3,0.512,1.75,16.0,0.133,0.733,0.433,11.538,11.5,0.524,0.585,1.0,0.973,20.8,104.0,86.67,104.0,0.462
0022200323,1610612758,Sacramento,Kings,SAC,kings,240:00,600.9,120.2,500.0,100.0,100.9,20.2,0.583,1.56,18.2,0.271,0.769,0.558,15.789,15.8,0.589,0.636,1.0,0.992,22.8,114.0,95.0,114.0,0.6
0022200323,1610612754,Indiana,Pacers,IND,pacers,240:00,500.0,100.0,600.9,120.2,-100.9,-20.2,0.7,1.87,17.8,0.231,0.729,0.442,13.158,13.2,0.46,0.504,1.0,0.984,22.8,114.0,95.0,114.0,0.4
0022200320,1610612743,Denver,Nuggets,DEN,nuggets,240:00,638.3,127.7,531.9,106.4,106.4,21.3,0.682,2.5,22.2,0.275,0.679,0.505,12.766,12.8,0.633,0.654,1.0,0.971,18.8,94.0,78.33,94.0,0.63
0022200320,1610612745,Houston,Rockets,HOU,rockets,240:00,531.9,106.4,638.3,127.7,-106.4,-21.3,0.486,1.29,14.0,0.321,0.725,0.495,14.894,14.9,0.489,0.521,1.0,0.982,18.8,94.0,78.33,94.0,0.37
0022200317,1610612750,Minnesota,Timberwolves,MIN,timberwolves,240:00,534.3,106.9,500.0,100.0,34.3,6.9,0.634,2.0,18.8,0.2,0.509,0.362,12.745,12.7,0.528,0.56,1.0,0.964,20.3,101.5,84.58,102.0,0.573
0022200317,1610612763,Memphis,Grizzlies,MEM,grizzlies,240:00,500.0,100.0,534.3,106.9,-34.3,-6.9,0.459,0.63,11.8,0.491,0.8,0.638,26.733,26.7,0.477,0.504,1.0,0.969,20.3,101.5,84.58,101.0,0.427
0022200318,1610612740,New Orleans,Pelicans,NOP,pelicans,240:00,605.8,121.2,514.3,102.9,91.5,18.3,0.622,1.4,19.4,0.273,0.816,0.559,19.231,19.2,0.605,0.647,1.0,1.0,20.9,104.5,87.08,104.0,0.587
0022200318,1610612761,Toronto,Raptors,TOR,raptors,240:00,514.3,102.9,605.8,121.2,-91.5,-18.3,0.69,1.81,20.4,0.184,0.727,0.441,15.238,15.2,0.54,0.56,1.0,0.991,20.9,104.5,87.08,105.0,0.413
0022200309,1610612765,Detroit,Pistons,DET,pistons,240:00,539.2,107.8,686.3,137.3,-147.1,-29.4,0.667,1.75,20.3,0.178,0.591,0.382,15.686,15.7,0.584,0.599,1.0,0.982,20.4,102.0,85.0,102.0,0.393
0022200309,1610612752,New York,Knicks,NYK,knicks,240:00,686.3,137.3,539.2,107.8,147.1,29.4,0.574,2.21,20.5,0.409,0.822,0.618,13.725,13.7,0.646,0.665,1.0,0.983,20.4,102.0,85.0,102.0,0.607
0022200310,1610612742,Dallas,Mavericks,DAL,mavericks,240:00,557.7,111.5,543.3,108.7,14.4,2.9,0.5,1.5,15.1,0.246,0.766,0.481,13.462,13.5,0.544,0.564,1.0,0.975,20.8,104.0,86.67,104.0,0.464
0022200310,1610612744,Golden State,Warriors,GSW,warriors,240:00,543.3,108.7,557.7,111.5,-14.4,-2.9,0.643,1.5,19.0,0.234,0.754,0.519,17.308,17.3,0.54,0.576,1.0,0.983,20.8,104.0,86.67,104.0,0.536
0022200311,1610612757,Portland,Trail Blazers,POR,blazers,240:00,583.3,116.7,614.6,122.9,-31.3,-6.3,0.571,2.18,18.0,0.28,0.642,0.466,11.458,11.5,0.561,0.58,1.0,0.982,19.2,96.0,80.0,96.0,0.47
0022200311,1610612746,LA,Clippers,LAC,clippers,240:00,614.6,122.9,583.3,116.7,31.3,6.3,0.634,2.0,18.4,0.358,0.72,0.534,13.542,13.5,0.534,0.582,1.0,0.991,19.2,96.0,80.0,96.0,0.53
0022200306,1610612762,Utah,Jazz,UTA,jazz,240:00,557.3,111.5,575.8,115.2,-18.5,-3.7,0.732,2.14,22.1,0.213,0.692,0.465,14.583,14.6,0.594,0.584,1.0,1.0,19.5,97.5,81.25,96.0,0.482
0022200306,1610612741,Chicago,Bulls,CHI,bulls,240:00,575.8,115.2,557.3,111.5,18.5,3.7,0.488,2.63,15.6,0.308,0.787,0.535,8.081,8.1,0.495,0.548,1.0,0.965,19.5,97.5,81.25,99.0,0.518
0022200305,1610612743,Denver,Nuggets,DEN,nuggets,240:00,664.9,133.0,582.5,116.5,82.5,16.5,0.62,2.21,21.8,0.341,0.66,0.516,14.433,14.4,0.636,0.666,1.0,0.991,19.4,97.0,80.83,97.0,0.604
0022200305,1610612745,Houston,Rockets,HOU,rockets,240:00,582.5,116.5,664.9,133.0,-82.5,-16.5,0.641,1.47,18.1,0.34,0.659,0.484,17.526,17.5,0.553,0.589,1.0,0.991,19.4,97.0,80.83,97.0,0.396
0022200299,1610612755,Philadelphia,76ers,PHI,sixers,240:00,547.4,109.5,520.6,104.1,26.7,5.3,0.59,1.92,17.8,0.234,0.718,0.453,12.632,12.6,0.512,0.554,1.0,1.0,19.2,96.0,80.0,95.0,0.501
0022200299,1610612737,Atlanta,Hawks,ATL,hawks,240:00,520.6,104.1,547.4,109.5,-26.7,-5.3,0.703,1.3,19.4,0.282,0.766,0.547,20.619,20.6,0.581,0.603,1.0,0.954,19.2,96.0,80.0,97.0,0.499
0022200300,1610612764,Washington,Wizards,WAS,wizards,240:00,682.7,136.5,616.5,123.3,66.2,13.2,0.596,4.43,21.7,0.2,0.609,0.419,6.731,6.7,0.654,0.69,1.0,0.973,20.7,103.5,86.25,104.0,0.586
0022200300,1610612750,Minnesota,Timberwolves,MIN,timberwolves,240:00,616.5,123.3,682.7,136.5,-66.2,-13.2,0.476,1.11,14.2,0.391,0.8,0.581,17.476,17.5,0.542,0.62,1.0,0.992,20.7,103.5,86.25,103.0,0.414
0022200301,1610612738,Boston,Celtics,BOS,celtics,240:00,700.0,140.0,525.0,105.0,175.0,35.0,0.727,2.5,26.3,0.342,0.674,0.524,16.0,16.0,0.72,0.729,1.0,0.964,20.0,100.0,83.33,100.0,0.635
0022200301,1610612766,Charlotte,Hornets,CHA,hornets,240:00,525.0,105.0,700.0,140.0,-175.0,-35.0,0.667,1.4,19.6,0.326,0.658,0.476,20.0,20.0,0.552,0.567,1.0,0.983,20.0,100.0,83.33,100.0,0.365
0022200304,1610612740,New Orleans,Pelicans,NOP,pelicans,240:00,514.7,102.9,495.1,99.0,19.6,3.9,0.538,0.95,15.0,0.347,0.638,0.505,21.569,21.6,0.5,0.548,1.0,0.983,20.4,102.0,85.0,102.0,0.584
0022200304,1610612760,Oklahoma City,Thunder,OKC,thunder,240:00,495.1,99.0,514.7,102.9,-19.6,-3.9,0.471,0.84,11.6,0.362,0.653,0.495,18.627,18.6,0.435,0.495,1.0,0.992,20.4,102.0,85.0,102.0,0.416
0022200307,1610612758,Sacramento,Kings,SAC,kings,240:00,557.1,111.4,586.5,117.3,-29.4,-5.9,0.696,2.0,21.9,0.205,0.689,0.449,15.238,15.2,0.574,0.61,1.0,0.965,20.9,104.5,87.08,105.0,0.505
0022200307,1610612756,Phoenix,Suns,PHX,suns,240:00,586.5,117.3,557.1,111.4,29.4,5.9,0.52,1.53,18.1,0.311,0.795,0.551,16.346,16.3,0.585,0.609,1.0,0.992,20.9,104.5,87.08,104.0,0.495
0022200308,1610612747,Los Angeles,Lakers,LAL,lakers,240:00,563.7,112.7,563.1,112.6,0.6,0.1,0.575,1.64,16.1,0.321,0.667,0.504,13.725,13.7,0.489,0.539,1.0,0.992,20.5,102.5,85.42,102.0,0.506
0022200308,1610612754,Indiana,Pacers,IND,pacers,240:00,563.1,112.6,563.7,112.7,-0.6,-0.1,0.674,2.9,19.0,0.333,0.679,0.496,9.709,9.7,0.49,0.518,1.0,0.976,20.5,102.5,85.42,103.0,0.494
0022200302,1610612751,Brooklyn,Nets,BKN,nets,240:00,573.7,114.7,536.8,107.4,36.8,7.4,0.455,1.11,16.0,0.256,0.745,0.523,18.947,18.9,0.599,0.625,1.0,0.962,19.0,95.0,79.17,95.0,0.576
0022200302,1610612753,Orlando,Magic,ORL,magic,240:00,536.8,107.4,573.7,114.7,-36.8,-7.4,0.474,1.0,14.4,0.255,0.744,0.477,18.947,18.9,0.556,0.569,1.0,1.0,19.0,95.0,79.17,95.0,0.424
0022200303,1610612761,Toronto,Raptors,TOR,raptors,240:00,543.5,108.7,473.1,94.6,70.4,14.1,0.622,1.92,18.3,0.255,0.724,0.514,13.043,13.0,0.512,0.547,1.0,0.981,18.5,92.5,77.08,92.0,0.564
0022200303,1610612739,Cleveland,Cavaliers,CLE,cavaliers,240:00,473.1,94.6,543.5,108.7,-70.4,-14.1,0.618,2.1,16.2,0.276,0.745,0.486,10.753,10.8,0.417,0.453,1.0,0.963,18.5,92.5,77.08,93.0,0.436
0022200296,1610612752,New York,Knicks,NYK,knicks,240:00,621.2,124.2,641.4,128.3,-20.2,-4.0,0.682,3.75,21.3,0.255,0.604,0.44,8.081,8.1,0.563,0.614,1.0,0.982,19.8,99.0,82.5,99.0,0.495
0022200296,1610612763,Memphis,Grizzlies,MEM,grizzlies,240:00,641.4,128.3,621.2,124.2,20.2,4.0,0.696,2.91,21.1,0.396,0.745,0.56,11.111,11.1,0.547,0.584,1.0,0.975,19.8,99.0,82.5,99.0,0.505
0022200295,1610612765,Detroit,Pistons,DET,pistons,240:00,505.4,101.1,548.4,109.7,-43.0,-8.6,0.389,0.88,11.5,0.306,0.681,0.49,17.204,17.2,0.506,0.52,1.0,0.954,18.6,93.0,77.5,93.0,0.429
0022200295,1610612739,Cleveland,Cavaliers,CLE,cavaliers,240:00,548.4,109.7,505.4,101.1,43.0,8.6,0.424,1.0,11.5,0.319,0.694,0.51,15.054,15.1,0.481,0.557,1.0,0.981,18.6,93.0,77.5,93.0,0.571
0022200293,1610612737,Atlanta,Hawks,ATL,hawks,240:00,494.9,99.0,535.4,107.1,-40.4,-8.1,0.686,2.0,17.9,0.204,0.841,0.49,12.121,12.1,0.455,0.509,1.0,0.955,19.8,99.0,82.5,99.0,0.441
0022200293,1610612748,Miami,Heat,MIA,heat,240:00,535.4,107.1,494.9,99.0,40.4,8.1,0.7,2.0,20.9,0.159,0.796,0.51,14.141,14.1,0.543,0.587,1.0,0.962,19.8,99.0,82.5,99.0,0.559
0022200298,1610612749,Milwaukee,Bucks,MIL,bucks,240:00,639.2,127.8,580.8,116.2,58.4,11.7,0.583,2.0,20.6,0.275,0.791,0.542,14.433,14.4,0.657,0.67,1.0,0.981,19.6,98.0,81.67,97.0,0.552
0022200298,1610612742,Dallas,Mavericks,DAL,mavericks,240:00,580.8,116.2,639.2,127.8,-58.4,-11.7,0.561,1.77,17.6,0.209,0.725,0.458,13.131,13.1,0.619,0.632,1.0,0.963,19.6,98.0,81.67,99.0,0.448
0022200297,1610612753,Orlando,Magic,ORL,magic,240:00,525.5,105.1,678.6,135.7,-153.1,-30.6,0.583,1.31,16.4,0.191,0.759,0.408,16.327,16.3,0.532,0.572,1.0,0.972,19.6,98.0,81.67,98.0,0.323
0022200297,1610612755,Philadelphia,76ers,PHI,sixers,240:00,678.6,135.7,525.5,105.1,153.1,30.6,0.64,2.0,23.4,0.241,0.809,0.592,16.327,16.3,0.721,0.748,1.0,0.962,19.6,98.0,81.67,98.0,0.677
0022200290,1610612751,Brooklyn,Nets,BKN,nets,240:00,616.7,123.3,538.9,107.8,77.8,15.6,0.659,3.38,22.3,0.132,0.708,0.453,8.889,8.9,0.622,0.646,1.0,0.979,18.0,90.0,75.0,90.0,0.558
0022200290,1610612757,Portland,Trail Blazers,POR,blazers,240:00,538.9,107.8,616.7,123.3,-77.8,-15.6,0.771,2.08,20.8,0.292,0.868,0.547,14.444,14.4,0.519,0.547,1.0,0.99,18.0,90.0,75.0,90.0,0.442
0022200292,1610612746,LA,Clippers,LAC,clippers,240:00,527.8,105.6,467.3,93.5,60.5,12.1,0.786,1.83,20.4,0.389,0.797,0.602,16.667,16.7,0.479,0.527,1.0,0.977,21.5,107.5,89.58,108.0,0.616
0022200292,1610612754,Indiana,Pacers,IND,pacers,240:00,467.3,93.5,527.8,105.6,-60.5,-12.1,0.639,1.77,16.2,0.203,0.611,0.398,12.15,12.1,0.431,0.48,1.0,0.975,21.5,107.5,89.58,107.0,0.384
0022200294,1610612738,Boston,Celtics,BOS,celtics,240:00,691.5,138.3,643.6,128.7,47.9,9.6,0.568,1.79,18.9,0.361,0.78,0.584,14.894,14.9,0.65,0.711,1.0,0.981,18.8,94.0,78.33,94.0,0.524
0022200294,1610612764,Washington,Wizards,WAS,wizards,240:00,643.6,128.7,691.5,138.3,-47.9,-9.6,0.523,5.75,18.3,0.22,0.639,0.416,4.255,4.3,0.579,0.627,1.0,0.971,18.8,94.0,78.33,94.0,0.476
0022200291,1610612750,Minnesota,Timberwolves,MIN,timberwolves,240:00,542.9,108.6,652.4,130.5,-109.5,-21.9,0.564,1.57,16.2,0.192,0.763,0.433,13.333,13.3,0.523,0.566,1.0,0.991,21.0,105.0,87.5,105.0,0.366
0022200291,1610612744,Golden State,Warriors,GSW,warriors,240:00,652.4,130.5,542.9,108.6,109.5,21.9,0.72,2.25,24.0,0.237,0.808,0.567,15.238,15.2,0.69,0.715,1.0,0.982,21.0,105.0,87.5,105.0,0.634
0022200289,1610612756,Phoenix,Suns,PHX,suns,240:00,601.1,120.2,595.7,119.1,5.3,1.1,0.548,3.83,16.9,0.352,0.767,0.536,6.383,6.4,0.489,0.537,1.0,0.991,18.8,94.0,78.33,94.0,0.512
0022200289,1610612762,Utah,Jazz,UTA,jazz,240:00,595.7,119.1,601.1,120.2,-5.3,-1.1,0.5,1.67,16.1,0.233,0.648,0.464,12.766,12.8,0.589,0.622,1.0,0.981,18.8,94.0,78.33,94.0,0.488
0022200287,1610612745,Houston,Rockets,HOU,rockets,240:00,561.9,112.4,495.3,99.1,66.6,13.3,0.556,1.0,17.5,0.317,0.705,0.549,23.81,23.8,0.628,0.64,1.0,0.975,21.1,105.5,87.92,105.0,0.591
0022200287,1610612760,Oklahoma City,Thunder,OKC,thunder,240:00,495.3,99.1,561.9,112.4,-66.6,-13.3,0.5,1.27,13.3,0.295,0.683,0.451,14.151,14.2,0.443,0.49,1.0,0.976,21.1,105.5,87.92,106.0,0.409
0022200288,1610612759,San Antonio,Spurs,SAS,spurs,240:00,644.9,129.0,662.0,132.4,-17.2,-3.4,0.623,3.3,20.9,0.327,0.833,0.527,9.346,9.3,0.59,0.606,1.0,0.984,21.5,107.5,89.58,107.0,0.467
0022200288,1610612747,Los Angeles,Lakers,LAL,lakers,240:00,662.0,132.4,644.9,129.0,17.2,3.4,0.532,1.47,18.0,0.167,0.673,0.473,15.741,15.7,0.685,0.735,1.0,0.982,21.5,107.5,89.58,108.0,0.533
0022200286,1610612761,Toronto,Raptors,TOR,raptors,240:00,558.5,111.7,526.3,105.3,32.2,6.4,0.526,1.54,14.9,0.377,0.825,0.57,13.83,13.8,0.477,0.528,1.0,0.991,18.9,94.5,78.75,94.0,0.506
0022200286,1610612742,Dallas,Mavericks,DAL,mavericks,240:00,526.3,105.3,558.5,111.7,-32.2,-6.4,0.8,1.75,21.5,0.175,0.623,0.43,16.842,16.8,0.555,0.598,1.0,0.971,18.9,94.5,78.75,95.0,0.494
0022200284,1610612744,Golden State,Warriors,GSW,warriors,240:00,620.2,124.0,572.8,114.6,47.4,9.5,0.635,1.57,20.9,0.42,0.686,0.554,20.192,20.2,0.614,0.622,1.0,0.96,20.7,103.5,86.25,104.0,0.525
0022200284,1610612762,Utah,Jazz,UTA,jazz,240:00,572.8,114.6,620.2,124.0,-47.4,-9.5,0.609,2.15,19.0,0.314,0.58,0.446,12.621,12.6,0.531,0.565,1.0,0.992,20.7,103.5,86.25,103.0,0.475
0022200275,1610612738,Boston,Celtics,BOS,celtics,240:00,616.2,123.2,514.9,103.0,101.3,20.3,0.659,2.7,20.5,0.14,0.679,0.438,10.101,10.1,0.59,0.643,1.0,0.99,20.0,100.0,83.33,99.0,0.613
0022200275,1610612758,Sacramento,Kings,SAC,kings,240:00,514.9,103.0,616.2,123.2,-101.3,-20.3,0.556,1.11,14.6,0.321,0.86,0.563,17.822,17.8,0.466,0.528,1.0,0.974,20.0,100.0,83.33,101.0,0.387
0022200282,1610612759,San Antonio,Spurs,SAS,spurs,240:00,460.8,92.2,514.7,102.9,-53.9,-10.8,0.553,1.31,14.6,0.344,0.696,0.491,15.686,15.7,0.41,0.439,1.0,0.992,20.4,102.0,85.0,102.0,0.386
0022200282,1610612747,Los Angeles,Lakers,LAL,lakers,240:00,514.7,102.9,460.8,92.2,53.9,10.8,0.7,1.27,19.4,0.304,0.656,0.509,21.569,21.6,0.53,0.572,1.0,0.974,20.4,102.0,85.0,102.0,0.614
0022200273,1610612753,Orlando,Magic,ORL,magic,240:00,526.6,105.3,569.1,113.8,-42.6,-8.5,0.588,1.43,15.6,0.292,0.659,0.467,14.894,14.9,0.481,0.539,1.0,0.981,18.8,94.0,78.33,94.0,0.445
0022200273,1610612755,Philadelphia,76ers,PHI,sixers,240:00,569.1,113.8,526.6,105.3,42.6,8.5,0.641,1.56,18.7,0.341,0.708,0.533,17.021,17.0,0.561,0.595,1.0,0.972,18.8,94.0,78.33,94.0,0.555
0022200277,1610612748,Miami,Heat,MIA,heat,240:00,567.0,113.4,545.9,109.2,21.1,4.2,0.571,1.85,17.8,0.292,0.661,0.49,13.402,13.4,0.511,0.555,1.0,0.964,19.5,97.5,81.25,97.0,0.509
0022200277,1610612764,Washington,Wizards,WAS,wizards,240:00,545.9,109.2,567.0,113.4,-21.1,-4.2,0.675,2.25,18.8,0.339,0.708,0.51,12.245,12.2,0.489,0.526,1.0,0.966,19.5,97.5,81.25,98.0,0.491
0022200283,1610612756,Phoenix,Suns,PHX,suns,240:00,540.0,108.0,515.2,103.0,24.8,5.0,0.595,1.92,17.9,0.313,0.611,0.471,13.0,13.0,0.523,0.549,1.0,0.974,19.9,99.5,82.92,100.0,0.561
0022200283,1610612765,Detroit,Pistons,DET,pistons,240:00,515.2,103.0,540.0,108.0,-24.8,-5.0,0.538,1.11,15.0,0.389,0.688,0.529,19.192,19.2,0.473,0.515,1.0,0.992,19.9,99.5,82.92,99.0,0.439
0022200279,1610612763,Memphis,Grizzlies,MEM,grizzlies,240:00,653.5,130.7,544.1,108.8,109.3,21.9,0.553,1.86,18.2,0.327,0.72,0.525,13.861,13.9,0.615,0.642,1.0,0.983,20.3,101.5,84.58,101.0,0.554
0022200279,1610612740,New Orleans,Pelicans,NOP,pelicans,240:00,544.1,108.8,653.5,130.7,-109.3,-21.9,0.703,2.0,18.4,0.28,0.673,0.475,12.745,12.7,0.488,0.557,1.0,0.983,20.3,101.5,84.58,102.0,0.446
0022200276,1610612754,Indiana,Pacers,IND,pacers,240:00,609.5,121.9,557.1,111.4,52.4,10.5,0.651,2.8,19.7,0.196,0.857,0.511,9.524,9.5,0.57,0.623,1.0,0.974,21.0,105.0,87.5,105.0,0.59
0022200276,1610612751,Brooklyn,Nets,BKN,nets,240:00,557.1,111.4,609.5,121.9,-52.4,-10.5,0.574,1.42,19.6,0.143,0.804,0.489,18.095,18.1,0.619,0.633,1.0,0.973,21.0,105.0,87.5,105.0,0.41
0022200278,1610612745,Houston,Rockets,HOU,rockets,240:00,615.4,123.1,575.5,115.1,39.9,8.0,0.61,1.14,16.2,0.51,0.813,0.66,21.154,21.2,0.54,0.609,1.0,0.984,21.0,105.0,87.5,104.0,0.565
0022200278,1610612737,Atlanta,Hawks,ATL,hawks,240:00,575.5,115.1,615.4,123.1,-39.9,-8.0,0.359,1.0,10.9,0.188,0.49,0.34,13.208,13.2,0.567,0.623,1.0,0.965,21.0,105.0,87.5,106.0,0.435
0022200274,1610612752,New York,Knicks,NYK,knicks,265:00,591.7,118.3,600.0,120.0,-8.3,-1.7,0.587,2.7,17.4,0.317,0.673,0.477,9.174,9.2,0.5,0.55,1.0,0.984,19.83,99.17,82.64,109.0,0.467
0022200274,1610612757,Portland,Trail Blazers,POR,blazers,265:00,600.0,120.0,591.7,118.3,8.3,1.7,0.571,1.85,16.0,0.327,0.683,0.523,11.818,11.8,0.553,0.614,1.0,0.968,19.83,99.17,82.64,110.0,0.533
0022200281,1610612760,Oklahoma City,Thunder,OKC,thunder,265:00,559.1,111.8,540.9,108.2,18.2,3.6,0.545,1.85,16.3,0.269,0.724,0.509,11.818,11.8,0.5,0.564,1.0,1.0,19.92,99.62,83.02,110.0,0.553
0022200281,1610612741,Chicago,Bulls,CHI,bulls,265:00,540.9,108.2,559.1,111.8,-18.2,-3.6,0.568,1.67,16.6,0.276,0.731,0.491,13.636,13.6,0.495,0.535,1.0,0.984,19.92,99.62,83.02,110.0,0.447
0022200280,1610612749,Milwaukee,Bucks,MIL,bucks,240:00,603.1,120.6,536.8,107.4,66.3,13.3,0.643,2.08,20.0,0.25,0.741,0.52,13.402,13.4,0.596,0.622,1.0,0.981,19.2,96.0,80.0,97.0,0.585
0022200280,1610612739,Cleveland,Cavaliers,CLE,cavaliers,240:00,536.8,107.4,603.1,120.6,-66.3,-13.3,0.353,1.33,10.0,0.259,0.75,0.48,9.474,9.5,0.46,0.518,1.0,0.991,19.2,96.0,80.0,95.0,0.415
0022200272,1610612766,Charlotte,Hornets,CHA,hornets,240:00,504.6,100.9,500.0,100.0,4.6,0.9,0.6,1.33,16.2,0.288,0.768,0.537,16.514,16.5,0.494,0.534,1.0,0.968,21.7,108.5,90.42,109.0,0.529
0022200272,1610612750,Minnesota,Timberwolves,MIN,timberwolves,240:00,500.0,100.0,504.6,100.9,-4.6,-0.9,0.585,1.5,16.6,0.232,0.712,0.463,14.815,14.8,0.474,0.52,1.0,0.992,21.7,108.5,90.42,108.0,0.471
0022200285,1610612746,LA,Clippers,LAC,clippers,240:00,559.1,111.8,612.9,122.6,-53.8,-10.8,0.595,1.57,18.0,0.194,0.702,0.482,15.054,15.1,0.625,0.627,1.0,0.98,18.6,93.0,77.5,93.0,0.44
0022200285,1610612743,Denver,Nuggets,DEN,nuggets,240:00,612.9,122.6,559.1,111.8,53.8,10.8,0.614,4.5,20.1,0.298,0.806,0.518,6.452,6.5,0.551,0.575,1.0,0.981,18.6,93.0,77.5,93.0,0.56
0022200270,1610612762,Utah,Jazz,UTA,jazz,240:00,604.2,120.8,657.9,131.6,-53.7,-10.7,0.756,1.94,22.1,0.295,0.696,0.5,16.667,16.7,0.602,0.635,1.0,0.963,19.1,95.5,79.58,96.0,0.473
0022200270,1610612765,Detroit,Pistons,DET,pistons,240:00,657.9,131.6,604.2,120.8,53.7,10.7,0.545,3.43,18.0,0.304,0.705,0.5,7.368,7.4,0.562,0.62,1.0,0.991,19.1,95.5,79.58,95.0,0.527
0022200260,1610612766,Charlotte,Hornets,CHA,hornets,240:00,524.5,104.9,500.0,100.0,24.5,4.9,0.568,1.56,17.7,0.291,0.735,0.5,15.686,15.7,0.511,0.528,1.0,0.983,20.3,101.5,84.58,102.0,0.533
0022200260,1610612755,Philadelphia,76ers,PHI,sixers,240:00,500.0,100.0,524.5,104.9,-24.5,-4.9,0.526,1.05,15.0,0.265,0.709,0.5,18.812,18.8,0.494,0.538,1.0,1.0,20.3,101.5,84.58,101.0,0.467
0022200265,1610612748,Miami,Heat,MIA,heat,240:00,565.0,113.0,530.3,106.1,34.7,6.9,0.513,1.54,14.5,0.321,0.774,0.541,13.0,13.0,0.505,0.55,1.0,0.966,19.9,99.5,82.92,100.0,0.522
0022200265,1610612764,Washington,Wizards,WAS,wizards,240:00,530.3,106.1,565.0,113.0,-34.7,-6.9,0.643,1.93,19.7,0.226,0.679,0.459,14.141,14.1,0.528,0.539,1.0,1.0,19.9,99.5,82.92,99.0,0.478
0022200271,1610612744,Golden State,Warriors,GSW,warriors,240:00,607.8,121.6,524.5,104.9,83.3,16.7,0.75,2.77,23.5,0.3,0.667,0.485,12.745,12.7,0.593,0.604,1.0,0.983,20.4,102.0,85.0,102.0,0.587
0022200271,1610612746,LA,Clippers,LAC,clippers,240:00,524.5,104.9,607.8,121.6,-83.3,-16.7,0.564,1.29,15.6,0.333,0.7,0.515,16.667,16.7,0.511,0.541,1.0,0.975,20.4,102.0,85.0,102.0,0.413
0022200262,1610612754,Indiana,Pacers,IND,pacers,240:00,505.0,101.0,575.0,115.0,-70.0,-14.0,0.676,1.92,17.5,0.3,0.677,0.429,13.0,13.0,0.469,0.49,1.0,0.983,20.0,100.0,83.33,100.0,0.364
0022200262,1610612750,Minnesota,Timberwolves,MIN,timberwolves,240:00,575.0,115.0,505.0,101.0,70.0,14.0,0.66,1.35,22.1,0.323,0.7,0.571,23.0,23.0,0.662,0.681,1.0,0.991,20.0,100.0,83.33,100.0,0.636
0022200269,1610612759,San Antonio,Spurs,SAS,spurs,240:00,518.9,103.8,602.8,120.6,-83.9,-16.8,0.756,1.55,20.8,0.26,0.732,0.473,18.868,18.9,0.541,0.565,1.0,0.975,21.3,106.5,88.75,106.0,0.417
0022200269,1610612740,New Orleans,Pelicans,NOP,pelicans,240:00,602.8,120.6,518.9,103.8,83.9,16.8,0.702,1.57,22.0,0.268,0.74,0.527,19.626,19.6,0.659,0.678,1.0,0.983,21.3,106.5,88.75,107.0,0.583
0022200266,1610612761,Toronto,Raptors,TOR,raptors,240:00,500.0,100.0,577.3,115.5,-77.3,-15.5,0.444,1.14,11.1,0.435,0.763,0.551,14.286,14.3,0.391,0.438,1.0,0.977,19.5,97.5,81.25,98.0,0.385
0022200266,1610612751,Brooklyn,Nets,BKN,nets,240:00,577.3,115.5,500.0,100.0,77.3,15.5,0.711,1.52,23.4,0.237,0.565,0.449,21.649,21.6,0.652,0.658,1.0,0.981,19.5,97.5,81.25,97.0,0.615
0022200267,1610612749,Milwaukee,Bucks,MIL,bucks,240:00,543.3,108.7,572.8,114.6,-29.5,-5.9,0.585,1.2,16.6,0.333,0.848,0.57,19.231,19.2,0.522,0.559,1.0,0.983,20.7,103.5,86.25,104.0,0.451
0022200267,1610612741,Chicago,Bulls,CHI,bulls,240:00,572.8,114.6,543.3,108.7,29.5,5.9,0.698,2.31,21.4,0.152,0.667,0.43,12.621,12.6,0.598,0.622,1.0,0.982,20.7,103.5,86.25,103.0,0.549
0022200263,1610612737,Atlanta,Hawks,ATL,hawks,240:00,552.9,110.6,514.6,102.9,38.3,7.7,0.561,1.77,16.5,0.25,0.722,0.491,12.5,12.5,0.505,0.563,1.0,0.983,20.7,103.5,86.25,104.0,0.552
0022200263,1610612758,Sacramento,Kings,SAC,kings,240:00,514.6,102.9,552.9,110.6,-38.3,-7.7,0.659,1.42,18.8,0.278,0.75,0.509,18.447,18.4,0.511,0.539,1.0,0.991,20.7,103.5,86.25,103.0,0.448
0022200264,1610612738,Boston,Celtics,BOS,celtics,240:00,644.3,128.9,571.4,114.3,72.9,14.6,0.644,2.42,21.6,0.205,0.786,0.506,12.371,12.4,0.637,0.67,1.0,0.981,19.5,97.5,81.25,97.0,0.578
0022200264,1610612742,Dallas,Mavericks,DAL,mavericks,240:00,571.4,114.3,644.3,128.9,-72.9,-14.6,0.455,1.43,15.7,0.214,0.795,0.494,14.286,14.3,0.604,0.614,1.0,0.972,19.5,97.5,81.25,98.0,0.422
0022200261,1610612739,Cleveland,Cavaliers,CLE,cavaliers,240:00,640.4,128.1,533.3,106.7,107.1,21.4,0.537,1.29,18.0,0.343,0.721,0.551,19.101,19.1,0.635,0.678,1.0,1.0,17.9,89.5,74.58,89.0,0.583
0022200261,1610612757,Portland,Trail Blazers,POR,blazers,240:00,533.3,106.7,640.4,128.1,-107.1,-21.4,0.8,1.65,21.5,0.279,0.657,0.449,18.889,18.9,0.532,0.573,1.0,0.961,17.9,89.5,74.58,90.0,0.417
0022200268,1610612760,Oklahoma City,Thunder,OKC,thunder,265:00,588.8,117.8,612.1,122.4,-23.4,-4.7,0.619,2.6,17.4,0.286,0.6,0.434,9.346,9.3,0.526,0.576,1.0,0.967,19.38,96.91,80.75,107.0,0.452
0022200268,1610612743,Denver,Nuggets,DEN,nuggets,265:00,612.1,122.4,588.8,117.8,23.4,4.7,0.738,1.63,19.6,0.4,0.714,0.566,17.757,17.8,0.557,0.618,1.0,0.969,19.38,96.91,80.75,107.0,0.548
0022200258,1610612743,Denver,Nuggets,DEN,nuggets,240:00,568.4,113.7,567.0,113.4,1.4,0.3,0.651,1.56,19.7,0.396,0.651,0.516,18.947,18.9,0.529,0.554,1.0,0.991,19.2,96.0,80.0,95.0,0.487
0022200258,1610612765,Detroit,Pistons,DET,pistons,240:00,567.0,113.4,568.4,113.7,-1.4,-0.3,0.6,1.69,19.4,0.349,0.604,0.484,16.495,16.5,0.557,0.584,1.0,0.973,19.2,96.0,80.0,97.0,0.513
0022200259,1610612756,Phoenix,Suns,PHX,suns,240:00,532.4,106.5,477.3,95.5,55.1,11.0,0.479,1.53,16.2,0.218,0.808,0.505,13.889,13.9,0.549,0.552,1.0,1.0,21.8,109.0,90.83,108.0,0.522
0022200259,1610612747,Los Angeles,Lakers,LAL,lakers,240:00,477.3,95.5,532.4,106.5,-55.1,-11.0,0.528,1.12,13.7,0.192,0.782,0.495,15.455,15.5,0.447,0.523,1.0,0.967,21.8,109.0,90.83,110.0,0.478
0022200256,1610612755,Philadelphia,76ers,PHI,sixers,240:00,618.3,123.7,557.9,111.6,60.4,12.1,0.442,1.9,14.0,0.421,0.789,0.568,10.753,10.8,0.515,0.542,1.0,0.983,18.8,94.0,78.33,93.0,0.48
0022200256,1610612751,Brooklyn,Nets,BKN,nets,240:00,557.9,111.6,618.3,123.7,-60.4,-12.1,0.705,2.07,23.1,0.211,0.579,0.432,15.789,15.8,0.606,0.618,1.0,0.961,18.8,94.0,78.33,95.0,0.52
0022200257,1610612763,Memphis,Grizzlies,MEM,grizzlies,240:00,504.6,100.9,523.1,104.6,-18.5,-3.7,0.634,1.44,17.4,0.273,0.717,0.491,16.667,16.7,0.495,0.523,1.0,0.984,21.6,108.0,90.0,108.0,0.508
0022200257,1610612758,Sacramento,Kings,SAC,kings,240:00,523.1,104.6,504.6,100.9,18.5,3.7,0.692,1.35,18.1,0.283,0.727,0.509,18.519,18.5,0.517,0.555,1.0,0.975,21.6,108.0,90.0,108.0,0.492
0022200252,1610612750,Minnesota,Timberwolves,MIN,timberwolves,240:00,504.8,101.0,485.6,97.1,19.2,3.8,0.811,1.67,21.1,0.188,0.702,0.467,17.308,17.3,0.518,0.56,1.0,0.991,20.8,104.0,86.67,104.0,0.534
0022200252,1610612748,Miami,Heat,MIA,heat,240:00,485.6,97.1,504.8,101.0,-19.2,-3.8,0.743,1.73,17.7,0.298,0.813,0.533,14.423,14.4,0.45,0.489,1.0,0.983,20.8,104.0,86.67,104.0,0.466
0022200248,1610612739,Cleveland,Cavaliers,CLE,cavaliers,240:00,575.8,115.2,520.4,104.1,55.3,11.1,0.571,1.2,18.9,0.138,0.7,0.494,20.202,20.2,0.671,0.711,1.0,0.961,19.7,98.5,82.08,99.0,0.591
0022200248,1610612737,Atlanta,Hawks,ATL,hawks,240:00,520.4,104.1,575.8,115.2,-55.3,-11.1,0.632,1.41,17.6,0.3,0.862,0.506,17.347,17.3,0.5,0.54,1.0,0.991,19.7,98.5,82.08,98.0,0.409
0022200254,1610612760,Oklahoma City,Thunder,OKC,thunder,240:00,577.7,115.5,620.2,124.0,-42.5,-8.5,0.581,1.79,17.6,0.28,0.62,0.45,13.592,13.6,0.534,0.583,1.0,0.991,20.7,103.5,86.25,103.0,0.478
0022200254,1610612752,New York,Knicks,NYK,knicks,240:00,620.2,124.0,577.7,115.5,42.5,8.5,0.412,1.4,14.9,0.38,0.72,0.55,14.423,14.4,0.582,0.61,1.0,0.975,20.7,103.5,86.25,104.0,0.522
0022200249,1610612754,Indiana,Pacers,IND,pacers,240:00,615.0,123.0,505.0,101.0,110.0,22.0,0.744,1.52,21.8,0.333,0.725,0.542,21.0,21.0,0.576,0.628,1.0,1.0,20.1,100.5,83.75,100.0,0.635
0022200249,1610612753,Orlando,Magic,ORL,magic,240:00,505.0,101.0,615.0,123.0,-110.0,-22.0,0.556,1.18,14.8,0.275,0.667,0.458,16.832,16.8,0.488,0.531,1.0,0.983,20.1,100.5,83.75,101.0,0.365
0022200250,1610612741,Chicago,Bulls,CHI,bulls,240:00,587.4,117.5,524.5,104.9,62.9,12.6,0.565,1.73,18.6,0.277,0.865,0.586,14.563,14.6,0.596,0.619,1.0,0.956,20.5,102.5,85.42,103.0,0.581
0022200250,1610612738,Boston,Celtics,BOS,celtics,240:00,524.5,104.9,587.4,117.5,-62.9,-12.6,0.737,1.87,20.4,0.135,0.723,0.414,14.706,14.7,0.546,0.566,1.0,0.991,20.5,102.5,85.42,102.0,0.419
0022200251,1610612749,Milwaukee,Bucks,MIL,bucks,240:00,572.1,114.4,544.1,108.8,28.0,5.6,0.66,2.21,21.2,0.262,0.706,0.505,13.462,13.5,0.599,0.613,1.0,0.965,20.6,103.0,85.83,104.0,0.595
0022200251,1610612757,Portland,Trail Blazers,POR,blazers,240:00,544.1,108.8,572.1,114.4,-28.0,-5.6,0.432,1.19,14.0,0.294,0.738,0.495,15.686,15.7,0.516,0.548,1.0,0.991,20.6,103.0,85.83,102.0,0.405
0022200253,1610612740,New Orleans,Pelicans,NOP,pelicans,240:00,627.5,125.5,406.9,81.4,220.6,44.1,0.612,2.14,20.5,0.298,0.83,0.564,13.725,13.7,0.621,0.638,1.0,0.983,20.4,102.0,85.0,102.0,0.745
0022200253,1610612744,Golden State,Warriors,GSW,warriors,240:00,406.9,81.4,627.5,125.5,-220.6,-44.1,0.607,0.63,13.4,0.17,0.702,0.436,26.471,26.5,0.446,0.504,1.0,0.973,20.4,102.0,85.0,102.0,0.255
0022200255,1610612746,LA,Clippers,LAC,clippers,240:00,617.3,123.5,575.8,115.2,41.6,8.3,0.553,1.63,18.6,0.356,0.6,0.484,16.327,16.3,0.566,0.609,1.0,0.991,19.7,98.5,82.08,98.0,0.53
0022200255,1610612762,Utah,Jazz,UTA,jazz,240:00,575.8,115.2,617.3,123.5,-41.6,-8.3,0.55,1.29,15.6,0.4,0.644,0.516,17.172,17.2,0.517,0.573,1.0,0.975,19.7,98.5,82.08,99.0,0.47
0022200240,1610612756,Phoenix,Suns,PHX,suns,240:00,610.5,122.1,494.8,99.0,115.7,23.1,0.814,2.69,22.3,0.45,0.736,0.584,13.684,13.7,0.51,0.533,1.0,0.992,19.1,95.5,79.58,95.0,0.594
0022200240,1610612752,New York,Knicks,NYK,knicks,240:00,494.8,99.0,610.5,122.1,-115.7,-23.1,0.588,1.82,15.4,0.264,0.55,0.416,11.458,11.5,0.441,0.495,1.0,0.964,19.1,95.5,79.58,96.0,0.406
0022200243,1610612751,Brooklyn,Nets,BKN,nets,240:00,604.8,121.0,547.6,109.5,57.1,11.4,0.66,1.74,23.1,0.139,0.719,0.51,18.095,18.1,0.699,0.709,1.0,0.973,21.0,105.0,87.5,105.0,0.56
0022200243,1610612763,Memphis,Grizzlies,MEM,grizzlies,240:00,547.6,109.5,604.8,121.0,-57.1,-11.4,0.651,2.8,18.5,0.281,0.861,0.49,9.524,9.5,0.495,0.51,1.0,0.992,21.0,105.0,87.5,105.0,0.44
0022200245,1610612745,Houston,Rockets,HOU,rockets,240:00,588.2,117.6,622.5,124.5,-34.3,-6.9,0.585,1.71,17.0,0.314,0.791,0.532,13.725,13.7,0.539,0.589,1.0,0.974,20.4,102.0,85.0,102.0,0.478
0022200245,1610612744,Golden State,Warriors,GSW,warriors,240:00,622.5,124.5,588.2,117.6,34.3,6.9,0.826,2.24,25.7,0.209,0.686,0.468,16.667,16.7,0.674,0.686,1.0,0.991,20.4,102.0,85.0,102.0,0.522
0022200242,1610612758,Sacramento,Kings,SAC,kings,240:00,671.6,134.3,638.6,127.7,33.0,6.6,0.617,2.64,20.3,0.308,0.773,0.554,10.784,10.8,0.624,0.682,1.0,0.982,20.3,101.5,84.58,102.0,0.568
0022200242,1610612765,Detroit,Pistons,DET,pistons,240:00,638.6,127.7,671.6,134.3,-33.0,-6.6,0.426,1.67,15.3,0.227,0.692,0.446,11.881,11.9,0.612,0.651,1.0,0.982,20.3,101.5,84.58,101.0,0.432
0022200246,1610612742,Dallas,Mavericks,DAL,mavericks,240:00,510.5,102.1,515.8,103.2,-5.3,-1.1,0.686,1.85,18.9,0.167,0.767,0.451,13.684,13.7,0.545,0.556,1.0,0.971,19.0,95.0,79.17,95.0,0.453
0022200246,1610612743,Denver,Nuggets,DEN,nuggets,240:00,515.8,103.2,510.5,102.1,5.3,1.1,0.595,1.38,17.3,0.233,0.833,0.549,16.842,16.8,0.532,0.567,1.0,0.971,19.0,95.0,79.17,95.0,0.547
0022200244,1610612739,Cleveland,Cavaliers,CLE,cavaliers,240:00,594.7,118.9,457.9,91.6,136.8,27.4,0.705,1.55,21.8,0.436,0.74,0.607,21.053,21.1,0.608,0.627,1.0,0.982,19.0,95.0,79.17,95.0,0.675
0022200244,1610612748,Miami,Heat,MIA,heat,240:00,457.9,91.6,594.7,118.9,-136.8,-27.4,0.548,1.06,13.6,0.26,0.564,0.393,16.842,16.8,0.425,0.485,1.0,0.981,19.0,95.0,79.17,95.0,0.325
0022200247,1610612747,Los Angeles,Lakers,LAL,lakers,240:00,591.3,118.3,442.3,88.5,149.0,29.8,0.644,1.93,20.6,0.195,0.768,0.555,14.423,14.4,0.6,0.644,1.0,0.982,20.8,104.0,86.67,104.0,0.684
0022200247,1610612759,San Antonio,Spurs,SAS,spurs,240:00,442.3,88.5,591.3,118.3,-149.0,-29.8,0.634,2.6,17.8,0.232,0.805,0.445,9.615,9.6,0.424,0.42,1.0,0.983,20.8,104.0,86.67,104.0,0.316
0022200241,1610612764,Washington,Wizards,WAS,wizards,240:00,524.8,105.0,500.0,100.0,24.8,5.0,0.475,1.12,13.8,0.327,0.603,0.475,16.832,16.8,0.5,0.525,1.0,0.992,20.3,101.5,84.58,101.0,0.539
0022200241,1610612766,Charlotte,Hornets,CHA,hornets,240:00,500.0,100.0,524.8,105.0,-24.8,-5.0,0.487,1.46,13.0,0.397,0.673,0.525,12.745,12.7,0.43,0.463,1.0,0.976,20.3,101.5,84.58,102.0,0.461
0022200238,1610612757,Portland,Trail Blazers,POR,blazers,240:00,559.4,111.9,584.2,116.8,-24.8,-5.0,0.692,1.5,19.0,0.298,0.714,0.51,17.822,17.8,0.548,0.595,1.0,0.974,20.2,101.0,84.17,101.0,0.509
0022200238,1610612762,Utah,Jazz,UTA,jazz,240:00,584.2,116.8,559.4,111.9,24.8,5.0,0.548,1.77,16.8,0.286,0.702,0.49,12.871,12.9,0.538,0.583,1.0,0.991,20.2,101.0,84.17,101.0,0.491
0022200235,1610612737,Atlanta,Hawks,ATL,hawks,265:00,548.7,109.7,549.5,109.9,-0.9,-0.2,0.5,1.53,15.5,0.24,0.677,0.482,13.274,13.3,0.538,0.584,1.0,0.968,20.29,101.43,84.53,113.0,0.52
0022200235,1610612761,Toronto,Raptors,TOR,raptors,265:00,549.5,109.9,548.7,109.7,0.9,0.2,0.563,1.93,17.1,0.323,0.76,0.518,12.613,12.6,0.481,0.518,1.0,0.985,20.29,101.43,84.53,111.0,0.48
0022200239,1610612746,LA,Clippers,LAC,clippers,240:00,619.8,124.0,510.5,102.1,109.3,21.9,0.727,2.46,23.2,0.25,0.667,0.484,13.542,13.5,0.673,0.666,1.0,0.962,19.1,95.5,79.58,96.0,0.593
0022200239,1610612759,San Antonio,Spurs,SAS,spurs,240:00,510.5,102.1,619.8,124.0,-109.3,-21.9,0.611,1.47,16.4,0.333,0.75,0.516,15.789,15.8,0.454,0.504,1.0,0.991,19.1,95.5,79.58,95.0,0.407
0022200236,1610612754,Indiana,Pacers,IND,pacers,240:00,587.6,117.5,576.5,115.3,11.1,2.2,0.659,1.8,19.1,0.353,0.661,0.514,15.464,15.5,0.556,0.58,1.0,1.0,19.5,97.5,81.25,97.0,0.525
0022200236,1610612753,Orlando,Magic,ORL,magic,240:00,576.5,115.3,587.6,117.5,-11.1,-2.2,0.41,1.45,12.0,0.339,0.647,0.486,11.224,11.2,0.516,0.552,1.0,0.957,19.5,97.5,81.25,98.0,0.475
0022200237,1610612755,Philadelphia,76ers,PHI,sixers,240:00,519.0,103.8,538.5,107.7,-19.4,-3.9,0.618,0.95,16.2,0.1,0.771,0.466,20.952,21.0,0.577,0.641,1.0,0.982,20.9,104.5,87.08,105.0,0.485
0022200237,1610612750,Minnesota,Timberwolves,MIN,timberwolves,240:00,538.5,107.7,519.0,103.8,19.4,3.9,0.7,1.4,19.6,0.229,0.9,0.534,19.231,19.2,0.541,0.586,1.0,0.965,20.9,104.5,87.08,104.0,0.515
0022200226,1610612755,Philadelphia,76ers,PHI,sixers,240:00,539.2,107.8,500.0,100.0,39.2,7.8,0.7,1.56,20.4,0.163,0.774,0.5,17.647,17.6,0.596,0.615,1.0,0.982,20.4,102.0,85.0,102.0,0.555
0022200226,1610612749,Milwaukee,Bucks,MIL,bucks,240:00,500.0,100.0,539.2,107.8,-39.2,-7.8,0.537,1.69,16.2,0.226,0.837,0.5,12.745,12.7,0.522,0.514,1.0,0.974,20.4,102.0,85.0,102.0,0.445
0022200229,1610612763,Memphis,Grizzlies,MEM,grizzlies,240:00,593.1,118.6,534.0,106.8,59.2,11.8,0.667,2.36,17.6,0.35,0.792,0.558,10.784,10.8,0.495,0.547,1.0,0.992,20.5,102.5,85.42,102.0,0.531
0022200229,1610612760,Oklahoma City,Thunder,OKC,thunder,240:00,534.0,106.8,593.1,118.6,-59.2,-11.8,0.756,3.09,23.0,0.208,0.65,0.442,10.68,10.7,0.526,0.545,1.0,0.965,20.5,102.5,85.42,103.0,0.469
0022200225,1610612739,Cleveland,Cavaliers,CLE,cavaliers,290:00,569.0,113.8,525.9,105.2,43.1,8.6,0.51,1.25,16.8,0.213,0.667,0.483,17.241,17.2,0.576,0.622,1.0,0.992,19.2,96.0,80.0,116.0,0.587
0022200225,1610612766,Charlotte,Hornets,CHA,hornets,290:00,525.9,105.2,569.0,113.8,-43.1,-8.6,0.545,1.5,14.7,0.333,0.787,0.517,13.793,13.8,0.464,0.506,1.0,0.957,19.2,96.0,80.0,116.0,0.413
0022200228,1610612745,Houston,Rockets,HOU,rockets,240:00,469.1,93.8,510.3,102.1,-41.2,-8.2,0.517,0.88,11.4,0.362,0.731,0.536,17.526,17.5,0.372,0.455,1.0,0.991,19.4,97.0,80.83,97.0,0.407
0022200228,1610612754,Indiana,Pacers,IND,pacers,240:00,510.3,102.1,469.1,93.8,41.2,8.2,0.758,1.67,18.4,0.269,0.638,0.464,15.464,15.5,0.476,0.527,1.0,0.982,19.4,97.0,80.83,97.0,0.593
0022200232,1610612762,Utah,Jazz,UTA,jazz,240:00,656.9,131.4,639.4,127.9,17.4,3.5,0.627,1.88,21.6,0.304,0.609,0.457,16.667,16.7,0.648,0.66,1.0,0.991,20.6,103.0,85.83,102.0,0.476
0022200232,1610612756,Phoenix,Suns,PHX,suns,240:00,639.4,127.9,656.9,131.4,-17.4,-3.5,0.592,2.07,19.5,0.391,0.696,0.543,13.462,13.5,0.569,0.625,1.0,1.0,20.6,103.0,85.83,104.0,0.524
0022200230,1610612742,Dallas,Mavericks,DAL,mavericks,240:00,675.5,135.1,515.6,103.1,159.9,32.0,0.63,2.9,22.5,0.188,0.732,0.534,10.638,10.6,0.682,0.711,1.0,0.98,19.0,95.0,79.17,94.0,0.672
0022200230,1610612743,Denver,Nuggets,DEN,nuggets,240:00,515.6,103.1,675.5,135.1,-159.9,-32.0,0.632,1.85,17.9,0.268,0.813,0.466,13.542,13.5,0.478,0.506,1.0,0.964,19.0,95.0,79.17,96.0,0.328
0022200233,1610612744,Golden State,Warriors,GSW,warriors,240:00,544.1,108.8,490.3,98.1,53.8,10.8,0.78,1.78,21.2,0.315,0.707,0.518,17.647,17.6,0.549,0.556,1.0,0.975,20.5,102.5,85.42,102.0,0.554
0022200233,1610612752,New York,Knicks,NYK,knicks,240:00,490.3,98.1,544.1,108.8,-53.8,-10.8,0.533,1.0,11.8,0.293,0.685,0.482,15.534,15.5,0.397,0.495,1.0,0.975,20.5,102.5,85.42,103.0,0.446
0022200224,1610612764,Washington,Wizards,WAS,wizards,265:00,495.4,99.1,490.7,98.1,4.6,0.9,0.805,2.06,21.7,0.193,0.742,0.488,14.815,14.8,0.505,0.524,1.0,0.975,19.56,97.81,81.51,108.0,0.521
0022200224,1610612748,Miami,Heat,MIA,heat,265:00,490.7,98.1,495.4,99.1,-4.6,-0.9,0.657,2.3,15.6,0.258,0.807,0.512,9.259,9.3,0.413,0.473,1.0,0.968,19.56,97.81,81.51,108.0,0.479
0022200231,1610612740,New Orleans,Pelicans,NOP,pelicans,240:00,550.5,110.1,585.0,117.0,-34.5,-6.9,0.558,1.85,18.3,0.178,0.711,0.444,13.131,13.1,0.569,0.588,1.0,0.972,19.9,99.5,82.92,99.0,0.468
0022200231,1610612738,Boston,Celtics,BOS,celtics,240:00,585.0,117.0,550.5,110.1,34.5,6.9,0.683,1.65,19.9,0.289,0.822,0.556,17.0,17.0,0.6,0.633,1.0,0.973,19.9,99.5,82.92,100.0,0.532
0022200227,1610612741,Chicago,Bulls,CHI,bulls,240:00,545.9,109.2,556.7,111.3,-10.8,-2.2,0.659,2.45,19.3,0.3,0.825,0.533,11.224,11.2,0.489,0.535,1.0,0.973,19.5,97.5,81.25,98.0,0.508
0022200227,1610612753,Orlando,Magic,ORL,magic,240:00,556.7,111.3,545.9,109.2,10.8,2.2,0.658,1.56,19.4,0.175,0.7,0.467,16.495,16.5,0.571,0.623,1.0,0.99,19.5,97.5,81.25,97.0,0.492
0022200234,1610612747,Los Angeles,Lakers,LAL,lakers,240:00,603.8,120.8,570.8,114.2,33.0,6.6,0.674,1.81,20.3,0.211,0.76,0.523,15.094,15.1,0.596,0.669,1.0,0.974,21.2,106.0,88.33,106.0,0.569
0022200234,1610612765,Detroit,Pistons,DET,pistons,240:00,570.8,114.2,603.8,120.8,-33.0,-6.6,0.628,2.45,18.6,0.24,0.789,0.477,10.377,10.4,0.527,0.57,1.0,0.983,21.2,106.0,88.33,106.0,0.431
0022200222,1610612758,Sacramento,Kings,SAC,kings,240:00,656.6,131.3,565.7,113.1,90.9,18.2,0.583,2.33,20.7,0.229,0.775,0.52,12.121,12.1,0.651,0.695,1.0,0.981,19.8,99.0,82.5,99.0,0.579
0022200222,1610612759,San Antonio,Spurs,SAS,spurs,240:00,565.7,113.1,656.6,131.3,-90.9,-18.2,0.63,1.53,21.2,0.225,0.771,0.48,19.192,19.2,0.613,0.627,1.0,0.981,19.8,99.0,82.5,99.0,0.421
0022200223,1610612746,LA,Clippers,LAC,clippers,240:00,494.8,99.0,469.1,93.8,25.8,5.2,0.515,0.94,13.2,0.3,0.746,0.541,18.557,18.6,0.475,0.524,1.0,0.973,19.4,97.0,80.83,97.0,0.544
0022200223,1610612765,Detroit,Pistons,DET,pistons,240:00,469.1,93.8,494.8,99.0,-25.8,-5.2,0.455,1.15,11.8,0.254,0.7,0.459,13.402,13.4,0.409,0.462,1.0,0.973,19.4,97.0,80.83,97.0,0.456
0022200221,1610612757,Portland,Trail Blazers,POR,blazers,240:00,535.0,107.0,545.0,109.0,-10.0,-2.0,0.611,2.2,15.8,0.279,0.795,0.48,10.0,10.0,0.457,0.51,1.0,0.974,20.0,100.0,83.33,100.0,0.432
0022200221,1610612751,Brooklyn,Nets,BKN,nets,240:00,545.0,109.0,535.0,107.0,10.0,2.0,0.8,1.88,23.0,0.205,0.721,0.52,17.0,17.0,0.576,0.612,1.0,0.991,20.0,100.0,83.33,100.0,0.568
0022200220,1610612756,Phoenix,Suns,PHX,suns,240:00,607.5,121.5,556.1,111.2,51.4,10.3,0.75,2.06,22.3,0.186,0.82,0.527,14.953,15.0,0.634,0.67,1.0,0.974,21.4,107.0,89.17,107.0,0.561
0022200220,1610612744,Golden State,Warriors,GSW,warriors,240:00,556.1,111.2,607.5,121.5,-51.4,-10.3,0.714,1.76,20.5,0.18,0.814,0.473,15.888,15.9,0.554,0.598,1.0,0.983,21.4,107.0,89.17,107.0,0.439
0022200213,1610612764,Washington,Wizards,WAS,wizards,240:00,594.1,118.8,599.0,119.8,-5.0,-1.0,0.727,1.68,21.9,0.31,0.775,0.537,18.812,18.8,0.61,0.642,1.0,0.982,20.2,101.0,84.17,101.0,0.53
0022200213,1610612760,Oklahoma City,Thunder,OKC,thunder,240:00,599.0,119.8,594.1,118.8,5.0,1.0,0.545,1.6,17.9,0.225,0.69,0.463,14.851,14.9,0.642,0.654,1.0,0.982,20.2,101.0,84.17,101.0,0.47
0022200214,1610612737,Atlanta,Hawks,ATL,hawks,240:00,490.3,98.1,623.8,124.8,-133.5,-26.7,0.5,2.33,15.0,0.262,0.825,0.485,8.738,8.7,0.45,0.473,1.0,0.966,20.4,102.0,85.0,103.0,0.391
0022200214,1610612738,Boston,Celtics,BOS,celtics,240:00,623.8,124.8,490.3,98.1,133.5,26.7,0.604,1.93,21.2,0.175,0.738,0.515,14.851,14.9,0.665,0.682,1.0,0.991,20.4,102.0,85.0,101.0,0.609
0022200211,1610612766,Charlotte,Hornets,CHA,hornets,240:00,538.1,107.6,601.0,120.2,-62.9,-12.6,0.674,1.61,19.1,0.373,0.795,0.556,17.143,17.1,0.521,0.554,1.0,0.967,20.9,104.5,87.08,105.0,0.433
0022200211,1610612754,Indiana,Pacers,IND,pacers,240:00,601.0,120.2,538.1,107.6,62.9,12.6,0.614,1.93,19.4,0.205,0.627,0.444,13.462,13.5,0.604,0.653,1.0,0.973,20.9,104.5,87.08,104.0,0.567
0022200212,1610612753,Orlando,Magic,ORL,magic,240:00,534.7,106.9,623.8,124.8,-89.1,-17.8,0.5,1.31,15.3,0.314,0.778,0.531,15.842,15.8,0.5,0.537,1.0,0.991,20.2,101.0,84.17,101.0,0.384
0022200212,1610612750,Minnesota,Timberwolves,MIN,timberwolves,240:00,623.8,124.8,534.7,106.9,89.1,17.8,0.609,2.55,20.3,0.222,0.686,0.469,10.891,10.9,0.591,0.628,1.0,0.982,20.2,101.0,84.17,101.0,0.616
0022200218,1610612742,Dallas,Mavericks,DAL,mavericks,240:00,469.4,93.9,515.3,103.1,-45.9,-9.2,0.677,3.5,15.2,0.268,0.707,0.429,6.122,6.1,0.363,0.417,1.0,0.983,19.6,98.0,81.67,98.0,0.367
0022200218,1610612745,Houston,Rockets,HOU,rockets,240:00,515.3,103.1,469.4,93.9,45.9,9.2,0.6,0.91,16.0,0.293,0.732,0.571,23.469,23.5,0.533,0.59,1.0,0.955,19.6,98.0,81.67,98.0,0.633
0022200216,1610612749,Milwaukee,Bucks,MIL,bucks,240:00,601.1,120.2,515.8,103.2,85.3,17.1,0.634,1.86,18.6,0.392,0.837,0.61,14.894,14.9,0.57,0.577,1.0,0.991,18.9,94.5,78.75,94.0,0.555
0022200216,1610612739,Cleveland,Cavaliers,CLE,cavaliers,240:00,515.8,103.2,601.1,120.2,-85.3,-17.1,0.611,2.75,17.7,0.163,0.608,0.39,8.421,8.4,0.5,0.536,1.0,0.98,18.9,94.5,78.75,95.0,0.445
0022200219,1610612743,Denver,Nuggets,DEN,nuggets,240:00,547.9,109.6,563.8,112.8,-16.0,-3.2,0.5,1.2,14.5,0.25,0.765,0.515,15.957,16.0,0.524,0.567,1.0,0.991,18.8,94.0,78.33,94.0,0.427
0022200219,1610612752,New York,Knicks,NYK,knicks,240:00,563.8,112.8,547.9,109.6,16.0,3.2,0.649,3.0,18.6,0.235,0.75,0.485,8.511,8.5,0.488,0.543,1.0,0.981,18.8,94.0,78.33,94.0,0.573
0022200217,1610612740,New Orleans,Pelicans,NOP,pelicans,240:00,632.7,126.5,555.6,111.1,77.1,15.4,0.698,2.0,21.1,0.318,0.766,0.549,15.306,15.3,0.606,0.649,1.0,0.973,19.7,98.5,82.08,98.0,0.577
0022200217,1610612741,Chicago,Bulls,CHI,bulls,240:00,555.6,111.1,632.7,126.5,-77.1,-15.4,0.568,2.08,18.7,0.234,0.682,0.451,12.121,12.1,0.556,0.57,1.0,0.991,19.7,98.5,82.08,99.0,0.423
0022200215,1610612761,Toronto,Raptors,TOR,raptors,240:00,595.7,119.1,559.1,111.8,36.6,7.3,0.523,1.64,16.9,0.422,0.818,0.59,14.894,14.9,0.552,0.585,1.0,0.973,18.7,93.5,77.92,94.0,0.55
0022200215,1610612748,Miami,Heat,MIA,heat,240:00,559.1,111.8,595.7,119.1,-36.6,-7.3,0.528,0.83,16.1,0.182,0.578,0.41,24.731,24.7,0.644,0.687,1.0,0.99,18.7,93.5,77.92,93.0,0.45
0022200208,1610612762,Utah,Jazz,UTA,jazz,240:00,538.8,107.8,572.8,114.6,-34.0,-6.8,0.806,1.38,19.6,0.327,0.679,0.51,20.388,20.4,0.518,0.577,1.0,0.975,20.6,103.0,85.83,103.0,0.495
0022200208,1610612752,New York,Knicks,NYK,knicks,240:00,572.8,114.6,538.8,107.8,34.0,6.8,0.591,1.86,17.8,0.321,0.673,0.49,13.592,13.6,0.532,0.567,1.0,0.967,20.6,103.0,85.83,103.0,0.505
0022200209,1610612757,Portland,Trail Blazers,POR,blazers,240:00,603.1,120.6,561.2,112.2,41.9,8.4,0.537,1.29,16.9,0.275,0.711,0.506,17.526,17.5,0.614,0.647,1.0,0.972,19.5,97.5,81.25,97.0,0.515
0022200209,1610612759,San Antonio,Spurs,SAS,spurs,240:00,561.2,112.2,603.1,120.6,-41.9,-8.4,0.773,1.79,23.6,0.289,0.725,0.494,19.388,19.4,0.571,0.595,1.0,0.991,19.5,97.5,81.25,98.0,0.485
0022200206,1610612740,New Orleans,Pelicans,NOP,pelicans,240:00,576.5,115.3,515.2,103.0,61.4,12.3,0.721,3.1,22.3,0.2,0.702,0.467,10.204,10.2,0.571,0.587,1.0,0.981,19.7,98.5,82.08,98.0,0.57
0022200206,1610612763,Memphis,Grizzlies,MEM,grizzlies,240:00,515.2,103.0,576.5,115.3,-61.4,-12.3,0.421,1.45,12.1,0.298,0.8,0.533,11.111,11.1,0.462,0.495,1.0,0.974,19.7,98.5,82.08,99.0,0.43
0022200210,1610612758,Sacramento,Kings,SAC,kings,240:00,701.8,140.4,555.0,111.0,146.8,29.4,0.696,2.29,24.2,0.341,0.878,0.61,15.596,15.6,0.702,0.729,1.0,0.992,21.8,109.0,90.83,109.0,0.611
0022200210,1610612751,Brooklyn,Nets,BKN,nets,240:00,555.0,111.0,701.8,140.4,-146.8,-29.4,0.625,1.47,18.0,0.122,0.659,0.39,15.596,15.6,0.562,0.633,1.0,0.982,21.8,109.0,90.83,109.0,0.389
0022200207,1610612742,Dallas,Mavericks,DAL,mavericks,240:00,547.9,109.6,531.6,106.3,16.3,3.3,0.571,1.67,16.3,0.176,0.879,0.452,12.766,12.8,0.544,0.569,1.0,0.99,18.9,94.5,78.75,94.0,0.476
0022200207,1610612746,LA,Clippers,LAC,clippers,240:00,531.6,106.3,547.9,109.6,-16.3,-3.3,0.676,1.1,18.9,0.121,0.824,0.548,22.105,22.1,0.625,0.669,1.0,0.97,18.9,94.5,78.75,95.0,0.524
0022200203,1610612745,Houston,Rockets,HOU,rockets,240:00,524.8,105.0,604.0,120.8,-79.2,-15.8,0.513,1.43,14.7,0.283,0.714,0.474,13.861,13.9,0.506,0.532,1.0,0.983,20.2,101.0,84.17,101.0,0.422
0022200203,1610612746,LA,Clippers,LAC,clippers,240:00,604.0,120.8,524.8,105.0,79.2,15.8,0.61,1.47,18.1,0.286,0.717,0.526,16.832,16.8,0.593,0.639,1.0,0.973,20.2,101.0,84.17,101.0,0.578
0022200205,1610612744,Golden State,Warriors,GSW,warriors,240:00,653.5,130.7,470.3,94.1,183.2,36.6,0.745,2.69,24.3,0.195,0.582,0.435,12.871,12.9,0.665,0.694,1.0,0.972,20.2,101.0,84.17,101.0,0.711
0022200205,1610612759,San Antonio,Spurs,SAS,spurs,240:00,470.3,94.1,653.5,130.7,-183.2,-36.6,0.5,0.95,12.2,0.418,0.805,0.565,18.812,18.8,0.41,0.438,1.0,0.977,20.2,101.0,84.17,101.0,0.289
0022200200,1610612753,Orlando,Magic,ORL,magic,240:00,552.6,110.5,583.3,116.7,-30.7,-6.1,0.639,1.05,16.1,0.481,0.625,0.549,23.158,23.2,0.489,0.535,1.0,1.0,19.1,95.5,79.58,95.0,0.436
0022200200,1610612766,Charlotte,Hornets,CHA,hornets,240:00,583.3,116.7,552.6,110.5,30.7,6.1,0.524,1.69,16.3,0.375,0.519,0.451,13.542,13.5,0.517,0.568,1.0,0.973,19.1,95.5,79.58,96.0,0.564
0022200204,1610612749,Milwaukee,Bucks,MIL,bucks,240:00,519.6,103.9,599.0,119.8,-79.4,-15.9,0.618,1.24,15.0,0.327,0.72,0.52,16.667,16.7,0.451,0.53,1.0,0.958,20.3,101.5,84.58,102.0,0.411
0022200204,1610612737,Atlanta,Hawks,ATL,hawks,240:00,599.0,119.8,519.6,103.9,79.4,15.9,0.523,2.56,16.7,0.28,0.673,0.48,8.911,8.9,0.516,0.575,1.0,0.991,20.3,101.5,84.58,101.0,0.589
0022200201,1610612738,Boston,Celtics,BOS,celtics,240:00,562.5,112.5,539.8,108.0,22.7,4.5,0.543,1.79,16.9,0.208,0.736,0.472,12.5,12.5,0.531,0.579,1.0,1.0,22.5,112.5,93.75,112.0,0.549
0022200201,1610612760,Oklahoma City,Thunder,OKC,thunder,240:00,539.8,108.0,562.5,112.5,-22.7,-4.5,0.447,1.05,14.4,0.264,0.792,0.528,17.699,17.7,0.536,0.569,1.0,0.984,22.5,112.5,93.75,113.0,0.451
0022200199,1610612765,Detroit,Pistons,DET,pistons,240:00,555.0,111.0,580.8,116.2,-25.8,-5.2,0.657,1.21,16.3,0.375,0.69,0.522,19.0,19.0,0.519,0.579,1.0,0.975,19.9,99.5,82.92,100.0,0.441
0022200199,1610612761,Toronto,Raptors,TOR,raptors,240:00,580.8,116.2,555.0,111.0,25.8,5.2,0.675,1.59,19.4,0.31,0.625,0.478,17.172,17.2,0.537,0.61,1.0,0.991,19.9,99.5,82.92,99.0,0.559
0022200202,1610612748,Miami,Heat,MIA,heat,240:00,620.9,124.2,615.4,123.1,5.5,1.1,0.605,1.53,17.2,0.435,0.519,0.48,16.484,16.5,0.548,0.601,1.0,0.973,18.2,91.0,75.83,91.0,0.535
0022200202,1610612756,Phoenix,Suns,PHX,suns,240:00,615.4,123.1,620.9,124.2,-5.5,-1.1,0.458,1.57,15.9,0.481,0.565,0.52,15.385,15.4,0.556,0.556,1.0,0.957,18.2,91.0,75.83,91.0,0.465
0022200198,1610612747,Los Angeles,Lakers,LAL,lakers,240:00,604.2,120.8,542.1,108.4,62.1,12.4,0.568,2.78,18.4,0.313,0.75,0.531,9.375,9.4,0.544,0.581,1.0,0.973,19.1,95.5,79.58,96.0,0.538
0022200198,1610612751,Brooklyn,Nets,BKN,nets,240:00,542.1,108.4,604.2,120.8,-62.1,-12.4,0.611,1.69,17.1,0.25,0.688,0.469,13.684,13.7,0.494,0.55,1.0,0.981,19.1,95.5,79.58,95.0,0.462
0022200195,1610612755,Philadelphia,76ers,PHI,sixers,240:00,535.7,107.1,505.2,101.0,30.6,6.1,0.525,1.75,16.2,0.239,0.548,0.417,12.245,12.2,0.506,0.556,1.0,0.972,19.5,97.5,81.25,98.0,0.608
0022200195,1610612762,Utah,Jazz,UTA,jazz,240:00,505.2,101.0,535.7,107.1,-30.6,-6.1,0.622,1.28,15.5,0.452,0.761,0.583,18.557,18.6,0.452,0.471,1.0,0.976,19.5,97.5,81.25,97.0,0.392
0022200196,1610612741,Chicago,Bulls,CHI,bulls,240:00,509.9,102.0,630.0,126.0,-120.1,-24.0,0.6,1.26,17.9,0.238,0.857,0.519,18.812,18.8,0.531,0.571,1.0,0.982,20.1,100.5,83.75,101.0,0.39
0022200196,1610612743,Denver,Nuggets,DEN,nuggets,240:00,630.0,126.0,509.9,102.0,120.1,24.0,0.688,2.06,23.9,0.143,0.762,0.481,16.0,16.0,0.681,0.706,1.0,0.99,20.1,100.5,83.75,100.0,0.61
0022200197,1610612758,Sacramento,Kings,SAC,kings,240:00,586.5,117.3,552.9,110.6,33.7,6.7,0.66,1.94,21.2,0.271,0.776,0.526,15.385,15.4,0.604,0.614,1.0,0.991,20.8,104.0,86.67,104.0,0.539
0022200197,1610612744,Golden State,Warriors,GSW,warriors,240:00,552.9,110.6,586.5,117.3,-33.7,-6.7,0.643,1.5,19.0,0.224,0.729,0.474,17.308,17.3,0.556,0.593,1.0,0.991,20.8,104.0,86.67,104.0,0.461
0022200192,1610612752,New York,Knicks,NYK,knicks,240:00,625.0,125.0,665.1,133.0,-40.1,-8.0,0.521,1.92,16.8,0.314,0.735,0.482,12.037,12.0,0.546,0.605,1.0,0.992,21.7,108.5,90.42,108.0,0.454
0022200192,1610612760,Oklahoma City,Thunder,OKC,thunder,240:00,665.1,133.0,625.0,125.0,40.1,8.0,0.564,1.63,20.8,0.265,0.686,0.518,17.431,17.4,0.722,0.749,1.0,0.975,21.7,108.5,90.42,109.0,0.546
0022200193,1610612739,Cleveland,Cavaliers,CLE,cavaliers,240:00,613.9,122.8,651.5,130.3,-37.7,-7.5,0.55,2.2,15.7,0.309,0.718,0.479,9.901,9.9,0.545,0.584,1.0,0.983,20.0,100.0,83.33,101.0,0.434
0022200193,1610612750,Minnesota,Timberwolves,MIN,timberwolves,240:00,651.5,130.3,613.9,122.8,37.7,7.5,0.652,2.31,21.4,0.282,0.691,0.521,13.131,13.1,0.634,0.665,1.0,0.991,20.0,100.0,83.33,99.0,0.566
0022200194,1610612764,Washington,Wizards,WAS,wizards,240:00,510.0,102.0,464.6,92.9,45.4,9.1,0.722,1.73,18.7,0.241,0.667,0.465,15.0,15.0,0.529,0.535,1.0,0.973,19.9,99.5,82.92,100.0,0.587
0022200194,1610612763,Memphis,Grizzlies,MEM,grizzlies,240:00,464.6,92.9,510.0,102.0,-45.4,-9.1,0.553,1.24,15.0,0.333,0.759,0.535,17.172,17.2,0.443,0.458,1.0,0.983,19.9,99.5,82.92,99.0,0.413
0022200186,1610612765,Detroit,Pistons,DET,pistons,240:00,545.5,109.1,596.9,119.4,-51.5,-10.3,0.622,1.64,16.8,0.288,0.778,0.538,14.141,14.1,0.506,0.55,1.0,0.974,19.7,98.5,82.08,99.0,0.446
0022200186,1610612738,Boston,Celtics,BOS,celtics,240:00,596.9,119.4,545.5,109.1,51.5,10.3,0.692,3.86,19.7,0.222,0.712,0.462,7.143,7.1,0.527,0.576,1.0,0.982,19.7,98.5,82.08,98.0,0.554
0022200189,1610612748,Miami,Heat,MIA,heat,240:00,640.8,128.2,563.7,112.7,77.1,15.4,0.653,2.67,21.8,0.261,0.848,0.554,11.65,11.7,0.613,0.646,1.0,0.974,20.5,102.5,85.42,103.0,0.574
0022200189,1610612766,Charlotte,Hornets,CHA,hornets,240:00,563.7,112.7,640.8,128.2,-77.1,-15.4,0.543,2.08,18.7,0.152,0.739,0.446,11.765,11.8,0.561,0.593,1.0,0.991,20.5,102.5,85.42,102.0,0.426
0022200185,1610612764,Washington,Wizards,WAS,wizards,240:00,599.0,119.8,554.5,110.9,44.6,8.9,0.614,3.0,20.0,0.156,0.784,0.49,8.911,8.9,0.591,0.625,1.0,0.981,20.2,101.0,84.17,101.0,0.546
0022200185,1610612762,Utah,Jazz,UTA,jazz,240:00,554.5,110.9,599.0,119.8,-44.6,-8.9,0.75,2.75,22.8,0.216,0.844,0.51,11.881,11.9,0.543,0.567,1.0,0.982,20.2,101.0,84.17,101.0,0.454
0022200191,1610612740,New Orleans,Pelicans,NOP,pelicans,240:00,589.1,117.8,524.8,105.0,64.4,12.9,0.667,2.33,19.7,0.283,0.69,0.477,11.881,11.9,0.535,0.597,1.0,0.982,20.2,101.0,84.17,101.0,0.558
0022200191,1610612745,Houston,Rockets,HOU,rockets,240:00,524.8,105.0,589.1,117.8,-64.4,-12.9,0.6,0.92,17.4,0.31,0.717,0.523,25.743,25.7,0.582,0.61,1.0,0.982,20.2,101.0,84.17,101.0,0.442
0022200184,1610612746,LA,Clippers,LAC,clippers,240:00,484.7,96.9,561.2,112.2,-76.5,-15.3,0.647,1.22,16.4,0.283,0.826,0.535,18.367,18.4,0.465,0.506,1.0,0.973,19.6,98.0,81.67,98.0,0.414
0022200184,1610612751,Brooklyn,Nets,BKN,nets,240:00,561.2,112.2,484.7,96.9,76.5,15.3,0.675,2.08,20.3,0.174,0.717,0.465,13.265,13.3,0.578,0.596,1.0,0.972,19.6,98.0,81.67,98.0,0.586
0022200188,1610612755,Philadelphia,76ers,PHI,sixers,240:00,599.0,119.8,539.6,107.9,59.4,11.9,0.545,2.0,18.3,0.158,0.615,0.422,11.881,11.9,0.6,0.646,1.0,0.972,20.2,101.0,84.17,101.0,0.573
0022200188,1610612737,Atlanta,Hawks,ATL,hawks,240:00,539.6,107.9,599.0,119.8,-59.4,-11.9,0.5,1.05,14.3,0.385,0.842,0.578,18.812,18.8,0.483,0.54,1.0,0.975,20.2,101.0,84.17,101.0,0.427
0022200190,1610612742,Dallas,Mavericks,DAL,mavericks,240:00,615.8,123.2,589.5,117.9,26.3,5.3,0.634,2.36,19.8,0.227,0.708,0.478,11.579,11.6,0.593,0.633,1.0,0.981,19.0,95.0,79.17,95.0,0.534
0022200190,1610612757,Portland,Trail Blazers,POR,blazers,240:00,589.5,117.9,615.8,123.2,-26.3,-5.3,0.556,1.67,15.5,0.292,0.773,0.522,12.632,12.6,0.531,0.587,1.0,0.982,19.0,95.0,79.17,95.0,0.466
0022200187,1610612754,Indiana,Pacers,IND,pacers,240:00,578.4,115.7,514.9,103.0,63.6,12.7,0.805,1.57,22.0,0.349,0.7,0.553,20.588,20.6,0.616,0.64,1.0,0.966,20.3,101.5,84.58,102.0,0.597
0022200187,1610612761,Toronto,Raptors,TOR,raptors,240:00,514.9,103.0,578.4,115.7,-63.6,-12.7,0.378,1.17,10.5,0.3,0.651,0.447,11.881,11.9,0.431,0.487,1.0,0.992,20.3,101.5,84.58,101.0,0.403
0022200182,1610612744,Golden State,Warriors,GSW,warriors,240:00,540.8,108.2,520.6,104.1,20.2,4.0,0.725,1.93,21.5,0.186,0.702,0.48,15.306,15.3,0.579,0.601,1.0,0.962,19.5,97.5,81.25,98.0,0.54
0022200182,1610612739,Cleveland,Cavaliers,CLE,cavaliers,240:00,520.6,104.1,540.8,108.2,-20.2,-4.0,0.676,1.92,18.0,0.298,0.814,0.52,13.402,13.4,0.446,0.488,1.0,0.974,19.5,97.5,81.25,97.0,0.46
0022200179,1610612760,Oklahoma City,Thunder,OKC,thunder,240:00,634.6,126.9,548.5,109.7,86.1,17.2,0.596,1.63,20.3,0.409,0.654,0.542,18.269,18.3,0.64,0.657,1.0,0.975,20.7,103.5,86.25,104.0,0.58
0022200179,1610612761,Toronto,Raptors,TOR,raptors,240:00,548.5,109.7,634.6,126.9,-86.1,-17.2,0.526,1.25,14.2,0.346,0.591,0.458,15.534,15.5,0.494,0.544,1.0,0.992,20.7,103.5,86.25,103.0,0.42
0022200181,1610612763,Memphis,Grizzlies,MEM,grizzlies,240:00,600.0,120.0,547.9,109.6,52.1,10.4,0.568,1.79,17.9,0.408,0.773,0.581,14.737,14.7,0.54,0.571,1.0,0.965,18.9,94.5,78.75,95.0,0.535
0022200181,1610612750,Minnesota,Timberwolves,MIN,timberwolves,240:00,547.9,109.6,600.0,120.0,-52.1,-10.4,0.784,1.93,22.0,0.227,0.592,0.419,15.957,16.0,0.532,0.581,1.0,0.99,18.9,94.5,78.75,94.0,0.465
0022200178,1610612752,New York,Knicks,NYK,knicks,240:00,605.0,121.0,560.0,112.0,45.0,9.0,0.548,2.09,16.2,0.37,0.681,0.515,11.0,11.0,0.5,0.567,1.0,0.992,20.0,100.0,83.33,100.0,0.518
0022200178,1610612765,Detroit,Pistons,DET,pistons,240:00,560.0,112.0,605.0,121.0,-45.0,-9.0,0.595,1.47,16.1,0.319,0.63,0.485,15.0,15.0,0.506,0.571,1.0,0.983,20.0,100.0,83.33,100.0,0.482
0022200176,1610612738,Boston,Celtics,BOS,celtics,240:00,704.3,140.9,602.2,120.4,102.2,20.4,0.6,4.29,22.2,0.293,0.717,0.532,7.527,7.5,0.644,0.663,1.0,0.981,18.6,93.0,77.5,93.0,0.582
0022200176,1610612743,Denver,Nuggets,DEN,nuggets,240:00,602.2,120.4,704.3,140.9,-102.2,-20.4,0.619,4.33,19.4,0.283,0.707,0.468,6.452,6.5,0.522,0.556,1.0,0.981,18.6,93.0,77.5,93.0,0.418
0022200177,1610612753,Orlando,Magic,ORL,magic,240:00,612.9,122.6,521.5,104.3,91.4,18.3,0.535,1.53,18.1,0.275,0.707,0.531,16.129,16.1,0.616,0.643,1.0,0.971,18.6,93.0,77.5,93.0,0.607
0022200177,1610612756,Phoenix,Suns,PHX,suns,240:00,521.5,104.3,612.9,122.6,-91.4,-18.3,0.579,2.0,16.8,0.293,0.725,0.469,11.828,11.8,0.468,0.49,1.0,1.0,18.6,93.0,77.5,93.0,0.393
0022200183,1610612747,Los Angeles,Lakers,LAL,lakers,240:00,575.8,115.2,600.0,120.0,-24.2,-4.8,0.524,1.57,15.9,0.354,0.69,0.511,14.141,14.1,0.534,0.573,1.0,0.983,19.9,99.5,82.92,99.0,0.449
0022200183,1610612758,Sacramento,Kings,SAC,kings,240:00,600.0,120.0,575.8,115.2,24.2,4.8,0.6,1.8,19.3,0.31,0.646,0.489,15.0,15.0,0.586,0.623,1.0,0.973,19.9,99.5,82.92,100.0,0.551
0022200180,1610612759,San Antonio,Spurs,SAS,spurs,240:00,566.3,113.3,479.4,95.9,86.9,17.4,0.512,1.16,16.5,0.326,0.606,0.5,19.388,19.4,0.576,0.606,1.0,0.982,19.5,97.5,81.25,98.0,0.636
0022200180,1610612749,Milwaukee,Bucks,MIL,bucks,240:00,479.4,95.9,566.3,113.3,-86.9,-17.4,0.688,1.29,15.0,0.394,0.674,0.5,17.526,17.5,0.388,0.43,1.0,0.96,19.5,97.5,81.25,97.0,0.364
0022200175,1610612740,New Orleans,Pelicans,NOP,pelicans,240:00,500.0,100.0,557.9,111.6,-57.9,-11.6,0.576,1.12,15.1,0.265,0.74,0.505,17.895,17.9,0.481,0.53,1.0,0.991,19.0,95.0,79.17,95.0,0.407
0022200175,1610612757,Portland,Trail Blazers,POR,blazers,240:00,557.9,111.6,500.0,100.0,57.9,11.6,0.676,2.78,18.9,0.26,0.735,0.495,9.474,9.5,0.506,0.55,1.0,0.981,19.0,95.0,79.17,95.0,0.593
0022200172,1610612764,Washington,Wizards,WAS,wizards,240:00,553.9,110.8,509.7,101.9,44.2,8.8,0.61,1.47,18.4,0.205,0.815,0.541,16.667,16.7,0.56,0.609,1.0,0.982,20.5,102.5,85.42,102.0,0.559
0022200172,1610612742,Dallas,Mavericks,DAL,mavericks,240:00,509.7,101.9,553.9,110.8,-44.2,-8.8,0.514,1.46,14.5,0.185,0.795,0.459,12.621,12.6,0.535,0.551,1.0,0.964,20.5,102.5,85.42,103.0,0.441
0022200174,1610612748,Miami,Heat,MIA,heat,265:00,551.9,110.4,518.5,103.7,33.4,6.7,0.538,1.91,15.3,0.182,0.714,0.433,10.377,10.4,0.489,0.553,1.0,0.991,19.38,96.91,80.75,106.0,0.516
0022200174,1610612766,Charlotte,Hornets,CHA,hornets,265:00,518.5,103.7,551.9,110.4,-33.4,-6.7,0.535,1.1,15.9,0.286,0.818,0.567,19.444,19.4,0.568,0.579,1.0,0.951,19.38,96.91,80.75,108.0,0.484
0022200173,1610612737,Atlanta,Hawks,ATL,hawks,240:00,490.6,98.1,448.1,89.6,42.5,8.5,0.487,1.06,13.9,0.24,0.833,0.548,16.981,17.0,0.477,0.53,1.0,0.983,21.2,106.0,88.33,106.0,0.565
0022200173,1610612755,Philadelphia,76ers,PHI,sixers,240:00,448.1,89.6,490.6,98.1,-42.5,-8.5,0.469,0.88,11.5,0.167,0.76,0.452,16.038,16.0,0.422,0.494,1.0,0.983,21.2,106.0,88.33,106.0,0.435
0022200165,1610612761,Toronto,Raptors,TOR,raptors,240:00,591.8,118.4,561.9,112.4,30.0,6.0,0.452,1.46,13.1,0.46,0.633,0.536,13.265,13.3,0.485,0.523,1.0,0.984,19.5,97.5,81.25,98.0,0.456
0022200165,1610612745,Houston,Rockets,HOU,rockets,240:00,561.9,112.4,591.8,118.4,-30.0,-6.0,0.784,1.81,20.1,0.367,0.54,0.464,16.495,16.5,0.494,0.558,1.0,0.991,19.5,97.5,81.25,97.0,0.544
0022200162,1610612737,Atlanta,Hawks,ATL,hawks,240:00,572.1,114.4,595.2,119.0,-23.1,-4.6,0.471,2.18,16.1,0.356,0.704,0.522,10.577,10.6,0.505,0.523,1.0,0.992,20.9,104.5,87.08,104.0,0.49
0022200162,1610612762,Utah,Jazz,UTA,jazz,240:00,595.2,119.0,572.1,114.4,23.1,4.6,0.614,2.08,18.2,0.296,0.644,0.478,12.381,12.4,0.559,0.598,1.0,0.975,20.9,104.5,87.08,105.0,0.51
0022200171,1610612758,Sacramento,Kings,SAC,kings,240:00,648.0,129.6,612.2,122.4,35.7,7.1,0.75,3.33,22.6,0.135,0.585,0.372,9.184,9.2,0.638,0.695,1.0,0.99,19.6,98.0,81.67,98.0,0.552
0022200171,1610612739,Cleveland,Cavaliers,CLE,cavaliers,240:00,612.2,122.4,648.0,129.6,-35.7,-7.1,0.522,1.33,17.4,0.415,0.865,0.628,18.367,18.4,0.599,0.633,1.0,0.991,19.6,98.0,81.67,98.0,0.448
0022200160,1610612754,Indiana,Pacers,IND,pacers,240:00,536.0,107.2,559.6,111.9,-23.6,-4.7,0.622,1.56,18.4,0.264,0.723,0.48,16.216,16.2,0.542,0.57,1.0,0.976,22.0,110.0,91.67,111.0,0.457
0022200160,1610612743,Denver,Nuggets,DEN,nuggets,240:00,559.6,111.9,536.0,107.2,23.6,4.7,0.628,1.23,18.1,0.277,0.736,0.52,20.183,20.2,0.557,0.613,1.0,0.975,22.0,110.0,91.67,109.0,0.543
0022200166,1610612741,Chicago,Bulls,CHI,bulls,240:00,544.1,108.8,558.3,111.7,-14.1,-2.8,0.523,1.53,17.4,0.159,0.652,0.411,14.706,14.7,0.546,0.585,1.0,0.991,20.5,102.5,85.42,102.0,0.467
0022200166,1610612740,New Orleans,Pelicans,NOP,pelicans,240:00,558.3,111.7,544.1,108.8,14.1,2.8,0.476,1.25,14.6,0.348,0.841,0.589,15.534,15.5,0.518,0.576,1.0,0.991,20.5,102.5,85.42,103.0,0.533
0022200168,1610612760,Oklahoma City,Thunder,OKC,thunder,290:00,559.3,111.9,576.3,115.3,-16.9,-3.4,0.48,1.85,14.9,0.297,0.719,0.496,11.017,11.0,0.532,0.553,1.0,0.964,19.53,97.66,81.38,118.0,0.471
0022200168,1610612749,Milwaukee,Bucks,MIL,bucks,290:00,576.3,115.3,559.3,111.9,16.9,3.4,0.54,1.59,16.8,0.281,0.703,0.504,14.407,14.4,0.552,0.588,1.0,0.978,19.53,97.66,81.38,118.0,0.529
0022200159,1610612766,Charlotte,Hornets,CHA,hornets,240:00,522.0,104.4,570.7,114.1,-48.7,-9.7,0.618,1.91,15.7,0.367,0.675,0.49,12.088,12.1,0.429,0.468,1.0,0.991,18.3,91.5,76.25,91.0,0.389
0022200159,1610612757,Portland,Trail Blazers,POR,blazers,240:00,570.7,114.1,522.0,104.4,48.7,9.7,0.7,1.56,21.4,0.325,0.633,0.51,19.565,19.6,0.607,0.61,1.0,0.981,18.3,91.5,76.25,92.0,0.611
0022200170,1610612746,LA,Clippers,LAC,clippers,240:00,558.8,111.8,500.0,100.0,58.8,11.8,0.585,1.6,17.9,0.186,0.76,0.495,14.706,14.7,0.58,0.617,1.0,0.973,20.3,101.5,84.58,102.0,0.554
0022200170,1610612747,Los Angeles,Lakers,LAL,lakers,240:00,500.0,100.0,558.8,111.8,-58.8,-11.8,0.65,1.63,18.7,0.24,0.814,0.505,15.842,15.8,0.511,0.529,1.0,0.982,20.3,101.5,84.58,101.0,0.446
0022200164,1610612751,Brooklyn,Nets,BKN,nets,240:00,560.0,112.0,425.0,85.0,135.0,27.0,0.714,2.0,21.3,0.245,0.778,0.545,15.0,15.0,0.563,0.585,1.0,0.982,20.0,100.0,83.33,100.0,0.69
0022200164,1610612752,New York,Knicks,NYK,knicks,240:00,425.0,85.0,560.0,112.0,-135.0,-27.0,0.75,1.4,15.7,0.222,0.755,0.455,15.0,15.0,0.391,0.432,1.0,0.991,20.0,100.0,83.33,100.0,0.31
0022200163,1610612738,Boston,Celtics,BOS,celtics,240:00,627.5,125.5,549.0,109.8,78.4,15.7,0.66,2.38,22.0,0.209,0.673,0.469,12.745,12.7,0.636,0.658,1.0,0.982,20.4,102.0,85.0,102.0,0.585
0022200163,1610612765,Detroit,Pistons,DET,pistons,240:00,549.0,109.8,627.5,125.5,-78.4,-15.7,0.405,1.5,11.2,0.327,0.791,0.531,9.804,9.8,0.455,0.525,1.0,0.983,20.4,102.0,85.0,102.0,0.415
0022200167,1610612750,Minnesota,Timberwolves,MIN,timberwolves,240:00,568.0,113.6,620.2,124.0,-52.2,-10.4,0.634,1.37,19.0,0.2,0.7,0.478,18.447,18.4,0.583,0.635,1.0,0.991,20.7,103.5,86.25,103.0,0.456
0022200167,1610612756,Phoenix,Suns,PHX,suns,240:00,620.2,124.0,568.0,113.6,52.2,10.4,0.66,2.82,20.7,0.3,0.8,0.522,10.577,10.6,0.567,0.61,1.0,0.975,20.7,103.5,86.25,104.0,0.544
0022200161,1610612753,Orlando,Magic,ORL,magic,240:00,500.0,100.0,462.8,92.6,37.2,7.4,0.556,1.05,16.4,0.25,0.877,0.619,20.213,20.2,0.548,0.571,1.0,0.99,18.8,94.0,78.33,94.0,0.569
0022200161,1610612742,Dallas,Mavericks,DAL,mavericks,240:00,462.8,92.6,500.0,100.0,-37.2,-7.4,0.531,2.83,14.4,0.123,0.75,0.381,6.383,6.4,0.441,0.466,1.0,0.97,18.8,94.0,78.33,94.0,0.431
0022200169,1610612759,San Antonio,Spurs,SAS,spurs,265:00,575.5,115.1,596.2,119.2,-20.7,-4.1,0.638,2.5,19.6,0.333,0.583,0.451,11.321,11.3,0.541,0.564,1.0,0.984,19.02,95.09,79.25,106.0,0.506
0022200169,1610612763,Memphis,Grizzlies,MEM,grizzlies,265:00,596.2,119.2,575.5,115.1,20.7,4.1,0.48,1.2,16.2,0.417,0.667,0.549,19.231,19.2,0.582,0.598,1.0,0.984,19.02,95.09,79.25,104.0,0.494
0022200145,1610612753,Orlando,Magic,ORL,magic,240:00,622.5,124.5,663.4,132.7,-40.8,-8.2,0.6,1.35,18.8,0.366,0.609,0.494,19.608,19.6,0.622,0.664,1.0,0.983,20.3,101.5,84.58,102.0,0.477
0022200145,1610612745,Houston,Rockets,HOU,rockets,240:00,663.4,132.7,622.5,124.5,40.8,8.2,0.674,1.41,20.7,0.391,0.634,0.506,21.782,21.8,0.667,0.684,1.0,0.975,20.3,101.5,84.58,101.0,0.523
0022200158,1610612746,LA,Clippers,LAC,clippers,240:00,607.1,121.4,590.9,118.2,16.2,3.2,0.475,2.11,15.7,0.093,0.698,0.395,9.184,9.2,0.614,0.652,1.0,0.99,19.7,98.5,82.08,98.0,0.479
0022200158,1610612739,Cleveland,Cavaliers,CLE,cavaliers,240:00,590.9,118.2,607.1,121.4,-16.2,-3.2,0.674,1.71,20.6,0.302,0.907,0.605,17.172,17.2,0.614,0.634,1.0,0.973,19.7,98.5,82.08,99.0,0.521
0022200155,1610612742,Dallas,Mavericks,DAL,mavericks,240:00,545.5,109.1,528.1,105.6,17.4,3.5,0.563,0.82,14.5,0.429,0.66,0.551,25.0,25.0,0.528,0.581,1.0,0.981,17.7,88.5,73.75,88.0,0.511
0022200155,1610612751,Brooklyn,Nets,BKN,nets,240:00,528.1,105.6,545.5,109.1,-17.4,-3.5,0.629,1.57,17.3,0.34,0.571,0.449,15.73,15.7,0.5,0.532,1.0,0.962,17.7,88.5,73.75,89.0,0.489
0022200157,1610612762,Utah,Jazz,UTA,jazz,240:00,668.3,133.7,557.7,111.5,110.6,22.1,0.566,2.0,20.1,0.356,0.791,0.568,14.423,14.4,0.642,0.664,1.0,0.992,20.8,104.0,86.67,104.0,0.603
0022200157,1610612747,Los Angeles,Lakers,LAL,lakers,240:00,557.7,111.5,668.3,133.7,-110.6,-22.1,0.375,0.94,11.7,0.209,0.644,0.432,15.385,15.4,0.543,0.609,1.0,0.982,20.8,104.0,86.67,104.0,0.397
0022200146,1610612765,Detroit,Pistons,DET,pistons,240:00,549.0,109.8,504.9,101.0,44.1,8.8,0.513,1.25,13.7,0.414,0.703,0.566,15.686,15.7,0.468,0.521,1.0,0.968,20.4,102.0,85.0,102.0,0.558
0022200146,1610612760,Oklahoma City,Thunder,OKC,thunder,240:00,504.9,101.0,549.0,109.8,-44.1,-8.8,0.561,2.3,16.0,0.297,0.586,0.434,9.804,9.8,0.451,0.47,1.0,0.983,20.4,102.0,85.0,102.0,0.442
0022200152,1610612763,Memphis,Grizzlies,MEM,grizzlies,240:00,524.8,105.0,550.5,110.1,-25.8,-5.2,0.659,2.45,19.3,0.231,0.792,0.5,10.891,10.9,0.533,0.545,1.0,0.956,20.0,100.0,83.33,101.0,0.478
0022200152,1610612738,Boston,Celtics,BOS,celtics,240:00,550.5,110.1,524.8,105.0,25.8,5.2,0.684,1.73,19.3,0.208,0.769,0.5,15.152,15.2,0.537,0.578,1.0,0.991,20.0,100.0,83.33,99.0,0.522
0022200150,1610612748,Miami,Heat,MIA,heat,240:00,569.1,113.8,578.9,115.8,-9.8,-2.0,0.7,2.33,21.4,0.196,0.857,0.481,12.766,12.8,0.56,0.591,1.0,0.971,18.9,94.5,78.75,94.0,0.482
0022200150,1610612757,Portland,Trail Blazers,POR,blazers,240:00,578.9,115.8,569.1,113.8,9.8,2.0,0.711,1.42,21.3,0.143,0.804,0.519,20.0,20.0,0.639,0.677,1.0,0.98,18.9,94.5,78.75,95.0,0.518
0022200149,1610612737,Atlanta,Hawks,ATL,hawks,240:00,568.0,113.6,480.4,96.1,87.6,17.5,0.5,1.92,16.0,0.321,0.765,0.533,11.65,11.7,0.52,0.549,1.0,0.967,20.5,102.5,85.42,103.0,0.59
0022200149,1610612749,Milwaukee,Bucks,MIL,bucks,240:00,480.4,96.1,568.0,113.6,-87.6,-17.5,0.583,1.11,15.6,0.235,0.679,0.467,18.627,18.6,0.489,0.521,1.0,0.974,20.5,102.5,85.42,102.0,0.41
0022200153,1610612750,Minnesota,Timberwolves,MIN,timberwolves,240:00,514.4,102.9,576.9,115.4,-62.5,-12.5,0.737,1.56,20.0,0.205,0.692,0.469,17.308,17.3,0.537,0.584,1.0,0.973,20.8,104.0,86.67,104.0,0.489
0022200153,1610612752,New York,Knicks,NYK,knicks,240:00,576.9,115.4,514.4,102.9,62.5,12.5,0.667,1.37,17.8,0.308,0.795,0.531,18.269,18.3,0.545,0.6,1.0,0.958,20.8,104.0,86.67,104.0,0.511
0022200147,1610612754,Indiana,Pacers,IND,pacers,240:00,632.4,126.5,604.0,120.8,28.4,5.7,0.767,1.94,22.4,0.289,0.72,0.516,16.667,16.7,0.628,0.671,1.0,0.982,20.3,101.5,84.58,102.0,0.531
0022200147,1610612740,New Orleans,Pelicans,NOP,pelicans,240:00,604.0,120.8,632.4,126.5,-28.4,-5.7,0.667,3.2,21.8,0.28,0.711,0.484,9.901,9.9,0.567,0.584,1.0,0.991,20.3,101.5,84.58,101.0,0.469
0022200156,1610612744,Golden State,Warriors,GSW,warriors,240:00,563.1,112.6,538.1,107.6,25.0,5.0,0.636,1.87,20.0,0.217,0.772,0.524,14.563,14.6,0.58,0.596,1.0,1.0,20.8,104.0,86.67,103.0,0.531
0022200156,1610612758,Sacramento,Kings,SAC,kings,240:00,538.1,107.6,563.1,112.6,-25.0,-5.0,0.649,2.18,16.9,0.228,0.783,0.476,10.476,10.5,0.484,0.545,1.0,0.958,20.8,104.0,86.67,105.0,0.469
0022200144,1610612766,Charlotte,Hornets,CHA,hornets,240:00,510.2,102.0,556.7,111.3,-46.5,-9.3,0.643,2.45,18.6,0.361,0.714,0.505,11.224,11.2,0.441,0.463,1.0,0.983,19.5,97.5,81.25,98.0,0.45
0022200144,1610612764,Washington,Wizards,WAS,wizards,240:00,556.7,111.3,510.2,102.0,46.5,9.3,0.5,1.4,16.2,0.286,0.639,0.495,15.464,15.5,0.556,0.579,1.0,0.982,19.5,97.5,81.25,97.0,0.55
0022200151,1610612741,Chicago,Bulls,CHI,bulls,240:00,538.8,107.8,470.9,94.2,68.0,13.6,0.714,1.36,21.0,0.263,0.843,0.596,21.359,21.4,0.581,0.619,1.0,0.973,20.6,103.0,85.83,103.0,0.603
0022200151,1610612761,Toronto,Raptors,TOR,raptors,240:00,470.9,94.2,538.8,107.8,-68.0,-13.6,0.667,1.6,17.9,0.157,0.737,0.404,14.563,14.6,0.476,0.512,1.0,0.982,20.6,103.0,85.83,103.0,0.397
0022200154,1610612759,San Antonio,Spurs,SAS,spurs,240:00,529.1,105.8,558.3,111.7,-29.1,-5.8,0.721,1.29,21.4,0.256,0.644,0.455,23.301,23.3,0.598,0.606,1.0,0.982,20.6,103.0,85.83,103.0,0.466
0022200154,1610612743,Denver,Nuggets,DEN,nuggets,240:00,558.3,111.7,529.1,105.8,29.1,5.8,0.702,1.5,21.7,0.356,0.744,0.545,21.359,21.4,0.58,0.594,1.0,0.966,20.6,103.0,85.83,103.0,0.534
0022200148,1610612755,Philadelphia,76ers,PHI,sixers,240:00,543.5,108.7,473.1,94.6,70.4,14.1,0.71,1.38,16.5,0.373,0.814,0.574,17.391,17.4,0.463,0.534,1.0,0.982,18.5,92.5,77.08,92.0,0.553
0022200148,1610612756,Phoenix,Suns,PHX,suns,240:00,473.1,94.6,543.5,108.7,-70.4,-14.1,0.594,1.27,16.0,0.186,0.627,0.426,16.129,16.1,0.479,0.532,1.0,0.96,18.5,92.5,77.08,93.0,0.447
0022200143,1610612746,LA,Clippers,LAC,clippers,240:00,515.2,103.0,555.6,111.1,-40.4,-8.1,0.512,1.57,16.8,0.213,0.756,0.466,14.141,14.1,0.54,0.55,1.0,0.972,19.8,99.0,82.5,99.0,0.444
0022200143,1610612762,Utah,Jazz,UTA,jazz,240:00,555.6,111.1,515.2,103.0,40.4,8.1,0.514,0.86,14.2,0.244,0.787,0.534,21.212,21.2,0.567,0.636,1.0,0.972,19.8,99.0,82.5,99.0,0.556
0022200140,1610612747,Los Angeles,Lakers,LAL,lakers,240:00,495.0,99.0,564.4,112.9,-69.3,-13.9,0.6,1.41,17.5,0.226,0.714,0.461,16.832,16.8,0.506,0.52,1.0,0.973,20.2,101.0,84.17,101.0,0.405
0022200140,1610612739,Cleveland,Cavaliers,CLE,cavaliers,240:00,564.4,112.9,495.0,99.0,69.3,13.9,0.514,1.36,14.3,0.286,0.774,0.539,13.861,13.9,0.488,0.571,1.0,0.974,20.2,101.0,84.17,101.0,0.595
0022200141,1610612761,Toronto,Raptors,TOR,raptors,240:00,594.7,118.9,541.7,108.3,53.1,10.6,0.636,3.11,18.8,0.433,0.653,0.532,9.474,9.5,0.476,0.505,1.0,0.992,19.1,95.5,79.58,95.0,0.54
0022200141,1610612741,Chicago,Bulls,CHI,bulls,240:00,541.7,108.3,594.7,118.9,-53.1,-10.6,0.675,1.59,19.3,0.347,0.567,0.468,17.708,17.7,0.528,0.555,1.0,0.973,19.1,95.5,79.58,96.0,0.46
0022200142,1610612763,Memphis,Grizzlies,MEM,grizzlies,240:00,547.9,109.6,510.5,102.1,37.3,7.5,0.513,1.82,15.5,0.291,0.724,0.513,11.702,11.7,0.478,0.516,1.0,0.991,18.9,94.5,78.75,94.0,0.529
0022200142,1610612764,Washington,Wizards,WAS,wizards,240:00,510.5,102.1,547.9,109.6,-37.3,-7.5,0.61,2.5,18.4,0.276,0.709,0.487,10.526,10.5,0.469,0.483,1.0,0.982,18.9,94.5,78.75,95.0,0.471
0022200136,1610612749,Milwaukee,Bucks,MIL,bucks,240:00,556.7,111.3,484.5,96.9,72.2,14.4,0.605,1.21,16.5,0.396,0.796,0.588,19.588,19.6,0.517,0.554,1.0,0.991,19.4,97.0,80.83,97.0,0.587
0022200136,1610612760,Oklahoma City,Thunder,OKC,thunder,240:00,484.5,96.9,556.7,111.3,-72.2,-14.4,0.611,1.38,17.1,0.204,0.604,0.412,16.495,16.5,0.5,0.516,1.0,0.981,19.4,97.0,80.83,97.0,0.413
0022200132,1610612753,Orlando,Magic,ORL,magic,265:00,559.1,111.8,567.6,113.5,-8.5,-1.7,0.54,1.5,18.6,0.214,0.843,0.559,16.364,16.4,0.565,0.61,1.0,0.992,20.02,100.08,83.4,110.0,0.538
0022200132,1610612758,Sacramento,Kings,SAC,kings,265:00,567.6,113.5,559.1,111.8,8.5,1.7,0.511,1.71,16.9,0.157,0.786,0.441,12.613,12.6,0.586,0.603,1.0,1.0,20.02,100.08,83.4,111.0,0.462
0022200138,1610612743,Denver,Nuggets,DEN,nuggets,240:00,642.9,128.6,515.3,103.1,127.6,25.5,0.698,2.06,25.2,0.351,0.826,0.614,18.367,18.4,0.695,0.689,1.0,0.973,19.6,98.0,81.67,98.0,0.623
0022200138,1610612759,San Antonio,Spurs,SAS,spurs,240:00,515.3,103.1,642.9,128.6,-127.6,-25.5,0.718,1.87,20.9,0.174,0.649,0.386,15.306,15.3,0.563,0.572,1.0,0.972,19.6,98.0,81.67,98.0,0.377
0022200134,1610612737,Atlanta,Hawks,ATL,hawks,265:00,543.9,108.8,535.4,107.1,8.5,1.7,0.596,2.15,17.7,0.276,0.625,0.459,11.404,11.4,0.5,0.544,1.0,0.977,20.56,102.79,85.66,114.0,0.548
0022200134,1610612740,New Orleans,Pelicans,NOP,pelicans,265:00,535.4,107.1,543.9,108.8,-8.5,-1.7,0.489,1.44,14.4,0.375,0.724,0.541,14.159,14.2,0.468,0.503,1.0,0.985,20.56,102.79,85.66,113.0,0.452
0022200133,1610612766,Charlotte,Hornets,CHA,hornets,240:00,500.0,100.0,526.9,105.4,-26.9,-5.4,0.688,1.47,16.3,0.345,0.745,0.538,15.957,16.0,0.453,0.489,1.0,0.973,18.7,93.5,77.92,94.0,0.445
0022200133,1610612751,Brooklyn,Nets,BKN,nets,240:00,526.9,105.4,500.0,100.0,26.9,5.4,0.697,2.09,17.8,0.255,0.655,0.462,11.828,11.8,0.464,0.523,1.0,0.991,18.7,93.5,77.92,93.0,0.555
0022200135,1610612752,New York,Knicks,NYK,knicks,240:00,596.0,119.2,678.6,135.7,-82.6,-16.5,0.478,1.57,16.3,0.311,0.78,0.535,14.141,14.1,0.572,0.608,1.0,0.965,19.7,98.5,82.08,99.0,0.469
0022200135,1610612738,Boston,Celtics,BOS,celtics,240:00,678.6,135.7,596.0,119.2,82.6,16.5,0.638,2.31,21.9,0.22,0.689,0.465,13.265,13.3,0.688,0.713,1.0,0.981,19.7,98.5,82.08,98.0,0.531
0022200137,1610612750,Minnesota,Timberwolves,MIN,timberwolves,240:00,626.2,125.2,568.0,113.6,58.3,11.7,0.776,1.58,25.3,0.273,0.625,0.481,23.301,23.3,0.706,0.726,1.0,0.982,20.6,103.0,85.83,103.0,0.594
0022200137,1610612745,Houston,Rockets,HOU,rockets,240:00,568.0,113.6,626.2,125.2,-58.3,-11.7,0.675,1.17,18.4,0.375,0.727,0.519,22.33,22.3,0.571,0.599,1.0,0.992,20.6,103.0,85.83,103.0,0.406
0022200139,1610612756,Phoenix,Suns,PHX,suns,240:00,531.3,106.3,436.2,87.2,95.1,19.0,0.629,1.57,16.7,0.313,0.731,0.53,14.583,14.6,0.494,0.541,1.0,0.982,19.0,95.0,79.17,96.0,0.65
0022200139,1610612757,Portland,Trail Blazers,POR,blazers,240:00,436.2,87.2,531.3,106.3,-95.1,-19.0,0.733,1.22,16.9,0.269,0.688,0.47,19.149,19.1,0.424,0.458,1.0,0.991,19.0,95.0,79.17,94.0,0.35
0022200120,1610612765,Detroit,Pistons,DET,pistons,240:00,458.3,91.7,583.3,116.7,-125.0,-25.0,0.516,0.84,12.9,0.231,0.667,0.418,19.792,19.8,0.452,0.491,1.0,0.972,19.2,96.0,80.0,96.0,0.298
0022200120,1610612739,Cleveland,Cavaliers,CLE,cavaliers,240:00,583.3,116.7,458.3,91.7,125.0,25.0,0.682,1.58,21.6,0.333,0.769,0.582,19.792,19.8,0.611,0.636,1.0,0.963,19.2,96.0,80.0,96.0,0.702
0022200124,1610612738,Boston,Celtics,BOS,celtics,240:00,597.1,119.4,572.1,114.4,25.0,5.0,0.585,1.71,17.4,0.25,0.786,0.512,13.592,13.6,0.548,0.614,1.0,0.982,20.7,103.5,86.25,103.0,0.519
0022200124,1610612741,Chicago,Bulls,CHI,bulls,240:00,572.1,114.4,597.1,119.4,-25.0,-5.0,0.488,1.24,15.8,0.214,0.75,0.488,16.346,16.3,0.584,0.633,1.0,0.982,20.7,103.5,86.25,104.0,0.481
0022200125,1610612763,Memphis,Grizzlies,MEM,grizzlies,240:00,607.5,121.5,458.3,91.7,149.1,29.8,0.68,1.79,21.4,0.388,0.75,0.581,17.757,17.8,0.592,0.614,1.0,0.992,21.5,107.5,89.58,107.0,0.638
0022200125,1610612766,Charlotte,Hornets,CHA,hornets,240:00,458.3,91.7,607.5,121.5,-149.1,-29.8,0.667,1.22,15.3,0.25,0.612,0.419,16.667,16.7,0.43,0.497,1.0,0.975,21.5,107.5,89.58,108.0,0.362
0022200127,1610612742,Dallas,Mavericks,DAL,mavericks,240:00,572.2,114.4,572.9,114.6,-0.8,-0.2,0.59,1.21,17.4,0.317,0.549,0.446,19.588,19.6,0.584,0.631,1.0,0.972,19.3,96.5,80.42,97.0,0.53
0022200127,1610612761,Toronto,Raptors,TOR,raptors,240:00,572.9,114.6,572.2,114.4,0.8,0.2,0.513,1.05,14.4,0.451,0.683,0.554,19.792,19.8,0.506,0.556,1.0,0.983,19.3,96.5,80.42,96.0,0.47
0022200126,1610612759,San Antonio,Spurs,SAS,spurs,240:00,530.0,106.0,559.4,111.9,-29.4,-5.9,0.548,1.77,17.4,0.17,0.821,0.446,13.0,13.0,0.545,0.553,1.0,0.991,20.1,100.5,83.75,100.0,0.445
0022200126,1610612746,LA,Clippers,LAC,clippers,240:00,559.4,111.9,530.0,106.0,29.4,5.9,0.619,1.63,19.7,0.179,0.83,0.554,15.842,15.8,0.619,0.639,1.0,0.991,20.1,100.5,83.75,101.0,0.555
0022200131,1610612747,Los Angeles,Lakers,LAL,lakers,240:00,604.2,120.8,670.1,134.0,-65.9,-13.2,0.55,2.0,16.9,0.267,0.635,0.464,11.458,11.5,0.548,0.608,1.0,0.981,19.3,96.5,80.42,96.0,0.457
0022200131,1610612762,Utah,Jazz,UTA,jazz,240:00,670.1,134.0,604.2,120.8,65.9,13.2,0.596,3.88,21.1,0.365,0.733,0.536,8.247,8.2,0.587,0.605,1.0,0.974,19.3,96.5,80.42,97.0,0.543
0022200128,1610612740,New Orleans,Pelicans,NOP,pelicans,240:00,575.8,115.2,530.3,106.1,45.5,9.1,0.585,1.5,17.5,0.333,0.811,0.557,16.162,16.2,0.58,0.608,1.0,0.973,19.8,99.0,82.5,99.0,0.554
0022200128,1610612744,Golden State,Warriors,GSW,warriors,240:00,530.3,106.1,575.8,115.2,-45.5,-9.1,0.657,1.0,18.0,0.189,0.667,0.443,23.232,23.2,0.577,0.64,1.0,0.981,19.8,99.0,82.5,99.0,0.446
0022200123,1610612764,Washington,Wizards,WAS,wizards,240:00,438.8,87.8,659.8,132.0,-221.0,-44.2,0.6,1.38,14.1,0.218,0.8,0.463,13.265,13.3,0.41,0.464,1.0,0.973,19.5,97.5,81.25,98.0,0.288
0022200123,1610612751,Brooklyn,Nets,BKN,nets,240:00,659.8,132.0,438.8,87.8,221.0,44.2,0.64,3.56,23.4,0.2,0.782,0.537,9.278,9.3,0.633,0.666,1.0,0.971,19.5,97.5,81.25,97.0,0.712
0022200121,1610612754,Indiana,Pacers,IND,pacers,240:00,500.0,100.0,480.6,96.1,19.4,3.9,0.757,1.47,20.4,0.174,0.76,0.479,18.812,18.8,0.538,0.56,1.0,1.0,20.4,102.0,85.0,101.0,0.546
0022200121,1610612748,Miami,Heat,MIA,heat,240:00,480.6,96.1,500.0,100.0,-19.4,-3.9,0.548,0.89,13.0,0.24,0.826,0.521,18.447,18.4,0.451,0.535,1.0,0.974,20.4,102.0,85.0,103.0,0.454
0022200130,1610612756,Phoenix,Suns,PHX,suns,240:00,563.8,112.8,562.5,112.5,1.3,0.3,0.722,1.53,19.4,0.298,0.651,0.467,18.085,18.1,0.518,0.575,1.0,1.0,19.0,95.0,79.17,94.0,0.479
0022200130,1610612757,Portland,Trail Blazers,POR,blazers,240:00,562.5,112.5,563.8,112.8,-1.3,-0.3,0.698,1.67,21.6,0.349,0.702,0.533,18.75,18.8,0.565,0.59,1.0,0.991,19.0,95.0,79.17,96.0,0.521
0022200122,1610612755,Philadelphia,76ers,PHI,sixers,240:00,504.9,101.0,504.8,101.0,0.1,0.0,0.73,1.8,18.0,0.308,0.689,0.464,14.563,14.6,0.444,0.485,1.0,0.992,20.8,104.0,86.67,103.0,0.458
0022200122,1610612752,New York,Knicks,NYK,knicks,240:00,504.8,101.0,504.9,101.0,-0.1,0.0,0.649,1.09,16.8,0.311,0.692,0.536,20.952,21.0,0.519,0.577,1.0,0.95,20.8,104.0,86.67,105.0,0.542
0022200129,1610612750,Minnesota,Timberwolves,MIN,timberwolves,240:00,495.1,99.0,547.6,109.5,-52.5,-10.5,0.564,1.38,16.2,0.193,0.804,0.481,15.534,15.5,0.484,0.513,1.0,1.0,20.8,104.0,86.67,103.0,0.399
0022200129,1610612749,Milwaukee,Bucks,MIL,bucks,240:00,547.6,109.5,495.1,99.0,52.5,10.5,0.707,2.23,20.1,0.196,0.807,0.519,12.381,12.4,0.582,0.591,1.0,0.965,20.8,104.0,86.67,105.0,0.601
0022200118,1610612753,Orlando,Magic,ORL,magic,240:00,631.1,126.2,614.3,122.9,16.8,3.4,0.476,1.05,14.5,0.349,0.706,0.543,18.447,18.4,0.622,0.662,1.0,0.992,20.8,104.0,86.67,103.0,0.532
0022200118,1610612744,Golden State,Warriors,GSW,warriors,240:00,614.3,122.9,631.1,126.2,-16.8,-3.4,0.62,2.21,20.9,0.294,0.651,0.457,13.333,13.3,0.613,0.623,1.0,0.983,20.8,104.0,86.67,105.0,0.468
0022200119,1610612760,Oklahoma City,Thunder,OKC,thunder,240:00,534.0,106.8,598.0,119.6,-64.1,-12.8,0.422,1.9,14.3,0.22,0.775,0.467,9.709,9.7,0.516,0.543,1.0,0.974,20.5,102.5,85.42,103.0,0.424
0022200119,1610612743,Denver,Nuggets,DEN,nuggets,240:00,598.0,119.6,534.0,106.8,64.1,12.8,0.711,1.6,22.4,0.225,0.78,0.533,19.608,19.6,0.643,0.67,1.0,0.973,20.5,102.5,85.42,102.0,0.576
0022200114,1610612759,San Antonio,Spurs,SAS,spurs,240:00,454.5,90.9,644.1,128.8,-189.6,-37.9,0.784,1.26,19.0,0.263,0.694,0.462,20.909,20.9,0.468,0.499,1.0,1.0,22.1,110.5,92.08,110.0,0.311
0022200114,1610612761,Toronto,Raptors,TOR,raptors,240:00,644.1,128.8,454.5,90.9,189.6,37.9,0.544,2.82,19.9,0.306,0.737,0.538,9.91,9.9,0.604,0.633,1.0,0.984,22.1,110.5,92.08,111.0,0.689
0022200111,1610612741,Chicago,Bulls,CHI,bulls,240:00,524.8,105.0,427.2,85.4,97.6,19.5,0.737,1.4,19.4,0.294,0.733,0.532,19.802,19.8,0.511,0.553,1.0,0.991,20.4,102.0,85.0,101.0,0.573
0022200111,1610612766,Charlotte,Hornets,CHA,hornets,240:00,427.2,85.4,524.8,105.0,-97.6,-19.5,0.611,1.29,15.7,0.267,0.706,0.468,16.505,16.5,0.429,0.444,1.0,0.966,20.4,102.0,85.0,103.0,0.427
0022200109,1610612748,Miami,Heat,MIA,heat,240:00,567.0,113.4,557.3,111.5,9.7,1.9,0.614,2.45,20.1,0.217,0.809,0.516,11.34,11.3,0.556,0.581,1.0,0.981,19.3,96.5,80.42,97.0,0.516
0022200109,1610612758,Sacramento,Kings,SAC,kings,240:00,557.3,111.5,567.0,113.4,-9.7,-1.9,0.707,2.42,21.6,0.191,0.783,0.484,12.5,12.5,0.552,0.581,1.0,0.99,19.3,96.5,80.42,96.0,0.484
0022200115,1610612742,Dallas,Mavericks,DAL,mavericks,240:00,553.8,110.8,543.5,108.7,10.3,2.1,0.476,1.67,16.1,0.267,0.674,0.473,12.903,12.9,0.565,0.568,1.0,0.971,18.5,92.5,77.08,93.0,0.514
0022200115,1610612762,Utah,Jazz,UTA,jazz,240:00,543.5,108.7,553.8,110.8,-10.3,-2.1,0.718,1.65,20.7,0.326,0.733,0.527,18.478,18.5,0.524,0.555,1.0,0.981,18.5,92.5,77.08,92.0,0.486
0022200113,1610612749,Milwaukee,Bucks,MIL,bucks,240:00,563.1,112.6,437.5,87.5,125.6,25.1,0.558,1.5,16.8,0.308,0.87,0.571,15.534,15.5,0.522,0.566,1.0,0.992,20.7,103.5,86.25,103.0,0.659
0022200113,1610612765,Detroit,Pistons,DET,pistons,240:00,437.5,87.5,563.1,112.6,-125.6,-25.1,0.545,0.86,14.2,0.13,0.692,0.429,20.192,20.2,0.487,0.532,1.0,0.982,20.7,103.5,86.25,104.0,0.341
0022200112,1610612745,Houston,Rockets,HOU,rockets,240:00,510.1,102.0,556.1,111.2,-46.0,-9.2,0.459,0.89,12.7,0.345,0.778,0.54,19.192,19.2,0.483,0.519,1.0,0.974,19.7,98.5,82.08,99.0,0.431
0022200112,1610612746,LA,Clippers,LAC,clippers,240:00,556.1,111.2,510.1,102.0,46.0,9.2,0.488,1.33,15.6,0.222,0.655,0.46,15.306,15.3,0.56,0.59,1.0,0.981,19.7,98.5,82.08,98.0,0.569
0022200117,1610612747,Los Angeles,Lakers,LAL,lakers,265:00,517.2,103.4,508.7,101.7,8.5,1.7,0.667,1.67,18.9,0.236,0.793,0.522,15.517,15.5,0.51,0.555,1.0,0.977,20.92,104.6,87.17,116.0,0.51
0022200117,1610612740,New Orleans,Pelicans,NOP,pelicans,265:00,508.7,101.7,517.2,103.4,-8.5,-1.7,0.745,2.5,21.6,0.207,0.764,0.478,12.174,12.2,0.5,0.526,1.0,0.976,20.92,104.6,87.17,115.0,0.49
0022200116,1610612757,Portland,Trail Blazers,POR,blazers,240:00,530.0,106.0,544.1,108.8,-14.1,-2.8,0.75,1.35,18.6,0.321,0.745,0.515,20.0,20.0,0.478,0.528,1.0,1.0,20.2,101.0,84.17,100.0,0.439
0022200116,1610612763,Memphis,Grizzlies,MEM,grizzlies,240:00,544.1,108.8,530.0,106.0,14.1,2.8,0.737,1.87,19.9,0.255,0.679,0.485,14.706,14.7,0.536,0.585,1.0,0.965,20.2,101.0,84.17,102.0,0.561
0022200110,1610612752,New York,Knicks,NYK,knicks,240:00,490.1,98.0,554.5,110.9,-64.4,-12.9,0.622,1.35,16.4,0.296,0.636,0.483,16.832,16.8,0.467,0.501,1.0,0.983,20.2,101.0,84.17,101.0,0.445
0022200110,1610612737,Atlanta,Hawks,ATL,hawks,240:00,554.5,110.9,490.1,98.0,64.4,12.9,0.636,3.11,18.4,0.364,0.704,0.517,8.911,8.9,0.467,0.491,1.0,0.976,20.2,101.0,84.17,101.0,0.555
0022200108,1610612755,Philadelphia,76ers,PHI,sixers,240:00,590.4,118.1,643.6,128.7,-53.2,-10.6,0.641,3.13,19.5,0.188,0.8,0.446,8.511,8.5,0.577,0.598,1.0,0.971,18.8,94.0,78.33,94.0,0.392
0022200108,1610612764,Washington,Wizards,WAS,wizards,240:00,643.6,128.7,590.4,118.1,53.2,10.6,0.6,3.38,21.1,0.2,0.813,0.554,8.511,8.5,0.609,0.657,1.0,0.97,18.8,94.0,78.33,94.0,0.608
0022200107,1610612739,Cleveland,Cavaliers,CLE,cavaliers,265:00,518.2,103.6,513.6,102.7,4.5,0.9,0.571,2.18,16.6,0.203,0.782,0.482,10.0,10.0,0.475,0.516,1.0,1.0,19.92,99.62,83.02,110.0,0.482
0022200107,1610612738,Boston,Celtics,BOS,celtics,265:00,513.6,102.7,518.2,103.6,-4.5,-0.9,0.684,1.86,17.7,0.218,0.797,0.518,12.727,12.7,0.468,0.539,1.0,0.983,19.92,99.62,83.02,110.0,0.518
0022200104,1610612748,Miami,Heat,MIA,heat,240:00,591.8,118.4,561.9,112.4,30.0,6.0,0.8,2.13,22.2,0.292,0.708,0.5,15.306,15.3,0.545,0.599,1.0,0.982,19.5,97.5,81.25,98.0,0.54
0022200104,1610612744,Golden State,Warriors,GSW,warriors,240:00,561.9,112.4,591.8,118.4,-30.0,-6.0,0.795,1.55,21.8,0.292,0.708,0.5,20.619,20.6,0.571,0.596,1.0,0.991,19.5,97.5,81.25,97.0,0.46
0022200103,1610612751,Brooklyn,Nets,BKN,nets,240:00,521.1,104.2,562.5,112.5,-41.4,-8.3,0.75,1.5,20.9,0.175,0.706,0.473,18.947,18.9,0.568,0.601,1.0,0.99,19.1,95.5,79.58,95.0,0.471
0022200103,1610612741,Chicago,Bulls,CHI,bulls,240:00,562.5,112.5,521.1,104.2,41.4,8.3,0.513,2.0,15.4,0.294,0.825,0.527,10.417,10.4,0.506,0.55,1.0,0.982,19.1,95.5,79.58,96.0,0.529
0022200105,1610612760,Oklahoma City,Thunder,OKC,thunder,240:00,542.1,108.4,500.0,100.0,42.1,8.4,0.622,1.65,18.9,0.245,0.688,0.455,15.888,15.9,0.526,0.559,1.0,0.975,21.5,107.5,89.58,107.0,0.524
0022200105,1610612753,Orlando,Magic,ORL,magic,240:00,500.0,100.0,542.1,108.4,-42.1,-8.4,0.513,0.8,14.0,0.313,0.755,0.545,23.148,23.1,0.506,0.564,1.0,0.967,21.5,107.5,89.58,108.0,0.476
0022200106,1610612756,Phoenix,Suns,PHX,suns,240:00,585.9,117.2,540.4,108.1,45.5,9.1,0.756,2.82,21.8,0.265,0.635,0.455,11.111,11.1,0.556,0.588,1.0,0.973,19.8,99.0,82.5,99.0,0.574
0022200106,1610612750,Minnesota,Timberwolves,MIN,timberwolves,240:00,540.4,108.1,585.9,117.2,-45.5,-9.1,0.649,1.33,17.0,0.365,0.735,0.545,18.182,18.2,0.5,0.548,1.0,0.966,19.8,99.0,82.5,99.0,0.426
0022200101,1610612762,Utah,Jazz,UTA,jazz,240:00,587.4,117.5,500.0,100.0,87.4,17.5,0.619,1.63,18.4,0.24,0.641,0.465,15.534,15.5,0.579,0.613,1.0,0.983,20.8,104.0,86.67,103.0,0.615
0022200101,1610612763,Memphis,Grizzlies,MEM,grizzlies,240:00,500.0,100.0,587.4,117.5,-87.4,-17.5,0.368,0.88,9.9,0.359,0.76,0.535,15.238,15.2,0.446,0.475,1.0,0.984,20.8,104.0,86.67,105.0,0.385
0022200096,1610612766,Charlotte,Hornets,CHA,hornets,240:00,529.4,105.9,558.3,111.7,-28.8,-5.8,0.721,1.48,21.5,0.244,0.667,0.462,20.588,20.6,0.595,0.599,1.0,0.973,20.5,102.5,85.42,102.0,0.49
0022200096,1610612758,Sacramento,Kings,SAC,kings,240:00,558.3,111.7,529.4,105.9,28.8,5.8,0.703,1.37,17.9,0.333,0.756,0.538,18.447,18.4,0.535,0.591,1.0,0.975,20.5,102.5,85.42,103.0,0.51
0022200098,1610612751,Brooklyn,Nets,BKN,nets,240:00,552.4,110.5,524.0,104.8,28.3,5.7,0.605,1.3,18.8,0.211,0.667,0.472,19.048,19.0,0.606,0.653,1.0,0.973,20.9,104.5,87.08,105.0,0.603
0022200098,1610612754,Indiana,Pacers,IND,pacers,240:00,524.0,104.8,552.4,110.5,-28.3,-5.7,0.561,0.96,16.0,0.333,0.789,0.528,23.077,23.1,0.534,0.561,1.0,0.992,20.9,104.5,87.08,104.0,0.397
0022200097,1610612764,Washington,Wizards,WAS,wizards,240:00,560.6,112.1,596.0,119.2,-35.4,-7.1,0.579,1.38,16.9,0.209,0.829,0.512,16.162,16.2,0.531,0.6,1.0,0.981,19.8,99.0,82.5,99.0,0.463
0022200097,1610612755,Philadelphia,76ers,PHI,sixers,240:00,596.0,119.2,560.6,112.1,35.4,7.1,0.565,1.86,19.7,0.171,0.791,0.488,14.141,14.1,0.627,0.643,1.0,0.972,19.8,99.0,82.5,99.0,0.537
0022200099,1610612761,Toronto,Raptors,TOR,raptors,240:00,674.8,135.0,529.1,105.8,145.6,29.1,0.543,3.57,17.4,0.327,0.745,0.531,6.796,6.8,0.576,0.634,1.0,0.975,20.6,103.0,85.83,103.0,0.637
0022200099,1610612737,Atlanta,Hawks,ATL,hawks,240:00,529.1,105.8,674.8,135.0,-145.6,-29.1,0.718,1.56,19.6,0.255,0.673,0.469,17.476,17.5,0.53,0.574,1.0,0.983,20.6,103.0,85.83,103.0,0.363
0022200102,1610612746,LA,Clippers,LAC,clippers,240:00,479.8,96.0,465.0,93.0,14.8,3.0,0.622,1.64,17.2,0.231,0.719,0.486,14.141,14.1,0.477,0.503,1.0,0.973,19.9,99.5,82.92,99.0,0.54
0022200102,1610612745,Houston,Rockets,HOU,rockets,240:00,465.0,93.0,479.8,96.0,-14.8,-3.0,0.5,1.13,12.8,0.281,0.769,0.514,15.0,15.0,0.432,0.474,1.0,0.957,19.9,99.5,82.92,100.0,0.46
0022200100,1610612749,Milwaukee,Bucks,MIL,bucks,240:00,555.6,111.1,545.5,109.1,10.1,2.0,0.526,1.25,14.7,0.353,0.692,0.524,16.162,16.2,0.5,0.551,1.0,0.991,19.8,99.0,82.5,99.0,0.513
0022200100,1610612765,Detroit,Pistons,DET,pistons,240:00,545.5,109.1,555.6,111.1,-10.1,-2.0,0.463,1.58,14.2,0.308,0.647,0.476,12.121,12.1,0.489,0.533,1.0,0.983,19.8,99.0,82.5,99.0,0.487
0022200092,1610612759,San Antonio,Spurs,SAS,spurs,240:00,540.4,108.1,494.9,99.0,45.5,9.1,0.75,1.35,18.6,0.365,0.651,0.522,20.202,20.2,0.512,0.552,1.0,0.975,19.8,99.0,82.5,99.0,0.561
0022200092,1610612750,Minnesota,Timberwolves,MIN,timberwolves,240:00,494.9,99.0,540.4,108.1,-45.5,-9.1,0.525,1.91,14.9,0.349,0.635,0.478,11.111,11.1,0.424,0.455,1.0,0.992,19.8,99.0,82.5,99.0,0.439
0022200093,1610612742,Dallas,Mavericks,DAL,mavericks,240:00,626.4,125.3,570.7,114.1,55.7,11.1,0.366,3.75,13.3,0.174,0.673,0.432,4.396,4.4,0.56,0.598,1.0,0.99,18.3,91.5,76.25,91.0,0.538
0022200093,1610612753,Orlando,Magic,ORL,magic,240:00,570.7,114.1,626.4,125.3,-55.7,-11.1,0.541,1.67,15.6,0.327,0.826,0.568,13.043,13.0,0.525,0.565,1.0,0.972,18.3,91.5,76.25,92.0,0.462
0022200089,1610612738,Boston,Celtics,BOS,celtics,240:00,577.3,115.5,484.5,96.9,92.8,18.6,0.806,2.07,21.8,0.182,0.698,0.486,14.433,14.4,0.589,0.638,1.0,0.981,19.4,97.0,80.83,97.0,0.622
0022200089,1610612764,Washington,Wizards,WAS,wizards,240:00,484.5,96.9,577.3,115.5,-92.8,-18.6,0.579,2.2,16.1,0.302,0.818,0.514,10.309,10.3,0.423,0.447,1.0,0.974,19.4,97.0,80.83,97.0,0.378
0022200094,1610612756,Phoenix,Suns,PHX,suns,240:00,632.7,126.5,556.1,111.2,76.5,15.3,0.644,2.42,20.9,0.273,0.627,0.463,12.245,12.2,0.607,0.638,1.0,0.964,19.6,98.0,81.67,98.0,0.586
0022200094,1610612745,Houston,Rockets,HOU,rockets,240:00,556.1,111.2,632.7,126.5,-76.5,-15.3,0.474,1.2,13.3,0.373,0.727,0.537,15.306,15.3,0.5,0.554,1.0,0.966,19.6,98.0,81.67,98.0,0.414
0022200091,1610612765,Detroit,Pistons,DET,pistons,240:00,627.5,125.5,548.1,109.6,79.4,15.9,0.6,1.5,17.0,0.326,0.704,0.53,15.686,15.7,0.566,0.642,1.0,0.983,20.6,103.0,85.83,102.0,0.553
0022200091,1610612744,Golden State,Warriors,GSW,warriors,240:00,548.1,109.6,627.5,125.5,-79.4,-15.9,0.59,1.53,16.1,0.296,0.674,0.47,14.423,14.4,0.489,0.553,1.0,0.967,20.6,103.0,85.83,104.0,0.448
0022200095,1610612747,Los Angeles,Lakers,LAL,lakers,240:00,611.1,122.2,550.0,110.0,61.1,12.2,0.522,2.67,17.3,0.308,0.719,0.523,9.091,9.1,0.547,0.577,1.0,0.983,19.9,99.5,82.92,99.0,0.543
0022200095,1610612743,Denver,Nuggets,DEN,nuggets,240:00,550.0,110.0,611.1,122.2,-61.1,-12.2,0.585,2.67,17.1,0.281,0.692,0.477,9.0,9.0,0.505,0.529,1.0,0.974,19.9,99.5,82.92,100.0,0.457
0022200090,1610612739,Cleveland,Cavaliers,CLE,cavaliers,240:00,611.1,122.2,551.0,110.2,60.1,12.0,0.805,2.36,22.9,0.28,0.686,0.485,14.141,14.1,0.59,0.621,1.0,0.991,19.7,98.5,82.08,99.0,0.554
0022200090,1610612752,New York,Knicks,NYK,knicks,240:00,551.0,110.2,611.1,122.2,-60.1,-12.0,0.578,1.86,18.6,0.314,0.72,0.515,14.286,14.3,0.543,0.545,1.0,0.991,19.7,98.5,82.08,98.0,0.446
0022200088,1610612746,LA,Clippers,LAC,clippers,240:00,484.0,96.8,589.5,117.9,-105.4,-21.1,0.667,1.6,18.2,0.259,0.646,0.441,15.957,16.0,0.483,0.496,1.0,0.981,18.9,94.5,78.75,94.0,0.373
0022200088,1610612740,New Orleans,Pelicans,NOP,pelicans,240:00,589.5,117.9,484.0,96.8,105.4,21.1,0.696,2.46,22.2,0.354,0.741,0.559,13.684,13.7,0.575,0.58,1.0,0.946,18.9,94.5,78.75,95.0,0.627
0022200084,1610612741,Chicago,Bulls,CHI,bulls,240:00,534.3,106.9,564.4,112.9,-30.0,-6.0,0.611,1.22,16.4,0.222,0.773,0.494,17.647,17.6,0.519,0.588,1.0,0.991,20.3,101.5,84.58,102.0,0.464
0022200084,1610612755,Philadelphia,76ers,PHI,sixers,240:00,564.4,112.9,534.3,106.9,30.0,6.0,0.718,1.47,20.1,0.227,0.778,0.506,18.812,18.8,0.582,0.627,1.0,0.973,20.3,101.5,84.58,101.0,0.536
0022200082,1610612766,Charlotte,Hornets,CHA,hornets,265:00,566.0,113.2,533.0,106.6,33.0,6.6,0.744,3.2,20.3,0.323,0.776,0.542,9.434,9.4,0.471,0.519,1.0,0.992,19.2,96.0,80.0,106.0,0.534
0022200082,1610612744,Golden State,Warriors,GSW,warriors,265:00,533.0,106.6,566.0,113.2,-33.0,-6.6,0.705,3.1,20.9,0.224,0.677,0.458,9.434,9.4,0.505,0.528,1.0,0.991,19.2,96.0,80.0,106.0,0.466
0022200083,1610612751,Brooklyn,Nets,BKN,nets,240:00,604.2,120.8,644.3,128.9,-40.2,-8.0,0.707,3.22,22.1,0.163,0.554,0.384,9.375,9.4,0.585,0.621,1.0,0.99,19.3,96.5,80.42,96.0,0.494
0022200083,1610612754,Indiana,Pacers,IND,pacers,240:00,644.3,128.9,604.2,120.8,40.2,8.0,0.775,2.58,20.4,0.446,0.837,0.616,12.371,12.4,0.548,0.593,1.0,0.959,19.3,96.5,80.42,97.0,0.506
0022200087,1610612762,Utah,Jazz,UTA,jazz,240:00,607.8,121.6,591.3,118.3,16.5,3.3,0.667,1.5,20.7,0.295,0.675,0.476,19.608,19.6,0.626,0.647,1.0,0.991,20.6,103.0,85.83,102.0,0.506
0022200087,1610612763,Memphis,Grizzlies,MEM,grizzlies,240:00,591.3,118.3,607.8,121.6,-16.5,-3.3,0.48,1.2,17.1,0.325,0.705,0.524,19.231,19.2,0.636,0.65,1.0,0.983,20.6,103.0,85.83,104.0,0.494
0022200081,1610612758,Sacramento,Kings,SAC,kings,240:00,595.0,119.0,553.9,110.8,41.1,8.2,0.643,1.29,20.0,0.205,0.736,0.511,21.0,21.0,0.645,0.67,1.0,0.991,20.2,101.0,84.17,100.0,0.554
0022200081,1610612748,Miami,Heat,MIA,heat,240:00,553.9,110.8,595.0,119.0,-41.1,-8.2,0.474,2.0,13.5,0.264,0.795,0.489,8.824,8.8,0.489,0.55,1.0,0.965,20.2,101.0,84.17,102.0,0.446
0022200085,1610612749,Milwaukee,Bucks,MIL,bucks,240:00,608.9,121.8,569.3,113.9,39.6,7.9,0.533,2.0,16.8,0.353,0.706,0.529,11.881,11.9,0.565,0.587,1.0,0.975,20.2,101.0,84.17,101.0,0.561
0022200085,1610612737,Atlanta,Hawks,ATL,hawks,240:00,569.3,113.9,608.9,121.8,-39.6,-7.9,0.422,1.46,14.1,0.294,0.647,0.471,12.871,12.9,0.548,0.572,1.0,0.974,20.2,101.0,84.17,101.0,0.439
0022200086,1610612742,Dallas,Mavericks,DAL,mavericks,265:00,509.2,101.8,546.7,109.3,-37.6,-7.5,0.447,1.06,11.9,0.288,0.755,0.5,14.679,14.7,0.442,0.505,1.0,0.968,19.56,97.81,81.51,109.0,0.416
0022200086,1610612760,Oklahoma City,Thunder,OKC,thunder,265:00,546.7,109.3,509.2,101.8,37.6,7.5,0.568,1.67,17.4,0.245,0.712,0.5,14.019,14.0,0.522,0.57,1.0,0.992,19.56,97.81,81.51,107.0,0.584
0022200070,1610612765,Detroit,Pistons,DET,pistons,240:00,565.7,113.1,693.9,138.8,-128.2,-25.6,0.486,1.64,13.2,0.352,0.667,0.495,11.111,11.1,0.471,0.545,1.0,0.966,19.7,98.5,82.08,99.0,0.369
0022200070,1610612737,Atlanta,Hawks,ATL,hawks,240:00,693.9,138.8,565.7,113.1,128.2,25.6,0.564,4.43,21.5,0.333,0.648,0.505,7.143,7.1,0.629,0.648,1.0,0.982,19.7,98.5,82.08,98.0,0.631
0022200073,1610612761,Toronto,Raptors,TOR,raptors,240:00,489.1,97.8,602.2,120.4,-113.0,-22.6,0.606,1.18,14.9,0.373,0.795,0.541,18.478,18.5,0.436,0.466,1.0,0.991,18.5,92.5,77.08,92.0,0.364
0022200073,1610612755,Philadelphia,76ers,PHI,sixers,240:00,602.2,120.4,489.1,97.8,113.0,22.6,0.581,1.67,19.8,0.205,0.627,0.459,16.129,16.1,0.622,0.645,1.0,0.98,18.5,92.5,77.08,93.0,0.636
0022200080,1610612757,Portland,Trail Blazers,POR,blazers,240:00,618.8,123.8,538.8,107.8,80.0,16.0,0.625,1.88,20.8,0.283,0.667,0.495,15.842,15.8,0.606,0.633,1.0,0.991,20.4,102.0,85.0,101.0,0.592
0022200080,1610612745,Houston,Rockets,HOU,rockets,240:00,538.8,107.8,618.8,123.8,-80.0,-16.0,0.575,1.35,15.9,0.333,0.717,0.505,16.505,16.5,0.5,0.538,1.0,0.959,20.4,102.0,85.0,103.0,0.408
0022200074,1610612764,Washington,Wizards,WAS,wizards,240:00,579.2,115.8,628.7,125.7,-49.5,-9.9,0.61,1.92,18.4,0.234,0.75,0.471,12.871,12.9,0.547,0.595,1.0,1.0,20.2,101.0,84.17,101.0,0.43
0022200074,1610612754,Indiana,Pacers,IND,pacers,240:00,628.7,125.7,579.2,115.8,49.5,9.9,0.732,2.14,21.4,0.25,0.766,0.529,13.861,13.9,0.599,0.665,1.0,0.982,20.2,101.0,84.17,101.0,0.57
0022200072,1610612738,Boston,Celtics,BOS,celtics,265:00,564.2,112.8,605.5,121.1,-41.3,-8.3,0.667,1.47,19.2,0.205,0.761,0.489,17.431,17.4,0.591,0.64,1.0,0.975,19.74,98.72,82.26,109.0,0.503
0022200072,1610612739,Cleveland,Cavaliers,CLE,cavaliers,265:00,605.5,121.1,564.2,112.8,41.3,8.3,0.4,1.13,13.0,0.239,0.795,0.511,14.679,14.7,0.609,0.647,1.0,0.983,19.74,98.72,82.26,109.0,0.498
0022200079,1610612756,Phoenix,Suns,PHX,suns,240:00,626.3,125.3,560.6,112.1,65.7,13.1,0.688,2.75,22.3,0.386,0.729,0.565,12.121,12.1,0.576,0.615,1.0,0.991,19.8,99.0,82.5,99.0,0.594
0022200079,1610612740,New Orleans,Pelicans,NOP,pelicans,240:00,560.6,112.1,626.3,125.3,-65.7,-13.1,0.658,1.79,18.2,0.271,0.614,0.435,14.141,14.1,0.529,0.58,1.0,0.973,19.8,99.0,82.5,99.0,0.406
0022200075,1610612749,Milwaukee,Bucks,MIL,bucks,240:00,572.1,114.4,519.2,103.8,52.9,10.6,0.548,3.29,15.2,0.348,0.698,0.515,6.731,6.7,0.445,0.492,1.0,0.977,20.8,104.0,86.67,104.0,0.547
0022200075,1610612752,New York,Knicks,NYK,knicks,240:00,519.2,103.8,572.1,114.4,-52.9,-10.6,0.514,1.46,13.5,0.302,0.652,0.485,12.5,12.5,0.462,0.504,1.0,0.975,20.8,104.0,86.67,104.0,0.453
0022200076,1610612750,Minnesota,Timberwolves,MIN,timberwolves,240:00,513.9,102.8,467.9,93.6,46.0,9.2,0.659,2.7,18.0,0.246,0.704,0.461,9.259,9.3,0.48,0.507,1.0,0.984,21.7,108.5,90.42,108.0,0.56
0022200076,1610612747,Los Angeles,Lakers,LAL,lakers,240:00,467.9,93.6,513.9,102.8,-46.0,-9.2,0.541,0.91,13.9,0.296,0.754,0.539,20.183,20.2,0.466,0.506,1.0,0.984,21.7,108.5,90.42,109.0,0.44
0022200071,1610612753,Orlando,Magic,ORL,magic,240:00,559.4,111.9,465.0,93.0,94.4,18.9,0.667,2.33,20.6,0.152,0.797,0.514,11.881,11.9,0.553,0.586,1.0,0.981,20.1,100.5,83.75,101.0,0.628
0022200071,1610612766,Charlotte,Hornets,CHA,hornets,240:00,465.0,93.0,559.4,111.9,-94.4,-18.9,0.636,1.4,15.8,0.203,0.848,0.486,15.0,15.0,0.448,0.482,1.0,0.982,20.1,100.5,83.75,100.0,0.372
0022200078,1610612743,Denver,Nuggets,DEN,nuggets,240:00,603.1,120.6,531.6,106.3,71.5,14.3,0.462,1.5,13.4,0.352,0.764,0.56,12.371,12.4,0.559,0.585,1.0,0.966,19.2,96.0,80.0,97.0,0.579
0022200078,1610612762,Utah,Jazz,UTA,jazz,240:00,531.6,106.3,603.1,120.6,-71.5,-14.3,0.632,2.4,18.2,0.236,0.648,0.44,10.526,10.5,0.473,0.508,1.0,0.991,19.2,96.0,80.0,95.0,0.421
0022200077,1610612759,San Antonio,Spurs,SAS,spurs,240:00,608.5,121.7,584.9,117.0,23.6,4.7,0.804,1.76,23.9,0.333,0.63,0.5,19.811,19.8,0.628,0.662,1.0,0.992,21.2,106.0,88.33,106.0,0.555
0022200077,1610612741,Chicago,Bulls,CHI,bulls,240:00,584.9,117.0,608.5,121.7,-23.6,-4.7,0.426,1.54,13.7,0.37,0.667,0.5,12.264,12.3,0.52,0.561,1.0,0.968,21.2,106.0,88.33,106.0,0.445
0022200067,1610612760,Oklahoma City,Thunder,OKC,thunder,240:00,590.0,118.0,555.6,111.1,34.4,6.9,0.574,2.25,19.1,0.286,0.7,0.472,12.0,12.0,0.584,0.599,1.0,0.965,19.9,99.5,82.92,100.0,0.515
0022200067,1610612746,LA,Clippers,LAC,clippers,240:00,555.6,111.1,590.0,118.0,-34.4,-6.9,0.477,1.05,15.9,0.3,0.714,0.528,20.202,20.2,0.591,0.612,1.0,0.982,19.9,99.5,82.92,99.0,0.485
0022200066,1610612751,Brooklyn,Nets,BKN,nets,265:00,573.4,114.7,608.5,121.7,-35.1,-7.0,0.465,1.33,13.8,0.346,0.773,0.542,13.761,13.8,0.527,0.589,1.0,0.952,19.47,97.36,81.13,109.0,0.481
0022200066,1610612742,Dallas,Mavericks,DAL,mavericks,265:00,608.5,121.7,573.4,114.7,35.1,7.0,0.61,1.39,17.7,0.227,0.654,0.458,16.981,17.0,0.63,0.669,1.0,0.983,19.47,97.36,81.13,106.0,0.519
0022200069,1610612758,Sacramento,Kings,SAC,kings,240:00,555.6,111.1,631.3,126.3,-75.8,-15.2,0.7,2.15,20.6,0.205,0.696,0.456,13.131,13.1,0.554,0.593,1.0,0.981,19.8,99.0,82.5,99.0,0.462
0022200069,1610612763,Memphis,Grizzlies,MEM,grizzlies,240:00,631.3,126.3,555.6,111.1,75.8,15.2,0.551,1.93,19.3,0.304,0.795,0.544,14.141,14.1,0.609,0.626,1.0,0.982,19.8,99.0,82.5,99.0,0.538
0022200068,1610612744,Golden State,Warriors,GSW,warriors,240:00,621.2,124.2,544.6,108.9,76.7,15.3,0.652,1.43,20.0,0.447,0.765,0.612,21.212,21.2,0.598,0.624,1.0,0.983,20.0,100.0,83.33,99.0,0.54
0022200068,1610612748,Miami,Heat,MIA,heat,240:00,544.6,108.9,621.2,124.2,-76.7,-15.3,0.641,2.08,18.1,0.235,0.553,0.388,11.881,11.9,0.523,0.563,1.0,0.965,20.0,100.0,83.33,101.0,0.46
0022200059,1610612761,Toronto,Raptors,TOR,raptors,240:00,633.0,126.6,586.0,117.2,47.0,9.4,0.696,3.56,23.9,0.2,0.854,0.531,9.574,9.6,0.643,0.66,1.0,0.971,18.7,93.5,77.92,94.0,0.544
0022200059,1610612755,Philadelphia,76ers,PHI,sixers,240:00,586.0,117.2,633.0,126.6,-47.0,-9.4,0.725,2.23,22.7,0.146,0.8,0.469,13.978,14.0,0.608,0.624,1.0,0.99,18.7,93.5,77.92,93.0,0.456
0022200062,1610612750,Minnesota,Timberwolves,MIN,timberwolves,240:00,638.1,127.6,581.0,116.2,57.1,11.4,0.712,2.18,25.7,0.063,0.679,0.447,16.19,16.2,0.775,0.77,1.0,0.972,21.0,105.0,87.5,105.0,0.567
0022200062,1610612759,San Antonio,Spurs,SAS,spurs,240:00,581.0,116.2,638.1,127.6,-57.1,-11.4,0.791,2.13,21.8,0.321,0.938,0.553,15.238,15.2,0.537,0.583,1.0,0.984,21.0,105.0,87.5,105.0,0.433
0022200056,1610612739,Cleveland,Cavaliers,CLE,cavaliers,240:00,536.5,107.3,474.2,94.8,62.2,12.4,0.694,1.92,18.0,0.339,0.75,0.529,13.542,13.5,0.471,0.514,1.0,0.991,19.3,96.5,80.42,96.0,0.56
0022200056,1610612753,Orlando,Magic,ORL,magic,240:00,474.2,94.8,536.5,107.3,-62.2,-12.4,0.543,1.12,14.8,0.25,0.661,0.471,17.526,17.5,0.469,0.51,1.0,0.972,19.3,96.5,80.42,97.0,0.44
0022200060,1610612749,Milwaukee,Bucks,MIL,bucks,240:00,528.8,105.8,480.6,96.1,48.3,9.7,0.538,1.11,14.9,0.314,0.782,0.557,18.269,18.3,0.5,0.546,1.0,0.967,20.7,103.5,86.25,104.0,0.578
0022200060,1610612751,Brooklyn,Nets,BKN,nets,240:00,480.6,96.1,528.8,105.8,-48.3,-9.7,0.676,1.64,16.8,0.218,0.686,0.443,13.592,13.6,0.436,0.499,1.0,0.991,20.7,103.5,86.25,103.0,0.422
0022200057,1610612765,Detroit,Pistons,DET,pistons,240:00,576.5,115.3,590.0,118.0,-13.5,-2.7,0.548,1.64,16.8,0.308,0.667,0.48,14.286,14.3,0.538,0.561,1.0,0.991,19.8,99.0,82.5,98.0,0.43
0022200057,1610612737,Atlanta,Hawks,ATL,hawks,240:00,590.0,118.0,576.5,115.3,13.5,2.7,0.489,1.83,15.9,0.333,0.692,0.52,12.0,12.0,0.538,0.578,1.0,0.966,19.8,99.0,82.5,100.0,0.57
0022200064,1610612743,Denver,Nuggets,DEN,nuggets,240:00,528.8,105.8,480.6,96.1,48.3,9.7,0.81,3.09,23.0,0.192,0.852,0.528,10.577,10.6,0.505,0.543,1.0,0.974,20.7,103.5,86.25,104.0,0.577
0022200064,1610612747,Los Angeles,Lakers,LAL,lakers,240:00,480.6,96.1,528.8,105.8,-48.3,-9.7,0.625,1.79,18.4,0.148,0.808,0.472,13.592,13.6,0.489,0.51,1.0,0.991,20.7,103.5,86.25,103.0,0.423
0022200063,1610612762,Utah,Jazz,UTA,jazz,240:00,500.0,100.0,467.6,93.5,32.4,6.5,0.737,1.75,18.4,0.286,0.705,0.504,14.679,14.7,0.494,0.528,1.0,0.96,21.7,108.5,90.42,109.0,0.617
0022200063,1610612745,Houston,Rockets,HOU,rockets,240:00,467.6,93.5,500.0,100.0,-32.4,-6.5,0.528,1.0,13.2,0.295,0.714,0.496,17.593,17.6,0.441,0.483,1.0,0.984,21.7,108.5,90.42,108.0,0.383
0022200061,1610612741,Chicago,Bulls,CHI,bulls,240:00,601.9,120.4,529.1,105.8,72.8,14.6,0.791,1.89,22.7,0.289,0.673,0.495,17.476,17.5,0.586,0.636,1.0,0.974,20.6,103.0,85.83,103.0,0.563
0022200061,1610612754,Indiana,Pacers,IND,pacers,240:00,529.1,105.8,601.9,120.4,-72.8,-14.6,0.838,1.55,20.7,0.327,0.711,0.505,19.417,19.4,0.523,0.564,1.0,0.95,20.6,103.0,85.83,103.0,0.437
0022200058,1610612752,New York,Knicks,NYK,knicks,265:00,598.2,119.6,584.8,117.0,13.4,2.7,0.5,1.63,17.2,0.298,0.685,0.505,14.286,14.3,0.593,0.628,1.0,0.984,20.29,101.43,84.53,112.0,0.522
0022200058,1610612766,Charlotte,Hornets,CHA,hornets,265:00,584.8,117.0,598.2,119.6,-13.4,-2.7,0.633,2.07,19.5,0.315,0.702,0.495,13.393,13.4,0.561,0.584,1.0,0.992,20.29,101.43,84.53,112.0,0.478
0022200065,1610612757,Portland,Trail Blazers,POR,blazers,240:00,505.2,101.0,619.8,124.0,-114.6,-22.9,0.588,1.05,15.4,0.292,0.6,0.441,19.588,19.6,0.513,0.548,1.0,0.982,19.3,96.5,80.42,97.0,0.381
0022200065,1610612748,Miami,Heat,MIA,heat,240:00,619.8,124.0,505.2,101.0,114.6,22.9,0.773,1.89,23.0,0.4,0.708,0.559,18.75,18.8,0.592,0.624,1.0,0.974,19.3,96.5,80.42,96.0,0.619
0022200053,1610612740,New Orleans,Pelicans,NOP,pelicans,240:00,601.1,120.2,596.8,119.4,4.3,0.9,0.568,1.79,20.0,0.176,0.69,0.461,14.894,14.9,0.658,0.673,1.0,0.97,18.7,93.5,77.92,94.0,0.509
0022200053,1610612742,Dallas,Mavericks,DAL,mavericks,240:00,596.8,119.4,601.1,120.2,-4.3,-0.9,0.439,1.5,14.5,0.31,0.824,0.539,12.903,12.9,0.573,0.6,1.0,0.981,18.7,93.5,77.92,93.0,0.491
0022200055,1610612756,Phoenix,Suns,PHX,suns,240:00,644.2,128.8,509.7,101.9,134.5,26.9,0.66,2.21,20.1,0.38,0.75,0.569,13.462,13.5,0.576,0.626,1.0,0.967,20.7,103.5,86.25,104.0,0.621
0022200055,1610612744,Golden State,Warriors,GSW,warriors,240:00,509.7,101.9,644.2,128.8,-134.5,-26.9,0.683,1.75,19.4,0.25,0.62,0.431,15.534,15.5,0.505,0.533,1.0,0.957,20.7,103.5,86.25,103.0,0.379
0022200052,1610612764,Washington,Wizards,WAS,wizards,240:00,606.1,121.2,500.0,100.0,106.1,21.2,0.591,2.17,19.1,0.256,0.75,0.535,12.121,12.1,0.576,0.622,1.0,0.973,19.8,99.0,82.5,99.0,0.684
0022200052,1610612765,Detroit,Pistons,DET,pistons,240:00,500.0,100.0,606.1,121.2,-106.1,-21.2,0.333,0.92,9.6,0.25,0.744,0.465,13.131,13.1,0.455,0.5,1.0,0.973,19.8,99.0,82.5,99.0,0.316
0022200054,1610612760,Oklahoma City,Thunder,OKC,thunder,240:00,519.2,103.8,456.3,91.3,62.9,12.6,0.452,3.17,12.8,0.366,0.82,0.554,5.769,5.8,0.4,0.446,1.0,0.969,20.7,103.5,86.25,104.0,0.552
0022200054,1610612746,LA,Clippers,LAC,clippers,240:00,456.3,91.3,519.2,103.8,-62.9,-12.6,0.6,1.11,15.8,0.18,0.634,0.446,18.447,18.4,0.482,0.517,1.0,0.982,20.7,103.5,86.25,103.0,0.448
0022200048,1610612745,Houston,Rockets,HOU,rockets,240:00,570.0,114.0,545.5,109.1,24.5,4.9,0.447,1.06,12.1,0.418,0.593,0.505,16.0,16.0,0.483,0.548,1.0,0.967,19.9,99.5,82.92,100.0,0.518
0022200048,1610612762,Utah,Jazz,UTA,jazz,240:00,545.5,109.1,570.0,114.0,-24.5,-4.9,0.523,1.15,16.0,0.407,0.582,0.495,20.202,20.2,0.532,0.54,1.0,0.983,19.9,99.5,82.92,99.0,0.482
0022200051,1610612757,Portland,Trail Blazers,POR,blazers,240:00,703.1,140.6,572.9,114.6,130.2,26.0,0.479,2.3,17.8,0.275,0.755,0.539,10.417,10.4,0.675,0.698,1.0,0.972,19.2,96.0,80.0,96.0,0.609
0022200051,1610612743,Denver,Nuggets,DEN,nuggets,240:00,572.9,114.6,703.1,140.6,-130.2,-26.0,0.622,3.5,20.6,0.245,0.725,0.461,8.333,8.3,0.56,0.566,1.0,0.972,19.2,96.0,80.0,96.0,0.391
0022200046,1610612752,New York,Knicks,NYK,knicks,240:00,580.8,116.2,525.8,105.2,55.0,11.0,0.558,1.71,16.4,0.426,0.706,0.562,14.141,14.1,0.522,0.553,1.0,0.959,19.6,98.0,81.67,99.0,0.577
0022200046,1610612753,Orlando,Magic,ORL,magic,240:00,525.8,105.2,580.8,116.2,-55.0,-11.0,0.389,1.08,11.1,0.294,0.574,0.438,13.402,13.4,0.459,0.521,1.0,0.991,19.6,98.0,81.67,97.0,0.423
0022200044,1610612755,Philadelphia,76ers,PHI,sixers,240:00,645.2,129.0,563.8,112.8,81.3,16.3,0.658,3.13,19.7,0.205,0.618,0.434,8.602,8.6,0.594,0.65,1.0,0.98,18.7,93.5,77.92,93.0,0.583
0022200044,1610612754,Indiana,Pacers,IND,pacers,240:00,563.8,112.8,645.2,129.0,-81.3,-16.3,0.711,2.08,19.1,0.382,0.795,0.566,13.83,13.8,0.489,0.529,1.0,0.982,18.7,93.5,77.92,94.0,0.417
0022200049,1610612763,Memphis,Grizzlies,MEM,grizzlies,240:00,683.7,136.7,632.7,126.5,51.0,10.2,0.447,2.33,14.9,0.431,0.69,0.548,9.184,9.2,0.585,0.622,1.0,0.967,19.6,98.0,81.67,98.0,0.518
0022200049,1610612751,Brooklyn,Nets,BKN,nets,240:00,632.7,126.5,683.7,136.7,-51.0,-10.2,0.574,2.45,19.9,0.31,0.569,0.452,11.224,11.2,0.592,0.63,1.0,1.0,19.6,98.0,81.67,98.0,0.482
0022200047,1610612741,Chicago,Bulls,CHI,bulls,240:00,588.2,117.6,505.0,101.0,83.3,16.7,0.69,2.07,20.0,0.304,0.75,0.564,13.725,13.7,0.54,0.601,1.0,0.966,20.3,101.5,84.58,102.0,0.634
0022200047,1610612738,Boston,Celtics,BOS,celtics,240:00,505.0,101.0,588.2,117.6,-83.3,-16.7,0.703,2.36,18.2,0.25,0.696,0.436,10.891,10.9,0.46,0.484,1.0,0.983,20.3,101.5,84.58,101.0,0.366
0022200050,1610612750,Minnesota,Timberwolves,MIN,timberwolves,240:00,519.6,103.9,552.9,110.6,-33.3,-6.7,0.632,1.5,17.4,0.24,0.661,0.473,15.686,15.7,0.488,0.549,1.0,0.991,20.6,103.0,85.83,102.0,0.48
0022200050,1610612759,San Antonio,Spurs,SAS,spurs,240:00,552.9,110.6,519.6,103.9,33.3,6.7,0.771,2.85,23.0,0.339,0.76,0.527,12.5,12.5,0.514,0.519,1.0,0.976,20.6,103.0,85.83,104.0,0.52
0022200045,1610612748,Miami,Heat,MIA,heat,240:00,463.9,92.8,505.2,101.0,-41.2,-8.2,0.655,1.58,15.0,0.2,0.774,0.481,12.371,12.4,0.398,0.474,1.0,0.981,19.4,97.0,80.83,97.0,0.461
0022200045,1610612761,Toronto,Raptors,TOR,raptors,240:00,505.2,101.0,463.9,92.8,41.2,8.2,0.647,1.83,16.8,0.226,0.8,0.519,12.371,12.4,0.477,0.517,1.0,0.982,19.4,97.0,80.83,97.0,0.539
0022200043,1610612746,LA,Clippers,LAC,clippers,240:00,489.7,97.9,571.4,114.3,-81.7,-16.3,0.444,1.07,13.0,0.204,0.686,0.45,15.464,15.5,0.494,0.523,1.0,0.981,19.5,97.5,81.25,97.0,0.408
0022200043,1610612756,Phoenix,Suns,PHX,suns,240:00,571.4,114.3,489.7,97.9,81.7,16.3,0.674,2.23,20.3,0.314,0.796,0.55,13.265,13.3,0.543,0.57,1.0,0.965,19.5,97.5,81.25,98.0,0.592
0022200038,1610612737,Atlanta,Hawks,ATL,hawks,240:00,539.6,107.9,623.8,124.8,-84.2,-16.8,0.59,1.92,16.0,0.333,0.638,0.467,11.881,11.9,0.453,0.508,1.0,0.983,20.2,101.0,84.17,101.0,0.424
0022200038,1610612766,Charlotte,Hornets,CHA,hornets,240:00,623.8,124.8,539.6,107.9,84.2,16.8,0.596,2.0,19.2,0.362,0.667,0.533,13.861,13.9,0.583,0.61,1.0,0.975,20.2,101.0,84.17,101.0,0.576
0022200037,1610612747,Los Angeles,Lakers,LAL,lakers,240:00,514.9,103.0,519.6,103.9,-4.8,-1.0,0.634,2.0,18.7,0.226,0.673,0.441,12.871,12.9,0.478,0.516,1.0,0.991,20.3,101.5,84.58,101.0,0.496
0022200037,1610612757,Portland,Trail Blazers,POR,blazers,240:00,519.6,103.9,514.9,103.0,4.8,1.0,0.514,1.0,13.9,0.327,0.774,0.559,18.627,18.6,0.5,0.553,1.0,0.975,20.3,101.5,84.58,102.0,0.504
0022200042,1610612744,Golden State,Warriors,GSW,warriors,240:00,585.6,117.1,568.2,113.6,17.4,3.5,0.533,1.85,16.7,0.191,0.66,0.44,11.712,11.7,0.598,0.632,1.0,0.975,22.1,110.5,92.08,111.0,0.507
0022200042,1610612758,Sacramento,Kings,SAC,kings,240:00,568.2,113.6,585.6,117.1,-17.4,-3.5,0.66,1.94,19.5,0.34,0.809,0.56,14.545,14.5,0.525,0.563,1.0,0.992,22.1,110.5,92.08,110.0,0.493
0022200041,1610612760,Oklahoma City,Thunder,OKC,thunder,240:00,530.0,106.0,580.0,116.0,-50.0,-10.0,0.585,2.18,17.3,0.263,0.681,0.452,11.0,11.0,0.484,0.513,1.0,0.983,20.0,100.0,83.33,100.0,0.437
0022200041,1610612750,Minnesota,Timberwolves,MIN,timberwolves,240:00,580.0,116.0,530.0,106.0,50.0,10.0,0.522,1.6,17.3,0.319,0.737,0.548,15.0,15.0,0.58,0.594,1.0,0.983,20.0,100.0,83.33,100.0,0.563
0022200040,1610612740,New Orleans,Pelicans,NOP,pelicans,265:00,545.0,109.0,554.5,110.9,-9.5,-1.9,0.625,1.76,18.8,0.382,0.661,0.523,15.315,15.3,0.51,0.542,1.0,0.992,20.02,100.08,83.4,111.0,0.489
0022200040,1610612762,Utah,Jazz,UTA,jazz,265:00,554.5,110.9,545.0,109.0,9.5,1.9,0.674,1.71,18.5,0.339,0.618,0.477,15.455,15.5,0.505,0.553,1.0,0.984,20.02,100.08,83.4,110.0,0.511
0022200039,1610612739,Cleveland,Cavaliers,CLE,cavaliers,265:00,568.0,113.6,529.7,105.9,38.3,7.7,0.463,1.46,13.5,0.339,0.714,0.514,12.621,12.6,0.495,0.547,1.0,0.975,18.48,92.38,76.98,103.0,0.543
0022200039,1610612764,Washington,Wizards,WAS,wizards,265:00,529.7,105.9,568.0,113.6,-38.3,-7.7,0.581,1.25,17.9,0.286,0.661,0.486,19.802,19.8,0.563,0.572,1.0,0.965,18.48,92.38,76.98,101.0,0.457
0022200032,1610612741,Chicago,Bulls,CHI,bulls,240:00,489.8,98.0,653.1,130.6,-163.3,-32.7,0.559,1.9,15.0,0.192,0.658,0.389,10.204,10.2,0.446,0.505,1.0,0.972,19.6,98.0,81.67,98.0,0.362
0022200032,1610612739,Cleveland,Cavaliers,CLE,cavaliers,240:00,653.1,130.6,489.8,98.0,163.3,32.7,0.667,1.78,22.7,0.342,0.808,0.611,18.367,18.4,0.659,0.689,1.0,0.982,19.6,98.0,81.67,98.0,0.638
0022200028,1610612755,Philadelphia,76ers,PHI,sixers,240:00,558.5,111.7,606.4,121.3,-47.9,-9.6,0.703,2.17,19.0,0.347,0.653,0.5,12.766,12.8,0.5,0.545,1.0,0.982,18.8,94.0,78.33,94.0,0.472
0022200028,1610612759,San Antonio,Spurs,SAS,spurs,240:00,606.4,121.3,558.5,111.7,47.9,9.6,0.628,1.93,19.6,0.347,0.653,0.5,14.894,14.9,0.573,0.596,1.0,0.982,18.8,94.0,78.33,94.0,0.528
0022200029,1610612754,Indiana,Pacers,IND,pacers,240:00,607.8,121.6,558.3,111.7,49.6,9.9,0.622,2.55,18.4,0.371,0.629,0.5,10.784,10.8,0.515,0.546,1.0,1.0,20.5,102.5,85.42,102.0,0.562
0022200029,1610612765,Detroit,Pistons,DET,pistons,240:00,558.3,111.7,607.8,121.6,-49.6,-9.9,0.703,1.86,17.1,0.371,0.629,0.5,13.592,13.6,0.484,0.531,1.0,0.968,20.5,102.5,85.42,103.0,0.438
0022200030,1610612753,Orlando,Magic,ORL,magic,240:00,606.1,121.2,630.0,126.0,-23.9,-4.8,0.467,2.33,15.3,0.321,0.809,0.55,9.091,9.1,0.553,0.571,1.0,0.991,19.9,99.5,82.92,99.0,0.472
0022200030,1610612738,Boston,Celtics,BOS,celtics,240:00,630.0,126.0,606.1,121.2,23.9,4.8,0.571,3.0,18.3,0.191,0.679,0.45,8.0,8.0,0.592,0.634,1.0,0.991,19.9,99.5,82.92,100.0,0.528
0022200036,1610612758,Sacramento,Kings,SAC,kings,240:00,556.1,111.2,560.6,112.1,-4.5,-0.9,0.6,2.0,18.2,0.208,0.81,0.489,12.245,12.2,0.553,0.565,1.0,1.0,19.7,98.5,82.08,98.0,0.448
0022200036,1610612746,LA,Clippers,LAC,clippers,240:00,560.6,112.1,556.1,111.2,4.5,0.9,0.585,1.85,18.3,0.19,0.792,0.511,13.131,13.1,0.562,0.612,1.0,0.972,19.7,98.5,82.08,99.0,0.552
0022200035,1610612743,Denver,Nuggets,DEN,nuggets,240:00,592.2,118.4,562.5,112.5,29.7,5.9,0.786,1.83,22.0,0.264,0.732,0.505,17.476,17.5,0.612,0.618,1.0,0.991,20.7,103.5,86.25,103.0,0.514
0022200035,1610612760,Oklahoma City,Thunder,OKC,thunder,240:00,562.5,112.5,592.2,118.4,-29.7,-5.9,0.69,2.23,19.6,0.268,0.736,0.495,12.5,12.5,0.527,0.562,1.0,0.966,20.7,103.5,86.25,104.0,0.486
0022200031,1610612748,Miami,Heat,MIA,heat,240:00,589.5,117.9,573.7,114.7,15.8,3.2,0.737,1.75,20.9,0.275,0.755,0.548,16.842,16.8,0.572,0.637,1.0,0.962,19.0,95.0,79.17,95.0,0.533
0022200031,1610612761,Toronto,Raptors,TOR,raptors,240:00,573.7,114.7,589.5,117.9,-15.8,-3.2,0.649,4.0,18.2,0.245,0.725,0.452,6.316,6.3,0.506,0.549,1.0,0.972,19.0,95.0,79.17,95.0,0.467
0022200034,1610612742,Dallas,Mavericks,DAL,mavericks,240:00,685.0,137.0,470.6,94.1,214.4,42.9,0.511,1.53,16.0,0.438,0.796,0.619,15.0,15.0,0.594,0.647,1.0,0.992,20.2,101.0,84.17,100.0,0.702
0022200034,1610612763,Memphis,Grizzlies,MEM,grizzlies,240:00,470.6,94.1,685.0,137.0,-214.4,-42.9,0.588,1.11,15.2,0.204,0.563,0.381,17.647,17.6,0.487,0.536,1.0,0.946,20.2,101.0,84.17,102.0,0.298
0022200033,1610612749,Milwaukee,Bucks,MIL,bucks,240:00,631.3,126.3,530.3,106.1,101.0,20.2,0.604,1.81,21.0,0.238,0.689,0.505,16.162,16.2,0.659,0.663,1.0,0.982,19.8,99.0,82.5,99.0,0.614
0022200033,1610612745,Houston,Rockets,HOU,rockets,240:00,530.3,106.1,631.3,126.3,-101.0,-20.2,0.556,1.43,14.6,0.311,0.762,0.495,14.141,14.1,0.473,0.511,1.0,0.974,19.8,99.0,82.5,99.0,0.386
0022200017,1610612766,Charlotte,Hornets,CHA,hornets,240:00,543.7,108.7,596.2,119.2,-52.5,-10.5,0.682,2.14,20.4,0.264,0.583,0.416,13.592,13.6,0.521,0.543,1.0,0.983,20.7,103.5,86.25,103.0,0.424
0022200017,1610612740,New Orleans,Pelicans,NOP,pelicans,240:00,596.2,119.2,543.7,108.7,52.5,10.5,0.548,1.44,15.8,0.417,0.736,0.584,15.385,15.4,0.517,0.589,1.0,0.976,20.7,103.5,86.25,104.0,0.576
0022200018,1610612754,Indiana,Pacers,IND,pacers,240:00,592.9,118.6,617.1,123.4,-24.2,-4.8,0.627,2.0,19.5,0.377,0.791,0.563,14.159,14.2,0.543,0.589,1.0,0.97,22.4,112.0,93.33,113.0,0.459
0022200018,1610612759,San Antonio,Spurs,SAS,spurs,240:00,617.1,123.4,592.9,118.6,24.2,4.8,0.773,2.0,22.1,0.209,0.623,0.438,15.315,15.3,0.648,0.683,1.0,0.992,22.4,112.0,93.33,111.0,0.541
0022200023,1610612752,New York,Knicks,NYK,knicks,240:00,625.0,125.0,509.6,101.9,115.4,23.1,0.58,2.42,19.7,0.28,0.69,0.5,11.538,11.5,0.611,0.621,1.0,0.983,20.8,104.0,86.67,104.0,0.595
0022200023,1610612765,Detroit,Pistons,DET,pistons,240:00,509.6,101.9,625.0,125.0,-115.4,-23.1,0.667,1.73,17.6,0.31,0.72,0.5,14.423,14.4,0.483,0.509,1.0,0.984,20.8,104.0,86.67,104.0,0.405
0022200022,1610612748,Miami,Heat,MIA,heat,240:00,547.4,109.5,584.2,116.8,-36.8,-7.4,0.548,2.3,17.3,0.314,0.658,0.461,10.526,10.5,0.5,0.527,1.0,0.982,19.0,95.0,79.17,95.0,0.479
0022200022,1610612738,Boston,Celtics,BOS,celtics,240:00,584.2,116.8,547.4,109.5,36.8,7.4,0.415,0.85,13.6,0.342,0.686,0.539,21.053,21.1,0.608,0.648,1.0,0.972,19.0,95.0,79.17,95.0,0.521
0022200026,1610612744,Golden State,Warriors,GSW,warriors,240:00,569.4,113.9,603.8,120.8,-34.3,-6.9,0.81,1.79,21.8,0.292,0.714,0.489,17.593,17.6,0.563,0.616,1.0,0.959,21.4,107.0,89.17,108.0,0.48
0022200026,1610612743,Denver,Nuggets,DEN,nuggets,240:00,603.8,120.8,569.4,113.9,34.3,6.9,0.652,1.5,20.3,0.286,0.708,0.511,18.868,18.9,0.622,0.66,1.0,1.0,21.4,107.0,89.17,106.0,0.52
0022200027,1610612757,Portland,Trail Blazers,POR,blazers,265:00,518.3,103.7,513.9,102.8,4.5,0.9,0.389,0.67,10.2,0.306,0.717,0.52,19.266,19.3,0.5,0.577,1.0,0.943,19.65,98.26,81.89,109.0,0.494
0022200027,1610612756,Phoenix,Suns,PHX,suns,265:00,513.9,102.8,518.3,103.7,-4.5,-0.9,0.721,1.82,20.1,0.283,0.694,0.48,15.741,15.7,0.511,0.538,1.0,0.967,19.65,98.26,81.89,108.0,0.506
0022200020,1610612737,Atlanta,Hawks,ATL,hawks,240:00,529.4,105.9,485.1,97.0,44.3,8.9,0.65,1.53,18.4,0.286,0.776,0.531,16.667,16.7,0.522,0.562,1.0,0.983,20.3,101.5,84.58,102.0,0.567
0022200020,1610612753,Orlando,Magic,ORL,magic,240:00,485.1,97.0,529.4,105.9,-44.3,-8.9,0.485,0.84,12.5,0.224,0.714,0.469,18.812,18.8,0.463,0.526,1.0,0.991,20.3,101.5,84.58,101.0,0.433
0022200019,1610612764,Washington,Wizards,WAS,wizards,240:00,515.2,103.0,515.5,103.1,-0.3,-0.1,0.634,1.53,19.7,0.179,0.771,0.506,17.172,17.2,0.575,0.601,1.0,0.953,19.6,98.0,81.67,99.0,0.545
0022200019,1610612741,Chicago,Bulls,CHI,bulls,240:00,515.5,103.1,515.2,103.0,0.3,0.1,0.576,1.46,15.0,0.229,0.821,0.494,13.402,13.4,0.462,0.535,1.0,1.0,19.6,98.0,81.67,97.0,0.455
0022200024,1610612745,Houston,Rockets,HOU,rockets,240:00,592.2,118.4,632.4,126.5,-40.1,-8.0,0.409,1.29,12.9,0.357,0.614,0.487,13.592,13.6,0.559,0.574,1.0,0.983,20.5,102.5,85.42,103.0,0.436
0022200024,1610612763,Memphis,Grizzlies,MEM,grizzlies,240:00,632.4,126.5,592.2,118.4,40.1,8.0,0.578,2.17,17.3,0.386,0.643,0.513,11.765,11.8,0.556,0.582,1.0,0.992,20.5,102.5,85.42,102.0,0.564
0022200025,1610612750,Minnesota,Timberwolves,MIN,timberwolves,265:00,557.5,111.5,584.1,116.8,-26.5,-5.3,0.408,1.0,12.7,0.41,0.642,0.531,17.699,17.7,0.509,0.538,1.0,0.986,20.47,102.34,85.28,113.0,0.438
0022200025,1610612762,Utah,Jazz,UTA,jazz,265:00,584.1,116.8,557.5,111.5,26.5,5.3,0.796,3.0,22.2,0.358,0.59,0.469,11.504,11.5,0.532,0.549,1.0,0.978,20.47,102.34,85.28,113.0,0.562
0022200021,1610612751,Brooklyn,Nets,BKN,nets,240:00,573.7,114.7,546.9,109.4,26.8,5.4,0.684,2.0,19.4,0.277,0.708,0.495,13.684,13.7,0.556,0.588,1.0,0.991,19.1,95.5,79.58,95.0,0.516
0022200021,1610612761,Toronto,Raptors,TOR,raptors,240:00,546.9,109.4,573.7,114.7,-26.8,-5.4,0.61,1.67,18.5,0.292,0.723,0.505,15.625,15.6,0.554,0.571,1.0,0.945,19.1,95.5,79.58,96.0,0.484
0022200015,1610612755,Philadelphia,76ers,PHI,sixers,240:00,463.2,92.6,473.7,94.7,-10.5,-2.1,0.472,1.7,14.4,0.125,0.788,0.47,10.526,10.5,0.464,0.496,1.0,0.98,19.0,95.0,79.17,95.0,0.503
0022200015,1610612749,Milwaukee,Bucks,MIL,bucks,240:00,473.7,94.7,463.2,92.6,10.5,2.1,0.706,1.71,18.6,0.212,0.875,0.53,14.737,14.7,0.482,0.499,1.0,0.971,19.0,95.0,79.17,95.0,0.497
0022200016,1610612747,Los Angeles,Lakers,LAL,lakers,240:00,457.5,91.5,495.2,99.0,-37.6,-7.5,0.697,2.3,16.2,0.2,0.717,0.414,9.434,9.4,0.399,0.46,1.0,0.966,21.0,105.0,87.5,106.0,0.458
0022200016,1610612746,LA,Clippers,LAC,clippers,240:00,495.2,99.0,457.5,91.5,37.6,7.5,0.486,0.78,13.3,0.283,0.8,0.586,22.115,22.1,0.519,0.55,1.0,0.991,21.0,105.0,87.5,104.0,0.542
0022200014,1610612758,Sacramento,Kings,SAC,kings,240:00,534.7,106.9,569.3,113.9,-34.7,-6.9,0.692,1.69,19.6,0.234,0.736,0.5,15.842,15.8,0.559,0.578,1.0,0.982,20.2,101.0,84.17,101.0,0.474
0022200014,1610612757,Portland,Trail Blazers,POR,blazers,240:00,569.3,113.9,534.7,106.9,34.7,6.9,0.513,1.82,14.9,0.264,0.766,0.5,10.891,10.9,0.506,0.561,1.0,0.991,20.2,101.0,84.17,101.0,0.526
0022200007,1610612748,Miami,Heat,MIA,heat,240:00,514.3,102.9,552.4,110.5,-38.1,-7.6,0.568,1.11,15.6,0.196,0.696,0.471,18.095,18.1,0.538,0.585,1.0,0.982,21.0,105.0,87.5,105.0,0.478
0022200007,1610612741,Chicago,Bulls,CHI,bulls,240:00,552.4,110.5,514.3,102.9,38.1,7.6,0.561,1.53,15.9,0.304,0.804,0.529,14.286,14.3,0.511,0.551,1.0,0.975,21.0,105.0,87.5,105.0,0.522
0022200012,1610612762,Utah,Jazz,UTA,jazz,240:00,597.1,119.4,500.0,100.0,97.1,19.4,0.643,1.35,18.2,0.409,0.75,0.58,19.417,19.4,0.602,0.636,1.0,0.967,20.5,102.5,85.42,103.0,0.585
0022200012,1610612743,Denver,Nuggets,DEN,nuggets,240:00,500.0,100.0,597.1,119.4,-97.1,-19.4,0.525,1.0,15.7,0.25,0.591,0.42,20.588,20.6,0.512,0.561,1.0,0.991,20.5,102.5,85.42,102.0,0.415
0022200003,1610612765,Detroit,Pistons,DET,pistons,240:00,559.4,111.9,534.3,106.9,25.1,5.0,0.775,2.38,20.8,0.293,0.723,0.486,12.871,12.9,0.5,0.54,1.0,0.983,20.3,101.5,84.58,101.0,0.525
0022200003,1610612753,Orlando,Magic,ORL,magic,240:00,534.3,106.9,559.4,111.9,-25.1,-5.0,0.5,1.17,15.4,0.277,0.707,0.514,17.647,17.6,0.552,0.578,1.0,0.974,20.3,101.5,84.58,102.0,0.475
0022200004,1610612754,Indiana,Pacers,IND,pacers,240:00,514.4,102.9,542.9,108.6,-28.4,-5.7,0.538,1.4,14.7,0.29,0.647,0.451,14.423,14.4,0.479,0.504,1.0,0.992,20.9,104.5,87.08,104.0,0.424
0022200004,1610612764,Washington,Wizards,WAS,wizards,240:00,542.9,108.6,514.4,102.9,28.4,5.7,0.5,1.24,14.7,0.353,0.71,0.549,16.19,16.2,0.516,0.556,1.0,0.975,20.9,104.5,87.08,105.0,0.576
0022200010,1610612750,Minnesota,Timberwolves,MIN,timberwolves,240:00,547.6,109.5,504.7,100.9,42.9,8.6,0.641,1.79,16.9,0.3,0.683,0.496,13.333,13.3,0.468,0.53,1.0,1.0,21.2,106.0,88.33,105.0,0.548
0022200010,1610612760,Oklahoma City,Thunder,OKC,thunder,240:00,504.7,100.9,547.6,109.5,-42.9,-8.6,0.579,1.57,14.8,0.317,0.7,0.504,13.084,13.1,0.455,0.497,1.0,0.961,21.2,106.0,88.33,107.0,0.452
0022200013,1610612756,Phoenix,Suns,PHX,suns,240:00,569.1,113.8,552.6,110.5,16.5,3.3,0.625,2.08,19.1,0.255,0.783,0.516,12.766,12.8,0.518,0.565,1.0,0.991,18.9,94.5,78.75,94.0,0.515
0022200013,1610612742,Dallas,Mavericks,DAL,mavericks,240:00,552.6,110.5,569.1,113.8,-16.5,-3.3,0.486,1.42,13.9,0.217,0.745,0.484,12.632,12.6,0.56,0.584,1.0,0.971,18.9,94.5,78.75,95.0,0.485
0022200005,1610612737,Atlanta,Hawks,ATL,hawks,240:00,551.9,110.4,504.7,100.9,47.2,9.4,0.667,3.33,21.1,0.128,0.696,0.437,8.491,8.5,0.539,0.582,1.0,0.982,21.2,106.0,88.33,106.0,0.572
0022200005,1610612745,Houston,Rockets,HOU,rockets,240:00,504.7,100.9,551.9,110.4,-47.2,-9.4,0.595,1.56,17.0,0.304,0.872,0.563,15.094,15.1,0.474,0.511,1.0,0.984,21.2,106.0,88.33,106.0,0.428
0022200008,1610612761,Toronto,Raptors,TOR,raptors,240:00,545.5,109.1,530.3,106.1,15.2,3.0,0.528,1.46,14.1,0.321,0.805,0.532,13.131,13.1,0.494,0.54,1.0,0.983,19.8,99.0,82.5,99.0,0.479
0022200008,1610612739,Cleveland,Cavaliers,CLE,cavaliers,240:00,530.3,106.1,545.5,109.1,-15.2,-3.0,0.658,1.47,18.9,0.195,0.679,0.468,17.172,17.2,0.558,0.603,1.0,0.981,19.8,99.0,82.5,99.0,0.521
0022200011,1610612759,San Antonio,Spurs,SAS,spurs,240:00,485.7,97.1,602.8,120.6,-117.1,-23.4,0.55,1.47,15.2,0.295,0.667,0.459,14.286,14.3,0.439,0.471,1.0,1.0,21.2,106.0,88.33,105.0,0.368
0022200011,1610612766,Charlotte,Hornets,CHA,hornets,240:00,602.8,120.6,485.7,97.1,117.1,23.4,0.542,1.73,17.4,0.333,0.705,0.541,14.019,14.0,0.58,0.619,1.0,0.967,21.2,106.0,88.33,107.0,0.632
0022200006,1610612751,Brooklyn,Nets,BKN,nets,240:00,529.4,105.9,637.3,127.5,-107.8,-21.6,0.55,1.38,16.2,0.226,0.571,0.404,15.686,15.7,0.506,0.542,1.0,0.991,20.4,102.0,85.0,102.0,0.392
0022200006,1610612740,New Orleans,Pelicans,NOP,pelicans,240:00,637.3,127.5,529.4,105.9,107.8,21.6,0.62,2.38,19.7,0.429,0.774,0.596,12.745,12.7,0.549,0.575,1.0,0.976,20.4,102.0,85.0,102.0,0.608
0022200009,1610612763,Memphis,Grizzlies,MEM,grizzlies,265:00,537.4,107.5,528.3,105.7,9.1,1.8,0.643,1.93,16.8,0.4,0.676,0.536,13.084,13.1,0.468,0.487,1.0,0.978,19.29,96.45,80.38,107.0,0.529
0022200009,1610612752,New York,Knicks,NYK,knicks,265:00,528.3,105.7,537.4,107.5,-9.1,-1.8,0.636,2.33,18.1,0.324,0.6,0.464,11.321,11.3,0.445,0.479,1.0,0.992,19.29,96.45,80.38,106.0,0.471
0022200001,1610612738,Boston,Celtics,BOS,celtics,240:00,649.5,129.9,596.9,119.4,52.5,10.5,0.522,2.18,18.5,0.256,0.81,0.543,11.34,11.3,0.634,0.668,1.0,0.981,19.5,97.5,81.25,97.0,0.566
0022200001,1610612755,Philadelphia,76ers,PHI,sixers,240:00,596.9,119.4,649.5,129.9,-52.5,-10.5,0.4,1.14,13.1,0.19,0.744,0.457,14.286,14.3,0.581,0.634,1.0,0.962,19.5,97.5,81.25,98.0,0.434
0022200002,1610612744,Golden State,Warriors,GSW,warriors,240:00,534.8,107.0,486.6,97.3,48.2,9.6,0.689,1.72,19.1,0.281,0.754,0.518,15.652,15.7,0.535,0.564,1.0,0.962,22.7,113.5,94.58,115.0,0.548
0022200002,1610612747,Los Angeles,Lakers,LAL,lakers,240:00,486.6,97.3,534.8,107.0,-48.2,-9.6,0.575,1.05,15.4,0.246,0.719,0.482,19.643,19.6,0.479,0.519,1.0,0.992,22.7,113.5,94.58,112.0,0.452
